tick,population,occupancy,births_per_tick,deaths_per_tick,starved_share,inflow_in,cost_out,transfer,transit_loss,overflow,death_loss,extinct,energy_mean,age_mean,generation_mean,generation_max,active_params_frac,expressed_hidden_frac,msg_bandwidth,transfer_per_cell,eta_mean,div_weights,div_learning,div_masks,weight_drift,ticks_per_s
500,16323.2,0.996288,61.442,61.512,0,8161.28,4758.66,33446,1672.3,1.74378,1729.17,0,28.6345,154.626,3.7262,10.12,0.221227,0.424287,5.88308,2.04885,0.00552718,0.0270921,0.0271374,0.0846059,0.0335088,44.9626
1000,16334.6,0.996987,50.314,50.378,0,8166.84,4755.9,35557.2,1777.86,0.0990153,1543,0,30.4388,153.13,6.8977,15.1,0.22004,0.422717,5.91688,2.17677,0.00552617,0.0371059,0.0365734,0.1148,0.0334747,44.848
1500,16331.8,0.996813,54.832,54.734,0,8164.58,4756.39,34911,1745.55,0.621577,1650.07,0,29.9465,149.095,10.0554,18.94,0.221078,0.424735,5.86788,2.1376,0.00552986,0.0446794,0.043819,0.137983,0.0327745,45.4509
2000,16329.2,0.996658,55.728,55.75,0,8164.14,4755.72,35145.2,1757.26,0.041582,1692.21,0,30.1288,152.276,13.2059,22.98,0.221307,0.425472,5.84459,2.15228,0.00552895,0.0513593,0.050572,0.15603,0.0335849,45.9838
2500,16330.5,0.996733,53.408,53.432,0,8165.3,4766.23,35221.8,1761.09,0.916155,1620.6,0,30.0987,151.942,16.4191,26.98,0.221767,0.426575,5.87491,2.15681,0.00553025,0.0572815,0.0565868,0.172718,0.0334517,45.9054
3000,16328.8,0.996631,54.564,54.528,0,8164.72,4770.07,35026.8,1751.34,0.101197,1638.58,0,29.9004,150.786,19.6498,30.6,0.222256,0.427686,5.87066,2.1451,0.00553469,0.0625904,0.0610991,0.186763,0.033663,45.9964
3500,16328.7,0.996624,54.786,54.814,0,8164.61,4771.95,35102.8,1755.14,1.78378,1648.65,0,29.971,151.825,22.8222,34.88,0.222706,0.428806,5.85267,2.14976,0.00553399,0.0673811,0.0659758,0.198467,0.0342507,46.2912
4000,16332,0.996826,53.938,53.966,0,8165.03,4775.26,35139.1,1756.95,0.617393,1622.98,0,29.9864,151.736,25.9528,39,0.223204,0.429953,5.83965,2.15155,0.00552714,0.0718015,0.0708558,0.207679,0.0342231,46.7771
4500,16329.4,0.996667,54.678,54.658,0,8164.66,4774.13,35021.8,1751.09,2.95894,1642.5,0,29.9051,151.245,29.04,40.98,0.223475,0.430654,5.81718,2.14471,0.00552187,0.0760725,0.0743346,0.217328,0.0340282,46.3838
5000,16329,0.996646,54.468,54.468,0,8164.77,4775.32,35055.3,1752.77,1.85645,1633.55,0,29.9149,151.533,32.1767,43.96,0.223704,0.431166,5.80855,2.14681,0.00551815,0.0801925,0.0785382,0.227395,0.0339999,46.182
5500,16328.6,0.996621,54.372,54.342,0,8164.81,4774,35130.1,1756.5,0.34782,1630.51,0,29.9553,151.481,35.3842,47.22,0.223748,0.431348,5.79682,2.15144,0.00551902,0.0840391,0.0827643,0.235662,0.0341536,45.5777
6000,16329.3,0.996664,54.47,54.47,0,8164.77,4771.99,35166.7,1758.34,1.99289,1633.64,0,29.9821,151.501,38.5749,53.54,0.223653,0.431268,5.7897,2.15359,0.00552493,0.0875039,0.0858836,0.243244,0.0344385,45.794
6500,16327.1,0.996526,54.526,54.52,0,8164.74,4772.87,35083,1754.15,2.82073,1634.07,0,29.9505,151.254,41.8409,57.88,0.224079,0.432076,5.76961,2.14876,0.00553008,0.0910383,0.0890184,0.249718,0.0347158,46.2221
7000,16328.8,0.99663,54.446,54.492,0,8164.78,4770.67,35124,1756.2,2.72036,1637.88,0,30.0181,151.774,45.0013,61.36,0.224273,0.432569,5.74309,2.15105,0.00553181,0.0944523,0.092319,0.255746,0.0349443,46.2522
7500,16330.7,0.996746,54.22,54.202,0,8164.89,4772.74,35122.9,1756.15,3.26593,1626.51,0,30.0224,151.44,48.1756,64.32,0.224611,0.433202,5.73422,2.15073,0.00552617,0.0974638,0.095577,0.260996,0.0352196,46.0459
8000,16329,0.996646,54.536,54.522,0,8164.73,4775.24,35019.5,1750.98,3.7911,1636.11,0,29.9725,151.373,51.3835,68.06,0.225207,0.434412,5.71528,2.14462,0.00552769,0.100365,0.0988193,0.26631,0.0357718,46.0022
8500,16330.7,0.996744,54.536,54.52,0,8164.73,4773.07,35020,1751,4.00182,1638.85,0,30.0405,151.675,54.5504,71.58,0.225575,0.435238,5.67751,2.14443,0.00553619,0.10342,0.101476,0.271251,0.036261,44.8883
9000,16330.8,0.996755,54.29,54.318,0,8164.85,4766.58,35017.8,1750.89,3.11638,1638.96,0,30.1277,151.494,57.7549,75.04,0.225529,0.435348,5.64038,2.14428,0.00554085,0.10639,0.103806,0.276908,0.0365173,45.4124
9500,16327.1,0.99653,54.514,54.514,0,8164.74,4763.94,35024.3,1751.22,0.638629,1645.52,0,30.1646,151.249,61.0663,79.14,0.225566,0.435486,5.62246,2.14516,0.00554428,0.109218,0.106394,0.281263,0.0366955,45.778
10000,16329.8,0.996694,54.52,54.498,0,8164.74,4762.71,35031.9,1751.59,1.32646,1653.76,0,30.2329,151.643,64.2201,83.26,0.225916,0.436243,5.59367,2.14527,0.00555226,0.112104,0.108528,0.285609,0.0369525,45.9208
10500,16328.6,0.996616,54.36,54.364,0,8164.82,4759.12,34958.9,1747.95,2.97574,1648.74,0,30.2266,151.167,67.345,84.8,0.225917,0.436548,5.57135,2.14097,0.00556038,0.114989,0.111244,0.289453,0.0373758,46.4074
11000,16330.6,0.996742,54.628,54.644,0,8164.69,4752.35,34941.8,1747.09,3.31026,1664.61,0,30.306,151.466,70.6031,88.88,0.225881,0.436592,5.53281,2.13965,0.00557385,0.117597,0.113716,0.292773,0.0377658,45.0581
11500,16330.2,0.996715,54.176,54.176,0,8164.91,4748.09,34998.7,1749.94,4.10897,1654.97,0,30.4067,151.764,73.7811,92.06,0.225721,0.436427,5.51537,2.14319,0.00558378,0.120399,0.11691,0.296791,0.0380573,43.862
12000,16329.3,0.996659,54.438,54.45,0,8164.78,4739.61,34939.1,1746.95,4.08585,1668.99,0,30.4718,151.298,77.0162,95.94,0.225659,0.436479,5.46769,2.13966,0.00558439,0.122996,0.120681,0.301259,0.0383533,43.6999
12500,16329.8,0.996689,54.57,54.546,0,8164.72,4735.61,34985,1749.25,2.82604,1678.91,0,30.5443,151.395,80.2691,100.14,0.225617,0.436534,5.44699,2.14241,0.00558199,0.125535,0.12339,0.304422,0.0386668,42.7591
13000,16328.9,0.996638,54.222,54.228,0,8164.89,4732.11,34993.8,1749.69,4.96769,1673.65,0,30.6299,151.766,83.3518,102.36,0.225709,0.436807,5.41988,2.14305,0.00559689,0.128064,0.125962,0.30763,0.0390973,42.6217
13500,16329.7,0.996686,54.412,54.408,0,8164.79,4730.8,34961.7,1748.08,0.927969,1681.62,0,30.6526,151.611,86.543,104.02,0.226052,0.43748,5.39072,2.14099,0.00560647,0.13071,0.128677,0.311326,0.0394616,42.5909
14000,16327.2,0.996534,54.564,54.548,0,8164.72,4728.2,34971.5,1748.57,1.21214,1691.62,0,30.656,151.487,89.6682,106.9,0.225979,0.43744,5.37925,2.14191,0.00560912,0.133034,0.130512,0.314723,0.0396994,42.467
14500,16330.3,0.996725,54.312,54.35,0,8164.84,4722.99,34996.5,1749.83,3.76896,1685.59,0,30.7364,151.693,92.8518,111.16,0.225916,0.437354,5.35053,2.14304,0.00560919,0.135325,0.132507,0.317616,0.0399502,42.3157
15000,16329,0.996646,54.462,54.442,0,8164.77,4719.59,34938.7,1746.94,3.3021,1691.91,0,30.7898,151.42,96.1259,115.52,0.226363,0.438374,5.30249,2.13967,0.00561271,0.137828,0.13462,0.321023,0.0400346,42.4523
15500,16330.4,0.996731,54.394,54.428,0,8164.8,4715.95,34904.4,1745.22,2.93768,1697.83,0,30.852,151.502,99.3293,119.74,0.226594,0.438975,5.26647,2.13738,0.00562921,0.140147,0.135904,0.32393,0.0406932,42.4091
16000,16329.5,0.996671,54.378,54.366,0,8164.81,4716.24,34904.4,1745.22,1.8985,1700.14,0,30.9167,151.584,102.506,122.3,0.226998,0.439749,5.24408,2.13751,0.00563762,0.142125,0.137036,0.326693,0.0411137,42.6274
16500,16329,0.996644,54.566,54.538,0,8164.72,4716.29,34842.1,1742.11,2.60292,1705.99,0,30.8798,151.447,105.655,125.34,0.227207,0.44032,5.23195,2.13375,0.00563742,0.144273,0.138953,0.328616,0.0413497,42.5551
17000,16329.3,0.996664,54.336,54.358,0,8164.83,4717.53,34846.8,1742.34,1.7279,1699.94,0,30.9056,151.389,108.881,129.3,0.227528,0.441073,5.22032,2.134,0.00563997,0.146611,0.140304,0.331792,0.0416228,42.3904
17500,16329.5,0.996672,54.554,54.522,0,8164.72,4713.28,34831.7,1741.58,4.24862,1704.8,0,30.9441,151.382,112.188,132.46,0.227403,0.440894,5.20191,2.13305,0.00564105,0.148578,0.143028,0.334683,0.0419164,42.802
18000,16328.4,0.996606,54.422,54.46,0,8164.79,4711.82,34870.1,1743.51,2.33742,1708.66,0,30.9943,151.679,115.332,136.38,0.227473,0.441055,5.18806,2.13555,0.00564914,0.150718,0.144899,0.337096,0.0423048,42.6063
18500,16328.7,0.996622,54.486,54.462,0,8164.76,4707.38,34817.5,1740.87,3.31406,1710.3,0,31.0344,151.451,118.58,141.14,0.227478,0.441176,5.16007,2.13229,0.00566828,0.15274,0.146003,0.341475,0.0423418,42.8542
19000,16330,0.996702,54.468,54.5,0,8164.77,4701.54,34782,1739.1,3.93534,1719.79,0,31.1254,151.266,121.917,143.98,0.227615,0.441506,5.11757,2.12995,0.00567156,0.155033,0.148092,0.343827,0.0427071,42.729
19500,16330,0.996704,54.37,54.34,0,8164.81,4697.06,34806,1740.3,5.83742,1716.17,0,31.1856,151.62,125.23,146.28,0.227393,0.441269,5.10217,2.13141,0.00566991,0.157486,0.149819,0.346164,0.0428664,42.4266
20000,16327.4,0.996548,54.474,54.49,0,8164.76,4697.61,34747.2,1737.36,5.36192,1724.4,0,31.177,151.362,128.537,149.28,0.227766,0.441923,5.08581,2.12815,0.00567866,0.159785,0.151916,0.347686,0.0434429,35.5399
20500,16329.4,0.99667,54.554,54.552,0,8164.72,4693.75,34744.3,1737.21,5.9939,1728.9,0,31.1987,151.344,131.836,153.5,0.227657,0.441805,5.06621,2.12771,0.00568342,0.162041,0.154105,0.349402,0.044144,36.1676
21000,16331.4,0.996792,54.318,54.306,0,8164.84,4692.89,34790.8,1739.54,4.58018,1724.2,0,31.2454,151.48,135.075,158.74,0.227664,0.442101,5.06132,2.1303,0.00569806,0.163911,0.155499,0.349835,0.0447199,35.3088
21500,16330.3,0.996724,54.408,54.422,0,8164.8,4693.97,34738.2,1736.91,6.21127,1726.37,0,31.2658,151.53,138.495,162.32,0.228157,0.443039,5.03908,2.12722,0.00571677,0.165989,0.156714,0.35152,0.0455572,35.0443
22000,16329.9,0.996696,54.39,54.382,0,8164.8,4689.8,34683,1734.15,9.10157,1730.15,0,31.3113,151.501,141.898,165.96,0.228381,0.443352,5.00114,2.1239,0.00573425,0.168129,0.159111,0.354722,0.0462984,35.2941
22500,16329.5,0.996674,54.52,54.52,0,8164.74,4690.18,34647.2,1732.36,7.56107,1734.77,0,31.3063,151.356,145.144,167.82,0.22847,0.443507,4.99758,2.12176,0.00574459,0.170208,0.161001,0.357136,0.046771,34.8531
23000,16330.9,0.996758,54.328,54.328,0,8164.84,4691.8,34658.4,1732.92,9.38347,1728.69,0,31.3342,151.699,148.32,171.1,0.228653,0.443821,4.99557,2.12226,0.00575313,0.171705,0.163445,0.358621,0.0477298,35.809
23500,16331,0.996766,54.7,54.696,0,8164.65,4685.31,34679.3,1733.97,7.22178,1740.8,0,31.3561,151.264,151.499,174.82,0.228096,0.44301,4.98922,2.12352,0.00577986,0.173189,0.165527,0.360512,0.0481098,36.1369
24000,16329.5,0.996676,54.314,54.324,0,8164.84,4683.17,34778.3,1738.91,6.45172,1734.72,0,31.4664,151.811,154.619,179.16,0.228066,0.44327,4.97721,2.12978,0.00579224,0.175183,0.166957,0.361571,0.0488147,36.559
24500,16329.7,0.996683,54.386,54.368,0,8164.81,4680.28,34764.6,1738.23,5.75187,1737.66,0,31.4897,151.443,157.824,182.4,0.228111,0.443457,4.95934,2.12893,0.005811,0.177387,0.168608,0.362482,0.049041,36.5561
25000,16330.8,0.996754,54.42,54.404,0,8164.79,4679.6,34764.4,1738.22,3.2094,1741.14,0,31.5477,151.553,161.133,185.34,0.228444,0.44411,4.93359,2.12876,0.00581317,0.179264,0.170364,0.364416,0.049767,36.4671
25500,16327.6,0.996558,54.466,54.484,0,8164.77,4680.53,34725.7,1736.28,5.55192,1747.39,0,31.5171,151.497,164.337,189.5,0.22861,0.444378,4.93008,2.12681,0.00581918,0.180884,0.171469,0.365027,0.0502032,36.3827
26000,16330.2,0.996715,54.28,54.282,0,8164.86,4674.28,34722.6,1736.13,4.52151,1739.08,0,31.5849,151.527,167.388,193.56,0.228551,0.444261,4.89466,2.12628,0.00585147,0.182611,0.172162,0.366519,0.0508827,36.3353
26500,16330.1,0.996709,54.55,54.548,0,8164.73,4672.34,34710.9,1735.55,6.04811,1758.54,0,31.6644,151.645,170.417,198.24,0.228934,0.445047,4.86141,2.12558,0.00586472,0.18456,0.173711,0.368258,0.0517433,36.3385
27000,16328.9,0.996635,54.338,54.342,0,8164.83,4673.6,34722.1,1736.1,2.58774,1750.36,0,31.6661,151.704,173.695,201.76,0.229164,0.445479,4.85366,2.12642,0.00588394,0.186304,0.174662,0.36935,0.0523606,36.3964
27500,16330.7,0.996747,54.396,54.4,0,8164.8,4668.69,34647.7,1732.38,5.76855,1753.3,0,31.6474,151.272,176.973,205.2,0.228993,0.445147,4.83361,2.12163,0.00587031,0.18812,0.176317,0.370993,0.0521254,36.2929
28000,16328.1,0.996591,54.462,54.486,0,8164.77,4661.61,34709.7,1735.48,4.93357,1762.3,0,31.7741,151.583,180.149,208.52,0.228758,0.44472,4.80557,2.12576,0.00587314,0.189581,0.177493,0.372463,0.051948,36.3043
28500,16332,0.996825,54.414,54.376,0,8164.79,4661.89,34699.5,1734.97,5.69946,1762.33,0,31.7856,151.599,183.431,211.78,0.22889,0.445092,4.79914,2.12463,0.00588217,0.190747,0.178924,0.373483,0.0519561,35.64
29000,16328.7,0.996624,54.424,54.44,0,8164.79,4660.39,34648.9,1732.45,5.56597,1763.08,0,31.7604,151.324,186.686,214.64,0.228863,0.44503,4.79279,2.12197,0.00587771,0.192294,0.180376,0.374889,0.0519697,36.1382
29500,16329,0.996644,54.484,54.486,0,8164.76,4655.65,34653.3,1732.67,4.9218,1770.21,0,31.8313,151.441,189.921,217.26,0.228789,0.444916,4.76688,2.12219,0.0058958,0.194007,0.18223,0.376608,0.0526102,36.1422
30000,16327.9,0.996573,54.552,54.57,0,8164.72,4652.87,34668.4,1733.42,4.20324,1778.21,0,31.8772,151.501,193.027,221.06,0.228601,0.444595,4.76156,2.12327,0.00589698,0.195317,0.182964,0.37848,0.0527035,36.275
30500,16330.3,0.99672,54.35,54.318,0,8164.82,4650.52,34633.4,1731.67,6.71159,1771.14,0,31.8803,151.337,196.194,224.16,0.228524,0.444463,4.7531,2.12081,0.00590409,0.196671,0.183605,0.379643,0.0526511,36.1648
31000,16330.1,0.996708,54.508,54.522,0,8164.75,4654.1,34596.4,1729.82,4.16171,1782.13,0,31.8506,151.732,199.36,227.06,0.229036,0.445363,4.74326,2.11857,0.00590437,0.197957,0.184814,0.380829,0.0532396,36.0177
31500,16328.4,0.996609,54.324,54.318,0,8164.84,4648.99,34608.9,1730.45,4.29349,1773.42,0,31.9236,151.343,202.696,230.3,0.229059,0.445275,4.71111,2.11955,0.00592077,0.199413,0.186812,0.38219,0.0544521,36.3125
32000,16328.6,0.996616,54.612,54.63,0,8164.69,4647.73,34618,1730.9,3.25575,1786.52,0,31.9667,151.494,206.001,233.78,0.229187,0.445615,4.69538,2.12009,0.00592456,0.201539,0.188576,0.383925,0.0544867,36.2026
32500,16328.4,0.996608,54.296,54.264,0,8164.85,4645.83,34639.6,1731.98,2.57627,1778.33,0,32.0571,151.639,209.371,237.26,0.229413,0.446226,4.67003,2.12143,0.00592306,0.203444,0.190232,0.386145,0.0548259,36.5575
33000,16330.5,0.996735,54.546,54.584,0,8164.73,4642.86,34549.6,1727.48,5.14188,1792.43,0,32.0282,151.314,212.73,241.26,0.229434,0.446274,4.65031,2.11565,0.00592486,0.205642,0.191597,0.386904,0.0545415,36.5811
33500,16330.7,0.996749,54.38,54.366,0,8164.81,4640.54,34581,1729.05,5.56893,1785.58,0,32.0858,151.558,215.94,245.24,0.229473,0.44624,4.63416,2.11754,0.00592434,0.207468,0.192308,0.388144,0.0541607,36.6876
34000,16329.7,0.996687,54.388,54.378,0,8164.81,4638.14,34584,1729.2,7.78026,1787.9,0,32.1135,151.611,219.386,248.76,0.229425,0.446199,4.62151,2.11785,0.00592166,0.20934,0.193876,0.389329,0.0535005,36.1785
34500,16329.6,0.996682,54.41,54.428,0,8164.8,4631.4,34569.3,1728.47,8.67052,1794.57,0,32.1885,151.585,222.695,252.98,0.229253,0.445917,4.58959,2.11697,0.00592464,0.210645,0.194817,0.390257,0.0535171,36.0887
35000,16331.2,0.99678,54.298,54.282,0,8164.85,4629.84,34621.1,1731.05,7.39301,1793.04,0,32.255,151.645,225.948,256.14,0.229203,0.445956,4.58238,2.11993,0.00590817,0.211965,0.196234,0.391402,0.0535402,36.1642
35500,16330.4,0.996731,54.454,54.456,0,8164.77,4631.19,34584.3,1729.21,3.72083,1802.64,0,32.2656,151.606,229.201,258.28,0.229679,0.446796,4.56191,2.11778,0.00590517,0.213409,0.197621,0.392095,0.0539338,36.2106
36000,16330.4,0.996727,54.24,54.232,0,8164.88,4632.49,34510.5,1725.53,5.57944,1797.96,0,32.263,151.606,232.387,260.68,0.230197,0.447709,4.53925,2.11327,0.00590911,0.214655,0.199164,0.392728,0.0545005,36.4047
36500,16329.6,0.996682,54.478,54.486,0,8164.76,4632.07,34447.2,1722.36,3.94011,1803.75,0,32.2561,151.538,235.576,263.98,0.230432,0.448211,4.52251,2.10949,0.00591026,0.216086,0.200904,0.393661,0.0544449,36.123
37000,16328.1,0.996591,54.618,54.604,0,8164.69,4626.03,34473.7,1723.69,7.44196,1814.8,0,32.3818,151.791,238.705,267.14,0.230451,0.448226,4.48542,2.11131,0.00592376,0.217227,0.201226,0.394543,0.055098,36.414
37500,16329.9,0.996697,54.152,54.182,0,8164.92,4622.69,34431.3,1721.57,3.28199,1805.13,0,32.4211,151.381,241.806,270.48,0.230553,0.448644,4.45764,2.10849,0.00593954,0.21884,0.200729,0.396267,0.0555235,36.4912
38000,16330.4,0.996731,54.66,54.652,0,8164.67,4614.79,34406.3,1720.31,9.29607,1824.87,0,32.4728,151.312,245.045,274.62,0.230107,0.447972,4.43774,2.10688,0.00595158,0.220424,0.201517,0.397583,0.0555943,36.504
38500,16327.9,0.996575,54.146,54.118,0,8164.93,4610.95,34409,1720.45,9.0889,1813.32,0,32.5718,151.776,248.433,278.3,0.230224,0.448125,4.40635,2.10738,0.0059755,0.222106,0.202012,0.398736,0.0567676,36.0133
39000,16330.3,0.99672,54.614,54.614,0,8164.69,4611.22,34341.2,1717.06,11.1324,1834.57,0,32.5393,151.45,251.574,282.16,0.230408,0.448397,4.39723,2.10292,0.00596464,0.223376,0.203078,0.400854,0.0567553,36.3109
39500,16329,0.996643,54.354,54.374,0,8164.82,4607.72,34378,1718.9,7.77494,1824.19,0,32.6469,151.628,254.714,285.42,0.230422,0.448396,4.37516,2.10533,0.00597715,0.224931,0.20419,0.401972,0.0573568,36.2937
40000,16330.1,0.996713,54.624,54.598,0,8164.69,4603.36,34367.2,1718.36,10.1185,1835.65,0,32.7133,151.461,257.719,288.42,0.230436,0.448501,4.34722,2.10453,0.00597122,0.226184,0.204329,0.404035,0.057229,29.7706
40500,16328.5,0.996611,54.176,54.194,0,8164.91,4601.25,34340.5,1717.02,11.1664,1828.49,0,32.7516,151.663,260.993,291.5,0.230662,0.449077,4.32154,2.1031,0.00596646,0.227141,0.204751,0.404994,0.0571491,32.885
41000,16330.8,0.996753,54.528,54.516,0,8164.74,4595.69,34316.4,1715.82,8.40661,1845.26,0,32.8083,151.454,264.216,293.84,0.230812,0.449361,4.2773,2.10133,0.00597229,0.228726,0.205698,0.406513,0.0571302,34.9866
41500,16330.1,0.99671,54.5,54.534,0,8164.75,4594.84,34303.2,1715.16,8.97236,1849.88,0,32.8607,151.759,267.506,296.64,0.231085,0.449821,4.25549,2.10061,0.00597161,0.230055,0.206223,0.407627,0.056554,35.5276
42000,16330.2,0.996718,54.192,54.182,0,8164.9,4591.63,34285.5,1714.27,8.85885,1838.82,0,32.8946,151.383,270.668,301.6,0.23107,0.449822,4.2378,2.09951,0.00596997,0.231384,0.207543,0.408556,0.0569458,36.2887
42500,16330.2,0.996714,54.508,54.494,0,8164.75,4584.09,34323.7,1716.18,6.0651,1856.66,0,32.9626,151.531,273.886,304.62,0.230522,0.44877,4.22552,2.10186,0.00599608,0.23261,0.208875,0.409476,0.0576651,36.8451
43000,16330.1,0.996708,54.518,54.532,0,8164.74,4586.3,34340.1,1717.01,5.48016,1860.22,0,33.0204,151.581,276.978,308.32,0.231027,0.449587,4.20903,2.10288,0.00600724,0.233876,0.209136,0.410199,0.0580298,36.6088
43500,16328.6,0.996621,54.354,54.378,0,8164.82,4585,34272.7,1713.63,5.44038,1857.18,0,33.0236,151.331,280.178,311.84,0.23119,0.449828,4.19348,2.09893,0.00601226,0.235524,0.210671,0.410743,0.0585547,36.0421
44000,16329.5,0.996671,54.474,54.46,0,8164.76,4584.29,34263,1713.15,9.02407,1859.83,0,33.0336,151.665,283.43,316.14,0.231277,0.449904,4.18281,2.09823,0.00602563,0.237234,0.211512,0.412443,0.0592602,34.6807
44500,16329.4,0.996666,54.374,54.34,0,8164.81,4580.37,34244.7,1712.24,9.35229,1859.1,0,33.0838,151.415,286.686,319.7,0.231199,0.449739,4.16377,2.09712,0.00603214,0.238372,0.212531,0.413002,0.0601064,36.2654
45000,16331.4,0.996792,54.406,54.416,0,8164.8,4580.03,34273.4,1713.67,8.02508,1864.01,0,33.0982,151.789,289.98,321,0.231173,0.449723,4.16327,2.09861,0.0060402,0.239576,0.214969,0.413255,0.0613106,36.1492
45500,16329,0.996642,54.366,54.386,0,8164.82,4583.96,34239.2,1711.96,5.85411,1863.02,0,33.0745,151.467,293.201,324.3,0.231639,0.450674,4.15907,2.09683,0.00605909,0.240662,0.216098,0.414049,0.0620803,36.284
46000,16329.5,0.996674,54.386,54.382,0,8164.81,4578.49,34215.7,1710.79,8.96531,1862.41,0,33.1012,151.439,296.577,327.26,0.231405,0.450235,4.13976,2.09533,0.00606291,0.242375,0.217178,0.414528,0.0627899,37.0505
46500,16329.1,0.996652,54.708,54.69,0,8164.65,4570.8,34240.4,1712.02,6.9393,1876.77,0,33.199,151.452,299.953,331.48,0.231064,0.449736,4.11387,2.09689,0.00607452,0.244025,0.219384,0.414909,0.0640466,37.0252
47000,16329.1,0.996647,54.214,54.246,0,8164.89,4566.53,34313.7,1715.69,7.19155,1872.5,0,33.3216,151.856,303.394,333.88,0.231174,0.449944,4.08068,2.10139,0.00607332,0.245663,0.221082,0.415713,0.0643804,35.8974
47500,16330.5,0.996733,54.302,54.3,0,8164.85,4560.4,34244.9,1712.24,6.60729,1879.55,0,33.3516,151.389,306.629,337.38,0.231156,0.449772,4.04451,2.09699,0.00607204,0.246793,0.222,0.416571,0.0643434,36.6629
48000,16331.5,0.996793,54.546,54.514,0,8164.73,4559.27,34246.2,1712.31,5.81284,1890.59,0,33.3442,151.471,309.729,340.94,0.231154,0.449789,4.03816,2.09695,0.00606633,0.247701,0.221856,0.417498,0.0640683,36.6555
48500,16329.3,0.996664,54.408,54.428,0,8164.8,4561.94,34206,1710.3,4.27773,1885.72,0,33.3432,151.524,312.844,342.42,0.231602,0.450644,4.02733,2.09476,0.00607229,0.249174,0.222882,0.418165,0.0644496,35.9952
49000,16330,0.996703,54.398,54.404,0,8164.8,4560.13,34198.9,1709.95,6.02773,1889.44,0,33.368,151.548,315.903,346.02,0.231483,0.450454,4.02297,2.09424,0.00607773,0.250531,0.223318,0.418698,0.0641146,36.6114
49500,16329.8,0.996694,54.62,54.6,0,8164.69,4558.41,34193.2,1709.66,5.62152,1895.45,0,33.3454,151.421,319.049,349.38,0.231299,0.450111,4.02508,2.09391,0.00608392,0.25147,0.224213,0.419507,0.0641377,36.4568
50000,16328.4,0.996605,54.336,54.346,0,8164.83,4555.23,34183.2,1709.16,5.45328,1889.2,0,33.4216,151.468,322.44,353.68,0.231573,0.450703,3.98903,2.09349,0.0060861,0.252469,0.224967,0.420088,0.0646809,36.4268
50500,16330.5,0.996732,54.384,54.386,0,8164.81,4552.21,34157.6,1707.88,6.62133,1895.92,0,33.4481,151.528,325.753,358.86,0.231515,0.450709,3.97382,2.09165,0.00607755,0.253401,0.225589,0.420572,0.0653355,35.8864
51000,16328.1,0.996587,54.57,54.554,0,8164.72,4553.63,34125.9,1706.3,6.82433,1901.66,0,33.4395,151.47,328.925,362.18,0.231696,0.451005,3.97084,2.09002,0.0060739,0.254558,0.227567,0.421324,0.0661591,34.9527
51500,16330,0.996707,54.324,54.342,0,8164.84,4554.63,34106.9,1705.34,5.75135,1896.61,0,33.483,151.516,332.158,365.76,0.232188,0.451796,3.9463,2.0886,0.00607064,0.255568,0.229287,0.422687,0.0669812,34.4451
52000,16331.2,0.996775,54.482,54.45,0,8164.76,4547.88,34039.9,1701.99,9.20716,1903.5,0,33.5111,151.582,335.43,368.6,0.232062,0.45146,3.91244,2.08435,0.00608378,0.257085,0.230974,0.423171,0.0675981,35.2453
52500,16329.8,0.996694,54.17,54.182,0,8164.91,4542.17,34096.2,1704.81,6.43489,1901.01,0,33.6288,151.571,338.523,371.46,0.231868,0.451323,3.88969,2.08797,0.00609428,0.25829,0.232219,0.423965,0.0690023,36.0986
53000,16330,0.996703,54.694,54.686,0,8164.65,4538.07,34123.5,1706.18,6.8014,1923.37,0,33.683,151.614,341.747,375.92,0.231688,0.45105,3.8755,2.08962,0.0060854,0.259051,0.233683,0.424606,0.0694498,35.9569
53500,16331.1,0.996769,54.22,54.274,0,8164.89,4540.84,34175.5,1708.77,6.93215,1906.9,0,33.6703,151.65,345.065,379.74,0.231678,0.451036,3.89165,2.09267,0.00608415,0.25997,0.235426,0.42497,0.0702559,36.4229
54000,16330.6,0.996738,54.418,54.394,0,8164.79,4546.15,34108.7,1705.43,5.70994,1902.92,0,33.5764,151.251,348.381,384.1,0.232096,0.451873,3.90006,2.08864,0.00607386,0.261003,0.237043,0.425397,0.0704834,37.0798
54500,16329.8,0.996693,54.646,54.586,0,8164.68,4546.73,34155,1707.75,5.64752,1910.86,0,33.5761,151.475,351.535,386.68,0.232139,0.451976,3.90216,2.09157,0.00608184,0.261441,0.237907,0.426215,0.0706993,36.1985
55000,16329.3,0.996664,54.278,54.336,0,8164.86,4543.34,34182.4,1709.12,3.91429,1906.17,0,33.6343,151.642,354.694,389.44,0.232009,0.451681,3.88768,2.09331,0.00608308,0.262973,0.238462,0.426334,0.0708831,36.759
55500,16329.3,0.996664,54.544,54.52,0,8164.73,4540.8,34140.7,1707.04,5.74737,1912.06,0,33.6104,151.389,358.031,392.56,0.231799,0.451429,3.88495,2.09076,0.00608093,0.264287,0.240297,0.426502,0.070659,35.9436
56000,16328.5,0.996613,54.448,54.486,0,8164.78,4530.14,34183.7,1709.18,5.58269,1917.34,0,33.7266,151.567,361.219,396.24,0.23136,0.450713,3.84612,2.0935,0.00609317,0.265501,0.240253,0.427242,0.0717351,33.9372
56500,16329.4,0.996667,54.368,54.364,0,8164.82,4530.99,34186,1709.3,5.97573,1914.28,0,33.7492,151.336,364.482,400.4,0.231516,0.451057,3.84217,2.09352,0.00609038,0.266664,0.240583,0.427604,0.0721946,35.6136
57000,16330.3,0.99672,54.36,54.38,0,8164.82,4528.04,34227.8,1711.39,5.55171,1919.88,0,33.8324,151.789,367.634,403.12,0.231694,0.451417,3.81381,2.09597,0.00607711,0.268177,0.240886,0.428409,0.0726544,36.3259
57500,16328.6,0.996616,54.5,54.458,0,8164.75,4531.48,34152.6,1707.63,5.3058,1922,0,33.7987,151.41,370.783,406.18,0.232213,0.452421,3.80347,2.09159,0.00609501,0.269283,0.241275,0.429046,0.0723653,35.449
58000,16329.3,0.996661,54.38,54.372,0,8164.81,4532.04,34113.9,1705.7,5.10493,1920.59,0,33.7913,151.506,374.001,407.5,0.232388,0.452835,3.79521,2.08912,0.00610998,0.270541,0.241294,0.429027,0.0731092,36.6445
58500,16328.4,0.996609,54.388,54.404,0,8164.81,4534.77,34104.6,1705.23,6.62965,1918.3,0,33.7563,151.499,377.2,409.78,0.232369,0.452824,3.81391,2.08866,0.00611268,0.271593,0.241753,0.429323,0.073892,37.2272
59000,16330,0.996702,54.41,54.4,0,8164.8,4533.71,34106.3,1705.32,5.75288,1917.93,0,33.7663,151.5,380.446,413.22,0.232323,0.452638,3.8095,2.08857,0.00612025,0.273036,0.241607,0.429395,0.0753585,37.3103
59500,16329.6,0.996678,54.406,54.414,0,8164.8,4533.11,34119.2,1705.96,5.00763,1920.88,0,33.766,151.48,383.623,416.22,0.232225,0.452518,3.81161,2.08941,0.00613505,0.274466,0.241976,0.430141,0.0766913,36.9169
60000,16331.2,0.996779,54.502,54.482,0,8164.75,4533.48,34095.1,1704.75,4.06164,1921.21,0,33.7926,151.463,386.855,419.18,0.232556,0.453135,3.79569,2.08772,0.00614079,0.275438,0.243275,0.430785,0.0782396,30.8801
60500,16328.7,0.996622,54.398,54.422,0,8164.8,4531.56,34125.1,1706.26,6.20422,1924.43,0,33.8642,151.723,390.175,422.44,0.23261,0.453201,3.77887,2.08989,0.00614584,0.276706,0.243528,0.431028,0.0785893,34.611
61000,16330.2,0.996718,54.398,54.388,0,8164.8,4535.64,34097.6,1704.88,3.31247,1919.4,0,33.8077,151.444,393.49,426.2,0.232922,0.453824,3.78614,2.08801,0.00615593,0.277993,0.243505,0.431854,0.0793806,37.1983
61500,16329.9,0.996696,54.414,54.414,0,8164.79,4542.05,34110.2,1705.51,3.82612,1916.61,0,33.7739,151.647,396.706,429.28,0.233268,0.454567,3.80519,2.08882,0.00615215,0.279301,0.244073,0.432085,0.0805344,37.3404
62000,16330.1,0.996713,54.482,54.482,0,8164.76,4542.11,34027.1,1701.36,3.22002,1916.91,0,33.7146,151.263,399.879,432.02,0.233245,0.454747,3.80631,2.0837,0.00615246,0.280585,0.243904,0.432493,0.0812013,37.3682
62500,16331.2,0.996777,54.44,54.45,0,8164.78,4544.27,34051.5,1702.58,4.37094,1919.01,0,33.7471,151.792,403.178,435.4,0.233397,0.455193,3.81106,2.08506,0.0061412,0.281716,0.24563,0.433005,0.0817042,38.1335
63000,16328.9,0.996637,54.428,54.434,0,8164.79,4544.36,33950.1,1697.5,5.51689,1915.26,0,33.7181,151.381,406.545,438.72,0.233902,0.45617,3.78034,2.07914,0.00612946,0.28251,0.245923,0.433404,0.081581,38.3674
63500,16331.5,0.996798,54.338,54.328,0,8164.83,4543.9,33955.1,1697.75,4.39469,1913.97,0,33.7707,151.609,409.801,442.44,0.234207,0.456776,3.76089,2.07911,0.00614008,0.283706,0.245073,0.43392,0.0827072,38.1182
64000,16331,0.996763,54.402,54.396,0,8164.8,4542.55,33943.4,1697.17,4.05656,1915.05,0,33.8009,151.411,413.291,445.48,0.234294,0.456824,3.74519,2.07847,0.00612434,0.285178,0.246162,0.434442,0.083456,37.8428
64500,16329.3,0.996661,54.492,54.478,0,8164.75,4538.48,33967.3,1698.36,5.51389,1924.67,0,33.8716,151.403,416.703,449.64,0.23403,0.456345,3.73599,2.08014,0.00611631,0.286483,0.246761,0.435043,0.0843987,38.1637
65000,16330.1,0.99671,54.456,54.482,0,8164.77,4535.33,34015.6,1700.78,5.89341,1924.1,0,33.9378,151.737,419.927,453.38,0.233767,0.455858,3.73249,2.083,0.00610912,0.286989,0.247481,0.435215,0.0851917,38.1562
65500,16330.3,0.996722,54.29,54.286,0,8164.85,4536.65,33981.7,1699.09,7.1803,1917.76,0,33.9319,151.55,423.099,458.16,0.233955,0.456292,3.72959,2.0809,0.00611906,0.287824,0.247737,0.435658,0.0848815,38.3405
66000,16329.1,0.99665,54.464,54.43,0,8164.77,4538.1,33964.5,1698.23,5.68045,1921.12,0,33.9172,151.427,426.383,460.18,0.234077,0.456518,3.73109,2.08,0.00612482,0.288826,0.249155,0.436247,0.0856747,38.4804
66500,16329.5,0.996676,54.55,54.584,0,8164.72,4537.19,33943.5,1697.17,7.58231,1928.22,0,33.9659,151.544,429.616,463.42,0.234276,0.456979,3.71091,2.07865,0.00612588,0.289898,0.250334,0.436956,0.0870061,38.7434
67000,16329.1,0.996649,54.424,54.436,0,8164.79,4533.67,33946.6,1697.33,6.14474,1925.69,0,34.048,151.588,432.806,468.26,0.234443,0.457443,3.68141,2.0789,0.00612544,0.29078,0.251255,0.437339,0.0882475,38.8845
67500,16328.8,0.996628,54.304,54.298,0,8164.85,4532.47,33886.2,1694.31,7.93869,1923.52,0,34.04,151.44,436.157,470.66,0.234521,0.457732,3.66821,2.07525,0.00613307,0.291797,0.252863,0.438068,0.0888314,38.2319
68000,16329,0.996643,54.604,54.594,0,8164.7,4526.19,33904.2,1695.21,8.96996,1937.88,0,34.1099,151.484,439.343,473.88,0.234099,0.45698,3.65806,2.07632,0.00613646,0.292944,0.254342,0.438742,0.0886071,38.246
68500,16329.1,0.996647,54.256,54.28,0,8164.86,4523.31,33969.8,1698.49,6.99594,1931.64,0,34.1918,151.679,442.482,475.66,0.233947,0.456878,3.6474,2.08033,0.00615074,0.293405,0.255196,0.439095,0.0887723,38.5506
69000,16329.3,0.996663,54.382,54.36,0,8164.81,4518.6,33917,1695.85,7.86281,1936.86,0,34.2206,151.43,445.827,479.76,0.23401,0.457076,3.61561,2.07706,0.00616439,0.294363,0.254411,0.439025,0.0884502,38.8707
69500,16328.4,0.996609,54.566,54.58,0,8164.72,4516.31,33942.2,1697.11,10.1783,1946.64,0,34.2771,151.547,449.024,483.44,0.233888,0.456992,3.60923,2.07872,0.0061609,0.295293,0.255436,0.439224,0.0878064,38.6611
70000,16330.4,0.99673,54.446,54.42,0,8164.76,4512.19,33987.2,1699.36,10.1618,1941.41,0,34.3198,151.521,452.237,485.26,0.233566,0.456651,3.60223,2.08122,0.00615502,0.296133,0.256652,0.43934,0.0878613,38.3109
70500,16329.7,0.996688,54.242,54.252,0,8164.84,4512.59,33966.4,1698.32,11.4248,1934.7,0,34.3039,151.45,455.314,488.78,0.233495,0.456658,3.61013,2.08004,0.00617972,0.296783,0.257168,0.43929,0.0889557,38.689
71000,16330,0.996703,54.518,54.536,0,8164.71,4511.63,33991.7,1699.59,10.1164,1948.29,0,34.3163,151.606,458.283,494.12,0.233451,0.456694,3.60811,2.08156,0.00619078,0.297566,0.258164,0.440094,0.0903768,38.8707
71500,16329.8,0.996692,54.402,54.396,0,8164.8,4508.15,34013.4,1700.67,7.98309,1943.38,0,34.3773,151.442,461.43,499.52,0.233313,0.456623,3.59398,2.0829,0.00620575,0.298163,0.259769,0.44061,0.0918851,38.4693
72000,16329.6,0.996678,54.548,54.542,0,8164.73,4505.21,33994.6,1699.73,10.0416,1950.78,0,34.4282,151.407,464.723,501.04,0.23315,0.456464,3.58475,2.08178,0.00620326,0.299189,0.261768,0.441132,0.0931731,38.397
72500,16329.6,0.996682,54.382,54.372,0,8164.81,4508.09,34025.8,1701.29,6.88169,1947.88,0,34.4516,151.543,468.136,505.1,0.233439,0.457138,3.58525,2.08369,0.00619409,0.299711,0.263215,0.441892,0.0945575,38.9547
73000,16329,0.996641,54.39,54.41,0,8164.81,4511.51,34000.9,1700.05,7.4092,1947.91,0,34.4531,151.73,471.46,508.54,0.23389,0.457988,3.57953,2.08225,0.00621014,0.300749,0.26444,0.442674,0.0959009,38.8491
73500,16331,0.996766,54.314,54.304,0,8164.84,4506.75,33927.7,1696.39,9.74313,1946.28,0,34.4616,151.468,474.588,510.94,0.233949,0.458162,3.54682,2.0775,0.00622991,0.301778,0.265917,0.443148,0.0967976,38.7065
74000,16328.4,0.996605,54.526,54.508,0,8164.74,4503.68,33862,1693.1,12.8415,1956.54,0,34.4879,151.518,477.981,514.5,0.23421,0.45867,3.51225,2.07381,0.00623435,0.302826,0.267394,0.443223,0.0971867,38.3637
74500,16331.3,0.996782,54.294,54.31,0,8164.85,4500.77,33870.8,1693.54,10.9225,1953.7,0,34.5459,151.539,481.247,518.12,0.234301,0.459092,3.48931,2.07398,0.00624453,0.304226,0.26889,0.443065,0.097778,38.8997
75000,16330.7,0.996744,54.536,54.512,0,8164.73,4499.65,33810.9,1690.55,13.0367,1965.64,0,34.5603,151.609,484.515,524.26,0.234609,0.459793,3.46299,2.0704,0.00626406,0.305788,0.269166,0.443237,0.098568,39.1042
75500,16328.9,0.996638,54.394,54.392,0,8164.8,4494.98,33824.8,1691.24,9.94278,1966.49,0,34.6234,151.592,487.691,528.34,0.234457,0.459522,3.44368,2.07147,0.00626795,0.307112,0.269619,0.443609,0.0989744,38.7309
76000,16329.5,0.996671,54.384,54.42,0,8164.81,4491.69,33814.3,1690.71,12.31,1967.96,0,34.6392,151.421,490.674,531.24,0.234271,0.459173,3.43611,2.07075,0.00628114,0.308035,0.269545,0.443683,0.0996246,38.1268
76500,16330.9,0.996757,54.568,54.534,0,8164.72,4489.58,33794.6,1689.73,10.491,1975.27,0,34.6985,151.384,493.923,535.5,0.23472,0.459997,3.39657,2.06937,0.00629488,0.308915,0.268898,0.4439,0.10031,37.9544
77000,16331.8,0.996813,54.368,54.38,0,8164.82,4488.38,33781.2,1689.06,12.3537,1972.06,0,34.7068,151.458,497.333,538.54,0.234578,0.459668,3.39721,2.06843,0.00630355,0.309926,0.269506,0.444572,0.100537,37.6205
77500,16331.4,0.996792,54.378,54.384,0,8164.81,4486.99,33769.5,1688.48,12.103,1976.18,0,34.7437,151.549,500.598,541.36,0.234924,0.460394,3.36813,2.06776,0.00631053,0.310762,0.270543,0.445352,0.100203,38.0422
78000,16331.7,0.996809,54.494,54.502,0,8164.75,4490.85,33718.8,1685.94,10.6662,1980.34,0,34.7083,151.508,503.794,540.36,0.235491,0.461569,3.358,2.06462,0.00634278,0.311499,0.271604,0.445419,0.101233,38.8613
78500,16328.9,0.996637,54.428,54.422,0,8164.79,4492.41,33732.1,1686.61,7.24351,1976.51,0,34.7155,151.428,507.005,543.7,0.235677,0.461951,3.35705,2.06579,0.00634518,0.312542,0.272245,0.445247,0.102091,39.4789
79000,16331.4,0.996787,54.516,54.5,0,8164.73,4487.79,33723.7,1686.18,6.64193,1981.72,0,34.7374,151.291,510.199,546.44,0.235316,0.46124,3.34822,2.06496,0.00633574,0.313837,0.273672,0.445514,0.101905,40.1947
79500,16329.5,0.996671,54.476,54.464,0,8164.76,4486.04,33779.9,1688.99,6.92871,1983.79,0,34.7901,151.472,513.477,550.38,0.235096,0.46086,3.35093,2.06865,0.0063432,0.314856,0.275286,0.446088,0.10234,40.3357
80000,16331.7,0.996808,54.424,54.44,0,8164.77,4485.04,33783.9,1689.19,8.90146,1982.42,0,34.8122,151.565,516.589,554.06,0.234935,0.460403,3.35509,2.06861,0.00634778,0.31574,0.275789,0.446288,0.103687,32.878
80500,16330.1,0.996709,54.382,54.378,0,8164.81,4484.83,33760.9,1688.05,8.78986,1981.87,0,34.8142,151.534,519.575,555.92,0.235114,0.460684,3.3436,2.06741,0.00633009,0.316409,0.27625,0.446257,0.104017,37.3844
81000,16330.5,0.996733,54.304,54.33,0,8164.85,4483.67,33771.3,1688.57,7.75314,1981.21,0,34.8352,151.533,522.906,558.92,0.234981,0.46069,3.3442,2.06799,0.00634007,0.316777,0.277616,0.446538,0.10507,40.3728
81500,16330.3,0.996722,54.688,54.656,0,8164.65,4484.47,33748.7,1687.44,6.4627,1993.59,0,34.7846,151.282,526.267,563.3,0.235068,0.460903,3.34484,2.06663,0.00635761,0.31756,0.278608,0.446898,0.106076,40.3772
82000,16330.4,0.996727,54.522,54.546,0,8164.74,4488.05,33788.3,1689.42,6.7388,1986.23,0,34.7805,151.567,529.572,567.04,0.235255,0.461227,3.35537,2.06905,0.00636545,0.318363,0.277754,0.446768,0.10572,40.2803
82500,16328.7,0.996625,54.18,54.182,0,8164.91,4485.2,33793.1,1689.66,6.69925,1971.31,0,34.7835,151.464,532.927,571.02,0.234863,0.460454,3.36006,2.06956,0.00636427,0.318966,0.279923,0.446952,0.105958,40.4232
83000,16328.5,0.996615,54.508,54.506,0,8164.75,4487.71,33842,1692.1,6.46211,1986,0,34.8092,151.642,536.191,574,0.234954,0.460602,3.37142,2.07257,0.00637844,0.31949,0.281589,0.447317,0.105313,40.6719
83500,16330.9,0.996758,54.23,54.23,0,8164.88,4485.34,33856.2,1692.81,6.58446,1972.65,0,34.8171,151.702,539.062,578.42,0.234621,0.459999,3.37719,2.07314,0.00637511,0.320054,0.282994,0.447622,0.104631,40.352
84000,16329.5,0.996675,54.46,54.462,0,8164.77,4490.14,33785.4,1689.27,8.36753,1980.91,0,34.7582,151.423,542.377,581.24,0.235075,0.460799,3.3801,2.06898,0.0063724,0.321377,0.283933,0.44872,0.105128,40.4372
84500,16329.6,0.996681,54.814,54.784,0,8164.59,4492.03,33731.4,1686.57,9.79441,1988.62,0,34.7003,151.432,545.841,584.5,0.235197,0.460948,3.38456,2.06566,0.00638734,0.322803,0.285137,0.449018,0.104763,40.3213
85000,16329.6,0.996681,54.192,54.222,0,8164.9,4492.53,33747.6,1687.38,7.95745,1970.69,0,34.7119,151.494,549.01,587.74,0.235114,0.460721,3.39105,2.06665,0.00637726,0.323586,0.286614,0.449527,0.105399,40.4065
85500,16330.6,0.996741,54.284,54.286,0,8164.86,4495.65,33702.1,1685.11,8.69284,1967.56,0,34.6856,151.431,552.555,591.56,0.235388,0.461206,3.39327,2.06374,0.00637341,0.324288,0.286426,0.450539,0.105433,40.6106
86000,16329,0.996641,54.646,54.642,0,8164.68,4493.17,33706.5,1685.32,7.13478,1984.98,0,34.7289,151.4,555.789,593.32,0.235396,0.461216,3.37951,2.06422,0.00636936,0.324692,0.286821,0.451329,0.104927,40.3475
86500,16330,0.996703,54.334,54.336,0,8164.83,4487.8,33776.5,1688.83,6.16292,1977.28,0,34.8063,151.528,558.847,595.68,0.235012,0.460545,3.36923,2.06838,0.00637481,0.325209,0.285729,0.451068,0.1044,40.5292
87000,16329.1,0.99665,54.306,54.312,0,8164.83,4491.08,33741.5,1687.07,9.16637,1974.87,0,34.7653,151.551,562.012,599.44,0.235144,0.460811,3.38134,2.06634,0.0063683,0.325866,0.285491,0.450884,0.104543,40.2718
87500,16328.9,0.996636,54.672,54.654,0,8164.66,4482.99,33747.2,1687.36,8.56025,1989.6,0,34.8137,151.397,565.304,602.58,0.234591,0.459912,3.36671,2.06672,0.00636113,0.326784,0.285624,0.451095,0.104976,40.3838
88000,16329.9,0.996698,54.302,54.324,0,8164.84,4484.11,33768.2,1688.41,9.57086,1979.21,0,34.8302,151.528,568.727,605.76,0.234681,0.460319,3.36656,2.06788,0.00636354,0.327433,0.286697,0.451518,0.106514,40.3948
88500,16329.6,0.996677,54.644,54.604,0,8164.68,4486.35,33760.8,1688.04,8.72373,1986.54,0,34.7714,151.217,571.893,609.3,0.234615,0.460319,3.38642,2.06746,0.00634867,0.328335,0.287894,0.451973,0.106137,40.2887
89000,16328.9,0.996637,54.372,54.422,0,8164.81,4488.96,33805.5,1690.27,7.60984,1979.28,0,34.778,151.652,575.254,612.54,0.234431,0.459913,3.41216,2.07029,0.00635864,0.329757,0.288153,0.452592,0.105963,40.3172
89500,16328.9,0.996636,54.222,54.182,0,8164.89,4484.03,33810.6,1690.53,9.0345,1968.06,0,34.8262,151.398,578.766,616.16,0.234247,0.459394,3.39196,2.0706,0.00636535,0.331352,0.288193,0.452943,0.106335,40.2658
90000,16328.5,0.99661,54.618,54.628,0,8164.69,4480.02,33850.1,1692.51,9.17743,1990.17,0,34.8522,151.467,581.97,619.24,0.234024,0.458972,3.38101,2.07308,0.00639124,0.331809,0.287599,0.453049,0.107597,40.5836
90500,16329.4,0.99667,54.426,54.454,0,8164.77,4478.81,33878,1693.9,10.7747,1983.32,0,34.8986,151.614,585.322,624.82,0.233949,0.458877,3.37847,2.07466,0.0063888,0.332809,0.289269,0.453627,0.107708,39.6047
91000,16329,0.996643,54.434,54.41,0,8164.78,4472.73,33860.5,1693.02,11.0352,1985.74,0,34.9213,151.478,588.568,627.46,0.233599,0.458185,3.36172,2.07364,0.00638751,0.33365,0.290576,0.454104,0.108843,39.8761
91500,16330.2,0.996719,54.382,54.364,0,8164.81,4473.63,33882.5,1694.13,10.8082,1980.31,0,34.9341,151.248,591.79,629.46,0.233489,0.458205,3.37404,2.07483,0.00637453,0.33454,0.291307,0.454247,0.108421,40.7608
92000,16329.1,0.996652,54.584,54.596,0,8164.7,4471.29,33922.8,1696.14,9.85095,1991.98,0,35.004,151.642,595.093,632.7,0.233372,0.458023,3.36676,2.07744,0.00637647,0.336283,0.29142,0.454618,0.108444,40.4051
92500,16331.3,0.996782,54.29,54.27,0,8164.85,4463.64,33959.2,1697.96,9.28431,1984.57,0,35.06,151.385,598.377,634.74,0.232822,0.456971,3.35123,2.0794,0.00636096,0.337612,0.291811,0.455297,0.108095,40.7352
93000,16327.4,0.996543,54.542,54.568,0,8164.73,4459.98,33942,1697.1,11.784,2001.02,0,35.1385,151.603,601.767,638.04,0.232865,0.456887,3.32828,2.07884,0.0063386,0.338475,0.292336,0.455476,0.107978,40.176
93500,16330.4,0.996727,54.35,54.346,0,8164.82,4456.81,33986.5,1699.32,10.1041,1992.91,0,35.2066,151.598,605.007,641.4,0.232771,0.456744,3.3137,2.08118,0.00634385,0.339842,0.291585,0.455391,0.108837,40.4028
94000,16329.2,0.996655,54.446,54.434,0,8164.72,4453.11,33933.8,1696.69,12.643,2000.69,0,35.2248,151.286,608.142,645.42,0.232727,0.456736,3.29412,2.0781,0.00636599,0.340099,0.291405,0.455562,0.109691,40.3012
94500,16328,0.996584,54.496,54.506,0,8164.75,4449.06,33977.4,1698.87,12.8331,2006.65,0,35.2838,151.772,611.214,649.58,0.232564,0.45653,3.27857,2.08092,0.00638149,0.340112,0.291414,0.455523,0.110561,40.1351
95000,16330.8,0.996754,54.326,54.326,0,8164.84,4444,34003.2,1700.16,12.8229,2001.59,0,35.3389,151.42,614.162,653.36,0.232244,0.455986,3.266,2.08215,0.00640645,0.34074,0.290159,0.454617,0.111625,40.4819
95500,16328.9,0.996637,54.508,54.522,0,8164.75,4441.93,33988.1,1699.41,14.9582,2007.6,0,35.3574,151.323,617.412,655,0.232109,0.45572,3.26172,2.08147,0.00642047,0.341567,0.29103,0.454271,0.11224,40.4119
96000,16328.8,0.996631,54.474,54.492,0,8164.76,4440.88,33975.3,1698.77,15.9015,2012.43,0,35.3951,151.427,620.688,658.52,0.232102,0.455763,3.25557,2.0807,0.00642231,0.342985,0.291064,0.454698,0.113334,40.6532
96500,16328.9,0.996635,54.368,54.346,0,8164.8,4442.73,33996,1699.8,17.7929,2001.29,0,35.3854,151.546,624.071,661.56,0.23175,0.455089,3.28675,2.08196,0.00642137,0.343404,0.292225,0.454889,0.114744,40.0681
97000,16328.1,0.996588,54.612,54.598,0,8164.68,4443.13,33970.8,1698.54,18.022,2007.5,0,35.3804,151.416,627.377,665.04,0.231861,0.455447,3.281,2.08051,0.0064275,0.344354,0.293407,0.454757,0.115968,40.0348
97500,16330.7,0.996744,54.394,54.41,0,8164.8,4438.61,34007.5,1700.37,15.2064,2010.12,0,35.4537,151.422,630.741,669.12,0.231906,0.455665,3.25176,2.08243,0.00644029,0.345684,0.294642,0.454718,0.116863,40.2664
98000,16329.4,0.99667,54.342,54.354,0,8164.82,4438.36,33985.8,1699.29,15.9316,2007.11,0,35.4792,151.588,634.147,672.48,0.232064,0.455929,3.23954,2.08126,0.00644948,0.346974,0.294385,0.454907,0.117077,40.0154
98500,16329,0.996644,54.374,54.362,0,8164.81,4433.02,33997.8,1699.89,16.9415,2011.87,0,35.5288,151.612,637.408,675.98,0.231755,0.45537,3.22578,2.08205,0.00643934,0.347641,0.295632,0.455481,0.118027,40.3621
99000,16328.1,0.996589,54.424,54.444,0,8164.79,4431.73,33988.2,1699.41,17.308,2015.36,0,35.5288,151.356,640.944,679.3,0.23172,0.45538,3.22074,2.08158,0.00644559,0.348481,0.296136,0.456098,0.119057,40.3963
99500,16329,0.996643,54.482,54.438,0,8164.76,4432.13,34009.9,1700.49,17.2749,2015.56,0,35.5768,151.538,644.412,683.12,0.231826,0.455613,3.21755,2.08279,0.00645905,0.348871,0.29569,0.456745,0.120015,40.4444
100000,16330.1,0.99671,54.328,54.33,0,8164.84,4435.54,33985.1,1699.25,17.9932,2010.51,0,35.5061,151.475,648.013,687,0.231997,0.455963,3.22774,2.08113,0.00645723,0.349441,0.297021,0.457003,0.120503,33.1585
100500,16328.2,0.996594,54.65,54.658,0,8164.68,4437.7,33932.3,1696.61,19.0231,2019.36,0,35.4599,151.524,651.5,690.08,0.232075,0.456085,3.23725,2.07814,0.00645023,0.350649,0.297702,0.457116,0.121271,37.159
101000,16330.8,0.99675,54.288,54.31,0,8164.86,4436.62,33952.8,1697.64,20.9569,2006.25,0,35.5059,151.537,654.782,692.36,0.231985,0.455957,3.23532,2.07907,0.00642659,0.351719,0.298629,0.457504,0.121606,40.3668
101500,16329.8,0.996693,54.502,54.472,0,8164.72,4439.83,33870.8,1693.54,21.1479,2006.86,0,35.429,151.253,658.045,696.3,0.232191,0.45637,3.24278,2.07417,0.00642147,0.35208,0.298422,0.458168,0.121742,39.5307
102000,16328.5,0.99661,54.562,54.58,0,8164.7,4438.29,33866.7,1693.33,22.3664,2015.71,0,35.4772,151.447,661.285,700.58,0.232288,0.456686,3.22826,2.07409,0.00642674,0.352653,0.298202,0.458406,0.122971,40.2151
102500,16329.7,0.996685,54.392,54.39,0,8164.8,4434.06,33822.5,1691.12,24.7509,2012.21,0,35.5051,151.461,664.883,701.9,0.232305,0.456614,3.20048,2.07123,0.00643023,0.353676,0.298123,0.458554,0.123375,40.1355
103000,16330,0.996707,54.51,54.506,0,8164.74,4433.14,33831.3,1691.56,26.2617,2015.95,0,35.522,151.598,668.046,703.88,0.23205,0.456103,3.2101,2.07172,0.0064216,0.35502,0.298858,0.458809,0.123196,40.3424
103500,16329.1,0.996648,54.314,54.32,0,8164.82,4435.88,33852,1692.6,24.7766,2010.14,0,35.5278,151.512,670.915,707.6,0.232307,0.45673,3.21126,2.07311,0.00640772,0.355667,0.30012,0.459045,0.122835,40.4703
104000,16330.1,0.996713,54.39,54.38,0,8164.81,4439.19,33788.5,1689.42,25.6419,2008.89,0,35.4514,151.566,674.212,711.08,0.232384,0.457033,3.22752,2.06909,0.00641107,0.356879,0.300988,0.459503,0.122522,40.392
104500,16330.2,0.996718,54.344,54.358,0,8164.83,4438.57,33755.4,1687.77,26.5056,2012.16,0,35.4763,151.56,677.517,715.14,0.232414,0.456885,3.22143,2.06705,0.00640984,0.357852,0.302794,0.460097,0.122492,40.6652
105000,16329.2,0.996658,54.632,54.636,0,8164.59,4436.34,33722.8,1686.14,28.1372,2017.67,0,35.4971,151.434,680.451,719.02,0.232225,0.456487,3.21972,2.06518,0.00643519,0.358066,0.304485,0.459747,0.123227,40.3072
105500,16331.7,0.99681,54.316,54.312,0,8164.84,4432.79,33762.4,1688.12,28.4325,2007.83,0,35.5416,151.367,683.702,723.22,0.231894,0.455843,3.2158,2.06729,0.00645414,0.359026,0.305366,0.459815,0.123988,40.2328
106000,16329.8,0.996693,54.526,54.518,0,8164.74,4429.02,33774.7,1688.74,31.7669,2018.03,0,35.595,151.518,686.908,724.84,0.231737,0.455473,3.20362,2.06828,0.00645022,0.359695,0.305814,0.460319,0.123831,40.1839
106500,16327.9,0.996575,54.304,54.318,0,8164.85,4429.74,33771.3,1688.56,31.7471,2014.9,0,35.5873,151.648,690.164,728.32,0.232001,0.455996,3.19236,2.06832,0.00644331,0.360325,0.306015,0.460857,0.124023,40.041
107000,16329.2,0.996655,54.568,54.542,0,8164.69,4430.04,33676.1,1683.8,35.6358,2017.13,0,35.5229,151.485,693.472,731.56,0.232079,0.456024,3.18936,2.06232,0.00643165,0.360795,0.307446,0.460773,0.123875,40.5977
107500,16327.7,0.996563,54.356,54.374,0,8164.82,4427.98,33648.1,1682.41,36.3903,2016.05,0,35.561,151.426,696.55,735.14,0.232036,0.455976,3.17943,2.0608,0.00641803,0.36177,0.308638,0.460716,0.124274,39.8732
108000,16328.5,0.996613,54.426,54.42,0,8164.79,4428.47,33662.1,1683.1,38.2181,2016.03,0,35.5625,151.64,699.738,740.44,0.231906,0.455918,3.19094,2.06155,0.00640318,0.36225,0.309075,0.460976,0.124036,40.3161
108500,16330,0.996705,54.48,54.488,0,8164.74,4425.82,33635.1,1681.75,33.4448,2023.62,0,35.5642,151.326,703.256,741.66,0.231944,0.455841,3.17198,2.05971,0.00640653,0.363645,0.30854,0.460707,0.123624,40.1842
109000,16328.7,0.996627,54.342,54.35,0,8164.82,4426.74,33647.4,1682.37,33.1845,2021.4,0,35.6176,151.654,706.667,744.7,0.232343,0.456493,3.15334,2.06062,0.00639588,0.365066,0.30827,0.460616,0.124676,40.2319
109500,16328.5,0.996611,54.55,54.55,0,8164.64,4427.08,33597.5,1679.87,35.3329,2022.64,0,35.5749,151.295,710.004,747.56,0.232098,0.45608,3.17009,2.0576,0.00639874,0.365623,0.308247,0.460862,0.124684,40.4571
110000,16327.9,0.996578,54.446,54.434,0,8164.74,4424.33,33587.9,1679.39,38.97,2021.18,0,35.615,151.531,713.435,749.28,0.231916,0.455771,3.16401,2.05708,0.0063914,0.366004,0.308027,0.46105,0.126345,40.6098
110500,16329.9,0.996697,54.38,54.37,0,8164.81,4422.85,33562.5,1678.12,40.1039,2018.45,0,35.6682,151.397,716.692,753,0.231904,0.455696,3.15482,2.05528,0.00636224,0.36654,0.307355,0.460723,0.126525,40.6209
111000,16329.3,0.996661,54.604,54.608,0,8164.64,4418.97,33589.7,1679.48,37.4245,2031.72,0,35.757,151.451,720.18,755.36,0.23176,0.455341,3.14043,2.05702,0.00636383,0.367556,0.306566,0.460729,0.127097,40.4007
111500,16329.4,0.996665,54.244,54.228,0,8164.83,4410.88,33657.5,1682.88,36.4978,2024.39,0,35.8943,151.603,723.522,760.58,0.231122,0.453987,3.12908,2.06117,0.00637384,0.368189,0.307174,0.460989,0.128148,40.4841
112000,16330.3,0.996722,54.474,54.502,0,8164.76,4399.66,33709.4,1685.47,37.9248,2041.5,0,35.9839,151.598,726.699,764.32,0.230316,0.452506,3.11037,2.06423,0.00638875,0.368554,0.307562,0.461128,0.127913,40.7399
112500,16329.8,0.996693,54.264,54.242,0,8164.77,4392.33,33721.4,1686.07,41.3561,2035.42,0,36.0702,151.375,729.87,768.04,0.229599,0.451229,3.10856,2.06502,0.00638386,0.370156,0.307104,0.461079,0.127326,40.622
113000,16327.1,0.996526,54.646,54.666,0,8164.68,4392.8,33771.1,1688.56,36.3868,2052.74,0,36.1302,151.373,733.437,772.48,0.229365,0.450822,3.12558,2.06841,0.00638551,0.371504,0.306227,0.460766,0.1284,40.606
113500,16329.4,0.996669,54.21,54.19,0,8164.69,4398.01,33719.4,1685.97,43.165,2031.75,0,36.1324,151.593,737.21,775.28,0.229393,0.450759,3.15483,2.06495,0.00637819,0.371788,0.308544,0.460987,0.129673,40.5803
114000,16328.9,0.996635,54.694,54.698,0,8164.65,4409.19,33570.8,1678.54,45.6422,2044,0,36.0083,151.332,740.483,778.6,0.230025,0.451914,3.18482,2.05592,0.00634255,0.372285,0.30883,0.460799,0.129328,40.4123
114500,16329.1,0.99665,54.304,54.33,0,8164.84,4411.66,33522.5,1676.12,45.8464,2027.99,0,35.9989,151.597,743.593,781.06,0.230116,0.451983,3.19421,2.05293,0.00631997,0.372849,0.309252,0.460492,0.129104,40.7312
115000,16330.5,0.996737,54.426,54.414,0,8164.41,4420.35,33447.5,1672.37,54.6107,2023.54,0,35.9333,151.824,746.898,785.02,0.230221,0.452378,3.2424,2.04816,0.00630347,0.373276,0.310188,0.46018,0.129763,40.3604
115500,16328.1,0.996586,54.356,54.354,0,8164.82,4414.59,33425.3,1671.26,49.2192,2020.77,0,35.9458,151.31,750.363,788.06,0.230142,0.452352,3.20985,2.04711,0.00628835,0.374247,0.310921,0.460536,0.130876,40.6931
116000,16327.1,0.99653,54.43,54.418,0,8164.77,4414.75,33407.9,1670.4,56.8653,2026.98,0,36.0051,151.746,753.776,791.74,0.230182,0.452433,3.20852,2.04616,0.0062947,0.37478,0.311847,0.461109,0.131993,40.4251
116500,16328.8,0.996633,54.442,54.436,0,8164.78,4414.34,33308.5,1665.42,59.6177,2024.16,0,35.9724,151.397,756.877,796.16,0.230115,0.452368,3.2102,2.03986,0.0062704,0.375354,0.312688,0.460672,0.130701,40.0946
117000,16330.4,0.996727,54.658,54.638,0,8164.64,4413.79,33260.9,1663.05,58.3315,2034.44,0,35.9649,151.395,760.239,799.42,0.230294,0.452772,3.19641,2.03675,0.00626324,0.376247,0.311996,0.460753,0.13038,40.3053
117500,16330.6,0.996738,54.118,54.144,0,8164.92,4410.81,33337.3,1666.86,59.121,2019.05,0,36.0394,151.634,763.738,802.62,0.229774,0.45192,3.20853,2.0414,0.00627945,0.376206,0.311221,0.460334,0.132246,40.0193
118000,16327.9,0.996576,54.474,54.526,0,8164.75,4414.3,33328.1,1666.41,58.652,2030,0,35.9916,151.488,766.997,805.02,0.229982,0.452443,3.21839,2.04118,0.00628895,0.375929,0.311306,0.459902,0.132478,40.4179
118500,16329.4,0.996665,54.508,54.448,0,8164.73,4413.71,33281,1664.05,62.4263,2021.76,0,35.9607,151.262,770.333,808.88,0.229896,0.452292,3.21966,2.03811,0.00630373,0.376657,0.311531,0.459826,0.134017,40.2511
119000,16331.8,0.996812,54.504,54.52,0,8164.75,4413.61,33293.9,1664.7,64.2088,2025.38,0,35.9843,151.458,773.42,813.1,0.229519,0.451683,3.24276,2.0386,0.00628612,0.376857,0.312801,0.460013,0.134226,40.1038
119500,16330.3,0.996725,54.292,54.308,0,8164.85,4416.73,33260.6,1663.03,69.2853,2017.43,0,35.9666,151.822,776.899,816.04,0.229532,0.451669,3.26044,2.03674,0.0062768,0.376758,0.312759,0.459827,0.136352,39.9963
120000,16329,0.996641,54.426,54.436,0,8164.79,4420.09,33166.9,1658.34,71.4254,2014.72,0,35.9043,151.421,780.436,818.72,0.22954,0.451689,3.28068,2.03117,0.0062751,0.376561,0.312943,0.459846,0.137195,32.7779
120500,16328.7,0.996625,54.468,54.414,0,8164.77,4424.05,33151.7,1657.58,66.9876,2013.75,0,35.9075,151.471,783.435,821.82,0.229824,0.452247,3.28809,2.03027,0.00626195,0.37753,0.313837,0.460031,0.137627,37.5706
121000,16329.9,0.996696,54.402,54.44,0,8164.8,4425.85,33023.8,1651.19,75.2107,2016.29,0,35.8783,151.536,786.303,824.94,0.230012,0.452632,3.28589,2.02229,0.00625428,0.3776,0.314385,0.460305,0.137652,39.9054
121500,16329.8,0.996692,54.442,54.434,0,8164.78,4428.53,32932.4,1646.62,75.5641,2015.49,0,35.8441,151.561,789.253,829.02,0.230173,0.452801,3.29371,2.01671,0.00624696,0.377892,0.314785,0.46082,0.13836,40.0149
122000,16330.4,0.99673,54.472,54.484,0,8164.76,4430.43,32857.2,1642.86,80.0195,2016.33,0,35.8157,151.602,792.311,833.86,0.230138,0.452854,3.3059,2.01202,0.00624995,0.377979,0.31612,0.460896,0.139398,39.839
122500,16330.9,0.99676,54.412,54.39,0,8164.79,4425.13,32746.5,1637.32,86.5776,2011,0,35.7856,151.395,795.657,838.24,0.229274,0.451254,3.32603,2.00518,0.00626944,0.37796,0.315987,0.460977,0.138929,40.3036
123000,16329,0.996646,54.41,54.42,0,8164.79,4425.76,32732.3,1636.62,89.377,2011.93,0,35.8466,151.512,799.377,841.04,0.229076,0.450786,3.34234,2.00455,0.00629071,0.378135,0.316323,0.461111,0.13981,40.5417
123500,16331.7,0.99681,54.402,54.382,0,8164.79,4421.4,32663.5,1633.18,97.5344,2011.8,0,35.8622,151.574,802.667,842.64,0.228831,0.45032,3.33011,2,0.00630157,0.378263,0.31836,0.461011,0.141205,40.4012
124000,16331.2,0.99678,54.418,54.434,0,8164.79,4419.58,32554.7,1627.74,101.699,2015.77,0,35.878,151.509,806.024,844.98,0.22856,0.450044,3.3358,1.9934,0.00630065,0.378096,0.319436,0.46097,0.141958,40.0712
124500,16328.5,0.996613,54.452,54.464,0,8164.77,4424.66,32414.1,1620.7,105.079,2017.53,0,35.8389,151.476,809.296,845.72,0.228532,0.450065,3.36889,1.98512,0.00627907,0.379139,0.320942,0.461082,0.141399,40.5098
125000,16329.7,0.996683,54.328,54.326,0,8164.84,4433.16,32301.7,1615.08,110.309,2009.22,0,35.7861,151.666,812.569,849.32,0.22898,0.451095,3.3942,1.9781,0.00628466,0.380219,0.321139,0.461072,0.14124,40.5433
125500,16329.5,0.996671,54.522,54.53,0,8164.74,4438.41,32184.8,1609.24,110.704,2010.57,0,35.6671,151.516,815.895,855.08,0.2292,0.451547,3.41372,1.97096,0.00631195,0.38108,0.32175,0.461317,0.141623,40.3163
126000,16330.1,0.996708,54.308,54.31,0,8164.85,4441.37,32124.5,1606.23,116.037,2000.07,0,35.6415,151.562,819.09,859.08,0.229191,0.451493,3.432,1.9672,0.00630309,0.382208,0.323195,0.46185,0.140812,40.2066
126500,16329.9,0.996699,54.548,54.528,0,8164.73,4434.19,31999.3,1599.97,119.501,2008.56,0,35.6513,151.253,822.623,862.8,0.228735,0.450622,3.41523,1.95955,0.00630867,0.382862,0.323569,0.462338,0.141262,39.5088
127000,16328.7,0.996624,54.486,54.484,0,8164.76,4435.22,31867.7,1593.38,130.276,2008.9,0,35.6493,151.452,825.844,866.38,0.228691,0.450538,3.42401,1.95164,0.00629096,0.383987,0.324311,0.462898,0.142169,38.4393
127500,16330,0.996707,54.44,54.426,0,8164.78,4443.57,31663.8,1583.19,139.266,2002.99,0,35.5656,151.587,828.979,870.2,0.228892,0.450778,3.46343,1.93899,0.00626267,0.38436,0.325209,0.462864,0.142985,38.5102
128000,16330.1,0.996711,54.322,54.332,0,8164.84,4443.66,31516.5,1575.82,141.12,1999.65,0,35.552,151.511,832.44,874.24,0.228751,0.450336,3.47122,1.92996,0.00624466,0.384434,0.325215,0.462588,0.143662,37.823
128500,16330.1,0.996709,54.376,54.41,0,8164.81,4443.1,31360.5,1568.03,157.104,1997.95,0,35.5193,151.517,835.609,877.64,0.228304,0.449416,3.49307,1.92041,0.00623836,0.384605,0.326425,0.462251,0.144863,38.6066
129000,16329.1,0.996648,54.558,54.522,0,8164.72,4436.12,31285.4,1564.27,158.494,2006.32,0,35.5953,151.528,838.679,880.28,0.227198,0.44727,3.51946,1.91593,0.00621857,0.384949,0.328,0.462138,0.146214,38.6689
129500,16331.2,0.99678,54.302,54.306,0,8164.85,4435.89,31173.9,1558.69,166.503,1999.74,0,35.6079,151.494,841.95,883.98,0.226727,0.446488,3.54378,1.90885,0.00620643,0.385895,0.328856,0.462161,0.147211,38.4721
130000,16329.8,0.996691,54.33,54.348,0,8164.83,4437.57,30948.2,1547.41,174.406,2002.83,0,35.6178,151.65,845.233,886.74,0.226765,0.446709,3.55073,1.8952,0.00619002,0.387738,0.330677,0.462215,0.147121,38.8868
130500,16330.7,0.996749,54.66,54.62,0,8164.67,4438.15,30688.4,1534.42,183.684,2017.6,0,35.591,151.508,848.552,888.58,0.225907,0.445015,3.60625,1.87918,0.00617073,0.388285,0.331907,0.461766,0.146098,38.6785
131000,16331.2,0.99678,54.234,54.29,0,8164.88,4442.89,30519.4,1525.97,188.99,2004.61,0,35.5374,151.436,851.751,890.54,0.225822,0.444809,3.63964,1.86878,0.00618102,0.389546,0.333277,0.461514,0.14584,38.6861
131500,16331.3,0.996785,54.516,54.494,0,8164.74,4448.59,30226.4,1511.32,197.689,2008.09,0,35.4054,151.403,854.831,893.96,0.225653,0.444439,3.68457,1.85083,0.0061437,0.390762,0.336482,0.461196,0.144548,38.6053
132000,16328.6,0.99662,54.51,54.49,0,8164.74,4451.86,30075.1,1503.75,204.555,2007.65,0,35.4467,151.585,857.721,898.08,0.225433,0.443898,3.71843,1.84186,0.00611954,0.390849,0.338565,0.461634,0.144162,38.5617
132500,16330.3,0.99672,54.426,54.438,0,8164.77,4461.31,29783.4,1489.17,214.402,2004.91,0,35.3811,151.564,860.704,901.7,0.225411,0.443901,3.77795,1.82382,0.00608908,0.391355,0.340481,0.461178,0.143938,38.8818
133000,16327.9,0.996575,54.41,54.432,0,8164.78,4464.19,29477,1473.85,223.348,2006.61,0,35.2912,151.494,863.792,905.9,0.225367,0.444036,3.79723,1.80532,0.00609958,0.392077,0.340897,0.461019,0.144442,39.2488
133500,16328.1,0.996586,54.356,54.312,0,8164.82,4469.81,29228.3,1461.42,234.365,1997.58,0,35.213,151.552,867.003,909.06,0.22493,0.443307,3.85751,1.79007,0.00609256,0.392567,0.342124,0.460586,0.143135,39.0301
134000,16330.3,0.99672,54.426,54.452,0,8164.79,4474.73,28882,1444.1,249.375,2005.12,0,35.1438,151.639,870.177,913.8,0.224527,0.442642,3.91185,1.76862,0.00608307,0.392355,0.343089,0.460152,0.14194,38.7092
134500,16327.4,0.996544,54.488,54.508,0,8164.72,4479.29,28460.9,1423.05,263.284,2002.42,0,34.9714,151.442,873.579,915.76,0.224366,0.442494,3.95034,1.74314,0.00608031,0.392762,0.34335,0.459641,0.14044,39.0336
135000,16328.5,0.996615,54.39,54.38,0,8164.74,4484.45,28105.9,1405.3,276.123,2000.34,0,34.9289,151.526,876.731,919.26,0.224174,0.442299,3.99346,1.72128,0.00606227,0.393438,0.343817,0.458839,0.14028,38.3112
135500,16328.1,0.996586,54.358,54.326,0,8164.79,4492.59,27762.1,1388.11,282.934,2002.12,0,34.8568,151.724,879.871,923.16,0.223932,0.44193,4.05712,1.70027,0.00603341,0.394382,0.347079,0.45867,0.138794,38.159
136000,16329.1,0.99665,54.36,54.394,0,8164.79,4500.87,27310.3,1365.52,298.016,2007.31,0,34.741,151.593,882.792,927.2,0.223754,0.441597,4.1169,1.67249,0.00600672,0.395161,0.348935,0.45847,0.136316,38.1537
136500,16330.8,0.996754,54.504,54.48,0,8164.69,4516.64,26760.5,1338.03,314.61,2002.11,0,34.5193,151.378,885.719,931.18,0.223562,0.441356,4.2245,1.63865,0.0059888,0.39604,0.350776,0.457754,0.134976,38.3132
137000,16328.4,0.996608,54.386,54.386,0,8164.73,4524.7,26329,1316.45,319.406,2005.53,0,34.3844,151.447,888.81,937.84,0.223484,0.441345,4.2787,1.61247,0.00595581,0.397024,0.352934,0.457316,0.134658,38.3907
137500,16329.5,0.996671,54.608,54.628,0,8164.56,4533.48,25850.8,1292.54,336.867,2012.29,0,34.2471,151.509,892.087,942.76,0.223713,0.441879,4.3196,1.58308,0.00594371,0.398367,0.353684,0.457481,0.133573,38.45
138000,16331.8,0.996813,54.166,54.146,0,8164.85,4542.61,25380.4,1269.02,350.431,1996.97,0,34.1635,151.632,895.096,944.72,0.223835,0.442013,4.36774,1.55405,0.00594182,0.399398,0.354196,0.457046,0.133588,38.6509
138500,16328.8,0.996633,54.522,54.54,0,8164.67,4556.44,24719,1235.95,359.817,2015.99,0,34.0513,151.235,898.197,947.92,0.22389,0.442195,4.44935,1.51383,0.00591145,0.399155,0.355817,0.456487,0.133563,38.8181
139000,16330.4,0.996726,54.518,54.504,0,8164.72,4569.26,24076.5,1203.82,385.346,2015.37,0,33.9135,151.523,901.014,950.9,0.224082,0.442827,4.51534,1.47434,0.00587631,0.399199,0.356532,0.45654,0.133004,38.54
139500,16328.8,0.996628,54.274,54.302,0,8164.81,4582.12,23469.6,1173.48,394.583,2012.02,0,33.8314,151.474,904.108,954.9,0.224182,0.443334,4.58686,1.43731,0.00584972,0.399205,0.356264,0.455873,0.132183,38.6048
140000,16328.3,0.9966,54.538,54.516,0,8164.63,4600.56,22720.3,1136.02,410.053,2026.81,0,33.6571,151.35,907.259,958.3,0.224622,0.444404,4.67284,1.39147,0.00582587,0.398597,0.35745,0.455321,0.131087,31.9078
140500,16327.8,0.996572,54.672,54.702,0,8164.62,4619.08,22055.7,1102.78,427.789,2030.8,0,33.455,151.494,910.068,962,0.225031,0.445383,4.76217,1.3508,0.00582631,0.397717,0.359163,0.45512,0.13074,35.319
141000,16329.2,0.996656,54.31,54.278,0,8164.71,4643.7,21245.7,1062.28,441.507,2018.6,0,33.2021,151.477,912.778,962.56,0.225734,0.447053,4.86979,1.30108,0.00580265,0.396311,0.359406,0.454468,0.129275,38.1963
141500,16329.4,0.996665,54.376,54.378,0,8164.72,4660.65,20411.4,1020.57,461.328,2021.69,0,32.9869,151.316,915.636,959.62,0.225777,0.447356,4.97108,1.24998,0.00579306,0.394381,0.360264,0.453219,0.127002,38.4945
142000,16329.3,0.996659,54.592,54.598,0,8164.63,4676,19651.5,982.574,484.74,2034.94,0,32.8305,151.486,918.391,962.18,0.225604,0.447173,5.07391,1.20345,0.00578262,0.393296,0.361864,0.451991,0.124346,38.8898
142500,16329.8,0.996693,54.308,54.284,0,8164.72,4701.11,18888,944.402,490.484,2031.67,0,32.6387,151.518,921.118,965.58,0.226099,0.448298,5.19714,1.15666,0.00576753,0.39313,0.362984,0.450827,0.121773,39.1159
143000,16329.3,0.996663,54.496,54.5,0,8164.72,4717.7,18169.6,908.479,495.49,2047.35,0,32.4862,151.523,923.697,969.48,0.226367,0.448977,5.28155,1.1127,0.00577892,0.392456,0.363184,0.450049,0.119188,38.1182
143500,16330.1,0.996709,54.422,54.43,0,8164.76,4732.68,17500.9,875.045,507.133,2056.54,0,32.3357,151.621,926.499,973.48,0.226781,0.45002,5.34785,1.0717,0.00579957,0.391423,0.363179,0.449047,0.118551,38.0819
144000,16329.6,0.99668,54.296,54.3,0,8164.73,4748.48,16765.3,838.265,524.067,2051.79,0,32.1936,151.307,929.13,975.24,0.22696,0.450654,5.43293,1.02668,0.00579312,0.390134,0.363621,0.447606,0.11664,38.438
144500,16328.4,0.996605,54.55,54.574,0,8164.6,4763.32,16088.5,804.427,531.691,2079.29,0,32.0038,151.644,931.91,977,0.227227,0.451411,5.50799,0.985313,0.0058226,0.389004,0.364431,0.446373,0.115793,38.61
145000,16331.3,0.996781,54.466,54.436,0,8164.61,4781.27,15426,771.3,537.255,2080.34,0,31.8578,151.506,934.513,979.84,0.227854,0.452641,5.57827,0.944568,0.00584884,0.387703,0.365241,0.445552,0.115095,37.6103
145500,16329.9,0.996699,54.366,54.376,0,8164.71,4800.22,14827.1,741.355,533.345,2090.87,0,31.6984,151.397,936.988,982.04,0.22853,0.454031,5.65505,0.90797,0.00586838,0.387089,0.366986,0.444763,0.113041,37.2252
146000,16329.3,0.996664,54.476,54.484,0,8164.64,4816.01,14228.6,711.431,541.454,2101.56,0,31.5356,151.576,939.568,984.72,0.228891,0.454874,5.72904,0.871352,0.00590407,0.385357,0.368958,0.443535,0.111428,38.3217
146500,16330.4,0.996729,54.354,54.354,0,8164.69,4828.87,13669.2,683.458,552.565,2102.32,0,31.4184,151.504,942.124,988.02,0.228907,0.455001,5.80536,0.837039,0.00593804,0.383737,0.370649,0.442524,0.110672,38.2113
147000,16327.9,0.996578,54.564,54.574,0,8164.59,4843.8,13130.4,656.522,549.216,2120.14,0,31.3635,151.315,944.585,991.76,0.229206,0.45578,5.87928,0.804171,0.0059592,0.381882,0.370114,0.441362,0.108434,37.8861
147500,16330.7,0.996747,54.498,54.506,0,8164.52,4862.51,12489.7,624.487,564.726,2119.37,0,31.2497,151.476,947.021,994.7,0.23008,0.457555,5.94137,0.764801,0.00598,0.38054,0.36971,0.440298,0.107466,37.7579
148000,16331.5,0.996796,54.408,54.388,0,8164.55,4876.67,11871.6,593.579,572.059,2121.67,0,31.0861,151.422,949.505,997.36,0.230616,0.458809,5.99439,0.726914,0.00601371,0.379448,0.369723,0.438818,0.106113,38.4142
148500,16330.8,0.996752,54.426,54.41,0,8164.69,4899.18,11274.3,563.713,574.55,2134.06,0,30.8952,151.418,951.972,1001.88,0.231639,0.46103,6.06992,0.690369,0.00603995,0.378185,0.368528,0.43745,0.103852,38.7206
149000,16329.5,0.996675,54.582,54.59,0,8164.62,4918.69,10640.4,532.019,579.864,2146.72,0,30.7481,151.749,954.361,1004.02,0.232494,0.462883,6.13575,0.651604,0.0060567,0.37643,0.367357,0.436258,0.101509,38.1643
149500,16328.8,0.996628,54.188,54.194,0,8164.77,4937.19,9992.02,499.601,587.814,2138.53,0,30.6027,151.546,956.817,1007.16,0.232916,0.463874,6.22494,0.611928,0.00609736,0.374424,0.367649,0.434408,0.0983522,38.5151
150000,16329.1,0.99665,54.278,54.294,0,8164.78,4953.93,9443,472.15,598.968,2141.19,0,30.4529,151.618,959.162,1011.34,0.233676,0.46558,6.27997,0.578292,0.00614212,0.371658,0.3675,0.43188,0.0963044,38.6385
150500,16328.6,0.996619,54.68,54.664,0,8164.57,4971.41,8832.32,441.616,598.94,2162.78,0,30.3005,151.375,961.388,1013.06,0.234404,0.467219,6.34271,0.540911,0.00617217,0.368926,0.367327,0.429725,0.0935706,38.6713
151000,16329.5,0.996671,54.282,54.278,0,8164.72,4990.02,8234.61,411.73,606.93,2157.01,0,30.1699,151.671,963.645,1016.6,0.235062,0.468675,6.41705,0.504279,0.00619802,0.36629,0.366667,0.427427,0.091222,38.4064
151500,16329.9,0.996699,54.414,54.408,0,8164.73,5008.04,7621.23,381.062,613.031,2166.43,0,30.0558,151.468,965.987,1020.66,0.235638,0.469903,6.49026,0.466703,0.00624908,0.362873,0.366807,0.424538,0.088306,38.864
152000,16329.5,0.996671,54.436,54.428,0,8164.65,5028.56,7048.74,352.437,610.739,2177.13,0,29.9207,151.436,968.242,1023.92,0.236294,0.471326,6.57649,0.431659,0.00629422,0.359295,0.366859,0.421191,0.0860339,38.9138
152500,16329.2,0.996655,54.54,54.556,0,8164.62,5049.63,6517.46,325.873,611.793,2187.62,0,29.8059,151.584,970.392,1026.8,0.236989,0.472796,6.66677,0.39913,0.00632747,0.356129,0.366419,0.418364,0.0849129,38.545
153000,16330.2,0.996716,54.2,54.19,0,8164.78,5075.19,5907.17,295.359,612.626,2177.7,0,29.6473,151.532,972.234,1029.76,0.238124,0.475198,6.75363,0.361733,0.00635138,0.35229,0.364281,0.414567,0.0823231,38.8468
153500,16329.9,0.996699,54.664,54.668,0,8164.6,5096.86,5335.68,266.784,610.791,2201.29,0,29.4814,151.325,974.186,1033.76,0.239072,0.477214,6.82723,0.326744,0.00638746,0.348864,0.362915,0.410366,0.0807029,38.7986
154000,16330.6,0.99674,54.332,54.344,0,8164.75,5119.11,4819.34,240.967,608.802,2198.48,0,29.3869,151.689,976.257,1037.16,0.239892,0.478943,6.91531,0.295111,0.00643116,0.344999,0.362978,0.40531,0.0792721,38.7609
154500,16328.9,0.996637,54.472,54.454,0,8164.69,5137.09,4315.97,215.798,600.769,2213.62,0,29.2821,151.532,978.272,1037.9,0.240546,0.480373,6.98371,0.264315,0.00646266,0.340915,0.361559,0.401086,0.0764034,38.0447
155000,16330.2,0.996718,54.35,54.356,0,8164.71,5153.27,3910.75,195.538,589.9,2221.03,0,29.273,151.315,980.33,1039.04,0.241349,0.482095,7.03514,0.23948,0.00651031,0.336127,0.359926,0.396103,0.0743531,38.3646
155500,16329.7,0.996687,54.51,54.518,0,8164.65,5172.25,3550.55,177.528,582.375,2242.74,0,29.2954,151.77,982.455,1039.92,0.242469,0.484438,7.08378,0.217429,0.00655127,0.331183,0.35805,0.390223,0.0725833,38.8116
156000,16328,0.996583,54.256,54.27,0,8164.79,5188.53,3257.42,162.871,569.562,2238.94,0,29.295,151.586,984.63,1043.72,0.243464,0.486567,7.12149,0.199498,0.00660026,0.325485,0.355481,0.384199,0.0713193,38.7417
156500,16330.3,0.99672,54.424,54.394,0,8164.71,5200.51,3037.71,151.886,556.375,2246.31,0,29.2592,151.146,986.859,1045.5,0.244265,0.488317,7.14715,0.186018,0.00665377,0.319942,0.351277,0.378534,0.0707366,38.5689
157000,16330.3,0.996722,54.692,54.702,0,8164.61,5213.76,2867.43,143.371,550.94,2270.37,0,29.3269,151.713,989.131,1048.44,0.245263,0.490376,7.16666,0.17559,0.00668533,0.315447,0.348102,0.373487,0.0708788,38.169
157500,16328.2,0.996595,54.17,54.202,0,8164.9,5225.06,2710.95,135.548,539.459,2255.87,0,29.2842,151.518,991.509,1052.48,0.246083,0.492067,7.18475,0.166029,0.00670922,0.311659,0.346051,0.368694,0.0708012,38.852
158000,16329.8,0.996693,54.606,54.574,0,8164.64,5232.52,2585.53,129.277,534.497,2270.83,0,29.2679,151.265,994.034,1055.26,0.246705,0.493379,7.19385,0.158332,0.00674511,0.307339,0.343362,0.363647,0.0702706,38.8637
158500,16328.7,0.996626,54.44,54.46,0,8164.74,5247.58,2436.36,121.818,530.983,2268.07,0,29.3407,151.705,996.367,1057.64,0.247841,0.495719,7.21819,0.149207,0.0067837,0.301986,0.337606,0.358142,0.0701025,38.7521
159000,16330.1,0.99671,54.28,54.25,0,8164.81,5258.49,2301.66,115.083,524.04,2255.27,0,29.3344,151.384,998.776,1060.88,0.248673,0.497389,7.23423,0.140946,0.00681237,0.298502,0.334159,0.354742,0.0697258,37.2118
159500,16329.8,0.996694,54.406,54.432,0,8164.76,5266.74,2177.75,108.888,519.415,2272.12,0,29.3775,151.549,1001.21,1063.62,0.24931,0.498658,7.24523,0.13336,0.00683688,0.294703,0.329611,0.350285,0.0700954,37.6017
160000,16330.5,0.996735,54.53,54.504,0,8164.63,5277.44,2068.53,103.427,509.025,2273.7,0,29.3458,151.395,1003.68,1064.72,0.250171,0.500403,7.26093,0.126667,0.00685923,0.290801,0.324803,0.346273,0.0701619,31.5727
160500,16330.5,0.996732,54.47,54.498,0,8164.74,5283.76,1978.99,98.9496,508.92,2278.8,0,29.4419,151.691,1006.16,1067.44,0.250598,0.501254,7.27238,0.121184,0.00688148,0.288038,0.32109,0.343092,0.0702952,34.8255
161000,16330,0.996702,54.356,54.354,0,8164.77,5291.98,1891.53,94.5764,504.348,2266.98,0,29.4252,151.343,1008.7,1070.48,0.251168,0.502425,7.28946,0.115832,0.00690114,0.285114,0.316979,0.340404,0.0704602,36.9312
161500,16330.9,0.996757,54.578,54.55,0,8164.69,5299.3,1793.67,89.6837,503.97,2278.11,0,29.4659,151.595,1011.21,1073.68,0.251729,0.503658,7.29939,0.109833,0.00691742,0.281994,0.312611,0.337293,0.0704851,36.5995
162000,16329.4,0.996669,54.228,54.218,0,8164.84,5308.13,1688.27,84.4133,496.636,2265.78,0,29.4441,151.475,1013.69,1076.38,0.252363,0.504928,7.31608,0.103388,0.00693687,0.27918,0.308072,0.334481,0.0704604,36.8964
162500,16328.7,0.996624,54.558,54.572,0,8164.68,5316.8,1602.51,80.1256,488.496,2283.75,0,29.4493,151.39,1016.05,1078.74,0.253034,0.506403,7.3289,0.0981411,0.00695195,0.27594,0.302497,0.331059,0.0705495,37.0439
163000,16330,0.996707,54.444,54.462,0,8164.76,5322.57,1527.06,76.353,487.335,2279.59,0,29.4692,151.574,1018.5,1079.84,0.253499,0.507325,7.33553,0.0935121,0.00696013,0.273963,0.298777,0.328952,0.0709696,38.6927
163500,16328.5,0.996611,54.436,54.436,0,8164.75,5325.67,1458.98,72.9489,485.215,2279.73,0,29.5046,151.503,1021.08,1082.4,0.253711,0.507619,7.34165,0.0893517,0.00697453,0.273325,0.296229,0.327898,0.0709705,38.2286
164000,16330.4,0.996731,54.358,54.336,0,8164.81,5330.88,1387.75,69.3876,484.562,2277.15,0,29.4947,151.573,1023.52,1084.76,0.254121,0.508233,7.34958,0.0849796,0.00698924,0.271512,0.291694,0.32634,0.071237,36.6126
164500,16329.8,0.996691,54.366,54.396,0,8164.73,5339.45,1301.04,65.052,481.638,2278.89,0,29.5816,151.612,1025.94,1086.12,0.254846,0.509641,7.35832,0.0796729,0.00700796,0.268718,0.286056,0.323095,0.0715934,37.6925
165000,16328.3,0.996598,54.44,54.436,0,8164.73,5342.51,1243.11,62.1556,469.88,2289.45,0,29.5666,151.481,1028.51,1088.72,0.255039,0.510067,7.36553,0.0761325,0.00702061,0.267016,0.282159,0.321383,0.0725612,37.8088
165500,16329.5,0.996672,54.532,54.522,0,8164.71,5344.73,1177.3,58.8648,472.303,2286.67,0,29.6334,151.34,1031.15,1087.26,0.255122,0.510244,7.37511,0.0720963,0.00704993,0.266352,0.28132,0.320474,0.0736237,37.8171
166000,16329.4,0.996666,54.42,54.438,0,8164.78,5350.67,1110.52,55.5258,470.696,2290.6,0,29.7103,151.73,1033.74,1088.68,0.255532,0.511026,7.38694,0.0680071,0.00706939,0.265705,0.280289,0.319852,0.0750051,38.0636
166500,16329.4,0.99667,54.396,54.396,0,8164.78,5353.68,1071.63,53.5815,464.941,2286.48,0,29.6745,151.281,1036.26,1091.76,0.255696,0.511371,7.39467,0.0656255,0.00709082,0.264299,0.27875,0.318516,0.0763995,38.4975
167000,16329.4,0.996667,54.576,54.572,0,8164.69,5355.85,1037.05,51.8526,464.292,2298.45,0,29.7184,151.523,1038.96,1092.34,0.255763,0.511458,7.40452,0.0635082,0.00709807,0.264678,0.27993,0.318294,0.0774336,38.3804
167500,16329.9,0.996697,54.356,54.336,0,8164.79,5358.1,1010.59,50.5296,460.016,2290.26,0,29.7914,151.47,1041.69,1093.86,0.255873,0.511571,7.41108,0.061886,0.00710411,0.265745,0.281029,0.318027,0.0789081,38.0311
168000,16329,0.996646,54.366,54.352,0,8164.79,5360.11,987.912,49.3956,461.69,2285.1,0,29.8492,151.499,1044.37,1094.7,0.256017,0.511792,7.41682,0.0605003,0.00711379,0.266377,0.281645,0.318523,0.0802057,37.8824
168500,16330,0.996705,54.596,54.64,0,8164.68,5361.77,966.13,48.3065,456.685,2301.79,0,29.8355,151.231,1046.9,1097.96,0.256128,0.511901,7.41846,0.0591628,0.00712764,0.265179,0.279181,0.316987,0.080702,37.5747
169000,16327.1,0.996527,54.474,54.478,0,8164.76,5363.67,943.477,47.1738,460.416,2299.61,0,29.9903,151.816,1049.58,1100.94,0.256236,0.512046,7.42458,0.0577859,0.00713882,0.265827,0.280409,0.31744,0.0817734,37.6385
169500,16329.9,0.996697,54.132,54.092,0,8164.93,5363.74,935.968,46.7984,453.688,2281.58,0,30.015,151.454,1052.29,1105.64,0.256237,0.512087,7.42474,0.0573163,0.00714504,0.266502,0.280967,0.318383,0.0827913,37.6873
170000,16329.9,0.9967,54.722,54.73,0,8164.64,5361.22,928.601,46.4301,462.411,2308.33,0,30.015,151.399,1055.09,1108.92,0.255994,0.51171,7.42461,0.056865,0.00716691,0.267711,0.284298,0.319378,0.0838275,39.0707
170500,16331.1,0.996771,54.16,54.156,0,8164.91,5364.31,911.574,45.5787,458.219,2283.71,0,30.0922,151.694,1057.82,1111.3,0.256184,0.512113,7.43117,0.0558183,0.00718185,0.268069,0.284955,0.319451,0.0857759,39.1079
171000,16329.9,0.996698,54.398,54.384,0,8164.79,5362.32,908.006,45.4003,459.779,2295.49,0,30.095,151.507,1060.54,1114.54,0.256039,0.511886,7.42832,0.0556038,0.00719841,0.268855,0.286888,0.319921,0.0868103,39.3359
171500,16328.2,0.996597,54.498,54.54,0,8164.75,5364.89,893.305,44.6653,458.65,2303.2,0,30.1183,151.602,1063.24,1116.7,0.256251,0.512275,7.43073,0.0547092,0.00721276,0.268516,0.286131,0.319358,0.0874131,39.1
172000,16328.2,0.996597,54.5,54.492,0,8164.74,5363.04,884.972,44.2486,456.232,2298.49,0,30.1767,151.429,1065.91,1119.88,0.256016,0.511725,7.43348,0.0541988,0.00722567,0.269268,0.287133,0.319883,0.0877825,39.2889
172500,16329.3,0.99666,54.474,54.458,0,8164.76,5361.39,873.969,43.6985,465.843,2298.69,0,30.2758,151.753,1068.65,1123.64,0.25577,0.511206,7.43897,0.0535215,0.00723554,0.270304,0.289351,0.321009,0.0888794,39.0261
173000,16331.1,0.996769,54.258,54.234,0,8164.86,5362.56,856.336,42.8168,456.591,2289.76,0,30.2247,151.27,1071.36,1126.88,0.255692,0.510992,7.44974,0.052436,0.00726044,0.270702,0.289653,0.320614,0.090192,39.0136
173500,16329.7,0.996687,54.59,54.59,0,8164.65,5360.04,847.006,42.3503,461.04,2306.31,0,30.2502,151.372,1074.34,1130.42,0.255436,0.510568,7.45024,0.051869,0.00727842,0.273386,0.294829,0.322537,0.0915568,38.6726
174000,16330.4,0.996731,54.448,54.474,0,8164.77,5357.71,843.341,42.167,463.014,2302.02,0,30.3453,151.636,1077.24,1132.94,0.255149,0.51004,7.45269,0.0516422,0.00728851,0.276611,0.300867,0.325254,0.0933387,38.8611
174500,16329.6,0.996682,54.516,54.51,0,8164.74,5356.45,832.462,41.6231,466.496,2301.78,0,30.4233,151.485,1080.16,1135.94,0.254947,0.509501,7.45901,0.0509785,0.00729174,0.279501,0.306731,0.32765,0.0940317,39.136
175000,16328.3,0.996602,54.158,54.156,0,8164.92,5354.48,818.596,40.9298,465.183,2289.22,0,30.4467,151.483,1083,1138.64,0.254652,0.508814,7.46403,0.0501336,0.00730411,0.281619,0.309857,0.328819,0.0945315,38.9629
175500,16329.9,0.996698,54.63,54.632,0,8164.68,5354.15,814.296,40.7148,472.766,2305.97,0,30.4794,151.577,1085.8,1142.34,0.25459,0.508708,7.46604,0.0498654,0.00730867,0.282972,0.312162,0.32883,0.0952905,39.1499
176000,16327.6,0.996558,54.376,54.392,0,8164.81,5356.01,805.942,40.2971,469.062,2302.41,0,30.514,151.703,1088.59,1145.56,0.254663,0.508795,7.4716,0.0493608,0.00731572,0.283214,0.31165,0.328817,0.0968131,40.5242
176500,16330,0.996705,54.352,54.344,0,8164.82,5351.56,803.739,40.187,463.805,2299.02,0,30.5335,151.159,1091.57,1147.72,0.25418,0.507817,7.47442,0.0492185,0.00732402,0.284785,0.315661,0.32932,0.0977185,40.8331
177000,16329.2,0.996656,54.534,54.53,0,8164.73,5350.38,796.056,39.8028,472.418,2304.31,0,30.5861,151.553,1094.49,1149.62,0.253997,0.507515,7.47925,0.0487503,0.00732723,0.286688,0.319355,0.330279,0.0993072,40.9873
177500,16329.4,0.99667,54.268,54.264,0,8164.86,5350.17,780.88,39.044,477.678,2293.55,0,30.7397,151.879,1097.33,1150.48,0.25387,0.507332,7.48506,0.0478203,0.0073306,0.287916,0.319913,0.331371,0.0999178,39.9034
178000,16329.5,0.996672,54.338,54.346,0,8164.83,5346.03,777.452,38.8726,476.056,2297.85,0,30.7099,151.526,1100.25,1153.6,0.253445,0.506297,7.48555,0.0476103,0.00735103,0.290455,0.323037,0.332434,0.100151,39.7318
178500,16329,0.996646,54.614,54.6,0,8164.69,5343.24,771.859,38.593,484.277,2307.52,0,30.7766,151.568,1103.03,1156.66,0.253157,0.505609,7.48592,0.0472691,0.00736225,0.292359,0.327016,0.334163,0.100032,40.0779
179000,16329.8,0.996689,54.322,54.322,0,8164.84,5338.62,763.364,38.1682,481.06,2300.91,0,30.7939,151.523,1105.86,1159.64,0.252698,0.504636,7.4858,0.046747,0.00736763,0.294684,0.331134,0.335608,0.100581,38.5868
179500,16329.8,0.996691,54.516,54.558,0,8164.73,5335.66,759.407,37.9704,481.313,2309.24,0,30.7899,151.348,1108.71,1163.12,0.252456,0.504035,7.48265,0.0465044,0.00737148,0.296513,0.333275,0.336375,0.100683,38.1758
180000,16329.6,0.996677,54.514,54.5,0,8164.74,5335.73,759.015,37.9508,485.172,2305.94,0,30.8471,151.341,1111.58,1165.2,0.252476,0.504067,7.4817,0.0464811,0.0073748,0.298279,0.336644,0.336845,0.101084,31.5365
180500,16330.6,0.996738,54.41,54.414,0,8164.78,5333.16,753.555,37.6778,489.031,2307.37,0,30.8902,151.564,1114.43,1167.26,0.252263,0.50365,7.47878,0.0461438,0.00738584,0.299915,0.339662,0.337903,0.102682,35.5364
181000,16329,0.996643,54.464,54.434,0,8164.77,5334.37,742.604,37.1302,482.933,2303.56,0,30.8702,151.324,1117.22,1170.32,0.25236,0.503733,7.48126,0.0454776,0.00741072,0.300079,0.340091,0.33783,0.103147,37.3396
181500,16328.6,0.996617,54.422,54.426,0,8164.77,5335.56,734.993,36.7496,488.242,2306.28,0,30.9356,151.571,1120.01,1173.38,0.252434,0.503844,7.48362,0.0450126,0.00743156,0.30036,0.339911,0.338198,0.104397,37.8421
182000,16329.4,0.996667,54.39,54.412,0,8164.79,5337.73,723.485,36.1743,487.891,2306.57,0,31.0173,151.825,1122.79,1175.78,0.252563,0.50406,7.48842,0.0443057,0.00744596,0.300412,0.339262,0.338381,0.106146,38.0239
182500,16329.1,0.996647,54.34,54.292,0,8164.82,5339.22,718.396,35.9198,481.43,2297.56,0,30.98,151.32,1125.55,1180.12,0.252656,0.504295,7.49267,0.0439948,0.00746351,0.299979,0.337925,0.338066,0.105861,37.431
183000,16330,0.996705,54.604,54.62,0,8164.69,5338.88,715.296,35.7648,484.98,2315.25,0,31.0041,151.549,1128.3,1183.7,0.252542,0.504072,7.49601,0.0438026,0.007482,0.300491,0.338777,0.339145,0.10598,38.0362
183500,16330.6,0.996738,54.4,54.404,0,8164.8,5337.88,705.662,35.2831,482.241,2305.4,0,31.0503,151.672,1131.25,1185.34,0.252313,0.503595,7.50377,0.0432112,0.00749259,0.302074,0.342888,0.340671,0.106837,37.33
184000,16330.3,0.996725,54.248,54.264,0,8164.88,5334.03,708.562,35.4281,490.659,2297.97,0,31.0969,151.549,1134.3,1188.28,0.25185,0.502684,7.50825,0.0433893,0.00750912,0.304872,0.349179,0.343373,0.107908,37.2212
184500,16328.4,0.996605,54.572,54.56,0,8164.71,5335.62,708.341,35.417,488.134,2309.71,0,31.095,151.396,1137.21,1191.64,0.25198,0.502843,7.50977,0.0433808,0.00751366,0.306003,0.352599,0.344188,0.108384,35.5228
185000,16329,0.996644,54.368,54.384,0,8164.81,5337.13,696.689,34.8345,486.176,2305.55,0,31.0859,151.441,1140,1194.76,0.252044,0.502946,7.51655,0.0426657,0.00751579,0.305917,0.352872,0.343851,0.109458,34.6157
185500,16331,0.996763,54.478,54.454,0,8164.76,5336.64,694.15,34.7075,486.141,2305.34,0,31.1108,151.283,1142.74,1198.24,0.251959,0.502714,7.51732,0.0425052,0.00751713,0.306047,0.352439,0.343766,0.110784,36.5507
186000,16329.6,0.996682,54.418,54.458,0,8164.78,5334.52,691.751,34.5876,487.743,2308.69,0,31.1751,151.652,1145.62,1201.2,0.251608,0.50196,7.52546,0.0423618,0.00752534,0.307341,0.35475,0.343546,0.111657,37.346
186500,16330.6,0.99674,54.31,54.286,0,8164.84,5331.58,687.77,34.3885,493.156,2299.55,0,31.2512,151.738,1148.55,1204,0.251306,0.501336,7.52549,0.0421154,0.00752971,0.308488,0.35622,0.343748,0.111756,37.1824
187000,16330,0.996703,54.394,54.398,0,8164.8,5331.25,678.824,33.9412,492.52,2308.53,0,31.2109,151.458,1151.46,1207.16,0.251247,0.501127,7.52804,0.0415691,0.00753213,0.309686,0.358046,0.344764,0.112419,37.3763
187500,16329,0.996646,54.374,54.38,0,8164.81,5330.86,675.947,33.7974,492.662,2303.37,0,31.2477,151.624,1154.39,1210.36,0.251154,0.500698,7.53045,0.0413953,0.00754034,0.311867,0.361335,0.34612,0.113364,37.423
188000,16330.4,0.996731,54.648,54.622,0,8164.67,5331.76,675.106,33.7553,490.586,2316.18,0,31.2085,151.407,1157.23,1214.18,0.25118,0.500716,7.53496,0.0413404,0.00755634,0.313154,0.363985,0.347164,0.113043,37.5118
188500,16330,0.996707,54.43,54.45,0,8164.78,5332.83,663.951,33.1976,489.773,2306.55,0,31.2597,151.307,1160.14,1216.18,0.251229,0.500892,7.53921,0.0406583,0.0075674,0.31467,0.366773,0.347868,0.112922,37.4744
189000,16331.3,0.996783,54.41,54.368,0,8164.79,5331.77,659.539,32.977,493.077,2302.32,0,31.3425,151.565,1162.91,1218.26,0.251082,0.500502,7.54181,0.0403849,0.00757226,0.3159,0.369357,0.34875,0.113768,37.3768
189500,16330.8,0.996755,54.43,54.464,0,8164.78,5327.96,651.961,32.598,495.294,2306.72,0,31.3224,151.199,1165.92,1220.82,0.250639,0.499539,7.5448,0.039922,0.00757617,0.318044,0.374519,0.350678,0.113229,37.5547
190000,16327.4,0.996548,54.624,54.622,0,8164.69,5324.96,649.515,32.4757,497.674,2314.99,0,31.3796,151.481,1168.91,1223.5,0.250314,0.498856,7.54739,0.0397806,0.00757942,0.31961,0.376322,0.351445,0.113644,36.8259
190500,16330,0.996704,54.222,54.192,0,8164.89,5322.6,638.031,31.9016,501.94,2299.6,0,31.4667,151.687,1171.79,1226.46,0.249989,0.498267,7.55121,0.039071,0.00759041,0.321286,0.378484,0.352499,0.114722,37.4021
191000,16330.6,0.996743,54.38,54.422,0,8164.81,5320.06,635.348,31.7674,502.929,2308.47,0,31.5313,151.654,1174.8,1230.1,0.24972,0.497775,7.55144,0.0389051,0.00761235,0.322859,0.382436,0.352909,0.116248,37.2669
191500,16327.9,0.996577,54.524,54.56,0,8164.74,5317.96,633.874,31.6937,504.391,2317.37,0,31.5111,151.52,1177.71,1232.54,0.249503,0.497323,7.55124,0.0388215,0.00762959,0.324496,0.384809,0.354437,0.117339,38.6467
192000,16329.2,0.996655,54.312,54.274,0,8164.8,5314.4,626.126,31.3063,506.737,2305.95,0,31.5576,151.512,1180.76,1235.48,0.249072,0.49646,7.55613,0.038344,0.00762797,0.327261,0.390098,0.356967,0.117446,40.0109
192500,16329.1,0.996648,54.374,54.4,0,8164.8,5313.42,624.509,31.2255,508.036,2309.41,0,31.5711,151.477,1183.66,1239.22,0.248911,0.496092,7.55992,0.0382452,0.00763971,0.32839,0.393257,0.358244,0.118046,40.0029
193000,16329.5,0.996675,54.58,54.548,0,8164.71,5308.74,628.487,31.4244,506.33,2319.13,0,31.6073,151.369,1186.78,1242.1,0.248415,0.495077,7.56016,0.0384878,0.00764463,0.330351,0.397232,0.360094,0.118483,39.7109
193500,16328.7,0.996627,54.342,54.35,0,8164.83,5305.86,621.886,31.0943,517.324,2310.63,0,31.6756,151.677,1189.77,1244.94,0.248099,0.494512,7.56265,0.0380854,0.00764552,0.331461,0.399615,0.361053,0.119051,39.6266
194000,16328.5,0.996614,54.46,54.444,0,8164.77,5305.34,622.996,31.1498,513.287,2315.71,0,31.6141,151.436,1192.75,1249.68,0.248026,0.494395,7.56345,0.0381539,0.00765146,0.332472,0.401876,0.36232,0.118619,39.6014
194500,16328.9,0.996639,54.486,54.478,0,8164.76,5305.37,615.757,30.7878,514.294,2310.2,0,31.6889,151.428,1195.63,1252.68,0.248014,0.494429,7.56497,0.0377096,0.00765836,0.332606,0.401089,0.36309,0.119139,39.9093
195000,16328.4,0.996605,54.326,54.346,0,8164.84,5300.73,607.995,30.3998,519.944,2311.99,0,31.7012,151.444,1198.81,1255.48,0.247511,0.493457,7.56821,0.0372355,0.00766557,0.335363,0.405372,0.365352,0.119461,39.5546
195500,16328.6,0.996616,54.512,54.504,0,8164.74,5300.31,603.629,30.1814,516.211,2314.87,0,31.7444,151.425,1201.71,1258.12,0.247411,0.493181,7.57109,0.0369676,0.00767284,0.336703,0.408039,0.365769,0.120013,39.493
196000,16329.4,0.996665,54.558,54.564,0,8164.72,5297.18,604.761,30.238,519.658,2323.28,0,31.7498,151.429,1204.66,1261.48,0.247142,0.492632,7.56885,0.0370352,0.00767337,0.337894,0.410072,0.366893,0.120341,39.3234
196500,16330,0.996707,54.328,54.326,0,8164.83,5295.28,598.5,29.925,522.403,2312.06,0,31.8608,151.586,1207.69,1265.38,0.246887,0.492108,7.57333,0.0366502,0.00768159,0.33955,0.412224,0.368558,0.121121,38.6999
197000,16328.9,0.996636,54.524,54.532,0,8164.73,5288.2,598.503,29.9251,528.282,2321.66,0,31.8012,151.276,1210.83,1268.28,0.246184,0.490758,7.57154,0.0366531,0.00768771,0.342003,0.417316,0.370428,0.121457,38.0036
197500,16330.1,0.996711,54.54,54.512,0,8164.73,5286.24,602.214,30.1107,526.515,2323.71,0,31.8364,151.476,1213.79,1271.14,0.24597,0.490398,7.57299,0.0368775,0.00768783,0.343289,0.418367,0.37147,0.122467,37.6015
198000,16329.5,0.996675,54.28,54.3,0,8164.86,5281.09,591.28,29.564,531.124,2310.59,0,31.909,151.396,1216.63,1275.28,0.245446,0.489385,7.57271,0.0362093,0.00768473,0.344394,0.418316,0.371864,0.122807,38.3091
198500,16329.2,0.996658,54.57,54.584,0,8164.71,5277.84,587.169,29.3585,537.029,2327.31,0,31.92,151.361,1219.5,1276.82,0.245117,0.488693,7.57344,0.0359582,0.00769081,0.344893,0.418063,0.371637,0.123282,40.2853
199000,16328,0.996582,54.456,54.448,0,8164.77,5275.56,599.141,29.9571,536.936,2321.27,0,31.9558,151.506,1222.46,1280.68,0.244868,0.488108,7.5742,0.0366943,0.00769222,0.346609,0.420926,0.372877,0.123502,41.0469
199500,16328.5,0.996615,54.474,54.486,0,8164.75,5271.84,593.181,29.6591,541.272,2322.86,0,31.9866,151.467,1225.67,1284.48,0.244499,0.487178,7.57294,0.036328,0.00769306,0.349701,0.425727,0.374921,0.122543,40.8226
200000,16328.4,0.996604,54.21,54.196,0,8164.89,5268.11,582.817,29.1409,539.729,2313.36,0,31.9968,151.417,1229.03,1287.12,0.244056,0.486157,7.57713,0.0356936,0.00770425,0.352832,0.430253,0.37646,0.121522,32.8217
200500,16330.1,0.99671,54.622,54.63,0,8164.69,5259.64,583.244,29.1622,551.592,2332.48,0,32.0742,151.496,1232.29,1290.16,0.243248,0.484543,7.57303,0.0357159,0.00771273,0.356506,0.437531,0.378794,0.120616,36.6535
201000,16329.6,0.996682,54.484,54.472,0,8164.76,5255.08,577.426,28.8713,554.542,2328.26,0,32.1056,151.68,1235.4,1293.28,0.242738,0.483532,7.57722,0.0353606,0.00772434,0.358238,0.440644,0.379975,0.120752,40.6835
201500,16328.8,0.996631,54.402,54.408,0,8164.77,5252.05,589.506,29.4753,554.361,2326.48,0,32.0893,151.317,1238.63,1295.82,0.242455,0.482921,7.57624,0.0361022,0.00772952,0.361269,0.44557,0.381346,0.121362,40.8988
202000,16330.4,0.996729,54.396,54.368,0,8164.8,5251.39,584.265,29.2133,558.441,2320.75,0,32.1302,151.432,1241.87,1298.88,0.24238,0.48265,7.5765,0.0357779,0.00773462,0.363547,0.449358,0.382822,0.122603,40.7824
202500,16330.8,0.996754,54.404,54.424,0,8164.79,5254.4,577.105,28.8553,557.371,2324.77,0,32.1688,151.632,1244.92,1301.04,0.242591,0.483,7.58177,0.0353383,0.00773921,0.365784,0.452636,0.383914,0.124097,40.4597
203000,16328.5,0.996615,54.504,54.522,0,8164.75,5255.2,580.015,29.0008,551.559,2328.66,0,32.1035,151.245,1247.84,1303.26,0.242653,0.483068,7.58295,0.0355214,0.00774961,0.36703,0.453989,0.384079,0.123487,40.1918
203500,16329.7,0.996688,54.494,54.498,0,8164.75,5253.62,568.774,28.4387,560.942,2327.67,0,32.1857,151.586,1250.82,1305.9,0.242426,0.48262,7.58829,0.0348305,0.00775736,0.36847,0.456461,0.384031,0.123424,40.8993
204000,16328.6,0.996616,54.438,54.41,0,8164.78,5253.21,571.862,28.5931,553.81,2321.94,0,32.1504,151.347,1253.72,1308.94,0.242357,0.482494,7.58986,0.0350221,0.00775247,0.36925,0.457664,0.38445,0.123335,40.8675
204500,16330.5,0.996732,54.366,54.38,0,8164.79,5248.24,584.957,29.2479,562.176,2326.39,0,32.2528,151.667,1256.84,1311.24,0.241854,0.481498,7.59003,0.0358202,0.00775728,0.370775,0.460239,0.385036,0.121363,40.4986
205000,16330.2,0.996715,54.548,54.572,0,8164.72,5243.38,576.363,28.8181,565.413,2331.93,0,32.2219,151.384,1259.88,1314.2,0.241389,0.480552,7.58845,0.0352945,0.00776652,0.372318,0.462013,0.385572,0.120352,40.39
205500,16329.2,0.996656,54.426,54.406,0,8164.78,5240.76,571.532,28.5766,567.239,2323.96,0,32.2595,151.515,1262.75,1317.2,0.241158,0.480177,7.58624,0.0350005,0.00776918,0.372489,0.460675,0.385461,0.120833,40.1194
206000,16330.5,0.996733,54.2,54.21,0,8164.87,5236.75,586.964,29.3482,572.282,2317.73,0,32.3171,151.592,1265.79,1321.06,0.240725,0.479383,7.58733,0.0359431,0.00777479,0.373458,0.462046,0.38585,0.120778,40.6077
206500,16329.9,0.996699,54.714,54.68,0,8164.6,5231.87,603.847,30.1924,575.67,2335.91,0,32.2868,151.484,1268.77,1323.4,0.240247,0.478508,7.58727,0.0369778,0.00777287,0.374192,0.463006,0.386924,0.121153,40.7758
207000,16329.4,0.996667,54.274,54.272,0,8164.86,5229.8,572.715,28.6358,578.28,2323.4,0,32.366,151.696,1271.75,1324.92,0.239929,0.477848,7.5932,0.035073,0.00778265,0.374623,0.464803,0.387419,0.121205,40.6416
207500,16330.1,0.996708,54.416,54.424,0,8164.77,5231.14,574.211,28.7106,577.335,2328.06,0,32.3801,151.513,1274.51,1328.36,0.240049,0.478152,7.59487,0.0351628,0.00778431,0.373956,0.463455,0.386871,0.121392,40.4972
208000,16329.2,0.996658,54.412,54.416,0,8164.78,5231.56,557.027,27.8514,569.348,2330.31,0,32.3147,151.193,1277.4,1331.88,0.240068,0.478091,7.59488,0.0341123,0.00778949,0.374407,0.463183,0.386601,0.120881,40.2774
208500,16330.5,0.996735,54.51,54.51,0,8164.73,5227.48,558.389,27.9195,574.72,2336.89,0,32.442,151.46,1280.63,1335.08,0.239688,0.477255,7.59343,0.0341932,0.00778729,0.375995,0.466728,0.387663,0.119913,40.7261
209000,16329.1,0.996649,54.422,54.47,0,8164.77,5224.06,576.83,28.8415,581.959,2329.37,0,32.4554,151.394,1283.72,1337.08,0.239311,0.476498,7.59508,0.0353252,0.0077921,0.37706,0.469733,0.388289,0.119192,40.9415
209500,16329.6,0.996677,54.43,54.378,0,8164.76,5222.66,556.223,27.8112,583.327,2326.01,0,32.5118,151.56,1286.88,1340.36,0.23916,0.476274,7.59562,0.0340626,0.00779395,0.378343,0.471262,0.388512,0.119932,40.738
210000,16329,0.996643,54.334,54.322,0,8164.82,5221.37,556.62,27.831,585.046,2329.04,0,32.5349,151.549,1289.93,1342.68,0.239004,0.47601,7.59863,0.0340878,0.00779178,0.37908,0.472683,0.388751,0.118981,40.468
210500,16329.7,0.996688,54.716,54.722,0,8164.62,5219.08,565.367,28.2684,584.575,2341.22,0,32.5098,151.356,1292.97,1346.18,0.23873,0.475473,7.59981,0.034622,0.0077999,0.379587,0.47463,0.389021,0.11746,40.2255
211000,16329.6,0.99668,54.36,54.346,0,8164.82,5210.12,542.365,27.1183,593.544,2331.3,0,32.606,151.644,1296.37,1348.76,0.23779,0.473533,7.60141,0.0332137,0.00780457,0.382989,0.481018,0.391101,0.116938,40.817
211500,16329.3,0.996664,54.462,54.51,0,8164.77,5203.05,535.553,26.7777,592.895,2338.61,0,32.6035,151.315,1299.82,1350.06,0.237074,0.47209,7.60205,0.0327969,0.00781233,0.385637,0.486202,0.39265,0.115945,40.9489
212000,16329.9,0.996696,54.464,54.45,0,8164.77,5201.21,537.635,26.8818,597.555,2338.93,0,32.6313,151.323,1303.11,1352.72,0.236861,0.4716,7.6033,0.0329234,0.00781393,0.388042,0.490909,0.394433,0.115179,41.0321
212500,16330.6,0.99674,54.354,54.326,0,8164.82,5197.66,535.273,26.7637,602.302,2335.71,0,32.7002,151.654,1306.34,1355.62,0.236447,0.470666,7.60605,0.0327773,0.00781776,0.390673,0.495672,0.395874,0.115235,40.4639
213000,16330.8,0.996752,54.468,54.48,0,8164.77,5194.32,538.631,26.9315,600.47,2340.67,0,32.6544,151.412,1309.37,1358.8,0.236133,0.470037,7.60516,0.0329825,0.00782191,0.391557,0.496911,0.395784,0.114589,40.2048
213500,16330.6,0.996742,54.512,54.516,0,8164.74,5193.23,542.5,27.125,607.638,2343.9,0,32.7129,151.465,1312.4,1361.84,0.23602,0.469734,7.60639,0.0332197,0.00782634,0.392843,0.501122,0.396089,0.114789,40.9058
214000,16329.8,0.996693,54.436,54.436,0,8164.78,5189.85,546.18,27.309,601.735,2338.93,0,32.687,151.212,1315.49,1365.46,0.235679,0.46897,7.60596,0.0334467,0.00782409,0.3938,0.503962,0.396235,0.114018,40.8671
214500,16329.1,0.996648,54.512,54.518,0,8164.74,5185.77,536.967,26.8483,607.651,2346.37,0,32.7318,151.391,1318.92,1368.94,0.235272,0.468159,7.60597,0.032884,0.00782989,0.396069,0.507765,0.397616,0.113938,40.4199
215000,16328.6,0.996619,54.374,54.384,0,8164.81,5182.96,530.19,26.5095,611.408,2341.47,0,32.7871,151.61,1322.09,1371.56,0.234985,0.467491,7.60587,0.0324699,0.00783504,0.397457,0.510612,0.398586,0.114705,40.6155
215500,16329.9,0.996696,54.332,54.342,0,8164.83,5180.46,532.88,26.644,612.913,2340.97,0,32.806,151.466,1325.09,1375.84,0.23478,0.467172,7.60242,0.0326323,0.00783968,0.397744,0.512741,0.398206,0.115563,40.3774
216000,16330.1,0.996713,54.414,54.41,0,8164.79,5178.34,529.394,26.4697,614.309,2343.23,0,32.8214,151.519,1328.2,1378.54,0.234556,0.466785,7.60317,0.0324183,0.00783829,0.399492,0.514592,0.399083,0.11533,39.9632
216500,16328.4,0.996609,54.54,54.526,0,8164.73,5174.08,529.205,26.4603,619.413,2349.18,0,32.848,151.454,1331.36,1381.36,0.234119,0.465987,7.60403,0.0324101,0.00784144,0.401548,0.517682,0.399919,0.114576,40.1961
217000,16330.5,0.996735,54.34,54.35,0,8164.83,5172.14,527.297,26.3649,618.494,2343.74,0,32.8402,151.493,1334.42,1384.66,0.233898,0.465494,7.60567,0.032289,0.00784998,0.402525,0.519328,0.400626,0.114185,40.0758
217500,16330.5,0.996733,54.572,54.57,0,8164.71,5167.1,525.035,26.2517,621.141,2349.38,0,32.9188,151.358,1337.68,1388.08,0.233363,0.464451,7.60607,0.0321506,0.00785404,0.403781,0.523531,0.401622,0.11421,39.5689
218000,16329.8,0.996694,54.312,54.296,0,8164.84,5165.86,516.989,25.8494,628.262,2340.97,0,32.9753,151.559,1340.68,1391.34,0.233209,0.464183,7.60845,0.0316592,0.007857,0.403907,0.525383,0.401719,0.114271,39.7914
218500,16330.9,0.996757,54.54,54.562,0,8164.73,5171.38,515.032,25.7516,621.932,2352.86,0,32.9266,151.539,1343.42,1393.66,0.23373,0.465295,7.61086,0.0315373,0.00785592,0.403217,0.524808,0.401161,0.114735,40.0775
219000,16329.9,0.996697,54.266,54.26,0,8164.87,5173.24,511.979,25.599,624.075,2336.63,0,32.9707,151.712,1346.44,1396.8,0.233876,0.465583,7.61381,0.0313524,0.00785114,0.403853,0.526796,0.401193,0.115944,40.2559
219500,16329.5,0.996672,54.518,54.514,0,8164.74,5170.37,516.6,25.83,621.243,2348.04,0,32.8792,151.27,1349.38,1398.5,0.23357,0.465094,7.6146,0.0316361,0.00784435,0.403889,0.528749,0.401265,0.117644,39.3271
220000,16328.3,0.996599,54.59,54.558,0,8164.7,5173.39,508.949,25.4475,619.763,2352.13,0,32.9225,151.501,1352.32,1401.98,0.233851,0.465598,7.61646,0.0311698,0.00784628,0.404307,0.529448,0.40125,0.119211,31.5728
220500,16328,0.99658,54.28,54.33,0,8164.86,5173.19,502.702,25.1351,618.015,2341.83,0,32.9219,151.453,1355.28,1404.16,0.233786,0.465397,7.61882,0.0307878,0.00785088,0.405038,0.528514,0.401502,0.119682,35.382
221000,16329.5,0.996672,54.518,54.516,0,8164.74,5169.51,507.561,25.3781,622.52,2351.32,0,32.8809,151.463,1358.28,1406.56,0.233495,0.46487,7.61361,0.0310825,0.00784735,0.406232,0.529046,0.402358,0.11993,38.3945
221500,16331.2,0.996776,54.52,54.49,0,8164.74,5169.83,513.864,25.6932,627.522,2343.21,0,32.9721,151.561,1361.02,1409.22,0.233525,0.464898,7.61385,0.0314652,0.00784909,0.405902,0.527655,0.402301,0.120926,37.877
222000,16329.8,0.996692,54.216,54.226,0,8164.89,5173.16,498.164,24.9082,620.961,2334.95,0,32.9798,151.433,1363.9,1412,0.233811,0.465429,7.61638,0.0305065,0.00785361,0.406677,0.527561,0.402358,0.121594,36.9631
222500,16330.2,0.996714,54.532,54.532,0,8164.73,5170.01,505.463,25.2732,629.716,2346.05,0,33.0995,151.876,1367.05,1415.28,0.233503,0.464728,7.61529,0.0309527,0.00785261,0.407815,0.529547,0.40333,0.122501,36.4359
223000,16328.3,0.9966,54.236,54.226,0,8164.88,5162.88,500.778,25.0389,628.363,2338.42,0,33.0366,151.316,1370.32,1417.76,0.232769,0.463323,7.61587,0.0306693,0.0078568,0.409358,0.533286,0.4049,0.121951,36.2671
223500,16328.1,0.996589,54.628,54.644,0,8164.68,5163.18,497.949,24.8975,630.684,2356.42,0,33.0402,151.429,1373.37,1421.38,0.232824,0.463436,7.615,0.0304964,0.00786284,0.410569,0.535182,0.405718,0.121476,36.6858
224000,16331.6,0.996799,54.482,54.464,0,8164.76,5161.61,491.063,24.5532,627.425,2350.2,0,33.1013,151.507,1376.44,1425.16,0.232644,0.462987,7.61526,0.0300684,0.00786628,0.411614,0.538326,0.406079,0.12328,37.8005
224500,16329.5,0.996672,54.448,54.46,0,8164.78,5157.2,492.824,24.6412,629.1,2348.24,0,33.1296,151.396,1379.85,1427.58,0.232201,0.462054,7.61579,0.03018,0.00786436,0.413936,0.542484,0.406764,0.122925,37.6668
225000,16329.8,0.996694,54.336,54.322,0,8164.83,5154.06,492.631,24.6315,640.804,2344.77,0,33.1618,151.513,1383.09,1430.8,0.231859,0.461319,7.61678,0.0301675,0.00786964,0.415985,0.545605,0.407429,0.122602,37.9077
225500,16330.4,0.99673,54.446,54.466,0,8164.78,5153.81,492.085,24.6042,636.43,2351.86,0,33.1248,151.512,1386.08,1434.4,0.231887,0.461185,7.61336,0.0301331,0.00786483,0.416453,0.547041,0.40786,0.123207,37.8878
226000,16329.2,0.996653,54.468,54.446,0,8164.75,5150.5,489.586,24.4793,637.862,2351.36,0,33.1653,151.468,1389.32,1438.44,0.23153,0.460424,7.61394,0.0299823,0.00786416,0.418162,0.549765,0.408465,0.123313,38.0956
226500,16330.8,0.996753,54.362,54.378,0,8164.82,5147.78,488.002,24.4001,640.813,2345.19,0,33.2048,151.518,1392.51,1442.46,0.231263,0.459781,7.61404,0.0298823,0.00787551,0.419872,0.551943,0.408929,0.122882,37.5612
227000,16331.5,0.996798,54.294,54.268,0,8164.85,5144.82,484.684,24.2342,647.742,2344.42,0,33.2567,151.69,1395.66,1445.7,0.230979,0.459115,7.61291,0.0296778,0.00788278,0.422149,0.553767,0.409532,0.122787,37.2103
227500,16329.1,0.996647,54.536,54.57,0,8164.73,5137.05,489.554,24.4777,651.247,2359.43,0,33.2743,151.674,1399.01,1448.86,0.230273,0.457698,7.60811,0.0299805,0.007885,0.425463,0.55613,0.411311,0.122643,37.9692
228000,16329.5,0.996676,54.366,54.348,0,8164.82,5133.07,486.112,24.3056,654.05,2351.15,0,33.2876,151.563,1402.22,1450.86,0.229834,0.456703,7.61044,0.0297689,0.00789552,0.427978,0.559544,0.412744,0.123574,37.9679
228500,16329.5,0.996672,54.494,54.516,0,8164.75,5131.66,483.661,24.1831,649.685,2359.34,0,33.2489,151.312,1405.41,1453.8,0.229686,0.456463,7.61044,0.0296189,0.00790329,0.430043,0.56249,0.413454,0.124613,38.6744
229000,16329.2,0.996655,54.438,54.45,0,8164.78,5130.58,484.017,24.2008,652.429,2357,0,33.3259,151.392,1408.47,1456.94,0.22959,0.456288,7.60773,0.0296412,0.00790377,0.43141,0.563225,0.413909,0.124847,37.7621
229500,16329.9,0.996699,54.524,54.508,0,8164.73,5128.27,489.03,24.4515,656.971,2356.49,0,33.3522,151.423,1411.33,1459.06,0.22939,0.455914,7.60636,0.0299469,0.00790836,0.432002,0.563941,0.414832,0.125159,39.1214
230000,16331.1,0.996772,54.508,54.53,0,8164.75,5129.45,483.471,24.1736,656.913,2358.74,0,33.391,151.588,1414.17,1463,0.229495,0.456078,7.60751,0.0296043,0.00791263,0.432466,0.56496,0.415223,0.126653,39.8934
230500,16330.8,0.996753,54.184,54.148,0,8164.91,5133.13,477.988,23.8994,652.999,2345,0,33.3822,151.515,1417.22,1466.38,0.229814,0.456683,7.60996,0.029269,0.00791856,0.433324,0.567272,0.415782,0.1271,40.3148
231000,16330.1,0.99671,54.602,54.632,0,8164.7,5130.9,483.948,24.1974,657.841,2355.55,0,33.3868,151.496,1419.99,1469.28,0.229605,0.456187,7.6098,0.0296354,0.00792546,0.43407,0.567357,0.415611,0.12777,40.2187
231500,16329.4,0.996665,54.388,54.362,0,8164.8,5130.51,483.661,24.1831,660.09,2350.67,0,33.4015,151.616,1422.79,1472.42,0.229546,0.456007,7.61042,0.0296191,0.00792837,0.43504,0.566555,0.414911,0.129136,39.5957
232000,16328.6,0.996617,54.42,54.426,0,8164.78,5128.24,482.736,24.1368,658.129,2352.57,0,33.3487,151.411,1425.82,1474.94,0.229343,0.455696,7.60957,0.029564,0.00792933,0.436203,0.567034,0.414527,0.129159,39.481
232500,16329.1,0.996647,54.286,54.288,0,8164.86,5124.57,477.546,23.8773,666.382,2345.37,0,33.4802,151.635,1428.86,1478.54,0.229035,0.455088,7.6044,0.0292452,0.00793879,0.437594,0.568733,0.415188,0.128849,39.5812
233000,16330.5,0.996733,54.54,54.562,0,8164.73,5121.66,484.461,24.2231,663.378,2357.8,0,33.385,151.369,1432,1482.2,0.228814,0.454698,7.59924,0.0296661,0.00793616,0.438869,0.569365,0.415947,0.129063,39.5597
233500,16330,0.996703,54.406,54.376,0,8164.8,5120.79,480.437,24.0218,664.616,2353.6,0,33.462,151.595,1435.1,1485.62,0.228696,0.454439,7.60222,0.0294205,0.00794239,0.439837,0.569642,0.416396,0.12921,39.2725
234000,16329.1,0.996647,54.432,54.434,0,8164.78,5122.29,473.024,23.6512,661.845,2356.96,0,33.4892,151.549,1438.03,1487.58,0.228846,0.454766,7.60233,0.0289682,0.00794205,0.43909,0.5701,0.41651,0.129996,39.2485
234500,16330.3,0.996722,54.266,54.266,0,8164.87,5121.51,474.454,23.7227,664.347,2349.17,0,33.4613,151.536,1441.21,1490.18,0.228783,0.454677,7.6005,0.0290536,0.00794839,0.439991,0.572231,0.417054,0.13123,39.8072
235000,16330.1,0.996711,54.572,54.556,0,8164.71,5118.63,475.312,23.7656,666.112,2357.09,0,33.481,151.336,1444.4,1493.22,0.228533,0.454173,7.59697,0.0291065,0.0079562,0.441162,0.574331,0.417769,0.132296,39.7334
235500,16330,0.996704,54.448,54.456,0,8164.77,5116.27,476.874,23.8437,670.015,2358.16,0,33.5164,151.539,1447.72,1497.22,0.228281,0.453758,7.59811,0.0292024,0.00797008,0.443005,0.576871,0.418933,0.133429,39.6252
236000,16330.2,0.996715,54.448,54.462,0,8164.77,5114.85,478.031,23.9016,666.751,2359.29,0,33.4845,151.43,1450.8,1500.88,0.228114,0.453621,7.60041,0.0292728,0.0079784,0.444073,0.57822,0.419755,0.132971,39.4055
236500,16328.7,0.996625,54.472,54.486,0,8164.76,5110.48,474.728,23.7364,669.806,2362.57,0,33.5569,151.628,1453.98,1503.1,0.227654,0.452779,7.60075,0.0290733,0.00798305,0.445042,0.580332,0.420318,0.132519,37.9761
237000,16329.3,0.996664,54.408,54.404,0,8164.8,5106.22,476.375,23.8188,677.035,2356.11,0,33.6004,151.468,1457.21,1504.96,0.227177,0.451828,7.60204,0.029173,0.00798386,0.446515,0.583038,0.421265,0.133243,37.4069
237500,16329.3,0.996664,54.342,54.352,0,8164.83,5102.62,473.941,23.697,681.94,2352.81,0,33.6031,151.495,1460.33,1507.12,0.226817,0.451023,7.60315,0.0290238,0.00799283,0.447114,0.585314,0.421909,0.133412,38.7318
238000,16330.3,0.99672,54.516,54.514,0,8164.74,5101.75,469.19,23.4595,681.2,2360,0,33.5968,151.288,1463.34,1511.64,0.226748,0.45092,7.60207,0.0287314,0.00799108,0.447795,0.587057,0.421826,0.133412,39.4617
238500,16329.1,0.996648,54.446,54.416,0,8164.78,5101.63,471.142,23.5571,682.756,2360.78,0,33.6004,151.794,1466.33,1515.6,0.226713,0.45078,7.60362,0.0288529,0.00798877,0.448463,0.58812,0.42227,0.134326,38.9556
239000,16329.7,0.996687,54.282,54.286,0,8164.86,5100.24,476.244,23.8122,680.864,2352.39,0,33.5839,151.475,1469.41,1519.64,0.226581,0.450538,7.60242,0.0291643,0.00798743,0.450091,0.58909,0.422971,0.133782,39.4301
239500,16327.3,0.996541,54.46,54.478,0,8164.77,5096.69,473.242,23.6621,687.056,2360.33,0,33.6454,151.634,1472.49,1523.72,0.226297,0.450022,7.59905,0.0289847,0.00799473,0.451814,0.590986,0.424147,0.134813,39.4687
240000,16331.9,0.996819,54.494,54.496,0,8164.75,5099.57,473.985,23.6992,684.713,2358.85,0,33.6468,151.503,1475.38,1526.2,0.226521,0.450509,7.60342,0.0290221,0.00799928,0.452438,0.592142,0.424847,0.135611,32.7861
240500,16329,0.996641,54.492,54.484,0,8164.75,5096.06,476.156,23.8078,688.647,2356.54,0,33.6631,151.385,1478.61,1529.32,0.226135,0.449681,7.60459,0.0291602,0.00800834,0.453532,0.594893,0.425877,0.135125,37.0028
241000,16331,0.996764,54.384,54.362,0,8164.8,5092.28,474.781,23.7391,684.082,2356.31,0,33.6364,151.157,1481.59,1530.9,0.225728,0.448975,7.60552,0.0290724,0.00801299,0.454542,0.597188,0.425898,0.134975,39.2458
241500,16328.9,0.996638,54.544,54.558,0,8164.73,5092.94,481.591,24.0796,690.54,2365.26,0,33.6236,151.608,1484.68,1533.32,0.225779,0.449108,7.60692,0.0294931,0.00801541,0.454563,0.598108,0.425897,0.135052,39.3352
242000,16329.2,0.996656,54.358,54.37,0,8164.82,5095.06,471.084,23.5542,688.378,2356.75,0,33.638,151.669,1487.72,1535.2,0.225963,0.449516,7.60885,0.0288492,0.00801251,0.454726,0.598628,0.425655,0.135281,39.8622
242500,16329.1,0.996649,54.322,54.312,0,8164.84,5094.86,471.209,23.5605,688.147,2353.35,0,33.6651,151.64,1490.86,1538.4,0.225869,0.449373,7.61351,0.0288571,0.00802141,0.45514,0.60047,0.425473,0.136537,40.4944
243000,16329.2,0.996654,54.4,54.39,0,8164.8,5092.15,476.836,23.8418,691.866,2353.43,0,33.6876,151.438,1493.89,1541.2,0.225656,0.448931,7.60989,0.0292014,0.0080294,0.455279,0.601964,0.42583,0.136844,40.0714
243500,16329.1,0.996649,54.51,54.526,0,8164.74,5093.11,474.964,23.7482,692.861,2362.27,0,33.6596,151.46,1496.76,1543.72,0.225801,0.449309,7.60718,0.0290869,0.00802481,0.455468,0.601769,0.425796,0.138443,39.7228
244000,16328,0.996583,54.414,54.386,0,8164.79,5092.11,476.145,23.8073,688.322,2356.68,0,33.7069,151.578,1499.65,1547.6,0.225677,0.449174,7.60818,0.0291612,0.00803101,0.455847,0.602966,0.425888,0.139041,39.796
244500,16327.1,0.996525,54.43,54.438,0,8164.78,5090.58,474.646,23.7323,695.738,2358.04,0,33.7148,151.604,1502.7,1550.5,0.225529,0.448943,7.60748,0.0290711,0.00803348,0.456379,0.603409,0.425979,0.13922,38.948
245000,16329,0.996644,54.198,54.226,0,8164.9,5088.85,468.851,23.4425,691.154,2352.46,0,33.7045,151.427,1506.03,1553.64,0.225396,0.448576,7.60467,0.0287127,0.00802381,0.457069,0.604342,0.426143,0.13835,39.0456
245500,16329.1,0.996647,54.808,54.804,0,8164.6,5087.76,473.676,23.6838,692.62,2369.82,0,33.6688,151.374,1509.18,1557.74,0.225395,0.448497,7.59877,0.0290082,0.00801498,0.45748,0.605003,0.425986,0.13876,39.4397
246000,16329.3,0.996663,54.26,54.27,0,8164.87,5088.27,464.285,23.2142,698.006,2356.83,0,33.727,151.692,1512.07,1561.3,0.225438,0.44861,7.59848,0.0284327,0.00801206,0.458345,0.604499,0.425889,0.139092,39.8515
246500,16330.4,0.996726,54.504,54.482,0,8164.75,5084.98,475.048,23.7524,696.559,2358.73,0,33.7026,151.377,1515.02,1565.16,0.225107,0.448043,7.59798,0.02909,0.00802221,0.459444,0.605544,0.426649,0.138009,40.2919
247000,16326.9,0.996512,54.272,54.28,0,8164.86,5084.76,472.034,23.6017,695.805,2352.11,0,33.7285,151.552,1517.97,1568.58,0.225117,0.448032,7.59636,0.0289115,0.00802933,0.45994,0.605147,0.426992,0.138225,40.0744
247500,16330.4,0.996731,54.466,54.492,0,8164.76,5081.14,471.527,23.5764,704.204,2360.79,0,33.7807,151.576,1521.15,1572.5,0.224785,0.447455,7.5932,0.0288742,0.00803497,0.461196,0.606258,0.427772,0.139388,39.9392
248000,16330.2,0.996718,54.592,54.558,0,8164.7,5076.55,475.527,23.7763,703.402,2364.36,0,33.7944,151.625,1524.54,1574.82,0.224366,0.446692,7.59135,0.0291195,0.0080452,0.462792,0.607997,0.428089,0.138929,39.9495
248500,16330.4,0.996727,54.272,54.288,0,8164.86,5072.19,472.079,23.604,706.046,2356.02,0,33.8147,151.463,1527.74,1577.64,0.224007,0.445988,7.58631,0.028908,0.00803894,0.46517,0.607945,0.428723,0.138566,40.3131
249000,16328.4,0.996609,54.344,54.346,0,8164.82,5070.39,470.226,23.5113,712.764,2358,0,33.8577,151.702,1530.69,1581.36,0.223823,0.445682,7.58588,0.0287979,0.00803656,0.465855,0.608088,0.428073,0.138809,40.5596
249500,16330.4,0.996731,54.502,54.466,0,8164.75,5068.24,474.249,23.7125,708.675,2368.23,0,33.8013,151.648,1533.86,1585.38,0.22366,0.445479,7.58194,0.0290409,0.00802832,0.466061,0.609083,0.42794,0.138911,40.3612
250000,16329.6,0.996677,54.246,54.254,0,8164.88,5068.51,464.947,23.2473,711.889,2355.84,0,33.8972,151.756,1536.86,1588.1,0.223682,0.44554,7.58296,0.0284727,0.00803312,0.466828,0.60944,0.427396,0.139333,40.0019
250500,16330,0.996707,54.31,54.304,0,8164.84,5064.88,464.259,23.213,709.37,2361.6,0,33.8403,151.428,1539.82,1590.98,0.223354,0.444976,7.58075,0.0284297,0.00804136,0.467824,0.609426,0.427397,0.139254,39.725
251000,16330.5,0.996733,54.62,54.644,0,8164.69,5061.05,464.869,23.2435,713.173,2372.71,0,33.8555,151.445,1542.83,1593.46,0.223009,0.444441,7.57827,0.0284663,0.00803798,0.468295,0.60926,0.427789,0.139639,39.6009
251500,16329.5,0.996674,54.324,54.328,0,8164.84,5062.97,460.203,23.0101,716.821,2359.56,0,33.8831,151.551,1545.64,1597.96,0.223221,0.4449,7.57787,0.0281823,0.00803952,0.468246,0.609462,0.427971,0.14132,39.9831
252000,16330,0.996707,54.514,54.512,0,8164.74,5061.59,457.069,22.8535,711.424,2373.1,0,33.8714,151.512,1548.73,1601.1,0.223086,0.444754,7.57785,0.0279895,0.00804503,0.468664,0.609993,0.428184,0.141908,40.2179
252500,16329.5,0.996674,54.43,54.444,0,8164.78,5059.08,453.76,22.688,713.706,2367.45,0,33.9167,151.371,1552.03,1604.24,0.222801,0.444329,7.57916,0.0277877,0.00805252,0.470145,0.611092,0.428794,0.141331,39.9445
253000,16329.4,0.996665,54.544,54.546,0,8164.73,5056.41,455.006,22.7503,715.958,2373.8,0,33.8822,151.573,1555.17,1607.4,0.222513,0.443796,7.57977,0.0278642,0.00806394,0.470947,0.612899,0.429381,0.141515,39.5881
253500,16330,0.996704,54.24,54.23,0,8164.88,5052.15,453.438,22.6719,719.001,2362.09,0,33.9432,151.521,1558.52,1610.72,0.222125,0.443122,7.57789,0.0277671,0.00806398,0.472973,0.613514,0.430302,0.142108,39.7722
254000,16330.2,0.996716,54.502,54.484,0,8164.74,5046.8,457.116,22.8558,724.974,2370.94,0,33.9169,151.419,1561.65,1613.88,0.221627,0.442161,7.57475,0.027992,0.0080663,0.474053,0.614634,0.431084,0.14215,40.2931
254500,16328.3,0.996598,54.51,54.514,0,8164.74,5045.88,455.55,22.7775,728.043,2373.94,0,33.9585,151.622,1564.75,1616.8,0.221536,0.442006,7.57546,0.0278995,0.00807285,0.474599,0.614638,0.431141,0.143145,40.2378
255000,16329.4,0.996669,54.256,54.268,0,8164.85,5046.6,450.46,22.523,725.9,2362.77,0,33.9752,151.652,1568.01,1620.12,0.221573,0.442033,7.5765,0.0275858,0.00808406,0.475179,0.615466,0.431601,0.142522,39.8364
255500,16329.2,0.996654,54.452,54.424,0,8164.77,5045.48,450.962,22.5481,729.114,2369.05,0,34.011,151.633,1570.99,1623.02,0.221544,0.441905,7.57169,0.0276169,0.00808932,0.475675,0.617165,0.432246,0.142987,39.7564
256000,16329.6,0.99668,54.43,54.45,0,8164.78,5043.45,451.856,22.5928,734.049,2373.58,0,34.0068,151.775,1573.83,1627.38,0.221338,0.441438,7.57191,0.0276709,0.00809922,0.476407,0.619012,0.432818,0.144174,40.1621
256500,16329.4,0.99667,54.222,54.2,0,8164.89,5042.25,449.286,22.4643,724.176,2363.13,0,33.9549,151.537,1576.88,1630.6,0.221186,0.441101,7.57373,0.0275138,0.00810371,0.477689,0.619578,0.432993,0.145185,40.3327
257000,16330.2,0.996718,54.438,54.47,0,8164.78,5040.25,452.236,22.6118,733.391,2370.28,0,34.012,151.637,1580.34,1632.46,0.221003,0.440765,7.57297,0.0276932,0.00811513,0.479696,0.621246,0.433313,0.144655,40.1299
257500,16327.7,0.996565,54.424,54.398,0,8164.79,5036.54,456.392,22.8196,739.406,2364.02,0,34.0202,151.472,1583.71,1634.8,0.22068,0.440142,7.56937,0.027952,0.00811894,0.482238,0.622368,0.434032,0.14391,38.0153
258000,16329.8,0.996692,54.368,54.362,0,8164.81,5034.35,455.707,22.7854,737.613,2368.79,0,34.0066,151.477,1587.01,1637.76,0.22044,0.439816,7.5709,0.0279065,0.00812176,0.483629,0.623001,0.434941,0.143827,37.6285
258500,16329.5,0.996672,54.63,54.648,0,8164.69,5030.16,457.467,22.8734,739.234,2379.94,0,33.9773,151.384,1590.19,1641.36,0.220053,0.439188,7.56793,0.0280148,0.00811235,0.484916,0.623467,0.435384,0.143751,37.9033
259000,16330.1,0.996711,54.252,54.236,0,8164.87,5024.38,461.125,23.0563,741.114,2366.05,0,34.0687,151.642,1593.41,1644.38,0.219499,0.438103,7.56606,0.0282378,0.00811083,0.486206,0.624863,0.435694,0.144446,37.7459
259500,16329.4,0.996669,54.448,54.436,0,8164.78,5019.92,456.626,22.8313,745.496,2373.75,0,34.0453,151.272,1596.55,1647,0.219118,0.437508,7.56208,0.0279634,0.00810903,0.487335,0.626217,0.436079,0.144831,38.5096
260000,16329.6,0.996678,54.744,54.772,0,8164.62,5015.19,463.567,23.1784,754.47,2387.45,0,34.0927,151.486,1599.89,1649.64,0.218713,0.436789,7.55662,0.0283882,0.00810344,0.488554,0.627709,0.436418,0.146048,32.182
260500,16329.4,0.99667,53.97,53.976,0,8165.02,5012.32,454.913,22.7456,755.407,2353.51,0,34.1838,151.579,1603.23,1653.12,0.218415,0.436179,7.55808,0.0278585,0.00809573,0.489686,0.628963,0.436941,0.146114,36.7921
261000,16329,0.996642,54.694,54.69,0,8164.65,5012.23,456.027,22.8014,755.401,2384.27,0,34.1141,151.352,1606.04,1656.22,0.218455,0.436227,7.55486,0.0279276,0.00809402,0.490759,0.628753,0.437162,0.145906,39.71
261500,16329.6,0.996682,54.506,54.492,0,8164.75,5012.61,459.631,22.9816,758.186,2374.18,0,34.1558,151.606,1609.09,1658.14,0.218465,0.436104,7.55608,0.0281471,0.00810064,0.491415,0.629119,0.437604,0.146404,39.5232
262000,16330.2,0.996718,54.192,54.19,0,8164.9,5012.66,456.165,22.8083,756.611,2362.1,0,34.1876,151.52,1611.94,1660.68,0.218407,0.435837,7.55935,0.0279339,0.00810818,0.492171,0.630157,0.437923,0.147175,39.5588
262500,16330.5,0.996736,54.63,54.622,0,8164.69,5009.09,460.46,23.023,757.395,2384.99,0,34.1231,151.488,1615.24,1663.78,0.218116,0.435177,7.55511,0.0281963,0.00811088,0.493922,0.631291,0.438805,0.14763,39.4309
263000,16329.7,0.996685,54.394,54.406,0,8164.8,5009.05,455.774,22.7887,758.905,2372.83,0,34.2194,151.669,1618.38,1666.44,0.218083,0.435154,7.55683,0.0279107,0.00810415,0.494737,0.630814,0.439529,0.147677,39.6907
263500,16327.9,0.996576,54.496,54.518,0,8164.75,5007.13,452.918,22.6459,758.667,2382.2,0,34.207,151.565,1621.75,1669.58,0.217936,0.434909,7.55324,0.027739,0.0080989,0.495261,0.631132,0.439839,0.146824,38.8694
264000,16328.9,0.996638,54.286,54.278,0,8164.86,5007.3,452.771,22.6386,759.151,2364.96,0,34.1942,151.382,1624.76,1673.22,0.217954,0.434809,7.55368,0.0277282,0.00809818,0.495405,0.632078,0.439747,0.146308,38.2549
264500,16331,0.996764,54.444,54.418,0,8164.78,5004.05,448.197,22.4099,762.009,2375.54,0,34.2484,151.609,1628.06,1676.56,0.217617,0.434071,7.55301,0.0274446,0.00809679,0.4962,0.632697,0.440649,0.145666,38.8745
265000,16329.8,0.996693,54.42,54.436,0,8164.79,5000.25,446.47,22.3235,760.375,2378.18,0,34.225,151.326,1631.35,1679.98,0.217239,0.433271,7.55324,0.0273408,0.0081001,0.496859,0.633329,0.441545,0.1448,39.1959
265500,16328.8,0.99663,54.478,54.496,0,8164.76,4997.23,452.151,22.6075,773.698,2376.64,0,34.3021,151.552,1634.83,1683.2,0.21688,0.432513,7.55579,0.0276905,0.00810271,0.49711,0.634509,0.441736,0.142713,38.999
266000,16328,0.996584,54.364,54.368,0,8164.82,5000.06,449.34,22.467,766.702,2374.96,0,34.2519,151.591,1637.69,1685.7,0.217043,0.432841,7.56411,0.0275195,0.00810563,0.49745,0.635742,0.441844,0.142802,38.5568
266500,16330.1,0.996708,54.576,54.548,0,8164.71,4998.74,449.129,22.4564,763.212,2381.53,0,34.3205,151.563,1640.76,1687.76,0.21691,0.432646,7.56422,0.0275032,0.00810849,0.498207,0.638037,0.44225,0.142843,39.0772
267000,16330.5,0.996737,54.126,54.146,0,8164.94,4996.38,441.747,22.0874,764.836,2369.34,0,34.3147,151.424,1644.07,1690.12,0.216667,0.432223,7.56334,0.0270503,0.00811002,0.498525,0.639162,0.44287,0.142518,43.1069
267500,16327.9,0.996577,54.878,54.876,0,8164.56,4994.37,455.699,22.7849,769.818,2395.09,0,34.2809,151.35,1647.18,1694.18,0.216468,0.431887,7.56407,0.0279091,0.00810858,0.498688,0.640085,0.442782,0.142297,47.4234
268000,16330.7,0.996746,54.204,54.208,0,8164.9,4995.4,450.064,22.5032,769.035,2368.11,0,34.3198,151.6,1650.35,1697.68,0.216471,0.431913,7.56937,0.0275595,0.00811008,0.498801,0.63945,0.442708,0.141031,47.468
268500,16330,0.996707,54.534,54.49,0,8164.73,4996.33,445.837,22.2919,768.687,2381.51,0,34.2736,151.507,1653.27,1701.6,0.216529,0.432119,7.57214,0.0273017,0.008122,0.498771,0.63797,0.442482,0.139451,47.5874
269000,16329.4,0.996666,54.416,54.452,0,8164.79,4996.28,450.799,22.54,770.309,2376.15,0,34.351,151.56,1656.21,1704.68,0.216517,0.432044,7.57282,0.0276066,0.00813152,0.498962,0.638611,0.442659,0.139173,47.368
269500,16331.4,0.99679,54.326,54.312,0,8164.84,4994.86,478.324,23.9162,771.748,2373.43,0,34.284,151.502,1659,1706.96,0.216392,0.431857,7.57096,0.0292885,0.00813997,0.499221,0.640022,0.442804,0.139437,47.284
270000,16327.5,0.996554,54.5,54.51,0,8164.75,4993.9,458.648,22.9324,766.864,2382.75,0,34.2255,151.395,1662.18,1710.96,0.21633,0.431736,7.56888,0.0280903,0.00813681,0.499589,0.640205,0.442824,0.138582,47.1826
270500,16328.6,0.996617,54.21,54.236,0,8164.89,4996.5,481.7,24.085,772.572,2363.84,0,34.3008,151.592,1665.24,1713.5,0.216482,0.43202,7.5757,0.0295005,0.00814029,0.500102,0.640634,0.443162,0.139091,47.4432
271000,16327.9,0.996578,54.654,54.626,0,8164.67,4992.88,467.297,23.3649,773.862,2378.69,0,34.2757,151.414,1668.63,1716.2,0.216232,0.431512,7.57063,0.0286194,0.00814148,0.501171,0.639922,0.443731,0.137829,47.7927
271500,16328.2,0.996597,54.49,54.49,0,8164.76,4989.86,459.412,22.9706,778.375,2377.23,0,34.3659,151.536,1671.85,1717.44,0.215975,0.43095,7.5656,0.0281361,0.00814408,0.502437,0.63967,0.444176,0.136803,47.9019
272000,16328.7,0.996626,54.248,54.246,0,8164.88,4987.09,454.473,22.7237,776.776,2366.21,0,34.3158,151.346,1674.76,1720.06,0.215753,0.430659,7.56339,0.0278328,0.0081367,0.50356,0.638861,0.444248,0.135919,48.3269
272500,16328.3,0.996602,54.666,54.656,0,8164.67,4984.91,458.863,22.9432,784.019,2384.95,0,34.3371,151.553,1677.54,1723.14,0.215585,0.430318,7.56087,0.0281022,0.0081324,0.504497,0.639765,0.444349,0.136387,47.7501
273000,16329.9,0.996699,54.388,54.43,0,8164.81,4985.4,446.671,22.3336,776.853,2378.81,0,34.3328,151.384,1680.57,1727.74,0.215556,0.430283,7.56396,0.027353,0.00813838,0.505157,0.640594,0.444451,0.135738,48.3033
273500,16331,0.996763,54.284,54.268,0,8164.86,4982.48,453.384,22.6692,781.504,2370.02,0,34.3412,151.467,1684.08,1730.08,0.215319,0.430021,7.56094,0.0277622,0.00814682,0.505821,0.640859,0.444587,0.134879,48.2839
274000,16329,0.996643,54.722,54.694,0,8164.64,4979.8,456.918,22.8459,786.008,2388.34,0,34.3257,151.429,1687.23,1733,0.215116,0.429583,7.55878,0.027982,0.00815313,0.507127,0.640512,0.44503,0.135721,48.3843
274500,16329.7,0.996686,54.422,54.418,0,8164.79,4980.5,446.439,22.322,781.082,2376.85,0,34.3719,151.572,1690.16,1736.12,0.215097,0.429666,7.56275,0.0273389,0.00817128,0.508371,0.64031,0.445228,0.136356,47.9023
275000,16329.7,0.996686,54.256,54.274,0,8164.87,4978.22,439.571,21.9785,783.626,2374.85,0,34.3717,151.359,1693.56,1738.64,0.214848,0.429232,7.56326,0.0269185,0.0081726,0.509428,0.640554,0.445493,0.135916,47.9898
275500,16327.7,0.996563,54.596,54.598,0,8164.7,4976.19,439.002,21.9501,784.059,2391.64,0,34.3508,151.609,1696.87,1743.04,0.214717,0.429067,7.56027,0.0268869,0.00817171,0.510053,0.640446,0.446021,0.135429,48.3053
276000,16330.5,0.996733,54.364,54.368,0,8164.81,4975.83,439.071,21.9536,787.332,2376.65,0,34.3978,151.581,1700.05,1746.86,0.214635,0.429053,7.56263,0.0268866,0.00816578,0.51021,0.640474,0.446735,0.135578,48.4909
276500,16329.5,0.996674,54.334,54.326,0,8164.83,4977.35,439.273,21.9636,788.497,2372.82,0,34.3935,151.623,1702.93,1749.74,0.214757,0.429374,7.5646,0.0269006,0.00816575,0.510502,0.64218,0.447328,0.13623,48.7541
277000,16329.4,0.996666,54.348,54.37,0,8164.83,4973.95,433.578,21.6789,784.411,2382.3,0,34.3748,151.494,1705.98,1752.84,0.214409,0.428722,7.56425,0.026552,0.0081663,0.511691,0.642822,0.447962,0.135858,48.7165
277500,16329.4,0.996669,54.418,54.368,0,8164.79,4970.8,440.147,22.0073,792.71,2379.6,0,34.3968,151.585,1708.81,1756.72,0.214201,0.428287,7.55825,0.0269541,0.00815398,0.512104,0.642708,0.448316,0.136093,48.7006
278000,16330,0.996703,54.576,54.632,0,8164.71,4968.84,443.79,22.1895,790.133,2391.85,0,34.3742,151.544,1711.66,1759.72,0.214065,0.428039,7.55439,0.0271764,0.00815269,0.513071,0.642046,0.44822,0.136723,48.8055
278500,16328.8,0.996631,54.398,54.358,0,8164.8,4966.34,443.448,22.1724,794.715,2374.82,0,34.3881,151.304,1714.56,1762.54,0.213857,0.427657,7.55187,0.0271574,0.00815426,0.513553,0.6424,0.44827,0.136737,48.5807
279000,16331.1,0.996774,54.46,54.464,0,8164.77,4967.61,440.663,22.0332,792.343,2384.69,0,34.378,151.531,1717.49,1766.54,0.213945,0.427672,7.55296,0.026983,0.00814837,0.513826,0.643517,0.448506,0.13717,48.7522
279500,16331.3,0.996785,54.488,54.5,0,8164.76,4967.26,439.53,21.9765,794.079,2385.19,0,34.4317,151.56,1720.52,1769.3,0.213865,0.427483,7.55579,0.0269134,0.00814959,0.514341,0.642174,0.447998,0.136769,48.8148
280000,16327.9,0.996575,54.298,54.284,0,8164.85,4965.64,434.869,21.7435,791.152,2375.54,0,34.4522,151.431,1723.6,1772.9,0.213617,0.426906,7.5603,0.0266335,0.00814341,0.515012,0.641067,0.447901,0.13658,41.1527
280500,16329,0.996641,54.554,54.572,0,8164.72,4959.39,438.609,21.9305,799.475,2390.5,0,34.4402,151.405,1726.89,1776.24,0.213022,0.425765,7.55752,0.026861,0.00814426,0.515821,0.639434,0.447785,0.137068,45.439
281000,16328.8,0.996631,54.28,54.276,0,8164.86,4958.17,433.636,21.6818,800.978,2378.25,0,34.4873,151.674,1729.82,1779.5,0.212864,0.425528,7.56021,0.0265566,0.00814525,0.516117,0.640152,0.447476,0.136844,48.1274
281500,16329.1,0.996652,54.518,54.508,0,8164.74,4959.3,434.107,21.7054,797.739,2384.53,0,34.5015,151.36,1732.86,1782.4,0.213,0.42578,7.55869,0.0265848,0.00814432,0.517118,0.641924,0.447358,0.137009,48.1161
282000,16330.7,0.996746,54.376,54.38,0,8164.81,4958.26,434.418,21.7209,801.918,2384.38,0,34.4964,151.642,1736.13,1786.34,0.212865,0.425397,7.56042,0.0266013,0.00815031,0.51717,0.642489,0.447495,0.137441,48.5845
282500,16330.1,0.996708,54.45,54.444,0,8164.77,4956.63,432.629,21.6315,801.057,2386.23,0,34.5089,151.479,1739.22,1788.8,0.212691,0.425087,7.56008,0.0264927,0.00815187,0.51739,0.643992,0.447838,0.138566,48.6974
283000,16330.7,0.996747,54.352,54.37,0,8164.82,4955.96,427.55,21.3775,798.15,2382.34,0,34.4923,151.308,1742.07,1792.04,0.212633,0.424972,7.56085,0.0261808,0.00815192,0.518046,0.64557,0.448424,0.13941,48.5676
283500,16328.2,0.996593,54.516,54.51,0,8164.74,4955.09,422.349,21.1175,807.662,2388.53,0,34.5705,151.747,1745.11,1794.86,0.212513,0.424726,7.56227,0.0258663,0.00817115,0.517983,0.646993,0.448288,0.140757,48.2415
284000,16328.2,0.996593,54.438,54.426,0,8164.78,4952.01,425.789,21.2895,803.559,2390.03,0,34.5455,151.511,1748.35,1799.02,0.212224,0.424117,7.56162,0.0260771,0.00817774,0.518481,0.646508,0.448171,0.141204,47.7143
284500,16327,0.996522,54.382,54.398,0,8164.81,4950.52,425.346,21.2673,802.412,2380.63,0,34.5508,151.308,1751.34,1801.48,0.21204,0.423635,7.56381,0.0260517,0.00817855,0.519638,0.646046,0.448266,0.140969,47.6703
285000,16329.8,0.996693,54.538,54.542,0,8164.73,4946.54,424.325,21.2162,813.678,2391.58,0,34.5889,151.502,1754.43,1803.44,0.211713,0.422915,7.55905,0.0259847,0.00816619,0.519962,0.645344,0.44812,0.141482,48.193
285500,16329.7,0.996683,54.38,54.36,0,8164.81,4945.72,427.541,21.377,810.481,2384.34,0,34.5894,151.569,1757.28,1806.88,0.211684,0.422884,7.5567,0.0261819,0.00815704,0.520913,0.64412,0.447672,0.14114,44.5533
286000,16328.7,0.996627,54.448,54.468,0,8164.77,4944.3,432.232,21.6116,813.953,2385.47,0,34.5681,151.455,1760.1,1810.36,0.211631,0.422776,7.55166,0.0264706,0.00814114,0.52279,0.644781,0.447938,0.141648,39.7727
286500,16328.8,0.996632,54.55,54.544,0,8164.73,4942.41,433.596,21.6798,814.186,2390.29,0,34.5685,151.529,1762.91,1813.46,0.211403,0.422335,7.55349,0.0265541,0.00813889,0.52399,0.645943,0.448108,0.141973,39.9986
287000,16329.1,0.996648,54.232,54.224,0,8164.88,4943.42,435.826,21.7913,818.695,2374.89,0,34.5626,151.497,1766.19,1816.52,0.211492,0.42248,7.55342,0.0266902,0.00814575,0.524798,0.645172,0.448202,0.141812,40.1311
287500,16330.3,0.996725,54.604,54.604,0,8164.7,4943.15,435.651,21.7826,818.945,2385.7,0,34.5702,151.402,1769.25,1818.94,0.211426,0.422328,7.55601,0.0266774,0.00815677,0.525352,0.645732,0.448607,0.141577,40.2592
288000,16328.7,0.996627,54.378,54.39,0,8164.81,4942.47,434.425,21.7213,815.367,2383,0,34.5521,151.424,1772.05,1821.5,0.21138,0.422236,7.55445,0.0266049,0.00814737,0.526235,0.644444,0.448898,0.140923,40.1746
288500,16328.3,0.996599,54.436,54.428,0,8164.78,4939.47,431.902,21.5951,813.889,2386.52,0,34.5585,151.445,1775.29,1824.34,0.211054,0.421488,7.55584,0.0264512,0.00814624,0.526433,0.642321,0.448927,0.140696,39.4666
289000,16328.3,0.996599,54.508,54.484,0,8164.74,4937.77,431.994,21.5997,818.553,2385.46,0,34.6034,151.396,1778.58,1828.04,0.210897,0.421114,7.5551,0.0264567,0.00815026,0.526793,0.642981,0.449057,0.140907,40.0734
289500,16329.8,0.996689,54.584,54.608,0,8164.71,4933.86,430.507,21.5254,822.743,2396.83,0,34.5941,151.434,1781.44,1832.02,0.210537,0.420486,7.55246,0.0263633,0.00815213,0.527286,0.644045,0.449381,0.141221,40.3165
290000,16330.2,0.996715,54.358,54.346,0,8164.82,4928.82,434.623,21.7311,823.794,2382.88,0,34.6327,151.48,1784.89,1834.78,0.210099,0.419635,7.54826,0.0266147,0.00814881,0.527887,0.64336,0.449779,0.142337,40.3215
290500,16329,0.996643,54.292,54.348,0,8164.85,4926.55,433.079,21.654,830.022,2379.97,0,34.675,151.477,1788.11,1838.58,0.20992,0.419271,7.54519,0.026522,0.00815281,0.52882,0.643219,0.449483,0.142452,40.1249
291000,16328.9,0.996636,54.62,54.554,0,8164.69,4922.79,438.308,21.9154,839.394,2392.11,0,34.7202,151.744,1791.19,1842.86,0.209583,0.418632,7.54206,0.0268426,0.00815573,0.52969,0.643274,0.44904,0.14288,40.0418
291500,16331,0.996768,54.2,54.21,0,8164.9,4921.51,436.285,21.8142,837.927,2378.05,0,34.7118,151.738,1794.24,1845.28,0.209467,0.418333,7.54023,0.026715,0.00815511,0.530005,0.64432,0.449134,0.143294,40.1502
292000,16329.8,0.996694,54.488,54.512,0,8164.76,4914.93,440.092,22.0046,837.401,2390.23,0,34.6697,151.244,1797.56,1847.76,0.208946,0.417257,7.53167,0.0269502,0.00816083,0.53093,0.643201,0.449373,0.143024,40.3504
292500,16327.8,0.996572,54.424,54.408,0,8164.79,4910.44,440.105,22.0052,843.256,2387.61,0,34.7605,151.672,1800.7,1851.44,0.208495,0.416451,7.5317,0.0269543,0.00816363,0.531321,0.643185,0.449197,0.144135,40.4945
293000,16330.5,0.996736,54.378,54.38,0,8164.81,4905.42,445.121,22.2561,850.32,2383.83,0,34.7464,151.381,1803.87,1855.86,0.208079,0.415771,7.52609,0.0272571,0.00815179,0.531693,0.642933,0.449188,0.143046,40.2946
293500,16330.4,0.996729,54.298,54.308,0,8164.85,4906.02,440.941,22.0471,845.443,2383.18,0,34.7504,151.451,1806.99,1858.42,0.208058,0.415821,7.53215,0.0270012,0.0081446,0.531763,0.643833,0.448939,0.142676,39.807
294000,16327.8,0.996567,54.606,54.598,0,8164.7,4900.8,443.748,22.1874,853.237,2393.92,0,34.7757,151.53,1810.08,1858.82,0.20757,0.414851,7.52918,0.0271775,0.00813858,0.531642,0.643787,0.44877,0.143282,39.8187
294500,16330.2,0.996718,54.404,54.392,0,8164.8,4896.59,441.026,22.0513,858.267,2393.32,0,34.7975,151.568,1813.2,1861.42,0.207138,0.413977,7.52827,0.0270068,0.00812847,0.531952,0.643225,0.448781,0.142431,40.5278
295000,16328.3,0.9966,54.498,54.518,0,8164.75,4894.59,441.717,22.0858,850.434,2395.51,0,34.7583,151.2,1816.03,1863.24,0.206968,0.413645,7.52813,0.0270523,0.00813387,0.532121,0.644174,0.449091,0.1421,40.4492
295500,16329.4,0.996669,54.516,54.492,0,8164.74,4895.48,442.396,22.1198,858.606,2393.9,0,34.7767,151.625,1818.79,1865.7,0.207065,0.413873,7.52729,0.027092,0.00813127,0.531823,0.644344,0.448809,0.141999,40.0733
296000,16329.2,0.996656,54.208,54.214,0,8164.9,4892.81,440.375,22.0188,854.51,2384.49,0,34.7629,151.542,1821.83,1868.92,0.206826,0.41336,7.5259,0.0269686,0.00812779,0.532151,0.643345,0.448756,0.14157,39.8631
296500,16329.1,0.99665,54.538,54.54,0,8164.73,4890.8,441.172,22.0586,858.643,2397.7,0,34.7706,151.447,1825.03,1871.7,0.206605,0.412892,7.52689,0.0270175,0.00812843,0.533104,0.643422,0.448749,0.141691,40.1167
297000,16328.7,0.996622,54.498,54.506,0,8164.75,4890.19,440.117,22.0059,865.56,2390.7,0,34.8401,151.567,1828.01,1875.16,0.206497,0.412619,7.52965,0.0269537,0.00813501,0.533235,0.644962,0.44839,0.141689,40.105
297500,16328.3,0.996603,54.188,54.178,0,8164.91,4891.44,433.58,21.679,857.236,2383.13,0,34.8226,151.517,1830.92,1879.68,0.206535,0.412722,7.53488,0.0265539,0.00813825,0.53355,0.645288,0.4483,0.141769,39.9866
298000,16331.6,0.996804,54.63,54.632,0,8164.69,4893.5,432.744,21.6372,854.673,2400.1,0,34.8273,151.471,1833.72,1883.22,0.206684,0.41305,7.53771,0.0264973,0.00813741,0.534395,0.644931,0.448179,0.142036,39.8847
298500,16329.8,0.996693,54.314,54.316,0,8164.84,4890.42,435.258,21.7629,861.219,2389.15,0,34.8311,151.595,1837.15,1884.94,0.206413,0.412477,7.53477,0.0266542,0.00813013,0.534026,0.642703,0.447434,0.142364,39.7349
299000,16328.8,0.996628,54.438,54.45,0,8164.78,4887.24,437.463,21.8732,863.299,2396.37,0,34.8413,151.672,1840.51,1887.68,0.206232,0.412094,7.52645,0.0267909,0.00812483,0.533762,0.642077,0.447313,0.142923,40.31
299500,16329.3,0.996661,54.254,54.266,0,8164.87,4885.19,434.994,21.7497,859.88,2390.19,0,34.8556,151.491,1843.58,1890.8,0.20603,0.411607,7.5257,0.0266388,0.00812831,0.534028,0.642977,0.447334,0.143889,40.4018
300000,16328.3,0.996601,54.9346,54.9346,0,8164.53,4885.78,435.794,21.7897,862.907,2416.09,0,34.8768,151.374,1845.95,1892.31,0.206059,0.411641,7.52908,0.0266894,0.00812677,0.533976,0.643592,0.447256,0.1438,40.1937
