tick,population,occupancy,births_per_tick,deaths_per_tick,starved_share,inflow_in,cost_out,transfer,transit_loss,overflow,death_loss,extinct,energy_mean,age_mean,generation_mean,generation_max,active_params_frac,expressed_hidden_frac,msg_bandwidth,transfer_per_cell,eta_mean,div_weights,div_learning,div_masks,weight_drift,habitat_match,ticks_per_s
500,9177.26,0.560135,33.282,31.654,0.0320163,4426.17,2227.18,13535,676.749,592.189,976.058,0,30.9631,150.529,3.09231,14.86,0.216135,0.416198,1.32089,1.47782,0.00553121,0.0247996,0.0244898,0.0753399,0,1.40173,97.9631
1000,9762.54,0.595858,32.578,31.828,0.0311996,4745.86,2374.63,14945.4,747.271,685.961,998.377,0,31.8138,150.734,6.59372,18.96,0.216765,0.417818,1.33317,1.5326,0.00553435,0.036222,0.0364104,0.108777,0,1.39723,74.9713
1500,9826.56,0.599766,33.046,32.822,0.0373478,4900.44,2399.83,15128.1,756.408,693.586,1030.8,0,31.9852,149.895,9.98491,21.46,0.218231,0.420676,1.33084,1.53984,0.00553713,0.0445255,0.0438239,0.132882,0,1.40787,64.0602
2000,9883.7,0.603253,33.412,33.396,0.0343007,4963.18,2415.17,14984.6,749.231,712.884,1032.89,0,31.5305,150.577,13.1717,24.44,0.218827,0.421972,1.30537,1.51648,0.00554196,0.0512719,0.0505863,0.151067,0,1.40888,64.5417
2500,9890.18,0.603649,33.358,33.354,0.0347537,4885.15,2412.85,14774.4,738.718,666.837,1021.92,0,31.0903,150.833,16.2697,26.54,0.218527,0.421757,1.28786,1.49438,0.00554702,0.0569269,0.0564269,0.164715,0,1.39967,64.5982
3000,9901.96,0.604368,32.856,33.164,0.037703,4768.29,2413.47,14603.1,730.156,602.872,1002.68,0,30.7145,150.972,19.4569,30.54,0.218039,0.421134,1.29144,1.4751,0.00555302,0.062303,0.061253,0.177682,0,1.38885,63.0646
3500,9898.18,0.604137,33.362,33.452,0.036236,4717.59,2413.71,14677.9,733.893,611.911,1021.07,0,30.827,150.355,22.6321,34.36,0.218349,0.422041,1.28422,1.48313,0.00554945,0.0670958,0.0647479,0.190997,0,1.38477,65.2934
4000,9904.7,0.604535,33.34,33.078,0.0328285,4793.71,2419.94,15046.4,752.318,653.788,1031.95,0,31.5612,150.735,25.8695,37.18,0.219115,0.423708,1.28446,1.51966,0.00554801,0.0719341,0.067919,0.203619,0,1.38995,64.3347
4500,9870.34,0.602438,33.286,33.164,0.0393278,4914.44,2417.76,15170.8,758.541,687.478,1037.61,0,31.9632,150.341,29.194,40.36,0.220215,0.425893,1.28141,1.53718,0.00555702,0.0765111,0.0724147,0.215269,0,1.40551,66.4094
5000,9888.72,0.60356,33.378,33.298,0.0370534,4962.61,2424.51,14965.7,748.285,713.485,1025.26,0,31.4844,150.085,32.4859,44.02,0.220568,0.42658,1.28164,1.51388,0.00555843,0.0809847,0.0768146,0.224033,0,1.40806,64.0101
5500,9866.98,0.602233,33.244,33.33,0.0370032,4876.53,2418.16,14708.4,735.421,670.594,1010.05,0,31.0579,150.646,35.6741,47.72,0.220117,0.425886,1.2978,1.49109,0.00556093,0.0847944,0.0816368,0.232529,0,1.40067,65.4467
6000,9893.76,0.603867,33.016,33.282,0.0384848,4762.56,2420.61,14496.9,724.845,602.329,999.102,0,30.5411,150.776,38.8895,52.08,0.219081,0.424176,1.3183,1.46558,0.00555615,0.088118,0.0856877,0.23919,0,1.38833,64.3137
6500,9910.82,0.604908,33.324,33.344,0.0380309,4720.8,2426.83,14575.6,728.778,619.596,1004.79,0,30.6272,150.41,42.0869,55.62,0.21907,0.424202,1.3403,1.47097,0.00554889,0.091552,0.0894887,0.246361,0,1.38393,63.201
7000,9919.46,0.605436,33.522,33.352,0.0331763,4796.37,2433.44,14938.7,746.934,650.735,1035.16,0,31.3533,150.61,45.2928,58.96,0.219514,0.425271,1.36176,1.50645,0.00553804,0.0949497,0.0936187,0.252432,0,1.38879,66.0675
7500,9861.74,0.601913,33.14,32.966,0.0407966,4911.45,2425.51,15039.6,751.98,691.338,1027.55,0,31.8202,150.588,48.4779,61.32,0.220264,0.426663,1.37514,1.52522,0.00553398,0.0981388,0.0973162,0.257915,0,1.40582,69.3597
8000,9874.12,0.602668,33.128,33.174,0.0384171,4960.82,2427.95,14801.4,740.07,721.457,1017.32,0,31.3644,150.312,51.6577,63.6,0.219757,0.425984,1.4001,1.49939,0.00552821,0.101259,0.0996207,0.263565,0,1.40968,70.1187
8500,9855.64,0.601541,33.344,33.418,0.0383424,4873.17,2422.54,14550.1,727.505,673.19,1010.92,0,30.9292,150.842,54.9148,66.46,0.219182,0.425104,1.42584,1.47689,0.00553712,0.1044,0.102187,0.268436,0,1.4012,66.8002
9000,9885.26,0.603348,32.82,33.122,0.0395255,4763.59,2426.82,14393.3,719.667,610.739,988.994,0,30.5066,150.812,58.1523,70.12,0.21848,0.423917,1.43289,1.4564,0.00554034,0.107522,0.106029,0.271554,0,1.38976,69.9768
9500,9892.04,0.603762,33.288,33.284,0.0382536,4717.11,2427.2,14458.2,722.913,620.088,1001.93,0,30.6348,150.239,61.3201,74.2,0.218088,0.423212,1.44805,1.462,0.00553318,0.110408,0.11036,0.275574,0,1.38553,69.9094
10000,9897.02,0.604066,33.576,33.306,0.0334488,4791.77,2432.9,14814.2,740.708,659.404,1030.34,0,31.3663,150.54,64.3306,77.3,0.218445,0.424035,1.4707,1.49744,0.00554274,0.113091,0.114267,0.27948,0,1.39041,70.5276
10500,9877.3,0.602863,33.044,32.924,0.0403941,4915.24,2429.82,14954.2,747.708,695.914,1021.16,0,31.7923,150.391,67.4761,81.2,0.218673,0.424632,1.48161,1.51416,0.00555722,0.115557,0.117946,0.283854,0,1.40506,71.0514
11000,9877.98,0.602904,33.384,33.408,0.0372259,4961.17,2432.24,14704.2,735.209,727.722,1020.21,0,31.3296,150.325,70.5779,85.68,0.218697,0.424645,1.5008,1.48893,0.00556364,0.118412,0.120473,0.288502,0,1.40934,68.8967
11500,9880.06,0.603031,33.36,33.434,0.0381002,4880.67,2432.12,14435.3,721.763,676.038,1006.93,0,30.7952,150.586,73.7172,88.18,0.218191,0.423906,1.52222,1.46152,0.00557839,0.120982,0.121612,0.293262,0,1.39972,70.5067
12000,9900.92,0.604304,33.038,33.228,0.0374503,4766.85,2438.03,14278.5,713.925,606.68,991.571,0,30.3879,150.975,76.8062,90.82,0.217807,0.423211,1.5489,1.44234,0.00556497,0.123098,0.123467,0.297113,0,1.3883,70.566
12500,9929.3,0.606036,33.372,33.422,0.0399361,4726.89,2441.49,14406.3,720.316,623.77,1003.93,0,30.5758,150.365,80.0043,94,0.217126,0.421953,1.56024,1.45114,0.00556968,0.125525,0.127018,0.299756,0,1.38321,70.4359
13000,9899.54,0.60422,33.518,33.28,0.0352016,4792.06,2441.57,14681.2,734.062,655.195,1024.39,0,31.3259,150,83.2018,97.68,0.217698,0.423047,1.59854,1.48371,0.00557054,0.127941,0.130328,0.304223,0,1.39021,70.61
13500,9875.54,0.602755,33.156,33.066,0.0427178,4915.17,2440.34,14776.3,738.814,696.734,1024.23,0,31.7409,150.578,86.4791,102.34,0.218039,0.42363,1.62805,1.49634,0.0055668,0.130156,0.13372,0.308361,0,1.40504,69.4575
14000,9880.42,0.603053,33.394,33.414,0.0394322,4963.95,2442.58,14535.4,726.772,722.434,1019.64,0,31.3108,150.066,89.6945,105.66,0.217851,0.423254,1.64564,1.47167,0.00557313,0.132609,0.13669,0.312464,0,1.4096,69.6279
14500,9869.8,0.602405,33.378,33.422,0.0383846,4878.34,2438.96,14257.3,712.863,680.324,1006.16,0,30.7773,150.498,92.8185,109.82,0.21754,0.422893,1.65451,1.44512,0.00556782,0.13483,0.137911,0.315484,0,1.4006,68.5583
15000,9894.28,0.603899,32.974,33.26,0.0408633,4765.35,2445.45,14080.1,704.006,610.195,990.862,0,30.3916,150.907,95.8904,113.4,0.21722,0.422572,1.66982,1.42342,0.00556033,0.137027,0.139452,0.318185,0,1.3888,66.3341
15500,9898.26,0.604142,33.27,33.284,0.0373324,4720.22,2447.42,14119.4,705.969,624.385,1003.67,0,30.4969,150.365,98.9511,117.1,0.217234,0.422736,1.68649,1.42686,0.00555678,0.139162,0.141612,0.321297,0,1.38557,68.942
16000,9908,0.604736,33.514,33.242,0.034412,4793.75,2452.88,14392.4,719.621,661.29,1023.38,0,31.1702,150.061,102.055,121.7,0.217168,0.42267,1.73039,1.45318,0.00555341,0.141318,0.144277,0.323388,0,1.39009,69.6605
16500,9862.98,0.601989,33.26,33.24,0.0406723,4913.86,2450.47,14499,724.952,698.144,1028.5,0,31.6687,150.695,105.243,125.5,0.218157,0.424376,1.75266,1.47012,0.005539,0.143386,0.145661,0.326358,0,1.40637,71.1173
17000,9871.88,0.602532,33.314,33.226,0.040238,4957.64,2451.15,14245.2,712.26,732.302,1008.71,0,31.1677,149.896,108.432,127.42,0.218167,0.424389,1.73661,1.44345,0.00555282,0.145551,0.14849,0.330005,0,1.40928,67.9111
17500,9858.84,0.601736,33.348,33.428,0.0406508,4875.2,2448.87,14025,701.248,680.302,1002.42,0,30.726,150.459,111.598,130.54,0.218008,0.424085,1.74963,1.42315,0.00555315,0.147657,0.151002,0.332516,0,1.40128,69.8354
18000,9877.24,0.602859,33.026,33.348,0.040661,4759.61,2454.83,13811.4,690.573,614.291,988.667,0,30.2785,150.892,114.78,132.78,0.217936,0.423893,1.76837,1.39864,0.00555782,0.149279,0.153229,0.335296,0,1.38977,70.937
18500,9890.26,0.603654,33.006,33.048,0.0399466,4718.14,2462.22,13872.7,693.633,627.524,990.42,0,30.4425,150.449,117.936,136.04,0.218264,0.424474,1.79007,1.40299,0.00555626,0.151091,0.154876,0.337625,0,1.38604,70.8386
19000,9873.26,0.602616,33.408,33.202,0.0364825,4785.64,2462.59,14135.8,706.791,662.833,1019.71,0,31.1651,150.34,121.167,140.54,0.218827,0.425549,1.80803,1.43231,0.00557985,0.152954,0.156142,0.34056,0,1.39222,67.7931
19500,9816.78,0.599169,33.144,32.958,0.0437561,4898.07,2454.28,14214.2,710.711,702.494,1018.44,0,31.6474,150.664,124.376,144.64,0.219402,0.426702,1.83791,1.44814,0.00559162,0.155249,0.157284,0.343383,0,1.40895,67.9669
20000,9838.18,0.600475,33.114,33.196,0.0435105,4951.11,2461.86,13974.5,698.726,737.011,998.501,0,31.1405,150.003,127.47,147.18,0.219297,0.426532,1.85785,1.42092,0.00557671,0.157311,0.159277,0.345507,0,1.41214,53.5578
20500,9854.38,0.601464,33.314,33.298,0.0399993,4876.03,2466.45,13759.6,687.98,682.3,997.744,0,30.6879,150.873,130.544,148.98,0.219256,0.426583,1.86997,1.39679,0.0055791,0.15869,0.161077,0.347365,0,1.40239,60.5515
21000,9914.5,0.605133,33.17,33.416,0.0409211,4779.98,2483.68,13615.1,680.753,613.664,990.359,0,30.1971,150.456,133.704,153.14,0.219302,0.426867,1.88318,1.37381,0.00557962,0.160068,0.163394,0.349791,0,1.39048,69.0069
21500,9905.22,0.604567,33.328,33.286,0.0451395,4731.07,2483.88,13670.5,683.525,629.227,987.32,0,30.3474,150.111,136.897,156.92,0.21922,0.426722,1.91213,1.38067,0.00558821,0.161485,0.165438,0.353079,0,1.38759,69.8836
22000,9907.94,0.604733,33.588,33.228,0.037616,4800.53,2486.59,13952.5,697.627,664.997,1013,0,30.9972,150.133,139.961,159.14,0.219225,0.426897,1.93899,1.40906,0.00557845,0.162868,0.166213,0.355242,0,1.39203,69.9227
22500,9878.4,0.60293,33.24,33.174,0.0461847,4919.06,2484.6,14049,702.453,707.196,1015.5,0,31.4436,150.825,142.935,162.48,0.219824,0.428113,1.95181,1.42249,0.00558082,0.164409,0.165969,0.357229,0,1.40573,68.3493
23000,9885.26,0.603348,33.22,33.35,0.0442427,4969.41,2489.36,13835.2,691.758,738.813,998.833,0,31.0689,150.231,146.055,165.06,0.219942,0.428411,1.97725,1.40034,0.00557285,0.165982,0.167264,0.357421,0,1.41088,68.8078
23500,9880.22,0.603041,33.482,33.67,0.0457837,4888.99,2488.33,13548,677.4,684.586,999.425,0,30.5453,150.37,149.347,166.56,0.219602,0.427941,1.99849,1.37207,0.00556939,0.167092,0.169176,0.359744,0,1.40264,67.4459
24000,9899.64,0.604226,33.02,33.154,0.0417395,4778.56,2494.49,13370.3,668.517,621.784,979.858,0,30.1303,151.039,152.486,169.22,0.219751,0.428183,2.0031,1.35111,0.00556201,0.168676,0.169841,0.362184,0,1.39224,69.84
24500,9883.12,0.603218,33.272,33.316,0.0446587,4726.13,2490.5,13392.9,669.646,634.843,987.196,0,30.2522,150.09,155.63,172.66,0.219627,0.427906,2.00564,1.35562,0.00556565,0.170448,0.170893,0.363749,0,1.38926,70.6988
25000,9882.74,0.603195,33.536,33.228,0.0385661,4793.64,2493.64,13675.7,683.786,670.85,1011.06,0,30.9725,150.403,158.798,178.34,0.219968,0.428696,2.02896,1.38447,0.00557038,0.172322,0.172783,0.365697,0,1.39358,68.1479
25500,9841.66,0.600687,33.334,33.24,0.0479927,4906.62,2489.94,13753.3,687.664,705.385,1010.53,0,31.4255,150.222,161.88,179.6,0.220647,0.430002,2.0564,1.39781,0.00558608,0.174134,0.173825,0.36747,0,1.40781,69.781
26000,9859.68,0.601787,33.012,33.142,0.0465363,4964.55,2498.45,13566.3,678.315,740.156,993.454,0,31.0279,150.043,164.893,182.64,0.221015,0.43072,2.06596,1.37683,0.00559458,0.17583,0.173866,0.368703,0,1.41295,70.4978
26500,9859.66,0.601786,33.516,33.678,0.0465655,4886.16,2500.4,13305.2,665.259,690.937,994.362,0,30.5002,150.577,167.834,185.74,0.220977,0.430763,2.08415,1.35035,0.00560526,0.177265,0.174648,0.36928,0,1.40446,69.8605
27000,9889.74,0.603622,33.034,33.204,0.044501,4775.74,2502.48,13158.9,657.945,622.967,975.683,0,30.144,150.826,170.787,189.58,0.220089,0.429217,2.08482,1.33118,0.00559875,0.178422,0.177327,0.369263,0,1.39272,70.2488
27500,9876.4,0.602808,33.268,33.082,0.044713,4726.25,2500.86,13153.4,657.669,635.572,982.008,0,30.3067,149.806,173.952,192.46,0.219961,0.429133,2.11367,1.33267,0.00560248,0.17982,0.179183,0.369856,0,1.39063,69.243
28000,9873.34,0.602621,33.46,33.188,0.0414622,4793.24,2502.36,13392.6,669.629,673.807,1008.44,0,31.0146,150.212,177.077,196.02,0.21984,0.429063,2.14656,1.35717,0.0056057,0.180998,0.181153,0.371034,0,1.39452,71.4377
28500,9836.92,0.600398,33.27,33.292,0.0483898,4908.8,2496.43,13436.8,671.84,720.228,1016.07,0,31.4495,150.582,180.344,199.52,0.220029,0.429412,2.16318,1.36631,0.00561364,0.182317,0.182415,0.371772,0,1.40865,71.4708
29000,9857.82,0.601674,33.146,33.276,0.0464743,4963.88,2506.86,13208.8,660.438,750.624,993.636,0,30.994,149.895,183.456,202.62,0.220534,0.430304,2.18847,1.34059,0.00563673,0.183851,0.184627,0.372649,0,1.41301,70.4344
29500,9847.72,0.601057,33.532,33.682,0.0448743,4879.47,2506.41,12885.3,644.263,694.814,997.771,0,30.3924,150.006,186.585,206.88,0.220355,0.429768,2.22062,1.30908,0.005666,0.184744,0.185539,0.373917,0,1.40437,70.5807
30000,9857.78,0.601671,32.908,33.06,0.0432615,4765.24,2511.55,12762.4,638.122,629.386,973.967,0,30.1344,150.923,189.848,210.54,0.220242,0.429369,2.24984,1.29512,0.00568598,0.186383,0.187549,0.375023,0,1.39393,69.5396
30500,9843.68,0.600811,33.15,33.022,0.0480583,4715.05,2512.2,12699.5,634.975,640.149,975.421,0,30.2397,149.615,193.05,213.88,0.220307,0.429352,2.29145,1.2908,0.00570759,0.188273,0.188967,0.37647,0,1.39181,71.4231
31000,9832.74,0.600143,33.388,33.206,0.0402654,4780.04,2511.58,12908.4,645.419,682.813,1004.71,0,30.9427,150.411,196.289,216.74,0.220177,0.429191,2.32081,1.31358,0.00571574,0.189954,0.189645,0.376934,0,1.3966,70.9562
31500,9788.54,0.597445,33.002,33.024,0.0526634,4893.76,2506.42,12949.5,647.474,728.577,1002.38,0,31.3409,150.447,199.558,218.28,0.220775,0.430498,2.34691,1.3232,0.00572829,0.191162,0.190513,0.37787,0,1.41111,69.8982
32000,9816.24,0.599136,33.072,33.122,0.0500306,4949.87,2516.08,12760.6,638.031,753.793,992.123,0,30.9102,150.074,202.599,221.4,0.220867,0.430771,2.37099,1.3006,0.00575432,0.192732,0.190323,0.378779,0,1.41515,69.7762
32500,9812.22,0.59889,33.236,33.462,0.0483289,4867.76,2513.28,12514.3,625.714,702.288,987.593,0,30.4173,150.353,205.781,224.74,0.220269,0.429601,2.38527,1.27597,0.00576996,0.194071,0.189673,0.378993,0,1.40595,71.1986
33000,9821,0.599426,32.988,33.078,0.0464863,4754.82,2517.68,12340.4,617.018,631.008,976.563,0,30.0562,150.4,208.773,228.46,0.220105,0.429224,2.41259,1.25706,0.00577374,0.195658,0.189044,0.380187,0,1.39611,67.5366
33500,9789.14,0.597482,32.984,32.93,0.0506743,4693.81,2509.51,12360.2,618.008,651.677,968.284,0,30.3004,150.123,211.922,231.24,0.220084,0.429135,2.42526,1.26317,0.00578228,0.197133,0.191132,0.380908,0,1.3934,68.1768
34000,9788.98,0.597472,33.382,32.96,0.0442703,4765.42,2513.52,12531.3,626.565,682.049,999.714,0,30.9538,149.556,215.119,234.34,0.22058,0.429907,2.43319,1.281,0.0058031,0.198608,0.19264,0.38198,0,1.39848,68.3722
34500,9787.16,0.597361,33.06,33.178,0.0516764,4893.06,2517.66,12641,632.051,735.548,1004.16,0,31.3493,150.71,218.334,237.16,0.22106,0.430691,2.44235,1.29193,0.00579619,0.19967,0.193895,0.383206,0,1.41096,67.5546
35000,9795.68,0.597881,32.852,32.98,0.0502279,4944.26,2519.1,12465.6,623.28,766.409,984.286,0,30.9722,150.18,221.458,241.4,0.22099,0.430516,2.44547,1.27332,0.00580719,0.201756,0.195712,0.383823,0,1.41633,67.9431
35500,9795.94,0.597897,33.296,33.436,0.0488328,4868.33,2518.01,12227.8,611.392,711.064,987.176,0,30.4485,150.181,224.61,244.58,0.220708,0.429817,2.44518,1.24906,0.00582381,0.203742,0.197707,0.384534,0,1.40837,67.9868
36000,9822.3,0.599506,32.962,33.074,0.0498091,4756.35,2525.36,12057.3,602.866,640.409,972.249,0,30.0317,150.39,227.664,247.88,0.220591,0.429489,2.45959,1.22805,0.00582971,0.204724,0.199873,0.385527,0,1.39646,68.2219
36500,9801.22,0.598219,33.07,32.976,0.0515552,4703.32,2520.84,12084.2,604.211,655.974,974.312,0,30.2759,149.709,230.81,251.88,0.220429,0.429065,2.48603,1.23341,0.00582918,0.205575,0.201449,0.387595,0,1.39443,67.9429
37000,9775.76,0.596665,33.362,33.082,0.0461172,4762.53,2519.32,12249.2,612.46,694.531,999.469,0,30.9061,150.067,233.853,254.98,0.220925,0.429854,2.50821,1.25378,0.00584294,0.206358,0.202504,0.388352,0,1.3994,69.8299
37500,9760.98,0.595763,32.956,32.992,0.0517085,4886.66,2517.6,12352.9,617.644,740.171,1003.68,0,31.3496,150.274,236.999,258.12,0.221161,0.430355,2.51344,1.26577,0.00584599,0.207261,0.203679,0.3892,0,1.41317,69.0866
38000,9779.86,0.596915,32.972,33.09,0.0521999,4940.22,2519.41,12171.8,608.59,770.663,990.084,0,30.9538,149.747,240.046,262.38,0.220516,0.429186,2.51727,1.24521,0.00586109,0.208416,0.205535,0.389913,0,1.4173,66.0194
38500,9786.42,0.597316,33.124,33.278,0.0509332,4863.92,2519.12,12011,600.55,720.698,984.421,0,30.5044,150.395,242.989,264.12,0.22013,0.428362,2.51805,1.22808,0.00587214,0.209847,0.207949,0.39093,0,1.40853,69.8432
39000,9785.18,0.59724,32.816,32.928,0.0479279,4748.15,2516.5,11886.6,594.331,652.224,969.888,0,30.2039,150.714,245.955,267.84,0.219594,0.427039,2.52506,1.21521,0.00587465,0.211,0.209236,0.391248,0,1.39908,69.4045
39500,9778.96,0.59686,33.086,32.966,0.0485804,4697.28,2513.6,11841.9,592.094,661.27,979.601,0,30.2582,149.851,249.129,270.4,0.219397,0.426594,2.53258,1.21164,0.00587217,0.212518,0.210671,0.391006,0,1.39589,70.0976
40000,9779.12,0.59687,33.17,32.874,0.0467058,4765.53,2516.19,12024.8,601.242,711.239,997.445,0,30.9434,150.273,252.353,272.74,0.219355,0.426669,2.55826,1.23033,0.00587364,0.213981,0.211308,0.390598,0,1.39975,51.0629
40500,9739.48,0.594451,32.932,33.048,0.0549477,4878.59,2506.56,12115.1,605.756,758.721,1005.85,0,31.408,150.333,255.44,276.94,0.219359,0.4269,2.56239,1.24426,0.0058586,0.215152,0.212066,0.391698,0,1.41387,60.3071
41000,9757.3,0.595538,32.964,32.984,0.050726,4933.51,2506.32,11969.5,598.474,787.938,991.991,0,31.0088,149.977,258.521,279.78,0.218814,0.425907,2.54667,1.22726,0.00585461,0.216391,0.213656,0.393062,0,1.4187,68.6497
41500,9777.02,0.596742,33.128,33.266,0.0511705,4861.7,2507.27,11791.9,589.596,737.481,983.935,0,30.536,150.109,261.533,283.06,0.218024,0.424255,2.55102,1.20667,0.00584333,0.217725,0.214544,0.394339,0,1.40917,67.6065
42000,9788.34,0.597433,32.908,33.048,0.0484708,4748.28,2510.93,11630.8,581.54,660.544,979.058,0,30.1893,150.294,264.801,286.94,0.2176,0.423451,2.58462,1.1886,0.00583174,0.218992,0.215259,0.395365,0,1.39891,65.3075
42500,9786.38,0.597313,33.124,32.906,0.0548852,4697.43,2509.35,11600.9,580.043,680.128,974.619,0,30.2526,149.429,268.228,290.74,0.217234,0.423004,2.59822,1.18602,0.00581248,0.220647,0.216924,0.395902,0,1.39456,64.5231
43000,9786.3,0.597308,33.372,33.128,0.042935,4765.87,2511.56,11832.7,591.634,717.071,1010.12,0,30.9825,150.044,271.511,293.34,0.217354,0.423227,2.61442,1.20974,0.00579693,0.221731,0.219089,0.396908,0,1.39891,65.632
43500,9758.9,0.595636,32.934,33.06,0.0529569,4882.27,2509.99,11874.7,593.733,769.036,1007.61,0,31.3683,150.109,274.683,296.8,0.217839,0.424175,2.6366,1.217,0.00578472,0.222868,0.220858,0.397678,0,1.412,67.0685
44000,9747.74,0.594955,32.948,33.04,0.0522359,4929.42,2508.66,11697.1,584.856,797.585,989.553,0,31.013,149.632,277.888,300.42,0.217787,0.423966,2.65697,1.20063,0.00577428,0.223701,0.223238,0.398529,0,1.41879,64.6704
44500,9763.52,0.595918,33.224,33.332,0.0513157,4857.47,2511.18,11502.5,575.124,739.934,986.604,0,30.4804,149.945,281.045,304.62,0.217361,0.423186,2.66672,1.17864,0.00578153,0.224717,0.225194,0.39883,0,1.40985,64.8189
45000,9784.62,0.597206,32.778,32.932,0.0491975,4743,2517.82,11305.1,565.255,679.245,970.2,0,30.0418,150.484,284.084,309.32,0.217116,0.422488,2.69546,1.15579,0.00578935,0.225315,0.228048,0.399175,0,1.39794,66.7541
45500,9732.14,0.594003,33.092,33.05,0.0550458,4679.99,2508.19,11241.7,562.084,682.264,979.287,0,30.2582,149.665,287.353,311.52,0.217497,0.423106,2.71163,1.15557,0.00579077,0.22611,0.229338,0.399705,0,1.39719,65.0653
46000,9727.44,0.593716,33.166,32.94,0.0487266,4747.96,2513.51,11417.5,570.874,720.849,1001.03,0,30.9394,149.587,290.525,314.14,0.217981,0.424075,2.75301,1.17422,0.0057741,0.226978,0.230497,0.400743,0,1.40199,66.6911
46500,9678.4,0.590723,32.53,32.62,0.0561573,4857.69,2505.5,11454.4,572.721,782.529,992.1,0,31.4108,150.47,293.646,316.7,0.218365,0.425061,2.77544,1.18376,0.00577837,0.228168,0.23172,0.401258,0,1.41667,67.2233
47000,9686.12,0.591194,32.88,32.938,0.0562952,4913,2509.14,11312,565.599,802.057,989.793,0,31.0053,149.558,296.874,321.32,0.218381,0.425078,2.79147,1.16847,0.00579031,0.229109,0.23385,0.401584,0,1.42317,68.1872
47500,9702.54,0.592196,33.01,33.04,0.0559296,4836.15,2511.65,11109.3,555.466,742.928,981.252,0,30.4738,150.101,300.067,324.68,0.217903,0.424088,2.80563,1.14556,0.0058036,0.230263,0.236692,0.40224,0,1.41282,66.7872
48000,9740.86,0.594535,32.832,32.912,0.0504944,4729.56,2519.86,10948.4,547.421,677.3,970.567,0,30.0184,150.057,303.363,328.94,0.217312,0.422855,2.81675,1.12432,0.00580318,0.231244,0.239173,0.403205,0,1.39991,66.4248
48500,9749.1,0.595038,33.058,33.038,0.0567348,4685.69,2523.11,10902.4,545.122,693.174,977.169,0,30.1721,149.6,306.587,332.9,0.217365,0.422972,2.83242,1.1187,0.00579009,0.232186,0.241269,0.404571,0,1.3966,65.3461
49000,9728.58,0.593785,33.108,32.792,0.0479951,4748.38,2525.96,11029.2,551.462,732.54,997.236,0,30.8397,149.939,309.877,337.44,0.218119,0.424315,2.8708,1.13416,0.00574892,0.232792,0.243287,0.405533,0,1.40201,65.6363
49500,9676.26,0.590592,32.71,32.864,0.0593566,4856.19,2515.89,11073.2,553.659,784.884,996.246,0,31.2914,149.999,313.094,340.24,0.218448,0.425063,2.88138,1.14463,0.00572383,0.233219,0.243957,0.405946,0,1.41638,64.9687
50000,9662.36,0.589744,32.72,32.82,0.0558502,4902.94,2515.82,10920.4,546.022,811.549,985.358,0,30.9804,149.715,316.532,343.68,0.218631,0.425364,2.90753,1.13071,0.00571897,0.233616,0.245952,0.405517,0,1.42382,63.3115
50500,9689.44,0.591396,32.936,32.956,0.0567251,4834.37,2517.03,10733.7,536.683,758.689,976.6,0,30.5061,149.905,319.585,345.68,0.21784,0.423611,2.89569,1.10823,0.00571018,0.23374,0.248255,0.404837,0,1.41396,64.4901
51000,9738.46,0.594388,32.848,32.964,0.055798,4729.62,2527.99,10598,529.901,691.571,967.159,0,30.069,150.417,322.782,348.28,0.217429,0.422491,2.90354,1.08864,0.00569306,0.233828,0.248454,0.403059,0,1.40054,65.4848
51500,9729.42,0.593837,32.878,32.772,0.0572611,4680.8,2528.52,10597.5,529.873,696.903,969.795,0,30.245,149.703,326.113,351.54,0.21768,0.422901,2.91928,1.08979,0.00569944,0.234427,0.249844,0.402871,0,1.39801,64.2918
52000,9733.76,0.594102,33.29,32.97,0.0507084,4749.28,2533.47,10712.2,535.61,744.788,1000.58,0,30.8992,149.865,329.457,354.7,0.217995,0.423606,2.9426,1.10106,0.00570988,0.23485,0.250339,0.403078,0,1.40157,63.9343
52500,9719.44,0.593228,32.862,32.926,0.059191,4872.65,2532.9,10713,535.65,791.936,1005.45,0,31.3458,150.245,332.614,358.2,0.218196,0.423882,2.95488,1.10246,0.00571107,0.235367,0.250572,0.403219,0,1.41503,64.7973
53000,9748.54,0.595004,32.842,32.962,0.0585033,4928.76,2537.1,10566.3,528.316,830.853,984.76,0,30.9652,149.894,335.593,361.28,0.217664,0.422884,2.95616,1.08443,0.00571156,0.236331,0.250018,0.402878,0,1.4187,65.9269
53500,9761.74,0.595809,33.314,33.372,0.0585608,4856.55,2537.58,10379,518.948,766.333,989.509,0,30.4617,149.741,338.753,364,0.216893,0.421209,2.96905,1.06376,0.0056976,0.237265,0.250692,0.402395,0,1.4099,64.3719
54000,9776.26,0.596696,32.948,33.082,0.0573808,4741.73,2539.78,10231.7,511.586,705.223,973.171,0,30.0739,150.435,341.876,367.5,0.216454,0.419997,2.97349,1.04701,0.00569487,0.238097,0.250244,0.401923,0,1.39844,64.3392
54500,9758.36,0.595603,33.11,33.032,0.0592502,4691.93,2533.15,10220.9,511.044,715.232,978.109,0,30.2926,149.44,345.016,371.1,0.216179,0.41939,2.98126,1.04793,0.00568084,0.238617,0.250425,0.40204,0,1.39714,66.6262
55000,9772.36,0.596458,33.418,33.008,0.0485138,4767.31,2537.27,10337.7,516.887,764.437,1010.07,0,30.9844,149.749,348.094,373.8,0.216394,0.419914,2.9819,1.05843,0.00566093,0.239654,0.251537,0.401771,0,1.40167,67.65
55500,9758.46,0.595609,32.984,33.11,0.0613144,4888.39,2535.5,10381.4,519.071,812.363,1009.4,0,31.4375,150.179,351.181,375.82,0.216512,0.420246,2.98188,1.06398,0.00564947,0.240814,0.253577,0.40187,0,1.414,65.425
56000,9775.76,0.596665,33.092,33.19,0.0570854,4939.14,2535.68,10213.8,510.692,841.444,1004.53,0,31.0651,149.669,354.31,379.78,0.215801,0.418934,2.98466,1.04536,0.00564011,0.241436,0.255518,0.400927,0,1.41792,63.7165
56500,9766.3,0.596088,33.286,33.37,0.0550943,4859.43,2526.29,10046.1,502.304,790.31,1000.47,0,30.6407,149.95,357.584,384.12,0.214587,0.416748,2.98648,1.02916,0.00562827,0.242213,0.256774,0.400748,0,1.41017,65.1783
57000,9812.44,0.598904,33.012,33.158,0.0539892,4755.72,2534.54,9977.56,498.878,722.952,990.812,0,30.3132,150.467,360.891,387.42,0.213905,0.415462,2.98462,1.01717,0.00563167,0.243192,0.256992,0.399983,0,1.39753,61.7404
57500,9801.42,0.598231,33.242,33.242,0.0560725,4705.22,2533.32,9968.24,498.412,729.01,992.926,0,30.3942,149.432,364.151,393.06,0.21422,0.415912,2.99074,1.01757,0.00562991,0.243937,0.257322,0.399398,0,1.395,63.4879
58000,9806.1,0.598517,33.458,32.884,0.0488925,4779.86,2535.27,10142.4,507.118,774.354,1016.15,0,31.1095,149.774,367.28,395.54,0.214431,0.416232,2.99379,1.03504,0.00560856,0.244971,0.257984,0.398981,0,1.40076,62.8706
58500,9751.36,0.595176,33.092,33.286,0.0588294,4886.45,2526.4,10127.8,506.389,824.485,1022.04,0,31.5303,149.979,370.445,399.2,0.214963,0.417256,3.00816,1.03897,0.00558202,0.24531,0.258582,0.398053,0,1.41477,64.8051
59000,9802.64,0.598306,33.12,33.196,0.0569512,4946.59,2541.31,10011.6,500.582,852.371,1004.41,0,31.0508,149.932,373.467,403.56,0.214955,0.417085,3.02691,1.02186,0.00555999,0.24591,0.260129,0.398193,0,1.4161,62.2429
59500,9823,0.599548,33.528,33.676,0.0577823,4874.73,2548.55,9836.43,491.821,796.171,1002.62,0,30.5722,149.814,376.6,407.08,0.214945,0.41686,3.04354,1.002,0.00556013,0.247187,0.26163,0.397796,0,1.40676,62.6924
60000,9839.8,0.600574,33.162,33.22,0.0558912,4762.12,2550.31,9711.29,485.565,722.14,988.557,0,30.2017,150.067,379.863,408.38,0.2144,0.415749,3.05613,0.987336,0.00555117,0.248991,0.263492,0.396754,0,1.39625,49.5144
60500,9837.98,0.600463,33.54,33.494,0.0573589,4717.14,2549.4,9716.18,485.809,734.354,999.785,0,30.3339,149.34,383.094,409.1,0.21406,0.415084,3.06843,0.988087,0.0055318,0.249666,0.264959,0.39588,0,1.39323,59.2596
61000,9819.18,0.599315,33.46,33.096,0.0525673,4781.63,2542.54,9867.28,493.364,785.105,1015.16,0,31.1477,149.96,386.207,412.26,0.213731,0.414553,3.07445,1.00556,0.00551146,0.250312,0.265751,0.395917,0,1.39937,67.1524
61500,9780.8,0.596973,33.152,33.156,0.0572934,4896.03,2533.04,9835.03,491.752,836.602,1023.25,0,31.5485,150.111,389.203,414.74,0.213625,0.414439,3.08791,1.00585,0.00550142,0.251528,0.266462,0.395998,0,1.41387,66.3598
62000,9805.54,0.598483,33.218,33.392,0.0561817,4946.96,2541.03,9655.23,482.762,867.916,1014.92,0,31.1275,150.085,392.21,417.76,0.213481,0.414233,3.10652,0.985306,0.00549016,0.25255,0.267082,0.395225,0,1.41596,67.712
62500,9812.74,0.598922,33.306,33.438,0.0580589,4873.58,2542.69,9507.08,475.354,807.418,1006.07,0,30.6966,149.741,395.412,421.46,0.213273,0.413801,3.11759,0.969447,0.00550205,0.253131,0.266902,0.39491,0,1.4081,67.9847
63000,9827.36,0.599814,33.084,33.268,0.0566336,4761.59,2548.76,9389.7,469.485,738.229,990.343,0,30.3989,150.208,398.752,425.56,0.213166,0.41355,3.14301,0.955796,0.00551418,0.25432,0.267408,0.394486,0,1.39754,65.6525
63500,9821.24,0.599441,33.37,33.278,0.0566605,4715.22,2549.74,9420.98,471.049,743.184,1003.79,0,30.5688,149.712,401.962,429.02,0.213248,0.413703,3.16883,0.959742,0.00550516,0.255507,0.267543,0.394243,0,1.39515,65.6867
64000,9808.26,0.598649,33.592,33.154,0.0516645,4780.54,2546.85,9543.77,477.189,786.261,1025.76,0,31.2906,149.697,405.063,430.78,0.213213,0.413773,3.17798,0.973666,0.00550412,0.25699,0.267515,0.395178,0,1.40059,67.506
64500,9779.58,0.596898,33.178,33.282,0.060324,4898.58,2540.29,9521.24,476.062,842.044,1026,0,31.6393,149.746,408.237,434,0.213435,0.414155,3.17071,0.973864,0.00551454,0.257908,0.267466,0.395084,0,1.41404,68.7885
65000,9795.66,0.59788,33.182,33.322,0.0585976,4951.91,2545.37,9346.08,467.304,878.046,1019.58,0,31.256,149.836,411.422,436.84,0.213383,0.413988,3.18098,0.954582,0.00551055,0.258577,0.267959,0.394674,0,1.4184,67.6555
65500,9809.88,0.598748,33.412,33.532,0.0563661,4878.28,2544.99,9169.42,458.471,828.571,1010.95,0,30.7821,150.023,414.764,440.1,0.212882,0.412999,3.17007,0.935258,0.00550697,0.259893,0.269747,0.395015,0,1.40958,67.2199
66000,9842.84,0.600759,33.16,33.294,0.0572061,4770.06,2547.62,9128.57,456.429,750.764,999.312,0,30.4888,150.363,418.163,443.4,0.212115,0.411461,3.15193,0.927816,0.00551353,0.260594,0.270474,0.396484,0,1.39754,68.1826
66500,9838.44,0.600491,33.29,33.108,0.0541004,4721.81,2541.9,9150.47,457.524,766.236,1001.65,0,30.655,149.8,421.34,446.8,0.211791,0.410805,3.13317,0.930541,0.00553543,0.260749,0.269097,0.397897,0,1.39468,66.0618
67000,9814.04,0.599001,33.64,33.334,0.0521304,4784.66,2533.71,9259.5,462.975,810.695,1036.31,0,31.292,149.701,424.529,450.54,0.211951,0.411101,3.10839,0.943945,0.00555132,0.261662,0.268538,0.398591,0,1.40051,67.7738
67500,9766.28,0.596086,32.928,33.09,0.0596154,4896.45,2522.36,9268.73,463.436,872.701,1030.53,0,31.7422,150.517,427.691,454,0.212096,0.411367,3.10828,0.94926,0.00554817,0.262217,0.270466,0.399615,0,1.41567,65.6946
68000,9783,0.597107,33.256,33.278,0.0614931,4950.05,2524.37,9135.28,456.764,899.121,1020.04,0,31.3541,149.381,430.837,457.22,0.212011,0.411421,3.08796,0.934223,0.00554399,0.263131,0.272314,0.399852,0,1.41987,67.7408
68500,9813.96,0.598997,33.408,33.62,0.0577151,4881.32,2529.81,9027.75,451.388,844.59,1021.33,0,30.9142,150.096,434.01,460.36,0.211579,0.410605,3.08528,0.920458,0.00554431,0.263659,0.271898,0.399488,0,1.40976,67.9362
69000,9840.76,0.600632,33.152,33.218,0.054122,4770.43,2534.79,8949.01,447.45,768.651,1005.36,0,30.5516,150.291,437.19,463.92,0.211199,0.409871,3.08995,0.909783,0.00553634,0.264498,0.272151,0.399461,0,1.39822,67.8697
69500,9836.16,0.600352,33.442,33.374,0.0598647,4722.21,2533.69,8946.37,447.319,771.038,1015.97,0,30.6508,149.326,440.499,467.64,0.211048,0.409441,3.10167,0.909995,0.00551738,0.265118,0.27278,0.399687,0,1.3952,68.2398
70000,9786.34,0.597311,33.568,33.224,0.051877,4776.5,2520.72,9087.14,454.357,825.347,1036.11,0,31.4199,149.679,443.607,471.08,0.210828,0.408841,3.11452,0.929099,0.0055048,0.265761,0.272442,0.399871,0,1.40207,64.8816
70500,9753.94,0.595333,33.104,33.148,0.060631,4893.32,2513.82,9075.02,453.751,877.879,1037.76,0,31.8063,149.822,446.551,474.24,0.210919,0.408784,3.11848,0.930651,0.00548604,0.26634,0.27238,0.399379,0,1.41607,67.2367
71000,9759.76,0.595688,33.214,33.336,0.0578922,4941.62,2513.52,8919.78,445.989,910.835,1030.26,0,31.467,149.62,449.478,477.66,0.210849,0.408594,3.10962,0.91447,0.00547897,0.266913,0.27184,0.399335,0,1.42113,66.7181
71500,9804.36,0.598411,33.32,33.544,0.060733,4877.62,2525.89,8808.59,440.43,856.823,1017.58,0,30.9501,149.707,452.601,481,0.210861,0.408705,3.11225,0.89904,0.0054819,0.268301,0.27279,0.399748,0,1.41009,65.8379
72000,9814.86,0.599052,33.17,33.282,0.0549364,4765.53,2526.54,8690.58,434.529,782.762,1009.25,0,30.6655,150.313,455.794,482.28,0.210345,0.407573,3.12687,0.88587,0.00546547,0.269075,0.273576,0.400005,0,1.40055,65.5578
72500,9777.46,0.596769,33.204,33.094,0.0556452,4705.39,2518.45,8634.06,431.703,784.736,1013.1,0,30.7918,149.348,459.013,484.12,0.2104,0.407546,3.14596,0.883567,0.00547944,0.269519,0.273502,0.401454,0,1.39874,68.107
73000,9767.38,0.596154,33.55,33.17,0.0512668,4770.59,2521.28,8727.66,436.383,836.876,1034.47,0,31.4293,149.631,462.144,486.52,0.211107,0.408996,3.15846,0.894116,0.00548441,0.26964,0.272885,0.402257,0,1.40334,68.1643
73500,9737.76,0.594346,33.078,33.1,0.0594502,4889.39,2514.7,8728.91,436.445,889.579,1038.83,0,31.8225,149.718,465.248,488.66,0.211292,0.409608,3.15285,0.896663,0.00547112,0.270014,0.272584,0.401615,0,1.41766,64.1063
74000,9791.92,0.597651,33.168,33.348,0.0595211,4953.48,2527.98,8627.41,431.371,922.518,1027.6,0,31.413,149.811,468.323,488.84,0.211144,0.409331,3.15141,0.881582,0.00544572,0.271148,0.273442,0.401611,0,1.41953,66.4784
74500,9782.78,0.597094,33.228,33.392,0.0598414,4876.49,2528.49,8481.68,424.084,867.432,1019.1,0,31.0632,150.246,471.31,493.1,0.211488,0.409853,3.16127,0.867491,0.00545184,0.272232,0.274506,0.401068,0,1.413,68.4195
75000,9783.18,0.597118,33.106,33.256,0.053951,4757.34,2529.33,8367.35,418.367,785.359,1014.72,0,30.6276,149.994,474.456,495.98,0.211641,0.409901,3.15683,0.855578,0.00544189,0.273277,0.274959,0.401252,0,1.40241,68.6763
75500,9770.56,0.596348,32.976,32.856,0.0575818,4705.09,2526.69,8393.72,419.686,799.009,1004.56,0,30.7738,149.735,477.52,498.22,0.211755,0.410023,3.16231,0.859521,0.0054408,0.273825,0.275104,0.401873,0,1.39948,66.4211
76000,9751.18,0.595165,33.474,33.198,0.0522308,4766.4,2524.94,8486.19,424.31,839.94,1035.96,0,31.3893,149.518,480.646,501.3,0.212026,0.41051,3.1822,0.87077,0.00543826,0.274075,0.275268,0.401308,0,1.40428,65.9616
76500,9729.3,0.593829,33.042,33.076,0.0573346,4887.8,2523.56,8545.52,427.276,892.772,1038.14,0,31.7841,149.932,483.799,505.06,0.212486,0.41122,3.19287,0.878527,0.00543994,0.275082,0.276329,0.400368,0,1.41799,68.6312
77000,9724.26,0.593522,33.028,33.162,0.0572393,4935.33,2523.8,8398.32,419.916,922.966,1025.14,0,31.4461,149.667,487.005,509.68,0.212688,0.411511,3.19689,0.86415,0.00542543,0.275936,0.278428,0.400375,0,1.42401,68.4422
77500,9736.82,0.594288,33.132,33.226,0.0583884,4861.49,2527.42,8241.39,412.07,868.666,1011,0,30.8817,149.852,490.24,511.5,0.21273,0.411558,3.20065,0.846841,0.00539653,0.2761,0.279991,0.400406,0,1.4151,68.4458
78000,9747.42,0.594935,32.868,33.12,0.0565791,4746.47,2532.96,8151.12,407.556,791.477,1002.33,0,30.5517,150.131,493.548,514.72,0.212686,0.41131,3.22715,0.836509,0.00537059,0.276677,0.282688,0.400622,0,1.40443,67.8958
78500,9736.04,0.594241,33.102,32.968,0.0573236,4692.15,2531.17,8149.56,407.478,804.397,1000.67,0,30.6683,149.644,496.902,518.54,0.212421,0.410635,3.25887,0.837407,0.00534328,0.277746,0.284582,0.401152,0,1.40036,68.1209
79000,9738.22,0.594374,33.326,33.036,0.0564679,4761.73,2534.79,8265.49,413.275,844.839,1025.77,0,31.3037,149.463,499.969,522.8,0.212492,0.410894,3.28975,0.849209,0.00534696,0.27839,0.285843,0.40109,0,1.40481,66.8005
79500,9688.78,0.591356,32.966,33.064,0.0626652,4876.13,2526.19,8268.57,413.429,901.407,1030.38,0,31.6482,149.746,503.262,525.42,0.21296,0.41193,3.30203,0.853556,0.00534263,0.278428,0.2869,0.400316,0,1.42059,66.4854
80000,9695.16,0.591746,32.898,32.986,0.0609855,4927.53,2529.81,8114.11,405.706,928.499,1018.08,0,31.2979,149.516,506.536,529.26,0.212929,0.411812,3.32617,0.837246,0.00532535,0.279241,0.290139,0.399848,0,1.42609,50.1707
80500,9701.64,0.592141,33.112,33.19,0.0605839,4854.36,2532.65,8005.37,400.268,874.247,1006.11,0,30.8712,149.679,509.893,532.9,0.212925,0.411578,3.33676,0.825502,0.00531859,0.280048,0.293116,0.39937,0,1.418,60.0834
81000,9722.2,0.593396,32.986,33.064,0.0568087,4736.58,2537.54,7886.73,394.337,790.848,998.022,0,30.4621,149.78,513.279,535.76,0.212545,0.410593,3.35129,0.811406,0.0052788,0.280541,0.295066,0.398894,0,1.40481,66.9173
81500,9713.68,0.592876,33.034,33.058,0.061322,4687.86,2536.49,7886.78,394.339,806.051,1005.03,0,30.5929,149.729,516.722,537.42,0.212408,0.410242,3.3739,0.812177,0.00523867,0.280786,0.295833,0.398254,0,1.40211,67.8112
82000,9698.18,0.59193,33.152,32.856,0.0553201,4752.01,2534.42,7976.49,398.825,854.284,1018.35,0,31.3328,149.325,520.031,540.08,0.21241,0.410344,3.40113,0.822893,0.00520341,0.28107,0.29621,0.397816,0,1.40772,61.2125
82500,9688.9,0.591364,32.982,32.878,0.0612539,4879.23,2534.9,7968.72,398.436,903.414,1034.37,0,31.7391,149.71,523.351,543.5,0.212343,0.410388,3.42618,0.822651,0.00517301,0.282029,0.298394,0.396701,0,1.42149,63.2034
83000,9711.54,0.592745,33.266,33.386,0.0611161,4931.05,2543.95,7811.08,390.554,927.439,1028.55,0,31.2875,149.441,526.604,546.98,0.212445,0.410763,3.45095,0.804687,0.0051488,0.283548,0.300222,0.397356,0,1.42443,66.7678
83500,9730.7,0.593915,32.976,33.088,0.062318,4862.43,2551.4,7714.38,385.719,871.131,1006.61,0,30.9236,149.874,529.916,551.2,0.21269,0.411055,3.4629,0.793135,0.00512259,0.283894,0.302082,0.398106,0,1.41605,62.2837
84000,9760.02,0.595704,33.092,33.204,0.0584007,4747.65,2558.06,7605.57,380.278,791.049,1005.84,0,30.4467,149.825,533.126,554.52,0.212371,0.410439,3.46989,0.779507,0.00512013,0.284313,0.302236,0.398657,0,1.40291,63.8009
84500,9773.82,0.596547,33.194,33.092,0.0603078,4704.57,2560.65,7616.74,380.837,804.483,1004.85,0,30.6124,149.82,536.471,557.54,0.211897,0.409358,3.48813,0.779714,0.00510324,0.285502,0.301585,0.399011,0,1.39855,68.0357
85000,9752.1,0.595221,33.52,33.268,0.0566011,4770.11,2555.91,7731.02,386.551,857.058,1035.84,0,31.2537,149.39,539.741,561.74,0.2119,0.409398,3.50495,0.79315,0.00510304,0.285985,0.302474,0.399078,0,1.40517,66.5491
85500,9705.88,0.5924,33.052,33.01,0.0655644,4884.83,2545.22,7760.48,388.024,910.048,1029.3,0,31.6896,149.612,542.967,565.2,0.211847,0.409126,3.51621,0.79977,0.00509292,0.286911,0.302916,0.399508,0,1.42074,66.0065
86000,9723.02,0.593446,33.05,33.24,0.0623756,4938.8,2551.02,7649.85,382.493,939.731,1023.91,0,31.3317,149.499,546.223,570.14,0.211858,0.4091,3.52507,0.78711,0.00507747,0.288078,0.303698,0.399649,0,1.42497,66.2645
86500,9747.46,0.594938,33.476,33.526,0.0646572,4866.69,2555.83,7530.64,376.532,876.14,1015.81,0,30.8153,149.292,549.396,574.4,0.211558,0.408491,3.53088,0.772917,0.00507572,0.289125,0.303783,0.399812,0,1.41501,67.1636
87000,9789.14,0.597482,33.15,33.212,0.0604784,4759.12,2562.34,7487.64,374.382,800.808,1004.17,0,30.4496,149.96,552.581,579,0.210734,0.406799,3.53105,0.765075,0.00506144,0.290739,0.305574,0.400372,0,1.40187,66.6908
87500,9792.96,0.597715,33.348,33.242,0.0629635,4710.06,2563.33,7481.74,374.087,812.607,1010.32,0,30.561,149.332,555.821,583.12,0.210487,0.406213,3.54407,0.764344,0.00506167,0.29134,0.308089,0.401197,0,1.39732,63.2441
88000,9799.46,0.598112,33.554,33.314,0.0553667,4782.82,2566.97,7558.78,377.939,863.741,1035.11,0,31.2026,149.637,559.029,586.82,0.210762,0.406556,3.55434,0.771736,0.00505009,0.291269,0.310297,0.401437,0,1.40199,64.572
88500,9774.72,0.596602,33.418,33.4,0.0657874,4903.72,2564.61,7545.01,377.25,912.758,1040.4,0,31.577,149.557,562.104,589.36,0.21109,0.407142,3.57468,0.772069,0.00505528,0.291116,0.310526,0.401283,0,1.41615,65.1447
89000,9799.02,0.598085,33.35,33.442,0.0635048,4959.3,2574.55,7472.86,373.643,943.309,1024.8,0,31.2087,149.508,565.314,594.02,0.211556,0.407989,3.57745,0.762922,0.00507016,0.291666,0.31134,0.401263,0,1.41997,66.8443
89500,9824.1,0.599615,33.502,33.59,0.0619997,4889.3,2580.36,7359.81,367.991,877.004,1020.27,0,30.7905,149.694,568.584,598.9,0.211509,0.407731,3.57404,0.74946,0.00509401,0.292387,0.311257,0.401347,0,1.41041,66.9524
90000,9850.22,0.60121,33.408,33.52,0.0588512,4776.22,2587.28,7247.65,362.383,799.167,1011.31,0,30.3652,149.961,571.807,602.54,0.21107,0.406752,3.59723,0.736062,0.00511442,0.293478,0.312645,0.40156,0,1.39824,67.0307
90500,9819.4,0.599329,33.43,33.368,0.0648214,4717.63,2578.97,7247.5,362.375,813.729,1012.61,0,30.5296,149.525,574.909,604.44,0.210974,0.406478,3.60966,0.738323,0.00510797,0.293873,0.314781,0.40214,0,1.39609,66.4932
91000,9833.04,0.600161,33.682,33.326,0.0576201,4794.25,2578.68,7366.38,368.319,872.095,1034.6,0,31.1754,149.483,578.002,606.82,0.210463,0.405459,3.60165,0.749572,0.00508481,0.294652,0.315172,0.401711,0,1.40054,65.9481
91500,9798.32,0.598042,33.346,33.45,0.0661679,4910.97,2573.7,7401.84,370.092,919.064,1037.55,0,31.548,149.707,581.396,609.92,0.211001,0.406498,3.60876,0.755599,0.00508305,0.295782,0.315111,0.401265,0,1.41493,65.4588
92000,9788.04,0.597415,33.348,33.524,0.0626759,4953.14,2570.76,7315.36,365.768,950.722,1028.03,0,31.2542,149.588,584.71,612.94,0.210851,0.406204,3.61378,0.747737,0.00508698,0.296441,0.315062,0.40097,0,1.41979,67.1493
92500,9792.76,0.597703,33.402,33.512,0.0637278,4878.05,2572.76,7175.44,358.772,890.412,1015.81,0,30.7948,149.871,588.117,616.22,0.210907,0.406225,3.6174,0.733086,0.00510212,0.297406,0.315443,0.40262,0,1.41163,68.035
93000,9786.86,0.597343,33.188,33.32,0.0647884,4760.53,2571.76,7052.6,352.63,815.165,1002.25,0,30.448,149.729,591.258,618.64,0.210793,0.405827,3.62835,0.720811,0.00510112,0.298088,0.315602,0.403769,0,1.40268,67.0112
93500,9811.58,0.598851,33.468,33.326,0.0638528,4719.78,2578.48,7068.6,353.43,819.466,1013.4,0,30.5724,149.317,594.45,620.4,0.210776,0.405876,3.63924,0.720766,0.0050896,0.299453,0.316143,0.405439,0,1.398,67.606
94000,9803.14,0.598336,33.77,33.442,0.058354,4787.58,2575.39,7218.88,360.944,875.771,1038.9,0,31.2157,149.422,597.395,623.84,0.21058,0.405324,3.64095,0.736771,0.0050712,0.300238,0.316612,0.405968,0,1.40327,67.2066
94500,9780.26,0.59694,33.324,33.454,0.0682723,4905.93,2570.09,7223.4,361.17,926.222,1039.13,0,31.6572,149.616,600.546,627.72,0.210311,0.404798,3.65883,0.738715,0.00505082,0.301498,0.31743,0.40621,0,1.41586,67.9903
95000,9788.32,0.597432,33.412,33.488,0.0653066,4955.02,2573.63,7068.15,353.408,956.198,1028.69,0,31.3291,148.996,603.61,631.64,0.210321,0.404954,3.67384,0.722413,0.00503723,0.303512,0.319148,0.406248,0,1.4205,66.5022
95500,9793.44,0.597744,33.56,33.654,0.0646424,4879.97,2577.13,6969.18,348.459,892.85,1024.41,0,30.8536,149.887,606.587,635.72,0.210504,0.405323,3.684,0.712039,0.00505216,0.30581,0.321636,0.40774,0,1.41232,60.2552
96000,9803.18,0.598339,33.246,33.386,0.065579,4763.59,2578.84,6879.95,343.998,820.083,1004.35,0,30.4628,149.545,609.685,636.3,0.210421,0.405102,3.67705,0.702022,0.005064,0.306806,0.322026,0.409334,0,1.40138,62.4169
96500,9805.92,0.598506,33.426,33.3,0.0628061,4716.63,2581.38,6824.86,341.243,829.129,1010.34,0,30.466,149.221,612.76,640.14,0.21062,0.405551,3.68486,0.696297,0.00505037,0.307902,0.323615,0.409818,0,1.39734,66.0886
97000,9796.84,0.597952,33.736,33.502,0.0603997,4783.96,2582.3,6888.08,344.404,880.665,1041.73,0,31.1547,149.372,615.772,643.44,0.211099,0.406474,3.69708,0.70347,0.00503653,0.30841,0.324578,0.410231,0,1.40287,68.3151
97500,9785.74,0.597274,33.372,33.348,0.0653969,4908,2582.7,6909.87,345.494,933.495,1035.09,0,31.5885,149.61,619.103,647.68,0.211454,0.407139,3.70755,0.706282,0.00502147,0.308653,0.325231,0.410209,0,1.41605,66.297
98000,9799.6,0.59812,33.272,33.402,0.0671775,4956.91,2589.53,6762.89,338.145,963.369,1020.56,0,31.2202,149.76,622.348,651.14,0.211543,0.407285,3.73161,0.69046,0.00500325,0.30899,0.326298,0.409918,0,1.41931,66.7782
98500,9792.16,0.597666,33.584,33.67,0.0662502,4878.64,2587.52,6639.44,331.972,899.427,1022.01,0,30.7551,149.532,625.334,650.04,0.211538,0.407222,3.73149,0.678388,0.00500848,0.309848,0.327287,0.409676,0,1.41209,69.4634
99000,9781.28,0.597002,33.252,33.594,0.065965,4757.39,2584.65,6522.34,326.117,822.378,1011.57,0,30.413,149.588,628.54,652.8,0.211477,0.406977,3.72883,0.667105,0.00499738,0.310527,0.32807,0.409398,0,1.40286,72.0373
99500,9748.96,0.595029,33.254,33.164,0.0680257,4697.52,2574.36,6473.33,323.667,840.015,1005.57,0,30.5356,149.208,631.698,656.56,0.211238,0.406494,3.73362,0.664351,0.00497926,0.311249,0.328689,0.409799,0,1.40044,69.9778
100000,9764.54,0.59598,33.75,33.318,0.0621508,4774.56,2579.49,6546.98,327.349,893.817,1036.93,0,31.1618,149.069,634.934,659.84,0.21138,0.406787,3.74064,0.670879,0.00496226,0.311237,0.32885,0.408715,0,1.40507,53.1844
100500,9735.54,0.59421,33.152,33.256,0.0683548,4895.88,2577.28,6575.8,328.79,942.44,1036.53,0,31.5888,149.556,638.011,662.7,0.211925,0.407882,3.75541,0.675577,0.00495256,0.311658,0.327855,0.408277,0,1.41972,64.6632
101000,9740.6,0.594519,33.206,33.3,0.0705206,4941.69,2580.51,6501.07,325.054,968.557,1020.78,0,31.1646,149.031,641.016,666.08,0.211988,0.40808,3.77022,0.667709,0.00493967,0.311755,0.328224,0.408402,0,1.42359,72.8043
101500,9754.64,0.595376,33.662,33.75,0.0675586,4869.24,2583.77,6431.37,321.568,906.576,1026.96,0,30.7746,149.66,644.07,668.92,0.211752,0.407592,3.78037,0.659664,0.00493375,0.312008,0.328435,0.409441,0,1.4148,73.4133
102000,9773.84,0.596548,33.022,33.19,0.0668884,4759.29,2587.54,6365.3,318.265,832.454,998.515,0,30.3698,149.716,647.076,671.82,0.211396,0.40681,3.79084,0.651464,0.00491896,0.313085,0.328084,0.410727,0,1.40443,72.436
102500,9748.4,0.594995,33.442,33.33,0.0677239,4703.49,2581.37,6307.5,315.375,841.776,1012.13,0,30.4798,149.01,650.23,674.7,0.211256,0.406549,3.80402,0.647286,0.00489935,0.313368,0.327145,0.411347,0,1.40198,71.9622
103000,9731.1,0.593939,33.572,33.35,0.0646806,4765.59,2581.08,6372.69,318.634,902.322,1031.86,0,31.0917,149.301,653.55,680.22,0.211563,0.407178,3.83368,0.655179,0.00488886,0.31394,0.32725,0.410969,0,1.40694,71.4086
103500,9704.66,0.592325,33.008,33.034,0.0693223,4886.07,2578.53,6398.86,319.943,949.145,1026.61,0,31.5433,149.482,656.859,684.22,0.212031,0.408181,3.84965,0.659462,0.00486673,0.314353,0.327576,0.410454,0,1.42119,71.047
104000,9732.9,0.594049,33.354,33.488,0.0708922,4942.04,2587.3,6322.34,316.117,977.056,1022.58,0,31.1579,149.05,660.054,688.24,0.21198,0.40804,3.85924,0.649828,0.00484194,0.314465,0.327814,0.409349,0,1.42441,64.3659
104500,9736.94,0.594296,33.462,33.542,0.0733505,4867,2585.69,6235.32,311.766,909.551,1017.8,0,30.7587,149.548,663.189,691.5,0.211639,0.407133,3.86066,0.640675,0.00480465,0.314145,0.328672,0.408523,0,1.41669,65.2351
105000,9733.04,0.594058,33.124,33.216,0.067773,4747.94,2581.55,6165.66,308.283,840.315,1000.02,0,30.3727,149.499,666.3,693.02,0.21106,0.405802,3.85751,0.633718,0.00479265,0.313325,0.328521,0.408008,0,1.40673,66.7411
105500,9729.68,0.593853,33.272,33.278,0.0719428,4698.49,2579.7,6239.05,311.953,840.578,1010.04,0,30.4637,149.059,669.394,695.08,0.211023,0.405733,3.84918,0.641488,0.00480085,0.314106,0.32889,0.408475,0,1.40295,67.0111
106000,9732.9,0.594049,33.534,33.088,0.0616238,4767.61,2580.81,6386.51,319.325,904.548,1029.72,0,31.1496,149.468,672.464,699.78,0.211223,0.406263,3.84664,0.656592,0.00482955,0.314982,0.330324,0.409552,0,1.40736,64.588
106500,9696.62,0.591835,33.11,33.3,0.0735426,4882.93,2574.74,6433.57,321.679,948.532,1031.98,0,31.6047,149.387,675.548,703.56,0.21145,0.406911,3.86616,0.663659,0.00484585,0.315873,0.330701,0.410291,0,1.42141,65.0593
107000,9699.32,0.592,33.134,33.254,0.0733448,4935.15,2579.71,6299.93,314.996,972.85,1019.29,0,31.2844,149.193,678.661,706.52,0.21202,0.408284,3.87052,0.649813,0.00486647,0.316791,0.330627,0.410324,0,1.42743,69.8895
107500,9711.98,0.592772,33.366,33.476,0.0703906,4861.3,2582.26,6231.67,311.583,910.186,1017.81,0,30.8137,149.625,681.711,709.78,0.212058,0.40841,3.85897,0.642059,0.00486146,0.317058,0.331022,0.410496,0,1.41843,70.9656
108000,9722.28,0.593401,33.084,33.09,0.0648141,4745.69,2579.72,6122.45,306.123,840.958,1002.13,0,30.4539,149.758,684.631,713.68,0.211229,0.406748,3.86024,0.630056,0.00485624,0.317184,0.33223,0.411262,0,1.40773,67.8999
108500,9731.08,0.593938,33.286,33.328,0.0717376,4698.81,2579.34,6149.32,307.466,847.643,1010.08,0,30.4933,148.847,687.449,716.56,0.210766,0.405938,3.85562,0.632211,0.00484372,0.31814,0.331984,0.41191,0,1.40274,69.5913
109000,9734.32,0.594136,33.588,33.162,0.0626984,4769.45,2578.69,6296,314.8,908.178,1034.67,0,31.1782,149.453,690.241,719.16,0.210657,0.405804,3.85494,0.647188,0.00483288,0.31812,0.330814,0.411743,0,1.40748,71.4791
109500,9680.82,0.59087,32.962,33.126,0.0751391,4881.26,2573.41,6376.33,318.817,954.496,1027.85,0,31.6251,149.39,693.126,722.92,0.211694,0.40811,3.87549,0.658795,0.00483517,0.318093,0.331614,0.411613,0,1.42291,67.6084
110000,9685.68,0.591167,33.244,33.36,0.0731544,4931.27,2580.01,6249.41,312.471,969.936,1023.51,0,31.262,148.975,696.22,726.02,0.21231,0.409473,3.89679,0.645582,0.00483937,0.318535,0.331156,0.411645,0,1.42858,65.4601
110500,9702.52,0.592195,33.31,33.388,0.0733304,4857.09,2583.81,6159.85,307.993,908.625,1009.63,0,30.7972,149.341,699.237,729.02,0.212153,0.409292,3.89707,0.635195,0.00485187,0.318219,0.331931,0.412025,0,1.41871,73.4972
111000,9704.1,0.592291,33.056,33.168,0.0665974,4740.7,2580.95,6054.46,302.723,844.608,1000.82,0,30.4133,149.719,702.226,732.34,0.211709,0.408204,3.88962,0.624221,0.00486009,0.318232,0.334034,0.412275,0,1.40893,69.9457
111500,9695.1,0.591742,33.19,33.238,0.0721729,4689.36,2578.65,6109.19,305.459,849.513,1001.97,0,30.4836,148.818,705.218,736.7,0.211725,0.408165,3.88877,0.630406,0.00486718,0.318384,0.335469,0.412046,0,1.40533,71.9364
112000,9697.6,0.591895,33.528,33.15,0.0657391,4757.25,2579.01,6142.93,307.147,909.024,1028.93,0,31.1279,149.074,708.318,740.64,0.211919,0.408646,3.88626,0.633864,0.00487521,0.318518,0.333265,0.411259,0,1.40971,71.8746
112500,9673.4,0.590417,33.064,33.014,0.0714961,4879.06,2575.03,6201.17,310.059,956.261,1030.7,0,31.5819,149.508,711.501,743.32,0.212176,0.409258,3.88658,0.641178,0.00485799,0.317895,0.33208,0.410213,0,1.42351,70.3132
113000,9699.72,0.592024,33.104,33.188,0.0722286,4934.03,2583.42,6144.13,307.207,975.501,1018.03,0,31.2253,149.065,714.643,746.38,0.212391,0.409976,3.89011,0.633716,0.00485502,0.318285,0.331716,0.410061,0,1.42763,73.2634
113500,9705.14,0.592355,33.396,33.506,0.0714186,4858.75,2585.69,6064.4,303.22,913.874,1015.41,0,30.7146,149.524,717.939,751.98,0.212424,0.410139,3.89027,0.62513,0.0048519,0.31928,0.332645,0.410508,0,1.41876,72.2504
114000,9726.8,0.593677,33.196,33.34,0.0675349,4745.41,2587.97,5992.29,299.615,840.746,1004.74,0,30.3203,149.685,721.137,754.28,0.211998,0.409485,3.88096,0.616312,0.0048637,0.320197,0.334042,0.411276,0,1.40704,72.4069
114500,9727.6,0.593726,33.144,33.038,0.0721353,4696.04,2583.96,5953.05,297.653,855.208,998.261,0,30.493,148.994,724.239,756.04,0.211612,0.408801,3.86499,0.612155,0.00484961,0.320574,0.334745,0.411915,0,1.40268,71.5185
115000,9746.7,0.594891,33.718,33.432,0.0642499,4773.6,2588.3,6050.38,302.519,911.871,1038.31,0,31.1651,149.162,727.395,758.8,0.211421,0.408609,3.87237,0.620979,0.00483236,0.321411,0.335599,0.412005,0,1.40683,73.0334
115500,9721.8,0.593372,33.154,33.21,0.075348,4893.55,2583.6,6076.93,303.847,960.401,1036.39,0,31.5959,149.583,730.489,762.38,0.211531,0.409115,3.88319,0.625154,0.00482085,0.322219,0.336042,0.411627,0,1.42088,72.228
116000,9720.34,0.593282,33.308,33.338,0.0704787,4940.39,2588.55,5979.26,298.963,980.913,1023.66,0,31.2075,148.824,733.574,765.42,0.21232,0.410839,3.88872,0.615344,0.0048086,0.322924,0.336927,0.411717,0,1.42589,70.8325
116500,9749.16,0.595042,33.652,33.71,0.0691786,4872.31,2597.76,5872.46,293.623,919.803,1026.06,0,30.7157,149.672,736.556,768.5,0.212446,0.410887,3.89265,0.602574,0.00479065,0.322818,0.338049,0.411221,0,1.41604,70.3041
117000,9742.78,0.594652,33.06,33.2,0.0718114,4751.44,2590.05,5763.35,288.168,850.812,1000.15,0,30.3792,149.646,739.554,772.22,0.211611,0.409314,3.88636,0.591728,0.00477897,0.322523,0.339832,0.410567,0,1.40658,68.1955
117500,9745.8,0.594836,33.324,33.372,0.0728773,4703.47,2588.16,5740.78,287.039,866.594,1012.44,0,30.5258,149.195,742.578,774.6,0.211197,0.408594,3.88364,0.589242,0.00478535,0.32364,0.342134,0.411211,0,1.40211,69.017
118000,9745.94,0.594845,33.538,33.234,0.0630106,4772.99,2586.94,5820.32,291.016,925.726,1036.84,0,31.1603,149.546,745.673,776.02,0.211149,0.408508,3.88028,0.597463,0.0047671,0.323959,0.342756,0.411382,0,1.40691,69.947
118500,9701.32,0.592122,33.12,33.244,0.07501,4888.28,2580.11,5839.51,291.976,972.521,1034.53,0,31.5611,149.384,748.81,779.52,0.211719,0.409683,3.88861,0.601999,0.00472877,0.32448,0.34358,0.411972,0,1.42203,66.1308
119000,9715.36,0.592979,33.328,33.306,0.0713568,4938.19,2589.13,5739.5,286.975,990.981,1026.32,0,31.219,149.049,752.05,783.6,0.212557,0.411473,3.89888,0.590908,0.00470987,0.325292,0.343713,0.411832,0,1.42625,64.2823
119500,9736.98,0.594298,33.468,33.57,0.071445,4868.57,2595.21,5629.45,281.472,927.733,1021.49,0,30.7938,149.387,755.261,785.84,0.212482,0.411425,3.90268,0.578429,0.0047173,0.326255,0.344301,0.412552,0,1.41695,69.3585
120000,9754,0.595337,33.404,33.392,0.0660343,4756.57,2594.3,5513.33,275.667,853.263,1016.72,0,30.444,149.47,758.551,790.7,0.211542,0.409663,3.91042,0.5654,0.00470847,0.32714,0.34584,0.412452,0,1.40644,52.5672
120500,9786.56,0.597324,33.234,33.302,0.0731541,4717.46,2598.7,5490.34,274.517,874.884,1009.22,0,30.5052,148.956,761.648,795.14,0.210636,0.407963,3.91235,0.561213,0.00469842,0.327361,0.347518,0.41238,0,1.40052,58.3994
121000,9771.46,0.596403,33.796,33.46,0.0618358,4781.84,2592.88,5580.83,279.041,926.223,1049.96,0,31.2102,149.406,764.563,797.48,0.210486,0.407797,3.91196,0.571381,0.0047013,0.327821,0.347499,0.412817,0,1.40596,68.5185
121500,9760.68,0.595745,33.512,33.48,0.0715353,4906.28,2591.19,5619.56,280.978,975.169,1052.04,0,31.6377,149.491,767.537,800.36,0.210753,0.408311,3.90183,0.575793,0.00470717,0.329482,0.348109,0.414071,0,1.41899,67.2314
122000,9808.24,0.598647,33.372,33.448,0.0710083,4964.85,2604.93,5583.58,279.179,999.508,1032.72,0,31.2779,149.097,770.61,803.06,0.211052,0.408877,3.90003,0.569443,0.00472709,0.330918,0.349076,0.415054,0,1.42046,68.6649
122500,9823.64,0.599587,33.868,33.886,0.0673255,4892.14,2608.05,5483.96,274.198,933.863,1038.45,0,30.7874,149.58,773.505,807.2,0.21101,0.408477,3.88822,0.558444,0.00475279,0.331637,0.349983,0.414908,0,1.41128,68.7797
123000,9850.54,0.601229,33.386,33.46,0.0671977,4780.18,2609.14,5448.95,272.448,863.447,1016.74,0,30.4635,150.033,776.224,810.84,0.210249,0.406764,3.87173,0.553351,0.00477466,0.332155,0.351,0.414731,0,1.39941,69.396
123500,9839.62,0.600563,33.666,33.688,0.0719867,4730.23,2606.73,5469.18,273.459,872.759,1023.62,0,30.4887,149.111,779.106,813.88,0.210223,0.406546,3.88035,0.556038,0.00478398,0.332493,0.352049,0.414859,0,1.39665,69.0685
124000,9815.64,0.599099,33.926,33.66,0.0640271,4792.56,2597.61,5550.17,277.509,928.936,1052.75,0,31.1218,149.224,781.99,817.06,0.210039,0.406203,3.86599,0.565701,0.00478225,0.332406,0.352282,0.414847,0,1.40259,62.2137
124500,9782.76,0.597092,33.386,33.46,0.073512,4905.77,2589.65,5611.19,280.559,977.892,1048.18,0,31.5095,149.586,784.78,820.54,0.21009,0.406438,3.86513,0.573691,0.00476913,0.331982,0.353055,0.414271,0,1.41569,68.9702
125000,9788.84,0.597463,33.482,33.592,0.0740762,4956.28,2594.99,5545.26,277.263,1006,1035.52,0,31.2551,149.142,787.837,824.02,0.210385,0.406992,3.88436,0.566774,0.00476634,0.332756,0.353329,0.414192,0,1.42064,73.2151
125500,9801.72,0.59825,33.79,33.898,0.0711928,4882.87,2597.72,5430.99,271.55,942.681,1033.46,0,30.7668,149.351,790.937,827.06,0.210192,0.406589,3.88772,0.554443,0.0047852,0.333285,0.353076,0.414187,0,1.41184,72.4347
126000,9807.04,0.598574,33.412,33.54,0.0683842,4765.99,2593.88,5416.84,270.842,870.286,1018.2,0,30.4797,149.829,794.142,829.52,0.209395,0.404881,3.88357,0.552555,0.00478326,0.334592,0.353005,0.414331,0,1.40164,74.6141
126500,9820.98,0.599425,33.558,33.426,0.072752,4726.33,2592.65,5385.16,269.258,886.071,1015.38,0,30.5668,149.061,797.354,832.72,0.208883,0.404072,3.86704,0.548688,0.0047837,0.335709,0.353373,0.415259,0,1.39849,74.0238
127000,9798.5,0.598053,33.866,33.598,0.0659364,4786.6,2584.6,5483.36,274.168,938.608,1049.79,0,31.2438,149.061,800.201,834.94,0.208874,0.404287,3.84728,0.559905,0.00477791,0.336233,0.353901,0.414805,0,1.40334,70.7869
127500,9763.9,0.595941,33.496,33.542,0.0728981,4904.09,2579.78,5539.75,276.987,988.492,1055.58,0,31.7233,149.735,803.315,838.96,0.209317,0.405362,3.86015,0.567494,0.00479068,0.337839,0.354644,0.414695,0,1.41777,72.3531
128000,9772.36,0.596458,33.314,33.464,0.0715285,4954.71,2588.54,5481.85,274.092,1014.81,1033.02,0,31.3655,149.22,806.47,841.58,0.209988,0.406832,3.88646,0.561273,0.00479085,0.33911,0.355764,0.415211,0,1.42273,73.6912
128500,9788.72,0.597456,33.79,33.878,0.0703242,4883.91,2595.81,5321.84,266.092,949.064,1040,0,30.8887,149.466,809.733,845.52,0.210193,0.407148,3.90911,0.54398,0.00479994,0.339969,0.357076,0.414578,0,1.41429,71.7274
129000,9811.26,0.598832,33.338,33.434,0.0681335,4772.43,2601.82,5294.48,264.724,868.66,1017.33,0,30.5066,149.639,813.053,847.76,0.209922,0.406498,3.91963,0.539873,0.00481821,0.341053,0.35947,0.413826,0,1.40284,72.128
129500,9792.42,0.597682,33.458,33.384,0.0718688,4717.38,2595.2,5296.1,264.805,888.129,1014.81,0,30.5349,149.124,816.234,850.26,0.209779,0.406179,3.91743,0.541101,0.00481327,0.341541,0.361184,0.414199,0,1.39988,72.7446
130000,9793.16,0.597727,33.82,33.512,0.0644679,4785.91,2595.32,5430.78,271.539,932.53,1046.07,0,31.0792,149.236,819.136,852.86,0.209793,0.406253,3.92453,0.554811,0.00481315,0.341681,0.360717,0.414458,0,1.40411,72.1874
130500,9747.88,0.594963,33.322,33.37,0.074427,4901.7,2590.12,5524.06,276.203,985.093,1038.62,0,31.532,149.439,822.048,856.58,0.210529,0.407809,3.94087,0.566822,0.00479966,0.342036,0.359402,0.41537,0,1.41959,72.9239
131000,9730.04,0.593875,33.332,33.558,0.0729815,4941.78,2587.78,5491.15,274.558,1014.16,1030.7,0,31.2891,149.431,825.01,860.36,0.210649,0.408264,3.95311,0.564702,0.00480384,0.342153,0.359524,0.416218,0,1.42504,73.7591
131500,9745.02,0.594789,33.598,33.668,0.0724827,4871.93,2592.05,5394.67,269.734,943.846,1028.67,0,30.8064,149.359,828.189,863.32,0.210739,0.40845,3.95552,0.55392,0.00480388,0.342262,0.359207,0.417017,0,1.41707,71.9538
132000,9764.82,0.595997,33.186,33.252,0.0712011,4757.37,2590.4,5321.47,266.074,875.311,1008.26,0,30.5358,149.794,831.423,866.56,0.209816,0.40668,3.94146,0.545165,0.00480149,0.34268,0.36111,0.41822,0,1.40503,73.5731
132500,9791.2,0.597607,33.494,33.41,0.0729093,4718.77,2591.96,5263.85,263.193,887.751,1016.21,0,30.5222,148.942,834.773,869.5,0.209083,0.405256,3.93171,0.537918,0.00482813,0.343278,0.36194,0.418595,0,1.4005,73.7052
133000,9768.46,0.596219,33.87,33.64,0.0667875,4781.71,2587.91,5285.12,264.256,941.784,1052.1,0,31.186,149.298,837.892,873.92,0.209259,0.405741,3.93991,0.541316,0.00483618,0.344382,0.36296,0.418633,0,1.40606,73.4855
133500,9727.5,0.593719,33.294,33.276,0.0742673,4895.11,2582.32,5308.25,265.413,997.498,1039.88,0,31.5995,149.334,840.77,876.78,0.210135,0.407625,3.94241,0.545812,0.00485049,0.344433,0.36343,0.418577,0,1.42064,73.308
134000,9732.54,0.594027,33.322,33.538,0.0738897,4945.55,2588.49,5248.65,262.433,1023.6,1032.75,0,31.3592,149.125,843.721,881.14,0.210611,0.408637,3.95266,0.539584,0.00486098,0.34465,0.363199,0.418393,0,1.42554,72.9628
134500,9771.16,0.596384,33.708,33.79,0.0726489,4878.38,2597.25,5148.94,257.447,956.563,1030.55,0,30.8169,149.196,846.736,884.62,0.210456,0.408243,3.95554,0.527259,0.00488048,0.345776,0.363563,0.418266,0,1.41498,73.8041
135000,9777.16,0.59675,33.344,33.35,0.0722589,4761.28,2591.34,5076.1,253.805,879.15,1013.51,0,30.503,149.54,849.533,888.14,0.209382,0.406188,3.94342,0.519416,0.00488898,0.346659,0.364513,0.41816,0,1.40447,73.9534
135500,9773.74,0.596542,33.442,33.5,0.0735217,4715.8,2585.21,5089.16,254.458,898.635,1022.31,0,30.6491,149.11,852.415,891.22,0.208671,0.404836,3.93251,0.520959,0.00489216,0.347276,0.364489,0.418138,0,1.40214,74.0723
136000,9759.82,0.595692,33.858,33.486,0.0663618,4779.01,2581.43,5164.38,258.219,947.789,1053.43,0,31.3727,149.109,855.103,894.34,0.208792,0.405372,3.92933,0.529515,0.00490685,0.347699,0.364455,0.417941,0,1.407,73.4332
136500,9735.7,0.59422,33.234,33.236,0.0708943,4899.31,2580.58,5158.55,257.928,1003.87,1046.06,0,31.7639,149.494,857.891,897.78,0.209535,0.40726,3.93766,0.529989,0.00491058,0.348446,0.363957,0.417651,0,1.42072,74.0028
137000,9738.8,0.594409,33.386,33.584,0.0763155,4945.76,2590.49,5088.31,254.416,1026.14,1039.42,0,31.3566,149.042,860.774,901.86,0.210574,0.409504,3.96496,0.522809,0.00489676,0.348887,0.365093,0.416938,0,1.42515,75.9944
137500,9747.26,0.594926,33.624,33.706,0.0766602,4873.62,2593.33,4990,249.5,959.258,1030.58,0,30.9566,149.307,863.351,905.08,0.210626,0.40967,3.97043,0.512193,0.00490015,0.348349,0.365586,0.416241,0,1.41728,75.7673
138000,9758.52,0.595613,33.444,33.59,0.0710243,4756.94,2590.82,4891.43,244.572,886.298,1022.22,0,30.4771,149.293,866.079,907.2,0.209809,0.408005,3.96537,0.501521,0.00492262,0.348793,0.365343,0.415929,0,1.40637,74.3828
138500,9776.66,0.59672,33.486,33.486,0.0726968,4715.57,2591.54,4895.29,244.764,902.414,1023.19,0,30.529,149.124,869.141,910.28,0.209261,0.406921,3.95485,0.501013,0.00493271,0.349992,0.364876,0.416434,0,1.40172,75.4602
139000,9766.26,0.596085,33.758,33.346,0.0673885,4783.06,2590.75,5010.24,250.512,951.235,1047.64,0,31.161,148.915,872.191,912.24,0.209583,0.407676,3.96531,0.513374,0.00493123,0.351024,0.365288,0.416742,0,1.40744,76.1796
139500,9722.2,0.593396,33.508,33.552,0.0768997,4891.88,2584.35,5042.4,252.12,1001.36,1049.45,0,31.6565,149.511,875.184,914.98,0.210289,0.40923,3.96509,0.518814,0.00493182,0.352116,0.364313,0.416054,0,1.42041,75.5161
140000,9738.68,0.594402,33.256,33.31,0.0757292,4944.44,2594.31,4967.89,248.394,1028.11,1028.95,0,31.3052,149.1,877.861,918.62,0.21113,0.410809,3.97307,0.510365,0.00492321,0.351886,0.363595,0.415433,0,1.42475,56.7895
140500,9724.62,0.593544,33.544,33.72,0.0752133,4866.03,2590.46,4807.96,240.398,958.381,1036,0,30.892,148.974,880.486,922,0.211204,0.410906,3.97168,0.4947,0.00490875,0.351564,0.363613,0.415411,0,1.41859,64.7635
141000,9756.08,0.595464,33.472,33.618,0.0718586,4756.6,2594.85,4719.18,235.959,885.682,1028.55,0,30.4562,149.335,883.565,926.06,0.210445,0.409409,3.97507,0.484005,0.00493306,0.35289,0.363337,0.415343,0,1.40659,73.6923
141500,9749.84,0.595083,33.334,33.374,0.077028,4706.22,2587.96,4685.66,234.283,903.249,1024.68,0,30.5014,148.897,886.657,929.12,0.209753,0.408159,3.96146,0.480829,0.00494351,0.353728,0.362984,0.415332,0,1.40275,75.4327
142000,9754.36,0.595359,33.768,33.274,0.0635403,4776.53,2587.56,4822.86,241.143,951.917,1050.02,0,31.263,149.152,889.377,931.04,0.209941,0.408545,3.94216,0.494782,0.00493525,0.354226,0.362274,0.414764,0,1.40725,74.1517
142500,9726,0.593628,33.598,33.662,0.077534,4893.34,2584.48,4908.41,245.421,1004.17,1059.6,0,31.6183,148.882,892.344,933.58,0.210558,0.409863,3.94276,0.504799,0.0049205,0.355266,0.360669,0.414787,0,1.42036,72.7335
143000,9735.28,0.594194,33.31,33.43,0.077236,4943.25,2591.34,4832.93,241.647,1033.89,1034.23,0,31.2615,148.905,895.242,935.82,0.21115,0.411074,3.95781,0.4967,0.00490497,0.355712,0.360698,0.414452,0,1.42522,71.927
143500,9744.26,0.594742,33.558,33.642,0.0771858,4870.98,2594.41,4729.05,236.453,966.656,1030.05,0,30.7849,149.094,898.372,937.5,0.211017,0.410779,3.96617,0.485606,0.00491458,0.356677,0.362336,0.414477,0,1.41687,60.6583
144000,9770.88,0.596367,33.452,33.556,0.0740277,4759.75,2593.7,4696.01,234.8,890.728,1026.81,0,30.5216,149.832,901.563,937.26,0.209818,0.408236,3.95889,0.480823,0.00490803,0.3577,0.36288,0.414573,0,1.40504,73.9672
144500,9780.62,0.596962,33.512,33.49,0.0737417,4721.13,2589.64,4719.72,235.986,904.401,1029.39,0,30.6811,148.847,904.749,939.94,0.208819,0.406162,3.94958,0.482774,0.00489501,0.358381,0.363489,0.414964,0,1.4025,73.6813
145000,9778.94,0.596859,33.802,33.554,0.0653238,4789.08,2589.81,4799.79,239.99,963.382,1058.16,0,31.2495,149.187,907.54,943.5,0.208862,0.40621,3.9569,0.491103,0.0048705,0.358619,0.362814,0.414167,0,1.40706,74.6233
145500,9727.36,0.593711,33.484,33.426,0.0760591,4897.35,2582.22,4828.94,241.447,1016.39,1053.94,0,31.6186,149.185,910.526,947.82,0.209591,0.407723,3.97398,0.496596,0.00486029,0.359144,0.361594,0.414186,0,1.42156,73.9306
146000,9731.6,0.59397,33.392,33.506,0.074503,4944.26,2587.68,4790.57,239.529,1032.37,1041.03,0,31.2887,148.856,913.409,951.02,0.210377,0.409113,3.97177,0.492545,0.00482326,0.359007,0.36092,0.41361,0,1.42586,74.5557
146500,9732.9,0.594049,33.54,33.696,0.0771541,4868.47,2586.62,4657.6,232.88,974.7,1036.61,0,30.9142,149.159,916.583,953.98,0.209994,0.408249,3.97584,0.478824,0.00482348,0.359313,0.361188,0.413853,0,1.4177,74.8511
147000,9758,0.595581,33.5,33.648,0.0693708,4758.19,2588.52,4629.58,231.479,894.41,1032.21,0,30.4677,149.446,919.741,957.02,0.20925,0.40664,3.97545,0.474637,0.00481781,0.359646,0.361896,0.41472,0,1.40655,76.2749
147500,9751.76,0.5952,33.296,33.308,0.0752738,4712.53,2585.44,4599.56,229.978,914.498,1024.01,0,30.7029,148.858,922.858,959.46,0.208902,0.405805,3.97982,0.471898,0.00480186,0.359843,0.36199,0.41497,0,1.40427,75.8901
148000,9753.78,0.595323,33.826,33.428,0.0680366,4780.96,2585.57,4658.93,232.947,961.663,1055.68,0,31.2117,149.147,925.804,961.08,0.209069,0.406195,3.97468,0.477942,0.00479052,0.360399,0.361904,0.415205,0,1.40855,74.3425
148500,9731.16,0.593943,33.352,33.342,0.0742003,4898.27,2583.01,4690.91,234.545,1019.24,1053.46,0,31.677,149.579,928.893,963.96,0.209478,0.407168,3.9799,0.482162,0.00477707,0.36117,0.361899,0.415206,0,1.42114,75.113
149000,9733.8,0.594104,33.412,33.494,0.0762933,4946.76,2587.29,4677.01,233.851,1040.12,1043.58,0,31.3689,148.909,932.123,965.96,0.209717,0.407639,3.99392,0.480723,0.00477096,0.362343,0.363728,0.415762,0,1.42577,75.401
149500,9742.7,0.594647,33.584,33.764,0.0731263,4871.22,2587.99,4513.4,225.67,973.122,1043.85,0,30.9408,149.23,935.172,968.28,0.209621,0.407358,3.98612,0.463571,0.00476349,0.362734,0.364934,0.416122,0,1.41714,69.759
150000,9783.32,0.597126,33.58,33.664,0.0727072,4766.49,2594.09,4434.29,221.715,907.821,1036.36,0,30.6386,149.668,938.085,971.26,0.20868,0.405402,3.99688,0.453473,0.00475363,0.363083,0.365489,0.417087,0,1.40533,68.6128
150500,9774.24,0.596572,33.474,33.354,0.0718935,4717.74,2585.84,4426.95,221.347,921.191,1031.12,0,30.6451,148.833,940.943,975.22,0.207783,0.403553,3.99439,0.453148,0.00477206,0.363238,0.365437,0.41793,0,1.40255,68.2249
151000,9778.48,0.596831,33.852,33.644,0.0715723,4788.22,2587.56,4516.98,225.849,973.592,1059.95,0,31.2474,149.14,943.838,979.1,0.207661,0.403531,4.00762,0.462207,0.00478256,0.364681,0.365659,0.417946,0,1.40705,68.2824
151500,9740,0.594482,33.438,33.38,0.0708627,4901.62,2582.49,4543.27,227.164,1025.17,1062.57,0,31.638,149.558,946.929,982.76,0.208112,0.404498,4.02883,0.466591,0.00477229,0.365139,0.365944,0.418754,0,1.42084,68.6116
152000,9761.6,0.595801,33.324,33.412,0.0751287,4954.24,2589.8,4488.09,224.404,1046.52,1041.41,0,31.3129,148.777,950.039,987.7,0.208182,0.404701,4.04107,0.459968,0.00474846,0.365298,0.36778,0.419082,0,1.42413,67.6974
152500,9779.5,0.596893,33.874,33.978,0.0735025,4880.4,2592.95,4436.61,221.831,979.414,1050.39,0,30.8877,149.204,953.33,991.84,0.207727,0.403847,4.05279,0.453951,0.0047455,0.366452,0.369378,0.419379,0,1.41463,64.8249
153000,9789.52,0.597505,33.386,33.526,0.07176,4766.37,2589.83,4362.89,218.144,916.482,1034.33,0,30.5701,149.704,956.62,994.44,0.206788,0.401868,4.0486,0.44583,0.00476943,0.368309,0.370155,0.419919,0,1.40439,54.1129
153500,9793.64,0.597756,33.624,33.52,0.0733621,4723.81,2586.17,4386.35,219.317,920.246,1034.04,0,30.676,148.869,959.607,998.7,0.206376,0.401004,4.03163,0.448092,0.0047752,0.368277,0.371224,0.419302,0,1.40184,62.2264
154000,9804.12,0.598396,33.87,33.61,0.0674449,4793.46,2590.19,4450.7,222.535,975.099,1062.68,0,31.3511,149.44,962.464,1002.36,0.206635,0.401486,4.03017,0.454169,0.00476733,0.36822,0.370005,0.418275,0,1.40469,71.1513
154500,9754.2,0.595349,33.478,33.516,0.0730939,4903.62,2582.13,4446.94,222.347,1030.4,1066.36,0,31.6783,149.159,965.085,1005.8,0.207185,0.402681,4.04202,0.456024,0.00474338,0.367965,0.369342,0.417587,0,1.41915,69.5004
155000,9741.92,0.5946,33.47,33.662,0.0795788,4945.72,2583.36,4390.11,219.505,1049.91,1052.91,0,31.4347,149.049,968.03,1009.7,0.207742,0.403728,4.04939,0.450869,0.00473216,0.367973,0.370379,0.417313,0,1.42451,68.4783
155500,9748.32,0.59499,33.716,33.778,0.0788418,4873.67,2586.09,4282.89,214.145,989.902,1044.28,0,30.9452,149.126,970.982,1011.88,0.207923,0.404113,4.05303,0.439585,0.00473129,0.367803,0.370342,0.417088,0,1.41697,73.3764
156000,9745.38,0.594811,33.28,33.516,0.0781272,4753.18,2582.73,4208.45,210.423,916.195,1029.35,0,30.6042,149.431,973.837,1015.78,0.207452,0.403012,4.0545,0.432022,0.00476479,0.367742,0.369068,0.416384,0,1.4068,76.0009
156500,9737.72,0.594343,33.572,33.518,0.0759673,4705.79,2579.07,4180.91,209.045,927.27,1041.5,0,30.7733,149.216,976.571,1020,0.207131,0.402446,4.0626,0.429564,0.00476149,0.367269,0.366814,0.415533,0,1.40446,75.4927
157000,9721.54,0.593356,33.592,33.336,0.0702929,4771.16,2578.2,4231.6,211.58,980.606,1055.37,0,31.377,148.976,979.219,1023.54,0.207452,0.403119,4.07688,0.435541,0.00476116,0.366451,0.364526,0.415026,0,1.41007,74.8926
157500,9675.48,0.590544,33.278,33.158,0.0782853,4880.52,2572.01,4237.12,211.856,1033.03,1057.79,0,31.7828,149.152,982.08,1026.34,0.208192,0.404682,4.09939,0.438078,0.00475532,0.365824,0.362421,0.414288,0,1.42447,75.7046
158000,9676.9,0.590631,33.06,33.27,0.0812015,4928.86,2574.8,4174.63,208.732,1059.83,1038.12,0,31.4412,149.275,984.763,1029.92,0.208583,0.405471,4.09429,0.43162,0.00474518,0.365168,0.360703,0.413944,0,1.42953,75.8913
158500,9681.78,0.590929,33.63,33.694,0.0788271,4853.49,2575.74,4134.92,206.746,993.499,1045.16,0,30.9636,149.074,987.851,1032.56,0.208459,0.405106,4.09562,0.427306,0.00476067,0.365223,0.359568,0.41384,0,1.42073,74.9337
159000,9727.62,0.593727,33.238,33.458,0.0768589,4749.27,2585.2,4012.8,200.64,916.149,1035.53,0,30.558,149.355,991.524,1035.96,0.207912,0.404056,4.10107,0.412721,0.00476997,0.366625,0.359205,0.413327,0,1.40833,72.5742
159500,9688.66,0.591349,33.446,33.454,0.0796387,4692.86,2575.76,3951.39,197.569,926.818,1037.74,0,30.7017,148.526,994.55,1038.44,0.208018,0.404193,4.10356,0.408055,0.00478825,0.36589,0.356667,0.411892,0,1.40744,74.1264
160000,9698.02,0.59192,33.67,33.332,0.0711689,4763.09,2578.31,4009.92,200.496,985.34,1058.25,0,31.3201,148.946,997.073,1041.98,0.208127,0.404355,4.10461,0.413751,0.00479072,0.36405,0.354661,0.409988,0,1.41111,56.5392
160500,9648.6,0.588904,33.096,33.014,0.0800982,4872.37,2566.64,4022.31,201.116,1036.93,1056.3,0,31.8152,149.407,1000.13,1044.2,0.208413,0.40499,4.1011,0.417031,0.004799,0.363984,0.353839,0.408955,0,1.42584,66.4491
161000,9680.38,0.590844,33.248,33.344,0.0844775,4930.24,2577.94,3962.22,198.111,1062.13,1044.7,0,31.4356,149.068,1002.81,1047.6,0.208774,0.40566,4.10466,0.409493,0.00481658,0.363858,0.352601,0.408096,0,1.42935,75.5899
161500,9689.86,0.591422,33.672,33.726,0.0793874,4854.57,2580.86,3867.36,193.368,998.367,1050.35,0,30.9074,148.953,1005.93,1050.76,0.208734,0.405592,4.11481,0.399292,0.00482566,0.364339,0.351792,0.407365,0,1.42022,74.265
162000,9703.22,0.592238,33.204,33.412,0.077286,4741.15,2579.26,3811.35,190.567,923.045,1032.26,0,30.6237,149.224,1008.76,1053.94,0.207958,0.404002,4.10512,0.392943,0.00484235,0.363366,0.351277,0.40566,0,1.40952,75.3153
162500,9699.46,0.592008,33.322,33.318,0.0787756,4695.29,2575.98,3814.27,190.713,933.758,1036.71,0,30.8038,148.917,1011.6,1057.3,0.207555,0.403095,4.10704,0.393385,0.00487315,0.362146,0.350184,0.403548,0,1.40644,76.2405
163000,9715.7,0.592999,33.684,33.38,0.072898,4765.46,2579.31,3868.5,193.425,990.027,1064.73,0,31.3533,149.055,1014.25,1061.18,0.207607,0.4031,4.10104,0.398396,0.0048668,0.361782,0.34916,0.402158,0,1.40941,75.0294
163500,9702.6,0.5922,33.302,33.302,0.0785901,4888.99,2580.05,3858.88,192.944,1043.2,1063.02,0,31.6669,149.219,1017.31,1064.54,0.208028,0.404017,4.11074,0.397794,0.00486635,0.362658,0.347529,0.402036,0,1.42235,67.9823
164000,9688.12,0.591316,33.394,33.43,0.082071,4928.27,2580.05,3846.07,192.304,1066.06,1047.4,0,31.3316,148.704,1020.47,1068.86,0.20874,0.405365,4.10956,0.397139,0.00486495,0.363341,0.347687,0.402037,0,1.4275,73.071
164500,9670.94,0.590267,33.6,33.69,0.0786474,4850.18,2578.79,3763.81,188.191,1005.08,1044.92,0,30.9173,149.076,1023.97,1074.6,0.209225,0.406201,4.11017,0.389338,0.00488227,0.364096,0.347486,0.4017,0,1.421,74.7464
165000,9708.86,0.592582,33.122,33.264,0.0788819,4742.96,2587.48,3713.88,185.694,921.908,1025.14,0,30.5644,149.197,1027.15,1076.98,0.208942,0.405544,4.11262,0.382647,0.00490215,0.364049,0.347247,0.400943,0,1.40889,73.8105
165500,9702.08,0.592168,33.522,33.53,0.0803043,4696.85,2583.47,3696.09,184.804,932.839,1041.18,0,30.6801,148.65,1030.16,1079.56,0.208717,0.405073,4.10375,0.381076,0.00494114,0.364717,0.345474,0.400013,0,1.40643,72.9325
166000,9704.08,0.59229,33.752,33.44,0.0724746,4766.01,2583.21,3737.95,186.897,995.332,1064.09,0,31.2951,148.937,1032.95,1083.68,0.208764,0.40514,4.09581,0.385366,0.00495938,0.365069,0.344078,0.399811,0,1.41087,73.4259
166500,9682.42,0.590968,33.336,33.35,0.0789039,4885.75,2579.15,3763.32,188.166,1048.88,1061.77,0,31.7483,148.934,1035.7,1084.96,0.209085,0.405841,4.09258,0.388775,0.00498105,0.365057,0.342405,0.399169,0,1.42462,72.7703
167000,9710.86,0.592704,33.496,33.57,0.0803134,4937.05,2587.5,3728.54,186.427,1065.61,1054.09,0,31.3264,148.763,1038.79,1086.02,0.209122,0.405977,4.09733,0.384091,0.00500844,0.365577,0.342838,0.399604,0,1.42673,73.1082
167500,9723.92,0.593501,33.598,33.64,0.0803907,4864.73,2589.17,3698.8,184.94,1011.76,1043.29,0,30.9251,149.269,1041.87,1088.92,0.208579,0.40502,4.10886,0.380508,0.00502368,0.366719,0.344079,0.399604,0,1.41773,73.3202
168000,9744.02,0.594728,33.51,33.578,0.0785262,4755.36,2592.5,3613.61,180.68,924.042,1038.53,0,30.5151,148.988,1045.2,1091.48,0.208112,0.404093,4.11772,0.370926,0.00504878,0.367501,0.342832,0.398667,0,1.40742,71.834
168500,9750.48,0.595122,33.63,33.64,0.0814527,4710.28,2592.58,3558.54,177.927,944.371,1045.27,0,30.6102,149.019,1048.15,1092.78,0.207955,0.403836,4.11114,0.365075,0.00507109,0.367736,0.341462,0.397031,0,1.40367,72.9402
169000,9749.22,0.595045,33.686,33.478,0.0732323,4778.3,2593.16,3622.42,181.121,995.159,1064.02,0,31.1729,148.66,1050.89,1096,0.20812,0.404131,4.10836,0.371692,0.00506844,0.367887,0.340383,0.39605,0,1.40769,74.0161
169500,9716.08,0.593022,33.526,33.41,0.0799349,4893.78,2584.81,3647.2,182.36,1050.37,1066.42,0,31.6592,149.209,1053.75,1099.1,0.208261,0.404305,4.10427,0.375483,0.00507811,0.367755,0.339706,0.394904,0,1.42209,74.0015
170000,9719.06,0.593204,33.502,33.612,0.0816774,4941.74,2589.27,3640.78,182.039,1067.58,1060.05,0,31.4,148.902,1056.8,1103.1,0.208538,0.404791,4.12403,0.37474,0.00508247,0.368569,0.341685,0.394731,0,1.42672,75.6718
170500,9745.94,0.594845,33.746,33.822,0.0788602,4874.19,2595.97,3606.42,180.321,1008.16,1057.55,0,30.9422,149.12,1059.73,1106.52,0.208379,0.404383,4.13257,0.370188,0.0051114,0.368105,0.343922,0.393861,0,1.41756,74.1714
171000,9763.9,0.595941,33.492,33.598,0.0771058,4761.6,2597.85,3529.42,176.471,927.34,1040.19,0,30.5545,149.367,1062.81,1109.12,0.207767,0.403141,4.13751,0.361579,0.00512416,0.367809,0.345425,0.393143,0,1.40657,74.2935
171500,9761.76,0.595811,33.528,33.546,0.0793287,4712.48,2595.07,3491.76,174.588,940.536,1046.14,0,30.6447,148.756,1066.06,1112.78,0.207475,0.402553,4.1391,0.357816,0.00511287,0.367705,0.34734,0.39285,0,1.40276,74.3004
172000,9768.08,0.596196,33.946,33.644,0.0715341,4786.04,2598.21,3499.79,174.99,997.626,1078.45,0,31.2683,149.077,1069.32,1117.3,0.2076,0.402874,4.14247,0.358448,0.00513329,0.367399,0.347539,0.391718,0,1.40745,73.7811
172500,9736.08,0.594243,33.27,33.28,0.0809259,4902.38,2592.15,3495.46,174.773,1054.71,1065.01,0,31.7176,149.193,1072.27,1120.12,0.207785,0.403388,4.15982,0.359106,0.00513889,0.367358,0.34628,0.391779,0,1.42166,74.9187
173000,9740.46,0.59451,33.636,33.766,0.0809681,4950.88,2596.37,3471.66,173.583,1079.39,1066.06,0,31.3954,149.01,1075.53,1123.76,0.208084,0.403867,4.16757,0.356513,0.00514044,0.368097,0.347084,0.391421,0,1.42611,74.2452
173500,9745.36,0.59481,33.758,33.846,0.0800291,4877.81,2596.26,3441.25,172.063,1014.14,1059.26,0,31.0086,149.327,1078.81,1126.98,0.207705,0.403193,4.17387,0.353248,0.00513351,0.370105,0.348095,0.391957,0,1.41833,75.4043
174000,9730.4,0.593896,33.25,33.384,0.0798272,4753.25,2588,3333.23,166.661,930.637,1044.98,0,30.677,149.338,1082.12,1129.06,0.207,0.401848,4.17692,0.34265,0.00515829,0.369817,0.347982,0.390868,0,1.40891,75.7317
174500,9726.14,0.593636,33.65,33.678,0.0808,4704.44,2587.86,3297.25,164.862,943.025,1053.89,0,30.6479,148.405,1085.32,1134.16,0.20709,0.401933,4.18571,0.339093,0.00515634,0.370214,0.348344,0.390345,0,1.40558,75.4373
175000,9721.14,0.593331,33.722,33.414,0.0746084,4773.31,2591.28,3339.43,166.972,1006.56,1075.09,0,31.2886,149.141,1087.99,1138.14,0.20772,0.403134,4.19624,0.343686,0.00514162,0.369537,0.348363,0.389537,0,1.41061,72.5017
175500,9707.14,0.592477,33.408,33.376,0.0792277,4896.2,2589.84,3375.57,168.779,1061.11,1072.17,0,31.7236,149.164,1090.92,1140.28,0.207931,0.40367,4.20712,0.347818,0.00516861,0.369007,0.348692,0.388651,0,1.42408,72.7654
176000,9702.12,0.59217,33.464,33.654,0.0850533,4939.31,2590.63,3360.8,168.04,1074.6,1059.86,0,31.3548,148.561,1094.18,1143.24,0.20816,0.40425,4.21297,0.346525,0.00518831,0.370109,0.349104,0.389181,0,1.42868,73.3072
176500,9706.84,0.592458,33.746,33.728,0.0813825,4863.12,2587.74,3292.71,164.635,1014.42,1056.71,0,30.9626,149.136,1097.4,1147.1,0.207645,0.403251,4.20174,0.33935,0.0051823,0.370864,0.350613,0.390475,0,1.41986,71.6061
177000,9719.52,0.593232,33.376,33.562,0.0795705,4751.78,2587.34,3242.81,162.14,941.897,1046.26,0,30.615,149.28,1100.63,1149.24,0.207183,0.402423,4.18608,0.333738,0.00516472,0.37166,0.352223,0.390556,0,1.41005,70.0741
177500,9708.4,0.592554,33.318,33.276,0.0838769,4697.25,2583.83,3218.9,160.945,952.918,1039.5,0,30.6517,148.776,1103.57,1153.58,0.207174,0.40244,4.18355,0.33165,0.00517029,0.371929,0.353875,0.390937,0,1.40571,70.6076
178000,9680.84,0.590872,33.664,33.438,0.073949,4762.91,2579.9,3237,161.85,1008.23,1075.5,0,31.3514,148.741,1106.28,1157.44,0.207682,0.403402,4.19186,0.334518,0.00517212,0.370878,0.352862,0.390389,0,1.4132,69.6362
178500,9673.26,0.590409,33.336,33.322,0.0826743,4886.85,2582,3272.56,163.628,1063.08,1070.86,0,31.8295,149.194,1109.03,1162.3,0.208245,0.404522,4.19485,0.338377,0.00515957,0.370445,0.353174,0.390491,0,1.42611,71.1891
179000,9695.06,0.59174,33.438,33.524,0.0822802,4939.26,2587.25,3246.42,162.321,1083.71,1063,0,31.4442,148.459,1111.85,1166.16,0.208238,0.404463,4.19319,0.334974,0.00516524,0.37088,0.354193,0.390664,0,1.42963,70.345
179500,9681.4,0.590906,33.582,33.706,0.0817312,4857.73,2578.75,3157.89,157.895,1028.26,1059.34,0,31.0255,149.286,1114.88,1170.24,0.207471,0.402972,4.18956,0.326323,0.0051939,0.370161,0.353111,0.389431,0,1.42217,72.0711
180000,9690.36,0.591453,33.334,33.42,0.0802763,4739.79,2574.91,3102.24,155.112,946.57,1042.88,0,30.7119,149.07,1118.11,1172.12,0.206474,0.401071,4.18308,0.32023,0.00521472,0.369986,0.353579,0.389137,0,1.41064,56.0512
180500,9698.68,0.59196,33.474,33.446,0.079846,4698.68,2577.22,3086.38,154.319,956.906,1054.66,0,30.7224,148.303,1120.96,1175.12,0.20628,0.40064,4.19417,0.318341,0.0052222,0.3692,0.353249,0.388618,0,1.40746,63.9007
181000,9716.2,0.59303,33.826,33.508,0.0745788,4774.91,2583.52,3155.42,157.771,1014.6,1081.01,0,31.4716,149.114,1123.71,1178.8,0.206599,0.401297,4.20136,0.324937,0.00524799,0.368532,0.352946,0.388189,0,1.4122,70.569
181500,9693.68,0.591655,33.24,33.258,0.0833038,4893.31,2580.83,3183.75,159.188,1070.27,1068.99,0,31.8754,148.788,1126.57,1181.76,0.20696,0.402105,4.20358,0.328526,0.00526009,0.368149,0.352512,0.387604,0,1.42503,72.114
182000,9687.42,0.591273,33.628,33.77,0.0841857,4936.19,2578.89,3152.19,157.61,1092.93,1072.22,0,31.5357,148.539,1129.44,1184.44,0.206924,0.40209,4.20283,0.325535,0.00525933,0.368707,0.35299,0.387448,0,1.42981,73.2272
182500,9685.16,0.591135,33.618,33.662,0.0812742,4858.6,2571.19,3139.37,156.969,1033.43,1057.43,0,31.1029,149.054,1132.64,1187.64,0.205942,0.400206,4.19282,0.32429,0.00524701,0.370327,0.354214,0.388251,0,1.42179,73.2463
183000,9695.04,0.591738,33.18,33.388,0.0797683,4744.69,2568.48,3103.02,155.151,956.049,1046.34,0,30.7089,149.064,1135.7,1190.54,0.205279,0.399013,4.17082,0.320169,0.00525823,0.37071,0.355764,0.388964,0,1.41118,73.3545
183500,9703.14,0.592233,33.752,33.63,0.0807505,4698.8,2570.91,3090.68,154.534,961.905,1059.89,0,30.6397,148.329,1138.5,1194.22,0.205392,0.399243,4.17209,0.318623,0.00524852,0.369975,0.357454,0.389198,0,1.40695,74.0117
184000,9699.4,0.592004,33.544,33.286,0.0742221,4768.79,2574.96,3146.55,157.327,1025.6,1070.18,0,31.3996,149.108,1140.89,1195.84,0.206126,0.400613,4.1832,0.32456,0.00522913,0.369573,0.3594,0.388936,0,1.4123,74.7519
184500,9678.52,0.59073,33.37,33.336,0.084938,4885.95,2576.75,3177.47,158.874,1070.82,1074.95,0,31.7052,148.975,1143.41,1199.84,0.207018,0.40228,4.20572,0.3284,0.00521595,0.369653,0.360203,0.388212,0,1.42526,73.4183
185000,9691.76,0.591538,33.544,33.682,0.0852811,4938.38,2579.59,3185.96,159.298,1089.53,1069.19,0,31.3557,148.555,1146.52,1204.08,0.206784,0.401927,4.20755,0.328885,0.00523152,0.371059,0.361729,0.389232,0,1.42973,72.8883
185500,9713.34,0.592855,33.662,33.756,0.0841957,4865.27,2579.14,3150.59,157.529,1035.03,1054.87,0,30.8839,148.932,1149.67,1207.14,0.20601,0.400467,4.19005,0.324516,0.00521686,0.37211,0.365346,0.391026,0,1.41943,72.7008
186000,9721.5,0.593353,33.414,33.536,0.0823849,4748.3,2575.22,3090.78,154.539,951.27,1043.56,0,30.5631,148.953,1152.9,1210.4,0.205084,0.398669,4.18128,0.318055,0.00523762,0.372802,0.367541,0.39155,0,1.40864,73.9995
186500,9731.94,0.59399,33.678,33.642,0.0812382,4707.54,2578.3,3085.62,154.281,963.03,1057.92,0,30.6454,148.819,1156.02,1213.42,0.20521,0.398928,4.18233,0.317182,0.00525868,0.373435,0.368931,0.391798,0,1.40568,73.8819
187000,9717.96,0.593137,33.712,33.384,0.0781361,4772.96,2578.7,3123.32,156.166,1024.7,1075.43,0,31.2726,149.003,1158.74,1216.36,0.205753,0.40003,4.19313,0.321568,0.0052491,0.374108,0.370315,0.39184,0,1.41107,74.4658
187500,9677.14,0.590646,33.4,33.382,0.0809883,4886.11,2572.96,3168.97,158.449,1070.34,1074.71,0,31.7353,148.843,1161.58,1217.92,0.206416,0.401293,4.20469,0.3276,0.00526069,0.374603,0.369843,0.391337,0,1.4257,74.5346
188000,9707.72,0.592512,33.424,33.52,0.0823189,4943.7,2583.24,3160.49,158.025,1096.92,1066.35,0,31.4005,149.088,1164.37,1221.08,0.206715,0.401949,4.20517,0.325698,0.00524913,0.374993,0.370172,0.391709,0,1.42886,73.8912
188500,9718.46,0.593168,33.584,33.75,0.0833723,4870.03,2584.39,3107.67,155.384,1030.34,1058.14,0,30.9329,149.029,1167.32,1224.96,0.206587,0.401717,4.19112,0.319936,0.00522365,0.375303,0.371773,0.392093,0,1.41987,73.6528
189000,9758.74,0.595626,33.68,33.738,0.0794453,4761.91,2591.58,3068.41,153.421,946.38,1055.44,0,30.5693,149.263,1170.39,1228.04,0.206061,0.400726,4.19247,0.314558,0.00520635,0.376122,0.373591,0.392906,0,1.4075,74.0432
189500,9750.9,0.595148,33.548,33.532,0.0830112,4712.69,2591.31,3072.6,153.63,964.558,1049.41,0,30.652,148.833,1173.42,1233.24,0.206252,0.401267,4.19739,0.315231,0.00519449,0.376699,0.37511,0.393595,0,1.40426,74.0458
190000,9719.9,0.593256,33.87,33.624,0.0757658,4773.02,2586.19,3117.41,155.871,1015.15,1077.68,0,31.2837,148.717,1176.07,1235,0.206679,0.402304,4.20975,0.320889,0.00518661,0.376354,0.376454,0.394372,0,1.41066,73.541
190500,9675.66,0.590555,33.248,33.248,0.0822117,4888.59,2579.97,3135.25,156.763,1077.09,1067.59,0,31.6909,149.023,1178.82,1238.04,0.207508,0.40406,4.21303,0.324135,0.00515935,0.376057,0.37515,0.394339,0,1.42646,73.2316
191000,9688.02,0.59131,33.512,33.574,0.0837084,4936.41,2585.25,3085.43,154.271,1092.6,1063.05,0,31.413,148.896,1181.54,1242.42,0.207512,0.404171,4.2307,0.318605,0.00512935,0.376122,0.376712,0.394479,0,1.4296,72.7958
191500,9714.1,0.592902,33.612,33.682,0.0863153,4865.29,2589.36,3040.83,152.041,1024.91,1055.03,0,30.9365,149.056,1184.65,1245.8,0.207008,0.403164,4.23478,0.313212,0.00510382,0.377581,0.380535,0.394923,0,1.4197,73.6463
192000,9712.08,0.592778,33.536,33.808,0.0806288,4748.71,2587.86,2940.02,147.001,952.003,1053.17,0,30.5792,149.174,1187.6,1249.44,0.206705,0.402657,4.23834,0.302829,0.00506878,0.378257,0.381602,0.395176,0,1.41021,72.1617
192500,9699.14,0.591989,33.388,33.37,0.0828991,4699.66,2585.82,2933.99,146.699,965.947,1041.93,0,30.6154,148.604,1190.6,1252.66,0.206936,0.403077,4.24574,0.302631,0.00504282,0.377998,0.383043,0.393617,0,1.40809,70.1333
193000,9690.76,0.591477,33.718,33.36,0.0771386,4766.75,2589.18,2997.4,149.87,1014.81,1073.26,0,31.2673,148.48,1193.08,1253.96,0.207468,0.404117,4.27524,0.309517,0.00499165,0.377072,0.382386,0.393394,0,1.41328,71.7075
193500,9635.66,0.588114,33.442,33.494,0.0865722,4874.01,2579.07,2989.07,149.454,1073.88,1075.58,0,31.6455,148.845,1195.51,1257.18,0.207987,0.405108,4.28829,0.310308,0.00498727,0.375807,0.380044,0.393023,0,1.42803,73.1519
194000,9661.06,0.589664,33.34,33.364,0.0842173,4931.18,2586.22,2973.21,148.66,1093.31,1057.58,0,31.403,148.863,1198.24,1262.42,0.207877,0.404752,4.29755,0.307888,0.00499223,0.376435,0.379801,0.392877,0,1.43229,72.5069
194500,9661.32,0.58968,33.41,33.576,0.0870355,4853.21,2584.65,2903.88,145.194,1029.36,1047.56,0,30.9438,148.938,1201.54,1265.04,0.207438,0.403637,4.30525,0.300755,0.00497471,0.377983,0.380808,0.393619,0,1.42387,72.6881
195000,9681.64,0.59092,33.394,33.532,0.0837227,4738.45,2585.66,2833.45,141.673,952.184,1045.55,0,30.5105,148.94,1204.84,1267.96,0.206817,0.402306,4.29949,0.292786,0.00496906,0.379169,0.380915,0.394854,0,1.41168,74.0316
195500,9652.42,0.589137,33.408,33.418,0.0853368,4682.95,2579.81,2870.05,143.502,960.285,1044.76,0,30.5942,148.511,1207.77,1271.66,0.207009,0.402712,4.30229,0.297451,0.00496061,0.380513,0.382564,0.395309,0,1.40936,73.5181
196000,9667.7,0.59007,33.626,33.288,0.0766762,4756.6,2587.34,2905.32,145.266,1020.18,1063.63,0,31.2357,148.579,1210.42,1274.94,0.207781,0.404168,4.30273,0.300736,0.00494723,0.380914,0.380856,0.395366,0,1.4138,73.8101
196500,9632.04,0.587893,33.242,33.256,0.0857846,4874.43,2583.34,2921.73,146.087,1076.28,1066.04,0,31.6895,149.047,1213,1277.84,0.208491,0.405576,4.3133,0.303416,0.00491132,0.381081,0.378616,0.39472,0,1.42863,74.649
197000,9647.28,0.588823,33.5,33.564,0.088414,4924.81,2590.56,2907.67,145.384,1088.3,1056.62,0,31.3037,148.257,1215.79,1280.92,0.208706,0.405804,4.32961,0.301553,0.00487716,0.381257,0.376348,0.394726,0,1.43244,73.6427
197500,9652.08,0.589116,33.706,33.762,0.0877364,4848.96,2590.28,2862.86,143.143,1022.13,1054.64,0,30.7714,148.701,1218.67,1284.34,0.208359,0.404811,4.33792,0.296764,0.00485688,0.382432,0.376051,0.395124,0,1.4237,70.9153
198000,9681.14,0.59089,33.286,33.454,0.0836235,4739.6,2595.93,2810.08,140.504,952.426,1036.49,0,30.3746,149.004,1221.6,1287.06,0.207759,0.403352,4.34643,0.290372,0.00480942,0.383057,0.377204,0.395032,0,1.41195,72.2305
198500,9665.18,0.589916,33.464,33.458,0.0866828,4686.64,2591.54,2821.36,141.068,958.008,1040.45,0,30.4442,148.354,1224.53,1290.86,0.207882,0.403464,4.34124,0.292037,0.00476516,0.383585,0.379289,0.395173,0,1.40892,72.6728
199000,9667.92,0.590083,33.722,33.364,0.080143,4758.15,2595.69,2882.1,144.105,1010.08,1062.57,0,31.1659,148.407,1227.38,1294.14,0.208411,0.404622,4.34638,0.298308,0.00474306,0.384478,0.380984,0.395545,0,1.4139,70.5625
199500,9633.82,0.588002,33.204,33.194,0.088511,4873.15,2591.05,2941.13,147.057,1072.6,1059.97,0,31.6369,149.035,1230.29,1296.8,0.208876,0.405663,4.36454,0.305381,0.00471201,0.385576,0.380832,0.396024,0,1.42805,74.112
200000,9649.08,0.588933,33.32,33.498,0.0853428,4926.11,2596.47,2965.18,148.259,1091.18,1049.06,0,31.1784,148.624,1233.37,1299.76,0.208922,0.405748,4.37236,0.307471,0.00466812,0.38698,0.381859,0.396617,0,1.43254,56.7419
200500,9649.96,0.588987,33.672,33.766,0.0858828,4849.64,2593.28,2877.47,143.873,1032.79,1046.09,0,30.7519,149.042,1236.38,1303.64,0.208436,0.404808,4.36425,0.298359,0.00464703,0.387851,0.381934,0.39715,0,1.42439,65.3337
201000,9682.9,0.590997,33.218,33.378,0.0871397,4738.96,2599.03,2820.02,141.001,943,1032.88,0,30.3405,149.171,1239.8,1306.38,0.207772,0.403594,4.36997,0.291364,0.00464126,0.389733,0.382092,0.397554,0,1.41146,73.5908
201500,9662.7,0.589764,33.448,33.476,0.0877797,4689.14,2595.03,2882.91,144.146,959.677,1034.91,0,30.4433,148.295,1243.04,1310.12,0.207832,0.403713,4.38469,0.298475,0.00463082,0.390468,0.383812,0.397928,0,1.41027,73.8509
202000,9640.86,0.588431,33.572,33.196,0.0810184,4749.85,2593.32,2959.88,147.994,1013.7,1058.27,0,31.1361,149.019,1245.96,1313.22,0.208356,0.404618,4.40405,0.307226,0.00462104,0.390098,0.385494,0.398201,0,1.41571,74.3753
202500,9590.64,0.585366,33.196,33.216,0.0900026,4862.65,2586.25,2994.03,149.701,1065.84,1057.53,0,31.6583,148.574,1248.63,1316.5,0.209252,0.406387,4.41235,0.312265,0.004568,0.390006,0.385695,0.397513,0,1.43151,73.3949
203000,9593.82,0.58556,33.266,33.506,0.0889075,4910.44,2589.93,2985.57,149.279,1082.82,1046.5,0,31.2484,148.24,1251.45,1320.3,0.209527,0.406876,4.42246,0.311375,0.00452956,0.389312,0.386576,0.397033,0,1.43639,71.0634
203500,9602.22,0.586073,33.4,33.432,0.0885849,4835.95,2588.96,2934.72,146.736,1022.31,1038.44,0,30.7827,148.91,1254.83,1324.66,0.208919,0.405597,4.41989,0.305791,0.00452126,0.390049,0.388172,0.397788,0,1.42714,74.2409
204000,9610.62,0.586586,33.032,33.244,0.0872814,4720.56,2586.24,2893.07,144.654,944.662,1022.67,0,30.3891,148.829,1258.14,1327.7,0.208207,0.404172,4.41277,0.301167,0.00452436,0.390805,0.389028,0.397616,0,1.41663,73.7859
204500,9634.84,0.588064,33.512,33.372,0.0910539,4678.54,2593.78,2914.18,145.709,959.052,1027.32,0,30.411,148.473,1261.32,1330.46,0.208148,0.404026,4.42909,0.302577,0.00452783,0.390961,0.390624,0.39689,0,1.41105,72.1327
205000,9625.36,0.587485,33.506,33.184,0.083181,4744.64,2593.34,2913.04,145.652,1012.17,1053.9,0,31.1177,148.524,1263.73,1333.02,0.208595,0.40483,4.43,0.30281,0.00451511,0.38997,0.388303,0.39581,0,1.4162,72.3984
205500,9597.16,0.585764,33.218,33.214,0.0885386,4865.31,2590.3,2925.06,146.253,1067.8,1057.98,0,31.626,148.914,1266.13,1335.42,0.209347,0.406281,4.42708,0.304886,0.00445837,0.389109,0.387254,0.394615,0,1.4311,72.1753
206000,9591.12,0.585396,33.206,33.36,0.0890401,4909.06,2591.11,2906.33,145.317,1085.91,1043.52,0,31.2801,148.367,1268.87,1338.58,0.209492,0.406565,4.44055,0.303163,0.00441375,0.388499,0.388171,0.394256,0,1.43619,72.6495
206500,9599.06,0.58588,33.45,33.606,0.0911284,4836.32,2594.32,2830.68,141.534,1022.95,1043.38,0,30.8859,149.097,1271.85,1342.28,0.209324,0.406225,4.45861,0.295053,0.0043807,0.388659,0.388836,0.394834,0,1.42788,73.7919
207000,9612.62,0.586708,33.116,33.268,0.0878714,4721.15,2594.4,2771.3,138.565,939.829,1023.77,0,30.3865,148.552,1275.14,1345.58,0.208844,0.405315,4.44765,0.288447,0.00439075,0.388852,0.388753,0.395192,0,1.41655,72.0038
207500,9593.72,0.585554,33.22,33.206,0.0901913,4666.92,2586.68,2755.59,137.78,954.869,1033.31,0,30.5272,148.637,1278.27,1348.38,0.208573,0.404834,4.44315,0.287352,0.00439943,0.389259,0.389853,0.395003,0,1.41347,71.1434
208000,9586.14,0.585092,33.402,33.006,0.0797606,4734.72,2588.25,2813.03,140.652,1013.14,1054.22,0,31.2942,148.531,1280.94,1351.06,0.208973,0.405652,4.46492,0.293634,0.00433445,0.389528,0.390849,0.393971,0,1.41892,71.1113
208500,9572.62,0.584266,33.258,33.206,0.0933696,4857,2588.7,2836.74,141.837,1065.49,1052.82,0,31.7205,148.597,1283.49,1353.12,0.209372,0.406626,4.47998,0.296431,0.00429638,0.389869,0.391316,0.392888,0,1.43257,71.1762
209000,9587.16,0.585154,33.19,33.26,0.091274,4909.9,2593.87,2830.75,141.537,1080.74,1050.72,0,31.3673,148.543,1286.42,1357.42,0.209349,0.406596,4.48871,0.295417,0.00429701,0.390391,0.391134,0.392514,0,1.43699,72.052
209500,9613.04,0.586733,33.434,33.64,0.0926917,4841.9,2599.23,2780.85,139.043,1021.1,1044.8,0,30.8431,149.066,1289.9,1360.48,0.208935,0.405835,4.4944,0.289493,0.00431983,0.391403,0.392085,0.392569,0,1.42774,72.0646
210000,9615.1,0.586859,33.144,33.306,0.0868847,4722.86,2595.96,2720.73,136.036,943.062,1030.15,0,30.4555,148.848,1293.26,1363.68,0.208403,0.404725,4.48933,0.283082,0.00435189,0.391713,0.392482,0.392375,0,1.41668,72.2136
210500,9604.32,0.586201,33.342,33.314,0.0932365,4670.52,2594.73,2766.68,138.334,953.245,1029.77,0,30.4971,148.428,1295.98,1367.74,0.208363,0.404791,4.51201,0.288192,0.00432466,0.390523,0.39219,0.391451,0,1.41319,71.4546
211000,9614.26,0.586808,33.494,33.166,0.0822268,4742.99,2599.88,2811.95,140.598,1010.1,1054.52,0,31.2327,148.754,1298.38,1371.44,0.208637,0.405432,4.5183,0.292655,0.00431738,0.388718,0.389908,0.389674,0,1.41714,73.9922
211500,9577,0.584534,33.192,33.124,0.0893836,4860.08,2591.82,2792.05,139.603,1069.37,1051.76,0,31.6339,148.411,1300.96,1374.64,0.208849,0.405692,4.52617,0.291624,0.00429134,0.387542,0.387378,0.387886,0,1.43258,73.6286
212000,9601.38,0.586022,33.444,33.568,0.0906178,4914.93,2598.9,2769.79,138.49,1089.37,1049.55,0,31.3439,148.388,1303.92,1377.38,0.208785,0.405486,4.52916,0.288594,0.00427359,0.387424,0.387571,0.387057,0,1.43612,72.0239
212500,9594.78,0.585619,33.372,33.466,0.0936098,4832.6,2594.06,2699.18,134.959,1023.28,1036.04,0,30.8973,148.889,1307.11,1379.58,0.208336,0.404531,4.52793,0.281483,0.00428266,0.387881,0.387742,0.387312,0,1.42761,73.7474
213000,9615.36,0.586875,33.168,33.316,0.0895899,4724.69,2595.13,2649.7,132.485,948.479,1029.03,0,30.4832,148.995,1310.61,1384.02,0.207575,0.403024,4.52325,0.275666,0.00430254,0.389069,0.38969,0.388,0,1.41694,73.7431
213500,9624.82,0.587452,33.406,33.446,0.0925798,4680.09,2596.9,2667.95,133.398,965.138,1032.33,0,30.5545,148.565,1313.81,1385.94,0.207556,0.403009,4.51716,0.277292,0.00433375,0.388603,0.390289,0.387271,0,1.41281,72.4187
214000,9621.34,0.58724,33.572,33.16,0.080975,4746.35,2595.03,2711.5,135.575,1018.41,1059.81,0,31.2383,148.546,1316.71,1388.72,0.207442,0.40283,4.52533,0.282007,0.00433062,0.387719,0.391201,0.38582,0,1.41754,73.9017
214500,9584.54,0.584994,33.232,33.276,0.0920692,4861.38,2588.29,2758.67,137.933,1073.3,1058.66,0,31.6985,148.695,1319.39,1390.8,0.2075,0.403,4.5484,0.287886,0.00431895,0.387843,0.393149,0.385265,0,1.43185,74.0638
215000,9585.34,0.585043,33.186,33.252,0.0911429,4910.7,2587.96,2711.33,135.566,1095.06,1045.99,0,31.4455,148.66,1322.35,1393.3,0.207417,0.402711,4.54977,0.282972,0.00433198,0.387919,0.392762,0.385118,0,1.43781,73.1705
215500,9603.14,0.586129,33.47,33.518,0.0897354,4839.41,2589.74,2692.22,134.611,1025.44,1047.22,0,30.9539,148.66,1325.84,1397.38,0.20691,0.401718,4.54737,0.280468,0.00434782,0.388617,0.393447,0.385045,0,1.42838,73.711
216000,9628.18,0.587657,33.126,33.386,0.0903022,4728.54,2592.31,2690.48,134.524,950.771,1035.99,0,30.5195,149.068,1329.54,1401.54,0.206216,0.400276,4.54023,0.279515,0.00438799,0.388979,0.393722,0.384703,0,1.41635,71.1461
216500,9641.74,0.588485,33.406,33.346,0.0879345,4682.01,2595.81,2723.27,136.163,956.583,1037.92,0,30.5994,148.505,1332.8,1405.08,0.20631,0.400593,4.53616,0.282552,0.00442219,0.388685,0.39338,0.384986,0,1.4111,72.445
217000,9651.52,0.589082,33.594,33.256,0.0829555,4755.01,2599.71,2781.88,139.094,1014.58,1063.99,0,31.3145,148.756,1335.68,1407.04,0.206694,0.401506,4.5339,0.288389,0.00443611,0.388409,0.391083,0.384466,0,1.41578,71.9531
217500,9603.06,0.586124,33.288,33.284,0.0923255,4864.4,2589.64,2755.12,137.756,1067.68,1063.47,0,31.6887,148.656,1338.58,1410.04,0.207092,0.402352,4.53458,0.286948,0.00442264,0.388373,0.389199,0.383843,0,1.43011,73.4379
218000,9613.4,0.586755,33.416,33.462,0.0911766,4914.52,2591.98,2756.89,137.845,1088.08,1054.08,0,31.3379,148.548,1341.74,1413.1,0.207001,0.40224,4.53484,0.286859,0.00442109,0.388715,0.388347,0.383264,0,1.43452,73.6018
218500,9632.28,0.587908,33.44,33.56,0.0927819,4846.54,2595.02,2665.8,133.29,1027.67,1045.75,0,30.8306,148.503,1345.05,1416.18,0.206773,0.401606,4.52729,0.276901,0.0044432,0.389428,0.388695,0.383035,0,1.42631,71.4803
219000,9648.4,0.588892,33.362,33.546,0.0886542,4732.8,2597.05,2646.47,132.324,951.207,1041.17,0,30.5385,149.132,1348.43,1420.12,0.206408,0.400727,4.52411,0.27438,0.00445974,0.389307,0.388677,0.38235,0,1.41486,72.9227
219500,9644.02,0.588624,33.386,33.42,0.0907175,4684.46,2597.29,2682.05,134.103,961.558,1041.45,0,30.5113,148.539,1351.34,1423.38,0.206429,0.400854,4.5373,0.278191,0.00445162,0.389006,0.388766,0.381936,0,1.41138,70.5425
220000,9647.88,0.58886,33.626,33.25,0.0818011,4755.14,2603.04,2697.89,134.895,1012.2,1063.26,0,31.216,148.346,1353.92,1426.1,0.207111,0.402131,4.55528,0.279769,0.00444556,0.387626,0.385906,0.380795,0,1.41638,55.3676
220500,9605.04,0.586245,33.24,33.214,0.0904947,4866.05,2595.55,2725.92,136.296,1066.6,1059.75,0,31.6527,149.082,1356.63,1428.92,0.207501,0.402817,4.56722,0.283866,0.00441634,0.387458,0.384727,0.379805,0,1.43022,63.2375
221000,9614.1,0.586798,33.308,33.356,0.0908757,4918.84,2597.9,2752.81,137.64,1088.87,1048.1,0,31.2919,148.237,1359.75,1432.34,0.207364,0.402332,4.57129,0.286417,0.0044026,0.38788,0.385683,0.378951,0,1.43555,72.7052
221500,9622.52,0.587312,33.578,33.736,0.0898132,4842,2597.88,2684.3,134.215,1020.81,1049.81,0,30.7752,148.654,1363.17,1435.52,0.207043,0.401397,4.56708,0.279096,0.00442601,0.388383,0.387319,0.378996,0,1.42633,72.3448
222000,9647.62,0.588844,33.224,33.402,0.088645,4733.95,2601.32,2608.31,130.416,953.104,1032.88,0,30.4655,148.859,1366.35,1438.36,0.206561,0.400401,4.55968,0.270494,0.00443121,0.387647,0.388155,0.378542,0,1.41547,73.4429
222500,9647.76,0.588853,33.442,33.45,0.0896668,4686.96,2602.7,2615.83,130.792,962.36,1039.85,0,30.5292,148.615,1369.36,1441.44,0.206816,0.400971,4.56237,0.271263,0.0044382,0.386826,0.389284,0.378214,0,1.41182,73.7407
223000,9668.36,0.59011,33.738,33.41,0.0811864,4760.78,2611.78,2654.63,132.731,1011.65,1065.96,0,31.1581,148.368,1372.18,1443.92,0.207267,0.402039,4.57309,0.274744,0.00444315,0.385883,0.389426,0.376825,0,1.41486,74.6712
223500,9621.34,0.58724,33.404,33.276,0.0883642,4870.9,2599.77,2690.05,134.502,1063.82,1061.55,0,31.5787,148.662,1374.75,1447.02,0.207468,0.402335,4.57098,0.279722,0.00443863,0.383858,0.38687,0.373977,0,1.4296,74.6241
224000,9638.36,0.588279,33.46,33.568,0.0919981,4923.25,2604.02,2710.18,135.509,1089.3,1054.94,0,31.223,148.278,1377.83,1450.94,0.207302,0.402028,4.57131,0.281309,0.00446954,0.382838,0.387456,0.373668,0,1.43335,74.08
224500,9604.12,0.586189,33.442,33.546,0.0930992,4837.59,2593.81,2670.46,133.523,1022.42,1044.23,0,30.703,148.408,1380.95,1453.16,0.20704,0.401434,4.57288,0.278246,0.00448684,0.382246,0.389694,0.374442,0,1.42774,74.6286
225000,9618.06,0.58704,33.326,33.546,0.0906992,4723.32,2595.68,2591.5,129.575,949.17,1037.55,0,30.4051,148.952,1384.11,1457.04,0.206794,0.400986,4.56898,0.269609,0.00450249,0.382117,0.391443,0.374535,0,1.41661,73.9462
225500,9634.44,0.58804,33.384,33.432,0.0881438,4682.49,2600.9,2562.45,128.122,958.59,1042.18,0,30.544,148.431,1386.94,1460.9,0.207122,0.40165,4.55968,0.266109,0.00450754,0.381147,0.39211,0.372876,0,1.41231,73.5349
226000,9654.7,0.589276,33.598,33.286,0.0822778,4757.24,2610.86,2578.77,128.939,1012.26,1064.23,0,31.2442,148.49,1389.48,1463.92,0.207762,0.402866,4.57332,0.267234,0.00449922,0.37985,0.390059,0.37185,0,1.41563,74.2612
226500,9611.9,0.586664,33.352,33.242,0.0923559,4868.35,2599.7,2601.22,130.061,1067.87,1062,0,31.6834,148.723,1392.16,1467.34,0.207698,0.402747,4.58279,0.270715,0.00448625,0.379162,0.388552,0.370605,0,1.4302,75.4925
227000,9631.76,0.587876,33.55,33.592,0.0933077,4920.99,2605.03,2575.97,128.798,1087.24,1054.18,0,31.2007,147.813,1395.39,1470.36,0.207243,0.401778,4.60407,0.267553,0.00447034,0.380673,0.390988,0.371498,0,1.4337,76.2827
227500,9645.74,0.588729,33.69,33.718,0.0940011,4849.58,2605.08,2537.32,126.866,1028.6,1053.48,0,30.8247,149.095,1398.59,1474.3,0.206783,0.400855,4.59833,0.263162,0.00447224,0.380662,0.391562,0.371015,0,1.42505,74.2225
228000,9635.78,0.588121,33.188,33.448,0.0899896,4729.79,2602.86,2499.74,124.987,954.897,1032.12,0,30.4986,148.955,1401.65,1478.16,0.206865,0.400973,4.59098,0.259541,0.00447056,0.379984,0.392524,0.370862,0,1.41586,74.9097
228500,9646.28,0.588762,33.336,33.378,0.0914887,4687.74,2607.18,2465.34,123.267,962.266,1037.11,0,30.5318,148.414,1404.57,1481.92,0.207345,0.401958,4.58109,0.255694,0.00447358,0.379594,0.391487,0.371524,0,1.41205,74.9199
229000,9641.9,0.588495,33.722,33.398,0.0833399,4752.12,2609.05,2470.89,123.545,1018.67,1064.78,0,31.1523,148.493,1406.98,1483.3,0.207823,0.403127,4.59007,0.256438,0.00447981,0.378457,0.389384,0.370805,0,1.41624,73.8302
229500,9597.94,0.585812,33.216,33.168,0.091851,4865.67,2600.77,2484.27,124.214,1071.23,1059.45,0,31.6726,148.959,1409.82,1485.1,0.208177,0.403721,4.60101,0.258909,0.00445539,0.377723,0.387744,0.370598,0,1.43135,71.9
230000,9613.96,0.58679,33.362,33.468,0.0908893,4916.94,2603.43,2502.01,125.101,1096.02,1055.82,0,31.2765,148.529,1412.89,1489.32,0.20779,0.402802,4.60748,0.260374,0.00444222,0.378456,0.38897,0.371498,0,1.4354,76.2242
230500,9631.82,0.58788,33.478,33.522,0.0932811,4845.86,2604.39,2476.45,123.822,1029.03,1045.22,0,30.8084,148.946,1416.02,1493.22,0.207086,0.401213,4.60719,0.257248,0.00443618,0.379027,0.389239,0.370956,0,1.42577,76.4055
231000,9659.84,0.58959,33.466,33.588,0.08737,4735.74,2611.25,2421.95,121.098,950.508,1039.55,0,30.3693,149.022,1419.26,1495.04,0.207013,0.401063,4.60339,0.250863,0.00445681,0.379308,0.390186,0.370506,0,1.41415,76.289
231500,9671.1,0.590277,33.32,33.382,0.0897001,4694.96,2617.73,2421.34,121.067,961.802,1037.15,0,30.4556,148.112,1422.21,1497.2,0.207509,0.40212,4.60682,0.250487,0.0044615,0.378154,0.389871,0.369879,0,1.41038,76.6205
232000,9657.7,0.589459,33.948,33.6,0.083221,4756.47,2618.16,2463.83,123.192,1007.08,1072.17,0,31.1775,148.775,1424.73,1501.16,0.208211,0.403425,4.61201,0.255251,0.0044862,0.375642,0.387573,0.366747,0,1.41497,75.5715
232500,9634.7,0.588055,33.246,33.188,0.0903795,4876.06,2613.4,2478.26,123.913,1066.74,1061.58,0,31.5114,148.747,1427.2,1502.32,0.208502,0.404095,4.6062,0.257322,0.0044742,0.374267,0.386043,0.364313,0,1.42888,75.0728
233000,9641.48,0.588469,33.398,33.51,0.0937934,4926.41,2615.03,2453.04,122.652,1092.57,1050.68,0,31.2005,148.201,1429.93,1505,0.208411,0.403898,4.60751,0.254555,0.00448175,0.373674,0.384645,0.363017,0,1.43387,72.0081
233500,9654.3,0.589252,33.784,33.91,0.0915356,4854.13,2616.21,2407.31,120.366,1027.3,1055.3,0,30.6916,148.675,1432.82,1508.4,0.208123,0.403233,4.59683,0.249527,0.00449104,0.373631,0.384481,0.361901,0,1.42494,75.6118
234000,9669.96,0.590208,33.482,33.564,0.0873044,4739.39,2617.21,2350.54,117.527,946.33,1042.97,0,30.3755,148.937,1435.8,1510.6,0.207975,0.402943,4.57822,0.243208,0.00449935,0.372989,0.384081,0.360992,0,1.41382,74.9039
234500,9673.98,0.590453,33.306,33.394,0.0922023,4693.93,2618.78,2331.27,116.563,964.056,1037.95,0,30.3954,148.337,1438.76,1514.52,0.208265,0.403584,4.5686,0.241096,0.00452089,0.372677,0.383422,0.359699,0,1.40995,74.3974
235000,9672.26,0.590348,33.826,33.488,0.0836282,4762.74,2620.71,2369.32,118.466,1015.34,1072.89,0,31.0382,148.71,1441.4,1517.82,0.208683,0.404426,4.56846,0.245134,0.00453531,0.371348,0.382612,0.359346,0,1.41478,74.2391
235500,9642.5,0.588531,33.402,33.3,0.0901944,4878.43,2615.15,2403.69,120.184,1070.62,1060.5,0,31.4766,148.742,1444.12,1522.68,0.208828,0.404835,4.5823,0.249393,0.00455231,0.371693,0.382414,0.358195,0,1.42849,75.9146
236000,9665.24,0.589919,33.492,33.614,0.0928311,4929.54,2617.25,2426.62,121.331,1096.36,1053.46,0,31.1559,148.502,1447.03,1525,0.208387,0.403807,4.57119,0.251209,0.00453406,0.371315,0.381592,0.357864,0,1.43136,76.3993
236500,9671.86,0.590323,33.718,33.778,0.0882351,4856.64,2615.33,2410.73,120.537,1027.28,1053.96,0,30.6399,148.695,1450.02,1527.4,0.208019,0.402908,4.55322,0.249385,0.0045371,0.371015,0.381331,0.357702,0,1.4232,76.0255
237000,9679.4,0.590784,33.48,33.66,0.0877262,4743.12,2617.8,2351.82,117.591,953.23,1044.17,0,30.3032,149.097,1452.55,1531.14,0.208343,0.403477,4.53901,0.243123,0.00453666,0.368902,0.380031,0.357021,0,1.41359,76.8858
237500,9665.62,0.589943,33.274,33.406,0.0926183,4690.77,2617.03,2358.23,117.912,961.474,1034.75,0,30.3962,148.48,1455.29,1533.04,0.208854,0.404573,4.53386,0.244088,0.00454469,0.366773,0.378191,0.355552,0,1.41009,75.6585
238000,9665.14,0.589913,33.752,33.354,0.0822941,4758.78,2617.58,2387.86,119.393,1020.84,1064.4,0,31.0439,148.632,1457.64,1535.04,0.209324,0.40561,4.5244,0.247252,0.0045544,0.364515,0.378547,0.354884,0,1.41505,74.2075
238500,9630.14,0.587777,33.39,33.372,0.0923827,4872.06,2607.41,2419.68,120.984,1072.6,1061.94,0,31.5095,148.946,1460,1537.78,0.209248,0.405504,4.51699,0.251362,0.00455019,0.362586,0.376903,0.352912,0,1.42827,74.8823
239000,9606.92,0.58636,33.262,33.388,0.092361,4917.53,2600.1,2404.62,120.231,1101.33,1055.45,0,31.2236,148.422,1462.39,1541.42,0.209038,0.405059,4.51192,0.250436,0.00450017,0.361668,0.376007,0.351126,0,1.43633,77.0626
239500,9615.18,0.586864,33.522,33.606,0.0892633,4843.07,2602.9,2353.58,117.679,1029.38,1053.82,0,30.7122,148.67,1464.99,1544.58,0.208937,0.404935,4.52813,0.244943,0.00448724,0.358795,0.373544,0.349098,0,1.42758,76.7744
240000,9627.44,0.587612,33.206,33.332,0.0908736,4729.86,2605.66,2307.55,115.377,955.02,1036.41,0,30.354,149.021,1467.63,1544.36,0.20892,0.405117,4.51874,0.239807,0.00451397,0.35526,0.371971,0.346942,0,1.41696,57.9157
240500,9633.24,0.587966,33.292,33.372,0.0920838,4683.41,2608.37,2283.33,114.166,962.11,1042.5,0,30.4454,148.516,1470.46,1546.5,0.208995,0.405355,4.52882,0.237118,0.00451834,0.351601,0.369889,0.344918,0,1.41251,66.4669
241000,9635.58,0.588109,33.802,33.404,0.0838333,4750.02,2608.67,2301.73,115.087,1020.15,1071.63,0,31.0782,148.603,1473.18,1545.4,0.20906,0.405478,4.52698,0.239038,0.00450895,0.350126,0.368958,0.34277,0,1.41643,74.1758
241500,9593.04,0.585513,33.146,33.214,0.0932272,4863.9,2599.72,2336,116.8,1082.28,1061.77,0,31.5632,148.773,1475.88,1544.68,0.209332,0.40603,4.52797,0.243618,0.00448361,0.349319,0.366877,0.342247,0,1.43116,71.8775
242000,9585.58,0.585057,33.294,33.376,0.092096,4910.91,2598.13,2362.29,118.115,1098.83,1051.16,0,31.2862,148.475,1478.7,1547.36,0.209437,0.40622,4.52867,0.246564,0.00445756,0.348623,0.36528,0.341877,0,1.43765,75.0766
242500,9597.52,0.585786,33.348,33.444,0.0933099,4838.61,2600.76,2329.71,116.486,1034.45,1044.19,0,30.7022,148.836,1481.68,1549.66,0.209061,0.405443,4.54319,0.242912,0.00444989,0.347164,0.365754,0.341346,0,1.42886,76.3767
243000,9612.46,0.586698,33.254,33.432,0.0912616,4723.89,2604.32,2302.36,115.118,950.254,1037.88,0,30.3183,148.798,1484.77,1553.74,0.209075,0.405535,4.53695,0.239664,0.00444476,0.345948,0.364529,0.340874,0,1.41738,74.5426
243500,9615.92,0.586909,33.33,33.336,0.0932731,4675.93,2606.68,2260.67,113.033,961.67,1039.25,0,30.3777,148.326,1487.87,1553.42,0.209314,0.406104,4.53863,0.235229,0.00444242,0.34518,0.364455,0.339774,0,1.41298,75.9439
244000,9597.86,0.585807,33.536,33.224,0.0848458,4738.29,2601.43,2288.24,114.412,1022.28,1061.8,0,31.0943,148.386,1490.78,1554.8,0.209184,0.40595,4.54905,0.238582,0.00444377,0.345951,0.366296,0.340698,0,1.41838,76.4109
244500,9579.04,0.584658,33.268,33.18,0.0916821,4861.05,2597.28,2282.82,114.141,1078.25,1065.86,0,31.5956,148.696,1493.55,1531.4,0.209136,0.405989,4.5607,0.238426,0.00442888,0.348345,0.369085,0.34154,0,1.43274,75.4067
245000,9600.12,0.585945,33.168,33.278,0.0935843,4914.53,2600.34,2286.05,114.303,1095.71,1054.94,0,31.2234,148.666,1496.35,1521.4,0.208749,0.405472,4.55244,0.238263,0.00441483,0.349082,0.371614,0.341971,0,1.43668,75.5678
245500,9601.38,0.586022,33.676,33.806,0.0933898,4838.11,2601.67,2247.36,112.368,1032.24,1058.01,0,30.7624,148.298,1499,1525.76,0.208584,0.405193,4.57007,0.234243,0.00440653,0.349932,0.373006,0.342295,0,1.42838,76.3242
246000,9630.1,0.587775,33.212,33.248,0.0888386,4730.35,2607.73,2206.76,110.338,960.688,1036.57,0,30.4574,149.04,1501.89,1528.5,0.208318,0.404757,4.56953,0.22926,0.00442398,0.348989,0.372153,0.342842,0,1.41668,73.2754
246500,9644.06,0.588627,33.316,33.348,0.0929507,4686.66,2607.89,2204.6,110.23,965.734,1040.58,0,30.4971,148.247,1504.83,1531.08,0.207886,0.403904,4.55653,0.228683,0.00442916,0.347921,0.372359,0.34231,0,1.41193,74.856
247000,9644.74,0.588668,33.768,33.43,0.0815748,4754.08,2606.18,2218.75,110.937,1022.13,1076.13,0,31.1902,148.545,1507.56,1533.78,0.207676,0.403474,4.55661,0.230187,0.00442229,0.348503,0.372786,0.341614,0,1.41637,76.7884
247500,9602.7,0.586102,33.312,33.292,0.0931593,4865.59,2592.57,2252.75,112.638,1084.69,1066.84,0,31.7007,148.745,1510.5,1536.88,0.207379,0.402726,4.54391,0.234696,0.0044141,0.349332,0.374921,0.341587,0,1.43037,76.1899
248000,9620.68,0.5872,33.26,33.38,0.0914398,4919.78,2597.85,2267.99,113.4,1105.43,1060,0,31.332,148.145,1513.41,1540.08,0.207276,0.402459,4.55394,0.235854,0.00440111,0.349706,0.376656,0.342342,0,1.43495,75.7183
248500,9621.24,0.587234,33.68,33.764,0.092982,4843.33,2595.34,2213.45,110.672,1038.74,1061.53,0,30.8746,148.835,1516.47,1542.8,0.206898,0.401905,4.55165,0.230168,0.00442643,0.349224,0.377768,0.343449,0,1.42698,71.0963
249000,9651.26,0.589066,33.28,33.38,0.0864109,4735.64,2601.7,2164.26,108.213,964.441,1047.27,0,30.599,148.885,1519.44,1543.92,0.206575,0.401296,4.55181,0.224326,0.00446752,0.349137,0.379672,0.343127,0,1.4149,75.3533
249500,9668.12,0.590095,33.484,33.486,0.0912853,4694.54,2604.51,2124.92,106.246,972.227,1052.63,0,30.6621,148.415,1522.27,1548,0.206324,0.400888,4.54904,0.219882,0.00450529,0.349509,0.380221,0.343333,0,1.4108,76.2634
250000,9662,0.589722,33.708,33.376,0.0821843,4761.39,2600.41,2156.27,107.813,1032.39,1080.74,0,31.3314,148.654,1525.18,1550.74,0.206127,0.400647,4.54241,0.223289,0.00453065,0.350269,0.379994,0.343779,0,1.41601,75.763
250500,9651.46,0.589078,33.394,33.386,0.0897702,4882.3,2598.18,2200.94,110.047,1089.24,1077.66,0,31.7113,148.784,1528.3,1552.3,0.206104,0.400575,4.54363,0.228122,0.00453324,0.351206,0.383794,0.343113,0,1.42806,76.1926
251000,9665.7,0.589948,33.598,33.692,0.0887537,4934.66,2602.21,2236.91,111.846,1105.54,1077.91,0,31.3704,148.242,1531.55,1556.5,0.206034,0.400387,4.54985,0.23152,0.00453071,0.351899,0.386699,0.343094,0,1.43251,74.6927
251500,9647.74,0.588851,33.528,33.568,0.0914837,4852.4,2595.65,2206.34,110.317,1041.59,1053.94,0,30.9092,148.461,1534.82,1560.12,0.205935,0.40015,4.54086,0.228818,0.00453299,0.35127,0.386334,0.342318,0,1.4258,73.1856
252000,9675.12,0.590522,33.534,33.768,0.0869269,4743.37,2602.08,2149.44,107.472,965.526,1060.63,0,30.6034,148.846,1538.1,1562,0.205711,0.399732,4.53666,0.22228,0.00455042,0.349451,0.385517,0.342471,0,1.41399,73.0972
252500,9681.16,0.590891,33.318,33.334,0.0924019,4698.32,2603.99,2124.27,106.214,974.8,1051.01,0,30.7088,148.617,1541.28,1565.04,0.205833,0.400054,4.53991,0.219515,0.0045535,0.348539,0.384161,0.342462,0,1.41048,75.0912
253000,9668.24,0.590103,33.822,33.49,0.082849,4761.52,2600.82,2153.29,107.664,1031.62,1084.87,0,31.3382,148.73,1544.24,1569.06,0.20587,0.400122,4.54628,0.222822,0.00456444,0.348322,0.384039,0.34174,0,1.41521,75.8313
253500,9659.04,0.589541,33.43,33.322,0.0879878,4885.58,2599.47,2187.35,109.368,1089.94,1079.72,0,31.7327,149.029,1547.18,1571.58,0.205841,0.399959,4.55457,0.226562,0.00458816,0.348078,0.386166,0.340925,0,1.42808,74.2333
254000,9661.34,0.589681,33.442,33.55,0.0884682,4933.45,2602.48,2166.78,108.339,1107.53,1070.84,0,31.4047,148.457,1550.33,1574.56,0.20602,0.400212,4.56518,0.22439,0.00461398,0.348267,0.389519,0.34081,0,1.43292,74.6894
254500,9684.74,0.59111,33.902,34.002,0.0894139,4864.27,2609.08,2155.05,107.752,1036.48,1075.9,0,30.8948,148.508,1553.42,1577.18,0.205935,0.399909,4.57651,0.222615,0.00463484,0.347493,0.388739,0.340714,0,1.42375,75.3036
255000,9687.42,0.591273,33.368,33.47,0.0874229,4748.05,2609.13,2090.16,104.508,963.923,1053.29,0,30.6605,149.014,1556.59,1580.5,0.205937,0.399849,4.56928,0.21588,0.00466649,0.34607,0.386639,0.340166,0,1.41373,74.5589
255500,9702.06,0.592167,33.52,33.596,0.0901837,4704.29,2613.51,2088.66,104.433,969.94,1060.16,0,30.7679,148.588,1559.69,1584.68,0.205995,0.400008,4.56924,0.215362,0.00468103,0.346247,0.385317,0.339125,0,1.409,72.917
256000,9690.56,0.591465,33.896,33.646,0.081593,4770.22,2610.2,2088.95,104.447,1027.73,1091.91,0,31.4138,149.007,1562.81,1588.6,0.205979,0.39994,4.57247,0.215678,0.00466651,0.346703,0.38723,0.338818,0,1.41447,73.5178
256500,9668.02,0.590089,33.27,33.202,0.0888096,4887.51,2605.84,2101.74,105.087,1084.74,1079.26,0,31.7676,148.642,1565.83,1590.46,0.206156,0.400365,4.58056,0.217487,0.0046449,0.347508,0.389677,0.338866,0,1.42746,72.8085
257000,9655.22,0.589308,33.484,33.512,0.0877347,4929.99,2602.24,2136.6,106.83,1106.12,1073.44,0,31.4718,148.396,1568.87,1592.46,0.206247,0.400395,4.56967,0.22139,0.004635,0.348871,0.39109,0.340101,0,1.4329,73.8627
257500,9677.16,0.590647,33.742,33.856,0.0893156,4863.44,2607.8,2127.58,106.379,1039.28,1072.25,0,31.0102,148.833,1571.96,1596.24,0.206073,0.400158,4.57313,0.219967,0.0046319,0.349029,0.390038,0.340441,0,1.42437,75.6423
258000,9683.06,0.591007,33.392,33.534,0.084648,4745.29,2608.07,2072.53,103.627,959.964,1062.62,0,30.6627,149.189,1575.21,1598.9,0.205992,0.40005,4.56264,0.214142,0.00461661,0.349077,0.388022,0.340238,0,1.41342,73.9316
258500,9695.56,0.59177,33.54,33.472,0.0907218,4701.47,2608.04,2035.09,101.754,969.286,1059.1,0,30.6778,148.342,1578.17,1603.3,0.205712,0.399453,4.54836,0.209965,0.00461078,0.349721,0.386178,0.339059,0,1.40894,70.8417
259000,9730.68,0.593914,33.964,33.69,0.0800292,4780.7,2616.43,2072.55,103.628,1034.26,1089.54,0,31.3431,148.74,1581.53,1604.9,0.205589,0.399316,4.54843,0.213076,0.00459614,0.35078,0.384647,0.338863,0,1.41153,72.8263
259500,9698.88,0.591973,33.576,33.57,0.0866133,4896,2606.85,2097.89,104.895,1088.13,1088.93,0,31.7813,148.762,1584.67,1608.82,0.205582,0.399237,4.53917,0.216358,0.00457418,0.352786,0.38725,0.338923,0,1.4252,71.3067
260000,9687.3,0.591266,33.448,33.556,0.0897075,4939.69,2604.84,2110.99,105.55,1111.94,1072.2,0,31.4669,148.848,1587.74,1612.66,0.205698,0.399445,4.53683,0.217982,0.00456675,0.354713,0.39002,0.339962,0,1.4307,55.7231
260500,9694.36,0.591697,33.826,33.884,0.0889271,4864.52,2604.94,2080.89,104.045,1046.15,1071.06,0,30.9839,148.58,1590.56,1615.06,0.20551,0.399045,4.53277,0.214711,0.00456187,0.354949,0.389245,0.341045,0,1.42203,64.3325
261000,9713.22,0.592848,33.43,33.504,0.0830712,4753.54,2606.17,2040.95,102.047,967.262,1063.17,0,30.695,148.939,1593.72,1618.68,0.20507,0.398282,4.51632,0.210185,0.00455422,0.35393,0.386618,0.340375,0,1.41133,72.5465
261500,9721.44,0.59335,33.844,33.822,0.0912784,4709.41,2604.24,2026.49,101.324,979.009,1070.59,0,30.6862,148.343,1596.88,1622.1,0.204648,0.397647,4.50571,0.208505,0.00453521,0.354372,0.386334,0.340067,0,1.40765,71.784
262000,9733.96,0.594114,33.932,33.676,0.0805334,4784.84,2607.93,2046.87,102.343,1042.67,1092.42,0,31.4034,148.702,1600.09,1624.7,0.204583,0.397613,4.50896,0.210376,0.00452107,0.355734,0.387782,0.340116,0,1.41215,73.6494
262500,9710.64,0.59269,33.548,33.52,0.0883392,4901.37,2603.02,2076.79,103.84,1096.45,1091.02,0,31.7441,148.84,1603.38,1626.86,0.204745,0.398016,4.51539,0.213927,0.00454245,0.356403,0.389828,0.340317,0,1.425,73.328
263000,9720.02,0.593263,33.628,33.714,0.0905415,4949.5,2609.05,2073.22,103.661,1113.6,1078.65,0,31.4622,148.514,1606.64,1630.12,0.205198,0.398676,4.52234,0.213375,0.00453029,0.357089,0.39115,0.340727,0,1.42892,72.1557
263500,9716.28,0.593035,33.886,33.888,0.0872312,4871.62,2606.65,2042.77,102.139,1046.57,1075.96,0,31.016,148.707,1609.67,1634.64,0.205001,0.398207,4.5205,0.210354,0.0045305,0.357656,0.393869,0.340696,0,1.42129,74.2835
264000,9724.38,0.593529,33.536,33.776,0.0860563,4754.81,2604.95,1997.09,99.8547,974.641,1065.62,0,30.6921,149.052,1612.57,1636.76,0.204498,0.397316,4.5056,0.205452,0.00452539,0.357271,0.393801,0.341017,0,1.41007,74.0188
264500,9759.64,0.595681,33.56,33.552,0.0880844,4721.25,2611.15,1973.22,98.661,986.332,1063.67,0,30.7852,148.793,1615.63,1639.12,0.20414,0.396593,4.50106,0.202254,0.00450543,0.356219,0.394939,0.340917,0,1.40568,72.7628
265000,9748.16,0.59498,34.254,33.892,0.0792291,4784.82,2608.31,1972.15,98.6074,1041.75,1104.25,0,31.3916,148.467,1618.69,1642.58,0.203907,0.396266,4.52107,0.202399,0.00450121,0.356584,0.396302,0.341277,0,1.41033,71.6471
265500,9708.58,0.592565,33.562,33.586,0.0899409,4898.83,2597.74,1984.18,99.2089,1095.85,1092.01,0,31.8645,148.771,1621.58,1646.58,0.203595,0.395935,4.53482,0.204448,0.00449371,0.357913,0.40014,0.341856,0,1.4245,72.3157
266000,9728.04,0.593752,33.71,33.824,0.0911029,4952.08,2605.35,1978.36,98.9181,1123.94,1079.22,0,31.4549,148.267,1624.53,1649.46,0.20387,0.396593,4.54456,0.203457,0.00447554,0.35749,0.402646,0.341468,0,1.42836,72.9413
266500,9727,0.593689,33.96,34.014,0.0873129,4874.13,2607.35,1943.25,97.1623,1057.22,1077.69,0,31.0535,148.526,1627.54,1653.16,0.203858,0.396585,4.56718,0.199917,0.00448016,0.357245,0.403576,0.341553,0,1.42033,73.683
267000,9728.76,0.593796,33.64,33.9,0.0902638,4757.76,2605.79,1886.8,94.3399,977.387,1068.35,0,30.6271,149.148,1630.64,1656.5,0.203394,0.395434,4.56882,0.194045,0.00445811,0.35671,0.398661,0.34062,0,1.41029,74.4752
267500,9732.28,0.594011,33.718,33.644,0.0921036,4711.3,2603.85,1859.07,92.9533,990.448,1064.25,0,30.7536,148.334,1633.7,1660.3,0.203145,0.394906,4.56272,0.191105,0.00442978,0.354774,0.397706,0.34018,0,1.40671,73.1012
268000,9724.92,0.593562,33.876,33.6,0.0816117,4778.1,2602.97,1896.8,94.8398,1046.38,1093.88,0,31.4057,148.585,1636.88,1665.2,0.20334,0.395213,4.5628,0.195156,0.00441399,0.352512,0.397633,0.338997,0,1.41166,74.1044
268500,9695.62,0.591774,33.776,33.652,0.0888768,4896.71,2596.31,1901.78,95.089,1098.72,1099.14,0,31.748,148.325,1640.04,1667.5,0.203425,0.39541,4.56765,0.196232,0.00444657,0.351702,0.398908,0.338637,0,1.426,75.0928
269000,9731.96,0.593992,33.728,33.87,0.0888647,4951.92,2606.91,1924.01,96.2004,1122.89,1082.88,0,31.3691,148.304,1643.18,1669.94,0.20354,0.395687,4.57021,0.197791,0.00446567,0.351391,0.401931,0.338401,0,1.42805,74.4456
269500,9758.7,0.595624,34.03,33.98,0.0863862,4884.1,2610.86,1918.38,95.9189,1057.67,1083.97,0,31.0279,148.866,1646.3,1672.82,0.203062,0.394748,4.56571,0.196665,0.00448214,0.351241,0.401666,0.339317,0,1.41847,72.4343
270000,9768.02,0.596193,33.51,33.712,0.0865088,4770.23,2608.78,1896.47,94.8233,978.396,1068.92,0,30.6572,148.917,1649.42,1676.38,0.202346,0.393301,4.5552,0.194239,0.00447635,0.350393,0.40065,0.339324,0,1.4083,74.1729
270500,9751.74,0.595199,33.836,33.918,0.0932921,4717.34,2600.88,1885.39,94.2697,987.17,1077.8,0,30.7272,148.296,1652.57,1680.1,0.202005,0.392695,4.54363,0.193391,0.00445465,0.35057,0.399306,0.340539,0,1.40548,74.8854
271000,9758.16,0.595591,34.05,33.7,0.082886,4786.7,2603.77,1934.91,96.7454,1052.49,1092.58,0,31.3949,148.634,1655.73,1684.32,0.202169,0.39294,4.55262,0.198399,0.00446355,0.351181,0.401547,0.34126,0,1.40954,74.558
271500,9729.04,0.593813,33.77,33.76,0.0888087,4906.68,2598.72,1938.49,96.9243,1104.81,1100.89,0,31.8209,149.064,1658.8,1687.84,0.202383,0.393534,4.5637,0.199315,0.00446589,0.353104,0.405035,0.341794,0,1.42379,75.1667
272000,9746.8,0.594897,33.826,33.862,0.0897923,4957.07,2605.92,1984.04,99.2021,1122.48,1087.13,0,31.4285,148.159,1661.85,1691.04,0.202688,0.39413,4.56918,0.203641,0.00445376,0.355101,0.409477,0.343701,0,1.4271,74.965
272500,9741.18,0.594554,34.032,34.154,0.091124,4878.37,2601.14,1976.06,98.8032,1054.74,1087.49,0,31.0133,148.626,1664.81,1694.66,0.202275,0.393337,4.5558,0.202953,0.00443821,0.356328,0.412715,0.344347,0,1.41958,74.3507
273000,9777.48,0.59677,33.7,33.84,0.0867307,4771.36,2608.85,1960.47,98.0234,976.936,1073.3,0,30.6819,148.879,1667.92,1697.88,0.201785,0.392349,4.56534,0.200596,0.00443133,0.35657,0.41388,0.345082,0,1.40759,72.1602
273500,9780,0.596924,33.838,33.874,0.0900183,4726.55,2608.34,1906.87,95.3436,987.733,1077.15,0,30.6914,148.45,1670.95,1700.82,0.201345,0.391715,4.58216,0.195031,0.00440442,0.357881,0.412805,0.344835,0,1.40435,73.2342
274000,9778.18,0.596813,34.15,33.868,0.0839166,4791.93,2609.12,1908.08,95.404,1050.61,1097.24,0,31.337,148.687,1674.16,1703.66,0.20146,0.391968,4.59395,0.195207,0.00439967,0.359149,0.413314,0.345434,0,1.40825,72.2905
274500,9731.12,0.59394,33.624,33.55,0.0902544,4903.89,2598.01,1916.83,95.8416,1105.69,1093.41,0,31.8609,148.966,1677.45,1706.5,0.201575,0.392309,4.60244,0.197064,0.00437759,0.36062,0.414409,0.346984,0,1.42331,70.221
275000,9749.68,0.595073,33.854,33.938,0.0895276,4956.55,2602.55,1927.99,96.3996,1126.06,1090.93,0,31.4353,148.329,1680.43,1710.04,0.201374,0.391849,4.59876,0.197809,0.0043577,0.361953,0.415417,0.347755,0,1.42635,73.9788
275500,9747.46,0.594938,34.09,34.164,0.0898619,4878.27,2599.56,1923.75,96.1876,1061.81,1086.28,0,31.0424,148.687,1683.5,1713.16,0.200986,0.391068,4.60408,0.197441,0.00434821,0.363046,0.417085,0.347556,0,1.41867,73.4562
276000,9771.04,0.596377,33.656,33.798,0.0900792,4769.1,2604.37,1869.37,93.4685,981.499,1069.63,0,30.7584,148.87,1686.74,1716.52,0.200688,0.390396,4.60113,0.191412,0.0043527,0.36339,0.416322,0.346983,0,1.4079,72.2813
276500,9794.12,0.597786,33.998,34.034,0.0925858,4729.08,2609.06,1827.38,91.369,993.883,1082.19,0,30.7857,148.43,1689.86,1719.78,0.200564,0.390099,4.59754,0.186643,0.0043461,0.363143,0.415735,0.346815,0,1.40313,73.5625
277000,9805.42,0.598475,34.234,33.83,0.0801351,4800.55,2611.63,1831.68,91.5838,1051.13,1102.7,0,31.3751,148.457,1692.97,1723.04,0.2005,0.390098,4.60082,0.186893,0.00433424,0.363288,0.41858,0.346736,0,1.40687,74.2495
277500,9755.06,0.595402,33.842,33.89,0.089731,4909.91,2599.69,1856.9,92.8448,1115.55,1100.55,0,31.7402,148.725,1696.22,1725.32,0.200527,0.390328,4.60841,0.190408,0.00432815,0.364302,0.422139,0.346969,0,1.4211,73.4395
278000,9744.88,0.59478,33.782,33.838,0.0897271,4953.29,2599.57,1870.91,93.5456,1128.49,1082.81,0,31.4507,148.283,1699.32,1728.72,0.200826,0.390986,4.61368,0.192064,0.0043179,0.366249,0.424095,0.347739,0,1.42631,71.885
278500,9758.2,0.595593,34.064,34.202,0.0883542,4882.41,2603.21,1889.57,94.4785,1063.76,1087.07,0,30.9447,148.742,1702.42,1731.86,0.200774,0.390922,4.61798,0.193711,0.00431963,0.366905,0.42353,0.348421,0,1.41813,72.9262
279000,9768.42,0.596217,33.71,33.87,0.0860637,4767.71,2604.56,1853.72,92.6859,986.412,1071.82,0,30.6982,149.124,1705.54,1736.04,0.200214,0.389947,4.63867,0.189826,0.0043261,0.366326,0.421217,0.347609,0,1.40765,73.0729
279500,9768.9,0.596246,33.786,33.862,0.0898014,4722.63,2603.37,1825.73,91.2864,997.498,1071.56,0,30.7006,148.216,1708.7,1739.8,0.200009,0.389652,4.64229,0.186938,0.00431723,0.366481,0.421097,0.347566,0,1.40503,74.5446
280000,9749.12,0.595039,34.124,33.838,0.0827805,4784.33,2599.38,1808.08,90.404,1053.34,1103.04,0,31.4563,148.698,1711.69,1743.02,0.199954,0.389739,4.66122,0.185509,0.00433169,0.366916,0.420825,0.347771,0,1.4098,57.1455
280500,9720.94,0.593319,33.716,33.638,0.0932375,4903.62,2591.1,1808.44,90.4218,1115.01,1092.74,0,31.8651,148.391,1715.01,1746.96,0.199725,0.389394,4.6613,0.186095,0.00433423,0.367329,0.422564,0.34888,0,1.42423,63.6131
281000,9739.18,0.594432,33.744,33.806,0.0886883,4952.32,2598.57,1837.46,91.873,1137.43,1085.27,0,31.5211,148.504,1718.32,1749.58,0.199977,0.389828,4.6738,0.18872,0.00434401,0.3688,0.426181,0.351077,0,1.42689,74.0469
281500,9761.88,0.595818,34.052,34.046,0.0897098,4883.79,2604.72,1828.66,91.4332,1065.68,1082.76,0,30.998,148.748,1721.34,1753.62,0.199964,0.389625,4.67808,0.187368,0.00435454,0.369696,0.426945,0.352408,0,1.41805,72.1161
282000,9783.44,0.597134,33.848,34.022,0.0871272,4772.86,2608.77,1786.53,89.3264,985.321,1076.93,0,30.7294,149.069,1724.27,1756.06,0.199595,0.388814,4.68136,0.182662,0.00438674,0.369371,0.426355,0.35247,0,1.40728,71.291
282500,9780.1,0.59693,33.74,33.806,0.0900979,4724.05,2605.72,1763.09,88.1546,997.515,1072.66,0,30.766,148.326,1727.32,1759.6,0.199539,0.388685,4.66207,0.180307,0.00442011,0.369214,0.426441,0.352591,0,1.40347,73.5381
283000,9780.96,0.596982,34.222,33.862,0.0806919,4793.75,2604.02,1787.68,89.384,1058.65,1103.52,0,31.4903,148.976,1730.42,1762.64,0.199649,0.388976,4.64138,0.182838,0.00443052,0.368738,0.429545,0.353714,0,1.40821,72.2883
283500,9744.46,0.594755,33.89,33.836,0.088708,4909.5,2594.33,1802.1,90.1052,1113.03,1103.03,0,31.8971,148.725,1733.62,1765.52,0.199548,0.388945,4.6433,0.18501,0.00444632,0.368283,0.431937,0.354822,0,1.42277,73.0314
284000,9770.44,0.59634,33.716,33.776,0.0911813,4963.3,2600.59,1809.71,90.4858,1137.93,1087.36,0,31.606,148.586,1736.79,1769.38,0.199502,0.388982,4.63496,0.185282,0.00442591,0.368679,0.433475,0.35587,0,1.42549,73.6168
284500,9786.2,0.597302,34.176,34.29,0.091861,4890.35,2602.26,1798.09,89.9048,1070.51,1091.23,0,31.1594,148.57,1739.71,1772.14,0.199212,0.388387,4.62755,0.183797,0.00442984,0.369085,0.43521,0.356535,0,1.41624,73.8071
285000,9786.96,0.597349,33.888,34.12,0.0878614,4773.71,2600.14,1766.16,88.3078,995.888,1085.63,0,30.7834,149.235,1742.73,1775.46,0.198832,0.387695,4.62178,0.180527,0.00443797,0.368748,0.435086,0.356151,0,1.40684,71.4448
285500,9796.94,0.597958,33.772,33.744,0.0913582,4729.31,2600.21,1772.65,88.6324,1000.75,1075.03,0,30.8,148.317,1745.57,1777.98,0.198537,0.387413,4.61843,0.180981,0.00442087,0.368326,0.434788,0.356452,0,1.40247,72.2455
286000,9791.66,0.597635,34.362,33.954,0.0797567,4796.99,2597.58,1784.53,89.2265,1063.2,1108.13,0,31.4045,148.505,1748.33,1781.36,0.198563,0.38741,4.61577,0.182318,0.00438668,0.36825,0.435896,0.356031,0,1.40783,73.082
286500,9772.94,0.596493,33.684,33.696,0.0865386,4919.48,2594.75,1803.51,90.1758,1120.85,1100.13,0,31.816,148.848,1751.38,1784.98,0.198769,0.387841,4.61499,0.184599,0.00437328,0.369289,0.436844,0.35637,0,1.42124,73.0552
287000,9789.08,0.597478,34.098,34.238,0.0908926,4967.79,2600.31,1821.99,91.0995,1140.38,1100.79,0,31.4743,148.318,1754.49,1788.7,0.198913,0.388247,4.61919,0.186189,0.00436764,0.371061,0.437698,0.357372,0,1.42409,72.8655
287500,9809.32,0.598713,34.224,34.214,0.0887561,4896.07,2602.66,1782.13,89.1066,1075.87,1090.96,0,31.0586,148.702,1757.58,1792.6,0.19861,0.387748,4.60546,0.181766,0.0043529,0.372359,0.437363,0.357611,0,1.41465,74.0737
288000,9835.78,0.600328,33.806,34.024,0.0852791,4786.98,2605.39,1756.29,87.8147,993.041,1085.27,0,30.7544,149.103,1760.66,1793.76,0.198229,0.387112,4.5847,0.178644,0.00431806,0.372314,0.43725,0.358587,0,1.40368,73.2427
288500,9835.56,0.600315,33.954,33.884,0.0856961,4741.64,2603.72,1742.24,87.112,1006.11,1083.95,0,30.8183,148.632,1763.73,1795.5,0.198012,0.386817,4.58687,0.177201,0.00430117,0.372206,0.437376,0.358395,0,1.40091,73.5433
289000,9830.72,0.60002,34.42,34.112,0.0825953,4807.58,2604.12,1759.08,87.9541,1072.58,1106.02,0,31.4522,148.679,1766.62,1797.08,0.198256,0.387301,4.58953,0.179012,0.00429686,0.37242,0.438928,0.358947,0,1.40497,75.3227
289500,9792.42,0.597682,33.856,33.85,0.0890009,4922.6,2595.77,1780.35,89.0173,1120.09,1106.33,0,31.808,148.693,1769.76,1800.48,0.198373,0.387564,4.59718,0.181861,0.00428081,0.373039,0.440563,0.359655,0,1.41919,74.8381
290000,9807.28,0.598589,33.922,34.052,0.0891177,4973.24,2602.14,1796.18,89.8089,1142.74,1095.87,0,31.5409,148.609,1773.17,1804.54,0.198901,0.388559,4.58881,0.18321,0.00426042,0.373898,0.444206,0.35988,0,1.423,74.5668
290500,9821.48,0.599456,34.286,34.336,0.0890993,4901.21,2607.9,1780.29,89.0143,1070.53,1096.61,0,31.1113,148.691,1776.13,1807.32,0.199141,0.388964,4.59616,0.181342,0.00423034,0.374817,0.446636,0.359718,0,1.41446,73.0542
291000,9838.54,0.600497,34.012,34.176,0.0850589,4787.96,2609.06,1748.68,87.4339,992.884,1091.24,0,30.7506,149.198,1779.01,1810.56,0.198775,0.388183,4.58456,0.177814,0.00422916,0.375445,0.448053,0.360375,0,1.40391,73.5823
291500,9813.64,0.598977,33.856,33.882,0.0878107,4736.72,2602.64,1710.13,85.5063,1004.51,1081.59,0,30.808,148.244,1781.97,1814,0.198749,0.388183,4.58429,0.17431,0.00423727,0.375833,0.447607,0.360691,0,1.40236,72.4569
292000,9817.28,0.599199,34.392,34.014,0.077674,4805.04,2602.87,1706.95,85.3476,1069.15,1109.02,0,31.375,148.435,1785.1,1817.56,0.198662,0.387972,4.58804,0.173966,0.00424839,0.376628,0.447739,0.360458,0,1.40619,72.355
292500,9787.92,0.597407,33.864,33.882,0.0885325,4923.96,2598.06,1683.54,84.177,1120.52,1107.38,0,31.8458,148.55,1788.37,1820.82,0.198837,0.388378,4.60002,0.172054,0.00425257,0.37742,0.448871,0.360463,0,1.42025,74.0693
293000,9805.46,0.598478,33.926,34.076,0.0872868,4973.03,2606.67,1700.33,85.0164,1148.41,1095.83,0,31.5911,148.724,1791.53,1823.16,0.199079,0.388973,4.6269,0.173487,0.00423445,0.379291,0.450199,0.361652,0,1.42321,73.8591
293500,9807.24,0.598586,34.276,34.274,0.0860829,4895.92,2608.31,1667.64,83.3821,1070.18,1097.88,0,31.1349,148.665,1794.69,1826.2,0.199235,0.3893,4.63393,0.170117,0.00425219,0.379819,0.451493,0.362933,0,1.41508,73.5383
294000,9829.4,0.599939,33.864,34.016,0.0857809,4785.78,2611.61,1625.28,81.2643,998.618,1080.15,0,30.7701,149.071,1797.82,1830.12,0.198777,0.388497,4.62782,0.165399,0.00426878,0.38013,0.452051,0.363424,0,1.40413,73.9283
294500,9838.62,0.600502,34.114,34.13,0.088966,4742.7,2612.33,1627.95,81.3976,1003.75,1090,0,30.7861,148.315,1800.76,1831.54,0.198646,0.388162,4.62527,0.165503,0.00426476,0.379945,0.452315,0.36265,0,1.40072,74.3807
295000,9830.96,0.600034,34.208,33.914,0.0775641,4811.4,2611.5,1679.41,83.9707,1071.02,1104,0,31.4322,148.736,1803.86,1833.98,0.198655,0.388198,4.64081,0.170884,0.00425741,0.380507,0.452537,0.362323,0,1.40597,72.0182
295500,9796.7,0.597943,33.872,33.814,0.0864758,4926.34,2606.27,1687.89,84.3946,1122.69,1099.71,0,31.8266,148.814,1807.36,1838.24,0.199018,0.38892,4.65199,0.172324,0.00425792,0.380833,0.453686,0.361896,0,1.41972,74.3193
296000,9817.78,0.59923,34.02,34.272,0.0897393,4977.26,2613.57,1668.43,83.4216,1141.98,1103.52,0,31.4059,148.377,1810.47,1840.54,0.199181,0.389394,4.66292,0.169994,0.0042769,0.382037,0.454764,0.362072,0,1.42274,71.8167
296500,9819.56,0.599338,34.356,34.244,0.0836597,4900.47,2613.84,1650.89,82.5444,1066.75,1097.99,0,31.0306,148.777,1813.39,1843.22,0.199018,0.389096,4.66939,0.168159,0.00426798,0.383815,0.454532,0.362561,0,1.41419,71.2036
297000,9842.74,0.600753,33.742,33.956,0.0842416,4787.11,2616.2,1651.49,82.5745,993.16,1078.49,0,30.6617,149.287,1816.4,1846.98,0.198336,0.387871,4.66936,0.167839,0.00427176,0.38477,0.454094,0.363134,0,1.40275,74.4244
297500,9821.58,0.599462,33.898,33.94,0.0868711,4738.86,2609.78,1674.56,83.7281,1009.88,1079.9,0,30.704,148.456,1819.38,1850.16,0.197987,0.387497,4.67715,0.170526,0.0042842,0.385379,0.452752,0.363891,0,1.4016,72.7058
298000,9795.08,0.597844,34.408,34.088,0.079313,4798.67,2603.46,1684.84,84.242,1063.7,1111.29,0,31.3526,148.514,1822.25,1852.5,0.19822,0.388096,4.68368,0.172057,0.00429845,0.386839,0.452188,0.364837,0,1.40757,70.1522
298500,9773.06,0.5965,33.822,33.848,0.0865874,4921.27,2601.85,1707.49,85.3745,1128.66,1099.72,0,31.7585,148.971,1825.18,1855.38,0.198845,0.389277,4.68026,0.174745,0.00429853,0.388851,0.45346,0.365835,0,1.42146,72.5778
299000,9791.88,0.597649,33.706,33.846,0.0898628,4970.2,2607.77,1678.33,83.9164,1140.49,1087.17,0,31.461,148.469,1828.23,1859.18,0.199054,0.38961,4.68126,0.171444,0.00430696,0.390777,0.454244,0.367493,0,1.4243,73.7836
299500,9794.98,0.597838,34.352,34.36,0.0877658,4894.48,2607.91,1655.93,82.7964,1075.15,1097.27,0,31.0514,148.82,1831.04,1862.48,0.199065,0.389699,4.6723,0.169123,0.00430572,0.392607,0.454206,0.369148,0,1.41633,73.1172
300000,9831,0.600037,33.9462,33.3346,0.077341,4428,2605.3,1604.51,80.2256,835.217,1077.13,0,30.2951,148.873,1832.56,1864.5,0.19742,0.386739,4.65688,0.16322,0.00433425,0.390081,0.45045,0.368825,0,1.37288,72.6469
