tick,population,occupancy,births_per_tick,deaths_per_tick,starved_share,inflow_in,cost_out,transfer,transit_loss,overflow,death_loss,extinct,energy_mean,age_mean,generation_mean,generation_max,active_params_frac,expressed_hidden_frac,msg_bandwidth,transfer_per_cell,eta_mean,div_weights,div_learning,div_masks,weight_drift,habitat_match,ticks_per_s
500,10054.4,0.613672,36.124,34.952,0.00106237,4925.52,2438.46,17258.6,862.929,283.354,1317.24,0,35.6485,153.264,2.98971,10,0.214923,0.414427,1.38218,1.71618,0.0055296,0.0240844,0.0234098,0.0736276,0,1.40042,95.6973
1000,10302.5,0.628812,32.852,32.8,0,4996.35,2495.45,18058.8,902.941,335.162,1222.62,0,36.3632,151.512,6.51011,14.08,0.214582,0.414366,1.35345,1.75284,0.00552522,0.0360137,0.0356347,0.108903,0,1.38566,93.502
1500,10311.1,0.629342,34.93,34.936,0,4998.05,2502.51,17969.1,898.453,273.869,1320.27,0,36.1477,150.422,9.95999,18.82,0.21579,0.416822,1.32419,1.74267,0.00552434,0.0446276,0.04378,0.135818,0,1.38477,100.718
2000,10311.7,0.629375,34.492,34.516,0,4999.05,2507.23,18049.9,902.493,292.931,1307.46,0,36.2825,152.133,13.2599,22.58,0.216904,0.419148,1.29973,1.75043,0.0055202,0.051727,0.050005,0.154754,0,1.38497,104.169
2500,10301.6,0.628761,34.104,34.128,0,4996.07,2506.86,18029,901.452,294.647,1289.54,0,36.2986,151.622,16.5223,25.76,0.217435,0.42037,1.29135,1.75012,0.00551367,0.057636,0.0566056,0.170168,0,1.38566,105.269
3000,10292.7,0.628215,34.448,34.42,0,4993.62,2508.49,17976,898.799,287.093,1302.86,0,36.2079,151.389,19.7454,29.76,0.217983,0.421586,1.29491,1.74648,0.00550669,0.0626919,0.062426,0.183937,0,1.3863,105.009
3500,10286,0.627806,34.24,34.324,0,4992.69,2508.96,17981.8,899.088,289.125,1297.53,0,36.2174,151.653,22.9302,33.58,0.218472,0.422672,1.28054,1.74818,0.00549492,0.0679131,0.0679518,0.19498,0,1.38667,105.081
4000,10277.3,0.627279,34.186,34.162,0,4989.98,2511.54,17983.8,899.192,290.6,1287.43,0,36.2304,151.611,26.0917,38.52,0.219087,0.423905,1.29375,1.74985,0.00548746,0.0725226,0.0724949,0.20568,0,1.38732,105.679
4500,10274.6,0.627113,34.252,34.284,0,4990.03,2515.37,17944.4,897.221,285.775,1294.45,0,36.1469,151.444,29.2892,43.18,0.219819,0.425337,1.29117,1.74648,0.00549196,0.0771441,0.0772408,0.214598,0,1.38759,106.099
5000,10267.2,0.626659,34.254,34.27,0,4988.12,2516.79,17938.4,896.919,284.209,1290.18,0,36.1717,151.512,32.5539,47.52,0.220412,0.426516,1.28633,1.74716,0.00548566,0.0810943,0.0817976,0.224459,0,1.38808,103.919
5500,10265,0.626527,34.154,34.126,0,4987.55,2520.96,17909.3,895.463,283.247,1284.95,0,36.1213,151.506,35.8365,51.8,0.220892,0.427537,1.3031,1.74469,0.00547835,0.0847537,0.085778,0.232872,0,1.38828,104.505
6000,10263.9,0.626456,34.278,34.314,0,4987.4,2522.93,17886.1,894.303,279.936,1294.52,0,36.0663,151.541,39.1437,56.28,0.220927,0.427711,1.32304,1.74263,0.005495,0.0880691,0.0888414,0.241815,0,1.38839,105.818
6500,10266.6,0.626622,34.164,34.152,0,4988.31,2528.62,17896.1,894.804,280.735,1284.04,0,36.0626,151.376,42.3843,59.4,0.221245,0.428411,1.35165,1.74314,0.005497,0.0915112,0.0913202,0.247953,0,1.38832,106.048
7000,10246,0.625369,34.236,34.24,0,4983.43,2528.8,17862,893.1,278.079,1286.23,0,36.0581,151.634,45.5409,62.54,0.221902,0.429657,1.36023,1.74331,0.0054927,0.0949572,0.0941289,0.253565,0,1.3896,98.0305
7500,10245.1,0.625311,34.05,34.068,0,4983.05,2530.94,17863,893.152,277.524,1280.46,0,36.0521,151.616,48.8195,67.42,0.222069,0.430027,1.37521,1.74357,0.00548169,0.0982188,0.0971832,0.259022,0,1.3897,103.568
8000,10247.9,0.625483,34.126,34.124,0,4983.14,2534.03,17853.1,892.654,272.795,1280.9,0,35.9919,151.315,52.1278,72.14,0.222297,0.430588,1.38345,1.74212,0.00547497,0.101146,0.0996157,0.263067,0,1.38935,106.345
8500,10234.9,0.624687,34.168,34.184,0,4980.56,2533.95,17839.6,891.98,275.125,1283.59,0,35.9902,151.67,55.3634,76.1,0.222347,0.430997,1.40623,1.74302,0.00547512,0.104462,0.102466,0.267855,0,1.39018,104.595
9000,10232.2,0.624525,34.052,34.088,0,4979.97,2535,17836.3,891.814,271.772,1281.88,0,35.9921,151.485,58.5338,79.46,0.222239,0.431032,1.4296,1.74315,0.00547186,0.107606,0.105103,0.272465,0,1.39035,90.2571
9500,10227.8,0.624257,34.168,34.172,0,4977.85,2536.86,17805.7,890.284,269.606,1280.93,0,35.957,151.323,61.8409,83.16,0.222225,0.43112,1.46198,1.74091,0.00546637,0.111162,0.107039,0.278039,0,1.39052,73.8325
10000,10218.7,0.623698,34.158,34.162,0,4976.42,2537.68,17794.9,889.748,272.219,1282.07,0,35.9695,151.683,65.0756,86.18,0.222399,0.431467,1.47962,1.74142,0.00545271,0.113685,0.110098,0.282811,0,1.39126,73.6151
10500,10216.9,0.623588,33.932,33.914,0,4975.27,2540.46,17755.2,887.76,272.622,1271.83,0,35.9191,151.278,68.4345,88,0.222697,0.432215,1.49819,1.73783,0.00544342,0.116366,0.1119,0.287707,0,1.39145,76.408
11000,10226.5,0.624177,34.118,34.094,0,4976.97,2541.78,17751.9,887.597,268.959,1277.98,0,35.8848,151.417,71.721,89.98,0.222233,0.431509,1.51678,1.73587,0.00544348,0.119529,0.11365,0.292757,0,1.3906,76.3651
11500,10223.7,0.624003,34.034,34.07,0,4976.9,2540.89,17778.7,888.936,272.87,1275.74,0,35.9323,151.761,74.9388,93.82,0.22179,0.43074,1.53826,1.73898,0.00545464,0.122642,0.118149,0.295718,0,1.3908,76.9532
12000,10230.4,0.624413,34.032,34.038,0,4978.15,2544.71,17769.3,888.467,267.926,1275.37,0,35.867,151.477,78.1064,97.38,0.222123,0.431506,1.54284,1.73692,0.00544285,0.125488,0.120703,0.299375,0,1.39039,76.0531
12500,10217.9,0.623651,34.134,34.14,0,4975.19,2543.66,17749.7,887.485,265.738,1278.71,0,35.8391,151.208,81.2075,99.18,0.222311,0.43191,1.55069,1.73712,0.00543158,0.128113,0.124142,0.303082,0,1.39119,76.8662
13000,10224.1,0.624031,34.004,33.966,0,4977.18,2543.18,17767.9,888.397,272.346,1273.18,0,35.8877,151.877,84.3859,103.36,0.221895,0.431108,1.55505,1.73785,0.00542736,0.130301,0.126947,0.306371,0,1.39085,76.4532
13500,10225.1,0.624091,34.108,34.108,0,4977.37,2546.41,17745.7,887.286,267.624,1276.5,0,35.8457,151.43,87.6898,107.96,0.222039,0.431501,1.57549,1.73551,0.00543577,0.132508,0.130237,0.308673,0,1.39076,76.384
14000,10230,0.624388,34.17,34.152,0,4978.29,2549.71,17729.5,886.476,267.485,1278.03,0,35.7935,151.41,90.8731,110.72,0.221928,0.43139,1.60456,1.73309,0.00544318,0.134636,0.132778,0.312148,0,1.39049,75.6377
14500,10237.9,0.624869,34.088,34.118,0,4980.62,2552.31,17740.7,887.033,267.568,1273.65,0,35.7742,151.656,94.088,111.24,0.221626,0.430876,1.62901,1.73285,0.00544851,0.13727,0.134657,0.314906,0,1.39007,76.2299
15000,10235.8,0.624744,34.114,34.054,0,4980.33,2553.81,17710.4,885.52,266.821,1272.03,0,35.7241,151.433,97.1773,114.8,0.221432,0.430519,1.65392,1.73024,0.00544907,0.139453,0.136711,0.318145,0,1.38992,76.6102
15500,10249.1,0.625554,34.114,34.132,0,4983.84,2558.29,17688.5,884.427,271.018,1269.69,0,35.6795,151.394,100.334,120.74,0.221465,0.430614,1.66645,1.72587,0.00544761,0.141903,0.139205,0.321408,0,1.38927,74.9813
16000,10244.7,0.625286,34.106,34.142,0,4982.53,2565.26,17611.2,880.558,269.068,1270.18,0,35.6266,151.76,103.61,124.58,0.222144,0.431977,1.70793,1.71906,0.00544888,0.144492,0.141853,0.324898,0,1.38981,75.4159
16500,10221.6,0.623879,34.162,34.156,0,4977.06,2566.91,17495.8,874.791,270.55,1267.79,0,35.5738,151.322,106.712,124.18,0.222764,0.433116,1.73744,1.71165,0.00544215,0.146857,0.143847,0.328053,0,1.39108,75.8867
17000,10220.1,0.623787,34.116,34.172,0,4975.95,2569.83,17472.2,873.608,269.547,1266.51,0,35.528,151.366,109.879,128.26,0.222758,0.433014,1.76937,1.70959,0.00543189,0.148846,0.146178,0.329486,0,1.39096,75.9735
17500,10217.1,0.623605,33.992,33.974,0.000117531,4975.01,2569.51,17478.6,873.929,267.235,1260.9,0,35.5367,151.401,113.132,132.6,0.222546,0.432584,1.78755,1.71071,0.00543478,0.150781,0.149474,0.331418,0,1.3911,76.3999
18000,10222.6,0.62394,34.262,34.258,0,4975.7,2574.41,17478.6,873.93,262.82,1271.52,0,35.4648,151.573,116.316,136.22,0.222865,0.433083,1.80653,1.70979,0.00542579,0.152802,0.152248,0.333671,0,1.39082,76.9135
18500,10213.5,0.62338,33.904,33.874,0,4974.2,2575.01,17479.5,873.975,265.042,1255.64,0,35.4843,151.48,119.509,140.14,0.222935,0.433307,1.82898,1.71142,0.00540844,0.154684,0.15493,0.335936,0,1.39152,77.2053
19000,10209.3,0.623127,34.124,34.132,0,4973.45,2577.73,17440.2,872.011,260.369,1263.24,0,35.4322,151.152,122.698,143.42,0.22308,0.433583,1.85423,1.70827,0.00540354,0.156342,0.156858,0.337513,0,1.39177,75.7637
19500,10213.2,0.623362,34.098,34.148,0,4974.04,2586.62,17398.8,869.942,263.691,1260.51,0,35.3802,151.544,125.749,145.66,0.223764,0.434876,1.89607,1.70357,0.00540562,0.158129,0.159154,0.338598,0,1.39169,75.5184
20000,10204,0.622803,33.968,33.936,0,4971.92,2591.17,17357.3,867.866,258.953,1251.13,0,35.3423,151.314,129.001,150.76,0.224406,0.435969,1.92151,1.70103,0.00538234,0.159661,0.161535,0.340486,0,1.39213,57.0243
20500,10185.4,0.621666,33.976,34.052,0,4966.22,2592.01,17286.1,864.307,253.954,1256.74,0,35.2985,151.384,132.343,154.46,0.224861,0.436861,1.94871,1.69715,0.00537199,0.161177,0.163303,0.342826,0,1.39316,67.1357
21000,10186,0.621702,33.952,33.942,0,4966.27,2596.08,17304.9,865.247,258.453,1251.39,0,35.298,151.717,135.446,157.5,0.224981,0.437059,1.97602,1.6989,0.00539219,0.163056,0.16417,0.344366,0,1.39282,76.0833
21500,10188.5,0.621855,34.026,34.012,0,4966.58,2602.11,17285.5,864.277,250.467,1249.08,0,35.2202,151.519,138.537,160.42,0.225527,0.438056,1.99836,1.69658,0.00539737,0.16485,0.165215,0.346944,0,1.39272,75.7992
22000,10172.2,0.620861,33.942,33.984,0,4962.56,2600.17,17228.5,861.425,252.651,1252.59,0,35.1795,151.401,141.774,163.7,0.225687,0.43849,2.01345,1.69369,0.00539752,0.166594,0.167334,0.349682,0,1.39407,76.4191
22500,10160,0.620115,33.77,33.786,0,4959.58,2595.71,17202.9,860.144,261.11,1238.92,0,35.1585,151.279,145.02,168.38,0.225361,0.438174,2.01453,1.6932,0.00541008,0.168247,0.170227,0.352524,0,1.39465,76.0811
23000,10153.2,0.6197,33.744,33.752,0,4958.02,2593.71,17210.1,860.503,263.389,1239.98,0,35.1615,151.825,148.264,171.64,0.225411,0.438356,2.00887,1.69504,0.00541423,0.170345,0.172238,0.353664,0,1.39509,75.9058
23500,10158.7,0.620038,33.968,33.96,0,4958.98,2597.65,17188.8,859.441,256.718,1244.97,0,35.0952,151.022,151.426,173.3,0.225591,0.438774,2.02423,1.69203,0.00542281,0.17209,0.174036,0.355298,0,1.39477,77.0135
24000,10149.5,0.619479,33.804,33.852,0,4957.06,2600.84,17184.1,859.205,258.555,1241.06,0,35.1097,151.836,154.619,173.06,0.225711,0.43909,2.06937,1.69309,0.00542292,0.173459,0.17716,0.357164,0,1.39543,77.2087
24500,10133.2,0.618483,33.694,33.72,0,4952.64,2597.12,17166.5,858.324,265.498,1232.15,0,35.1172,151.598,157.802,176.78,0.225498,0.438744,2.08627,1.69408,0.00540718,0.175441,0.179692,0.359607,0,1.39646,75.8204
25000,10130.1,0.61829,33.87,33.87,0,4951.48,2596.64,17140.4,857.022,260.593,1240.03,0,35.1065,151.353,160.974,180.94,0.225601,0.438987,2.08753,1.69204,0.00542003,0.177525,0.18169,0.362892,0,1.39669,77.1089
25500,10125.3,0.617998,33.676,33.694,0,4950.68,2599,17111.9,855.595,256.415,1236.59,0,35.1111,151.615,164.172,186.04,0.22584,0.439511,2.10675,1.69001,0.00544442,0.179171,0.184158,0.365242,0,1.39698,77.485
26000,10125.1,0.61799,33.682,33.684,0,4950.44,2602.98,17101.5,855.073,258.519,1235.28,0,35.1376,151.69,167.416,187.62,0.226167,0.440347,2.12094,1.68901,0.00543827,0.181243,0.186012,0.367396,0,1.39678,77.0605
26500,10115.7,0.617416,33.736,33.718,0,4948.36,2601.07,17078.6,853.932,257.964,1234.31,0,35.1201,151.456,170.593,191.1,0.226007,0.440199,2.13891,1.68832,0.00544627,0.183153,0.187048,0.369052,0,1.3976,72.6954
27000,10129.9,0.618279,33.856,33.858,0,4952.16,2604.32,17058.3,852.917,258.626,1240.55,0,35.0709,151.492,173.83,195.28,0.225916,0.440034,2.14199,1.68396,0.00544875,0.185071,0.188563,0.371332,0,1.39673,74.5582
27500,10106.9,0.616875,33.598,33.624,0,4946.72,2603.25,17022.6,851.132,259.578,1231.34,0,35.0763,151.395,176.986,198.56,0.226409,0.441098,2.16163,1.68426,0.00544665,0.187053,0.190642,0.373574,0,1.39845,76.0337
28000,10118.2,0.617566,33.828,33.748,0,4948.86,2604.87,17029.8,851.488,255.041,1236.89,0,35.1068,151.416,180.174,202.24,0.22616,0.440522,2.16578,1.68308,0.00542826,0.188687,0.193419,0.374659,0,1.39759,76.6636
28500,10128,0.618167,33.696,33.724,0,4952.01,2605.67,17034.9,851.744,258.843,1235.51,0,35.1294,151.813,183.349,204.68,0.225783,0.439971,2.1698,1.68195,0.00541368,0.19124,0.195192,0.376065,0,1.39704,76.2763
29000,10123.6,0.617897,33.776,33.774,0,4950.5,2600.6,17013.8,850.691,260.178,1237.38,0,35.118,151.277,186.568,207.4,0.224946,0.438586,2.18071,1.68061,0.00540361,0.193106,0.197317,0.377404,0,1.39713,75.622
29500,10147.7,0.619364,33.972,33.942,0,4955.7,2607.69,16993.5,849.675,261.081,1242.58,0,35.0403,151.33,189.833,212.42,0.224882,0.43869,2.1973,1.67463,0.00538118,0.195211,0.199751,0.378509,0,1.39541,76.7799
30000,10147.9,0.619377,33.85,33.854,0,4956.84,2615.16,16921.1,846.054,262.107,1235.91,0,34.9688,151.453,193.012,216.3,0.225404,0.439862,2.23389,1.66745,0.00536513,0.197368,0.201738,0.379576,0,1.39547,76.2307
30500,10147.6,0.619363,33.716,33.702,0,4956.2,2622.13,16816.2,840.808,261.267,1227,0,34.8849,151.376,196.178,221.34,0.226139,0.441432,2.26255,1.65715,0.00535735,0.199319,0.202994,0.379058,0,1.39555,75.5661
31000,10142.7,0.619061,33.798,33.824,0,4955.53,2620.25,16781.5,839.073,265.721,1232.2,0,34.889,151.694,199.439,226.6,0.225862,0.441036,2.27184,1.65454,0.00533332,0.201055,0.204739,0.380233,0,1.39599,75.9886
31500,10122.3,0.617816,33.61,33.68,0,4950.97,2620.13,16719.8,835.992,268.411,1226.08,0,34.8709,151.428,202.577,230.18,0.226084,0.441716,2.30639,1.65178,0.00533405,0.202122,0.207109,0.380933,0,1.39735,76.6061
32000,10110.1,0.61707,33.914,33.916,0,4947.34,2621.66,16671.6,833.58,263.094,1234.19,0,34.8117,151.385,205.726,232.28,0.226502,0.442791,2.33087,1.64901,0.00534519,0.203582,0.208255,0.381373,0,1.39825,76.7128
32500,10109.1,0.617013,33.588,33.6,0,4947.87,2621.94,16698.5,834.925,265.911,1224.37,0,34.8794,151.823,209.009,235.74,0.226317,0.442555,2.34411,1.65182,0.00536735,0.205284,0.20934,0.381495,0,1.39829,75.6785
33000,10087.8,0.61571,33.622,33.644,0,4942.01,2618.45,16663.3,833.166,261.099,1227.53,0,34.8792,151.246,212.188,240.04,0.226475,0.442949,2.35597,1.65183,0.00537915,0.206961,0.20965,0.381647,0,1.39966,75.4919
33500,10091.2,0.615919,33.65,33.694,0,4942.71,2621.11,16679.5,833.974,265.668,1226.46,0,34.865,151.74,215.17,242.7,0.226233,0.442644,2.38853,1.65287,0.00538861,0.208223,0.211036,0.382474,0,1.39947,75.5063
34000,10103.6,0.616676,33.59,33.556,0,4945.5,2627.06,16689.8,834.488,256.374,1221.86,0,34.8325,151.471,218.446,245.86,0.226542,0.44336,2.39947,1.65186,0.00539078,0.209547,0.213344,0.383855,0,1.39871,75.7423
34500,10114.5,0.617343,33.878,33.83,0,4947.91,2631.19,16671.6,833.58,258.549,1230.94,0,34.7618,151.591,221.846,249.94,0.22662,0.443465,2.40774,1.64828,0.00538978,0.211074,0.215356,0.384728,0,1.39779,76.8676
35000,10102.8,0.616627,33.608,33.608,5.46448e-05,4945.24,2630.76,16639.7,831.987,263.464,1219.66,0,34.7597,151.676,225.217,252.42,0.226665,0.443637,2.42879,1.64704,0.00538013,0.212155,0.216919,0.385983,0,1.39858,77.2272
35500,10118.5,0.617583,33.612,33.604,0,4949.89,2635.61,16579.5,828.973,262.037,1218.02,0,34.708,151.529,228.554,254.74,0.226375,0.443295,2.45022,1.63854,0.00536174,0.213345,0.216843,0.387673,0,1.3975,76.2761
36000,10134.2,0.618541,33.916,33.862,0,4953.74,2641.89,16516,825.8,270.699,1224.31,0,34.6383,151.716,231.833,258.12,0.226837,0.444196,2.45128,1.62973,0.00535183,0.214418,0.219808,0.388789,0,1.39677,74.3031
36500,10143.1,0.619088,33.648,33.616,0,4956.4,2644.95,16505.9,825.296,261.963,1215.61,0,34.6262,151.476,235.103,260.98,0.226722,0.443996,2.46316,1.6273,0.00533871,0.215697,0.221566,0.390335,0,1.3962,75.6339
37000,10143.4,0.619105,33.796,33.832,0,4956.34,2645.65,16499.9,824.994,263.09,1224.14,0,34.6183,151.647,238.137,265.4,0.22642,0.443767,2.48928,1.62666,0.00533027,0.216998,0.223277,0.390715,0,1.39627,75.4678
37500,10129.6,0.618259,33.776,33.778,0,4952.82,2645.34,16485.6,824.278,265.99,1221.63,0,34.6203,151.826,241.387,268.7,0.226648,0.444299,2.50439,1.62747,0.00531846,0.218478,0.224314,0.391483,0,1.39695,75.8733
38000,10135,0.618593,33.698,33.684,0,4954.66,2647.43,16466.6,823.332,259.011,1218.15,0,34.671,151.213,244.466,271.56,0.226575,0.444268,2.51464,1.62473,0.00531602,0.220199,0.224872,0.391745,0,1.39668,75.4406
38500,10120.8,0.617725,33.878,33.968,0,4950.29,2644.9,16434.6,821.729,258.484,1234.3,0,34.6825,151.655,247.524,275.3,0.226603,0.444414,2.52398,1.62384,0.0053123,0.221327,0.224478,0.392239,0,1.39741,76.1477
39000,10110.6,0.617101,33.734,33.676,0,4947.82,2643.84,16417.9,820.894,261.217,1220.15,0,34.6712,151.513,250.727,278.82,0.226694,0.444564,2.53952,1.62383,0.00530719,0.222936,0.224984,0.393671,0,1.39827,76.8687
39500,10108.3,0.616964,33.498,33.57,0,4947.66,2649.28,16365.4,818.27,263.587,1215.69,0,34.6361,151.623,254.046,282.92,0.227189,0.445453,2.56402,1.619,0.00531511,0.224534,0.226423,0.39598,0,1.39836,76.0095
40000,10108.7,0.616987,33.672,33.66,0,4947.72,2648.4,16371.6,818.582,259.875,1217.42,0,34.6255,151.338,257.379,287.22,0.226771,0.44456,2.58002,1.61956,0.00533138,0.225642,0.228403,0.396837,0,1.39836,56.9613
40500,10099.4,0.616416,33.708,33.734,6.00601e-05,4943.87,2649.89,16350.9,817.546,262.858,1218.63,0,34.5988,151.736,260.85,290.96,0.22703,0.445063,2.60774,1.61901,0.00532423,0.226955,0.230063,0.398499,0,1.39881,65.7278
41000,10075.7,0.614973,33.562,33.592,0,4938.51,2648.25,16316.4,815.823,264.107,1213.84,0,34.5841,151.626,264.131,293.78,0.227091,0.445217,2.64541,1.61938,0.00532129,0.228102,0.231064,0.40011,0,1.40033,74.5828
41500,10067.5,0.61447,33.516,33.546,0,4936.34,2650.03,16315.3,815.763,261.833,1208.42,0,34.547,151.771,267.248,296.84,0.227309,0.445673,2.66575,1.62059,0.00533121,0.229618,0.232605,0.40181,0,1.40061,73.9369
42000,10049.1,0.613347,33.578,33.596,0,4930.86,2648.56,16278.5,813.925,261.93,1212.2,0,34.5196,151.301,270.307,299.64,0.227803,0.446378,2.67409,1.6199,0.00534619,0.23099,0.235366,0.402993,0,1.40186,73.9642
42500,10055.8,0.613755,33.276,33.282,0,4932.18,2647.27,16262.9,813.146,262.502,1200.13,0,34.5097,151.754,273.609,301.68,0.227391,0.445618,2.6708,1.61728,0.00534688,0.232489,0.237253,0.404686,0,1.40151,72.2222
43000,10054,0.613647,33.766,33.724,0,4931.54,2646.19,16238.6,811.93,265.325,1214.44,0,34.5139,151.237,276.687,305.96,0.227188,0.445336,2.67713,1.61514,0.00534975,0.2343,0.239626,0.405736,0,1.40143,73.2001
43500,10035.6,0.612527,33.418,33.472,0,4927.96,2644.81,16186.3,809.316,268.174,1204.19,0,34.539,151.29,279.761,309.64,0.227326,0.445541,2.69973,1.61289,0.00535812,0.236029,0.240392,0.406716,0,1.40274,74.3176
44000,10042.8,0.612966,33.434,33.428,0,4929.07,2649.51,16150.1,807.507,266.348,1207.06,0,34.4871,151.852,282.904,310.82,0.227753,0.446439,2.70863,1.60813,0.00535077,0.23735,0.242042,0.407706,0,1.40247,73.5974
44500,10037.3,0.612628,33.298,33.294,0,4927.49,2651.61,16124,806.201,271.035,1196.58,0,34.4349,151.692,286.186,314.28,0.228106,0.44722,2.72107,1.60641,0.00535727,0.238875,0.242822,0.407291,0,1.40266,74.1301
45000,10037.4,0.612633,33.548,33.56,0,4928.04,2655.68,16137.9,806.896,262.648,1208.58,0,34.4051,151.697,289.538,318.14,0.228431,0.447949,2.73753,1.60778,0.00535905,0.240159,0.243551,0.406833,0,1.40267,73.8532
45500,10042,0.612917,33.48,33.488,0,4928.42,2657.98,16087.4,804.369,265.482,1202.41,0,34.3076,151.517,292.67,321.5,0.228445,0.448023,2.75172,1.602,0.00535848,0.24096,0.245671,0.407167,0,1.40229,73.6926
46000,10018.6,0.611484,33.164,33.22,0,4922.36,2655.74,16069,803.45,271.188,1189.23,0,34.2843,151.661,295.631,324.9,0.228732,0.44872,2.76978,1.60393,0.00536239,0.24208,0.249466,0.407145,0,1.40374,74.8017
46500,10008.9,0.610897,33.41,33.428,0.000114124,4920.03,2654,16053.7,802.684,263.327,1196.06,0,34.2553,151.052,298.75,328.84,0.228727,0.448906,2.77904,1.60393,0.00537121,0.243603,0.251019,0.406912,0,1.40449,73.9863
47000,10018.1,0.611456,33.672,33.596,0,4923.07,2660.52,16067,803.35,265.952,1203.63,0,34.3103,151.751,302.067,331.8,0.229119,0.449588,2.79726,1.6038,0.00535014,0.245184,0.251346,0.408365,0,1.40412,71.3127
47500,10027.7,0.612041,33.14,33.118,0,4926.31,2664.89,16024.1,801.204,268.48,1184.35,0,34.2698,151.713,305.447,336.18,0.22936,0.449908,2.79755,1.59798,0.00534767,0.246225,0.251287,0.409877,0,1.40346,70.8379
48000,10045.7,0.613143,33.556,33.552,5.46448e-05,4929.99,2671.89,15939,796.952,261.806,1199.19,0,34.1625,151.31,308.701,338,0.229384,0.449812,2.82629,1.58665,0.00537323,0.247235,0.253571,0.411679,0,1.40241,74.0401
48500,10067.7,0.614486,33.706,33.662,5.91716e-05,4934.81,2677.46,15933.5,796.676,265.835,1201.36,0,34.156,151.373,311.745,340.82,0.229025,0.449005,2.84045,1.58263,0.00537549,0.248708,0.256816,0.412332,0,1.4005,73.7641
49000,10060.7,0.614054,33.45,33.468,0,4932.99,2675.2,15865.3,793.265,271.653,1190.94,0,34.083,151.603,314.94,346.28,0.228692,0.448376,2.85758,1.57697,0.00537186,0.25031,0.258033,0.412721,0,1.401,72.4731
49500,10051.6,0.613501,33.532,33.568,5.64972e-05,4930.48,2673.43,15793.8,789.688,271.934,1194.81,0,34.0762,151.453,318.094,349.78,0.228643,0.448322,2.86365,1.57127,0.00538363,0.250839,0.257843,0.412798,0,1.40135,73.6975
50000,10046.5,0.613192,33.512,33.47,6.09756e-05,4929.29,2671.87,15801.6,790.078,271.81,1197.34,0,34.1513,151.574,321.16,353.16,0.228408,0.447795,2.87873,1.57284,0.00538031,0.251952,0.259302,0.412672,0,1.40183,73.9665
50500,10034.4,0.612454,33.408,33.466,0,4926.1,2674.56,15754.9,787.746,271.993,1192.04,0,34.1373,151.455,324.601,357.22,0.228926,0.448817,2.90476,1.57009,0.00539561,0.253489,0.260129,0.412888,0,1.40258,72.5906
51000,10037,0.61261,33.394,33.338,5.91716e-05,4926.9,2679.99,15698,784.9,269.818,1190.17,0,34.0967,151.514,327.85,362.3,0.229283,0.44947,2.9312,1.56402,0.00539026,0.254708,0.261304,0.413477,0,1.40237,72.8806
51500,10018.8,0.611499,33.364,33.504,0.000177798,4922.53,2680.99,15666.2,783.311,271.739,1189.65,0,34.0764,151.708,331.103,366.2,0.229876,0.450857,2.95025,1.56368,0.00540498,0.256061,0.263038,0.413355,0,1.40355,72.0692
52000,10006.4,0.610745,33.344,33.308,0,4919.84,2676.5,15628.6,781.432,272.62,1188.07,0,34.1061,151.598,334.526,369.2,0.229438,0.450177,2.96805,1.56186,0.0054124,0.257207,0.266526,0.413874,0,1.40468,72.0815
52500,10003.5,0.610566,33.2,33.234,0,4918.89,2679.69,15579,778.952,279.862,1181.83,0,34.096,151.773,337.938,372.36,0.229588,0.450464,3.00055,1.55736,0.00541016,0.258664,0.268429,0.414783,0,1.40485,73.5303
53000,10007.2,0.610791,33.534,33.446,0,4919.44,2682.91,15534.5,776.725,271.98,1188.65,0,34.004,151.316,341.322,375.44,0.229527,0.450223,3.02193,1.55234,0.00540464,0.260102,0.269348,0.415125,0,1.40424,73.6002
53500,10030.5,0.612214,33.328,33.326,0,4924.08,2688.12,15538.1,776.908,276.303,1184.48,0,33.9986,151.997,344.795,380.18,0.22916,0.449564,3.03927,1.54909,0.00541268,0.261122,0.270736,0.416326,0,1.40262,73.3264
54000,10027,0.612,33.408,33.42,0,4923.08,2684.66,15475.5,773.776,273.262,1185.57,0,34.0134,151.256,347.971,383.86,0.228605,0.448595,3.04646,1.54339,0.00541283,0.262156,0.271463,0.41657,0,1.40275,73.3434
54500,10018.7,0.611493,33.456,33.478,0,4921.39,2681.78,15426.4,771.321,281.098,1192.29,0,34.0361,151.632,351.155,388.32,0.228364,0.447997,3.05268,1.53976,0.00541849,0.262737,0.271694,0.417249,0,1.40337,73.706
55000,10002.2,0.610488,33.174,33.186,6.07903e-05,4917.01,2676.33,15440.2,772.013,281.657,1181.78,0,34.125,151.781,354.472,391.76,0.228309,0.447822,3.04797,1.54368,0.00541635,0.263456,0.271732,0.417481,0,1.4045,73.2872
55500,10000.4,0.610377,33.394,33.474,0,4915.96,2679.71,15372.2,768.609,278.384,1191.82,0,34.0553,151.264,357.574,393.54,0.228416,0.448085,3.07732,1.53715,0.00541798,0.263986,0.271739,0.418045,0,1.40435,73.4958
56000,9974.5,0.608795,33.252,33.284,0,4908.25,2672.08,15361.6,768.081,282.341,1188.87,0,34.1382,151.687,360.717,396.82,0.228187,0.447763,3.08952,1.54009,0.00543012,0.264715,0.271893,0.418885,0,1.40607,73.9972
56500,9981.64,0.609231,33.204,33.106,0,4910.1,2674.43,15338.4,766.918,283.844,1182.12,0,34.1612,151.48,363.766,399.36,0.228298,0.447811,3.08819,1.53666,0.00542937,0.266129,0.272865,0.418823,0,1.40562,74.1453
57000,9991.2,0.609814,33.304,33.33,0,4913.38,2682.83,15306.6,765.328,281.23,1183.64,0,34.0829,151.588,367.013,402.22,0.228767,0.448492,3.11355,1.53201,0.00540149,0.267238,0.275062,0.419623,0,1.40502,73.6498
57500,9987.96,0.609617,33.358,33.352,0,4911.71,2682.01,15274,763.7,278.367,1189.23,0,34.0365,151.346,370.112,400.38,0.228498,0.447918,3.13069,1.52924,0.00538982,0.268166,0.276443,0.419728,0,1.40506,73.2651
58000,9995.32,0.610066,33.284,33.294,0,4912.66,2682.39,15276.6,763.828,284.081,1183.21,0,34.0297,151.599,373.38,400.98,0.22811,0.447182,3.13962,1.52837,0.00537504,0.269524,0.277007,0.419677,0,1.40437,73.3206
58500,9972.94,0.6087,33.234,33.286,0.000117221,4907.69,2677.54,15236.7,761.836,283.933,1185.07,0,34.0698,151.39,376.705,404.42,0.228064,0.447012,3.15161,1.5278,0.00537497,0.270634,0.277022,0.420222,0,1.40586,73.8426
59000,9974.58,0.6088,33.334,33.36,6.11621e-05,4908.07,2678.08,15168.7,758.435,289.858,1184.06,0,33.9924,151.526,379.792,407.48,0.227693,0.446107,3.17809,1.52074,0.00536867,0.27131,0.278256,0.421279,0,1.40596,74.1271
59500,9968.62,0.608436,33.12,33.082,0.000121632,4907.21,2674.68,15163.1,758.153,293.314,1177.87,0,34.1014,151.509,382.922,410.32,0.227328,0.445285,3.18243,1.52108,0.00535552,0.272617,0.28165,0.421837,0,1.40643,73.402
60000,9988.92,0.609675,33.306,33.222,0.000191382,4912.45,2681.63,15176.4,758.821,286.407,1182.01,0,34.0198,151.398,386.078,413.54,0.22717,0.445078,3.20728,1.51933,0.00533662,0.273851,0.281904,0.421838,0,1.40512,55.4047
60500,10009.8,0.610947,33.536,33.55,0,4917.83,2688.26,15145.9,757.297,287.494,1191.32,0,33.9421,151.568,389.081,416.72,0.227201,0.445255,3.21612,1.51312,0.00533191,0.274242,0.282033,0.42241,0,1.40385,63.7092
61000,10011.7,0.611068,33.216,33.236,0,4920.26,2690.68,15140.1,757.005,291.307,1179.8,0,33.973,151.518,392.285,420.48,0.227273,0.445283,3.22648,1.51224,0.00531556,0.275038,0.284178,0.422579,0,1.40401,71.8202
61500,10002,0.610476,33.376,33.36,0,4917.67,2688.09,15117,755.851,289.552,1182.85,0,33.988,151.561,395.475,423.34,0.227118,0.44509,3.23794,1.51139,0.00530652,0.276381,0.285598,0.422777,0,1.40482,72.6374
62000,10009.4,0.610923,33.362,33.308,0.00012365,4918.41,2694.41,15075.4,753.772,282.887,1186.85,0,33.9607,151.354,398.578,427.2,0.227311,0.445437,3.27077,1.50614,0.00530403,0.277076,0.28814,0.424008,0,1.40403,72.717
62500,9998.66,0.61027,33.332,33.396,0.000188185,4915.48,2696.06,15081.8,754.088,284.799,1184.35,0,33.9709,151.798,401.797,431.12,0.227541,0.445938,3.29949,1.50838,0.0053274,0.277757,0.291256,0.424835,0,1.40456,71.4916
63000,10004.4,0.610621,33.366,33.362,0,4917.96,2701.41,15031.8,751.591,283.816,1182.74,0,33.8524,151.345,404.777,434.44,0.227848,0.44653,3.32009,1.50252,0.00532939,0.278855,0.293742,0.425826,0,1.40453,72.4808
63500,10004.7,0.61064,33.278,33.302,0.00012123,4918.19,2706.36,15002.3,750.113,284.381,1177.61,0,33.8071,151.783,407.914,437.08,0.228272,0.447309,3.34424,1.49952,0.00531167,0.279527,0.295316,0.426218,0,1.40455,72.7268
64000,10007.5,0.610809,33.276,33.216,6.34921e-05,4919.38,2706.37,14954.4,747.722,288.391,1174.39,0,33.766,151.443,411.349,441,0.22804,0.446708,3.34808,1.49432,0.00528243,0.280246,0.295996,0.426319,0,1.40446,72.1181
64500,10009.6,0.61094,33.496,33.502,0,4919.78,2704.91,14895.2,744.759,287.9,1181.02,0,33.7733,151.103,414.786,444.6,0.227647,0.445761,3.35222,1.48808,0.00524701,0.280773,0.296634,0.426929,0,1.40429,71.666
65000,10000.6,0.610388,33.404,33.46,6.09756e-05,4918.7,2704.72,14895.6,744.783,291.347,1182.95,0,33.7939,151.784,418.172,448.4,0.227836,0.446085,3.3642,1.48948,0.00523232,0.280959,0.298782,0.427589,0,1.40526,72.1009
65500,9993.88,0.609978,33.098,33.142,0.00012999,4916.45,2708.92,14861.5,743.075,290.047,1171.97,0,33.8024,151.704,421.402,453.5,0.228458,0.447088,3.38531,1.48706,0.00521158,0.281748,0.301207,0.427965,0,1.40546,68.3205
66000,9987.14,0.609567,33.416,33.338,0,4914.22,2709.47,14829.5,741.475,284.237,1177.78,0,33.8043,151.185,424.527,457.46,0.228603,0.447488,3.40161,1.48486,0.00518657,0.28328,0.302803,0.428398,0,1.40589,71.0515
66500,10006.2,0.61073,33.428,33.426,0,4919.43,2716.83,14818.6,740.931,284.907,1178.33,0,33.7878,151.539,427.807,460.52,0.228601,0.447694,3.42251,1.48094,0.00515868,0.284905,0.304516,0.429128,0,1.40463,73.1434
67000,10017.8,0.61144,33.258,33.284,0.000187883,4922.31,2717.51,14811.8,740.591,289.319,1175.93,0,33.7411,151.67,431.126,464.2,0.228131,0.446828,3.42601,1.47855,0.00513783,0.285528,0.305914,0.428805,0,1.40387,72.023
67500,10001.7,0.610453,33.272,33.26,5.78035e-05,4917.76,2715.18,14789.8,739.492,285.332,1172.86,0,33.7745,151.493,434.334,467.06,0.228028,0.446559,3.45071,1.47874,0.00515425,0.286472,0.307276,0.428889,0,1.40477,72.982
68000,10001,0.610414,33.496,33.454,0,4916.89,2717.67,14748.6,737.429,283.575,1182.45,0,33.7048,151.403,437.648,470.8,0.228152,0.446686,3.46904,1.47471,0.00517526,0.287298,0.309073,0.429492,0,1.40448,73.2755
68500,10002.2,0.610487,33.23,33.272,6.34921e-05,4916.84,2720.07,14803.6,740.178,279.711,1176.75,0,33.7845,151.955,440.729,474.58,0.228349,0.447008,3.48442,1.48003,0.00519273,0.288518,0.310291,0.429971,0,1.40464,71.9459
69000,10005.1,0.610664,33.316,33.282,0.000119953,4917.97,2721,14787.4,739.371,280.484,1175.81,0,33.8041,151.574,443.934,477.86,0.2284,0.447244,3.48351,1.47799,0.00520226,0.289224,0.310374,0.430402,0,1.40459,72.5571
69500,10025.3,0.611896,33.464,33.474,0,4923.14,2728.02,14763.6,738.181,278.411,1181.73,0,33.6877,151.413,447.311,481.14,0.228476,0.447533,3.49196,1.47264,0.00521257,0.290259,0.311798,0.430687,0,1.40321,72.41
70000,10015.2,0.611279,33.428,33.426,0.000179416,4920.82,2728.86,14741.7,737.087,279.814,1175.9,0,33.6823,151.532,450.597,484.32,0.22885,0.448177,3.50397,1.47194,0.00520634,0.291315,0.314431,0.430992,0,1.40391,71.7966
70500,10015.6,0.611306,33.24,33.234,0.000114905,4921.8,2728.56,14705.6,735.278,284.85,1170.46,0,33.6538,151.734,453.744,487.44,0.228549,0.447415,3.51685,1.46826,0.0052031,0.292006,0.315109,0.431803,0,1.40404,72.8322
71000,10011.3,0.611041,33.38,33.416,5.46448e-05,4921.03,2727.1,14654.9,732.746,285.747,1176.73,0,33.6801,151.518,456.725,490.7,0.22832,0.446685,3.52661,1.46384,0.00518402,0.292836,0.316127,0.432062,0,1.40432,73.378
71500,10003,0.610537,33.434,33.424,0.000173308,4919.07,2724.29,14576.6,728.828,288.741,1178.5,0,33.681,151.304,460.017,494.36,0.228046,0.446208,3.5405,1.45722,0.00518474,0.293041,0.315507,0.432208,0,1.40509,72.1001
72000,9996.5,0.610138,33.23,33.188,0.000113486,4916.95,2720.42,14553.5,727.678,295.244,1169.17,0,33.707,151.466,463.44,498,0.227469,0.445036,3.55363,1.45587,0.00517359,0.293232,0.313704,0.432256,0,1.40532,72.5272
72500,10012.5,0.611117,33.41,33.41,6.49351e-05,4921.11,2722.38,14538.3,726.916,295.107,1176.65,0,33.6663,151.522,466.566,501.82,0.227388,0.444768,3.53348,1.45201,0.00516154,0.293645,0.313195,0.431583,0,1.40424,72.218
73000,10021.8,0.611682,33.458,33.454,6.0241e-05,4923.08,2721.18,14582.5,729.127,293.722,1179.72,0,33.7201,151.515,469.624,503.68,0.22687,0.443924,3.53078,1.45508,0.00515729,0.294508,0.312463,0.431826,0,1.4036,71.3845
73500,10017.6,0.611426,33.314,33.322,6.51466e-05,4923.42,2719.89,14582.6,729.128,302.294,1174.7,0,33.77,151.849,472.908,507.32,0.226805,0.443891,3.53443,1.45569,0.00516155,0.295296,0.314695,0.43205,0,1.40437,72.6161
74000,10009.8,0.61095,33.232,33.288,0.000174884,4921.02,2721.76,14564.1,728.206,299.987,1169.4,0,33.7084,151.555,476.057,511.58,0.227076,0.444367,3.55356,1.45499,0.00515775,0.296268,0.315797,0.432293,0,1.40469,73.2392
74500,9989.34,0.609701,33.382,33.388,0.000121951,4914.81,2718.05,14501.8,725.088,297.415,1175.94,0,33.7448,151.506,479.3,514.76,0.227264,0.444892,3.56438,1.45172,0.00514164,0.296651,0.316968,0.432817,0,1.40582,72.4138
75000,9981.5,0.609222,33.224,33.25,0.000129032,4912.32,2716.2,14461.1,723.055,303.338,1173.93,0,33.7294,151.788,482.593,519.06,0.226942,0.444403,3.58749,1.44879,0.00512927,0.297337,0.318639,0.433561,0,1.40629,73.0621
75500,9972.74,0.608688,33.222,33.186,0.000112448,4911.39,2716.24,14417.9,720.895,308.862,1165.8,0,33.687,151.422,485.927,523,0.227139,0.444553,3.59354,1.44573,0.00511336,0.298084,0.318839,0.433702,0,1.407,73.0813
76000,9988.22,0.609633,33.4,33.442,0.000176182,4915.15,2718.63,14384.5,719.224,301.318,1174.56,0,33.6649,151.439,489.444,526.98,0.226749,0.443753,3.60018,1.44015,0.00509786,0.298048,0.319541,0.433793,0,1.40605,73.117
76500,9999.88,0.610344,33.2,33.102,6.66667e-05,4918.3,2718.05,14384.4,719.221,309.886,1166.4,0,33.7352,151.494,492.574,529.52,0.22614,0.442718,3.59896,1.43846,0.00509087,0.298494,0.319474,0.433837,0,1.40526,68.4914
77000,10008.4,0.610864,33.416,33.452,0,4920.71,2717.13,14379,718.949,307.935,1178.94,0,33.6962,151.506,495.719,532.36,0.225651,0.441794,3.59567,1.43669,0.0050725,0.299252,0.319405,0.434355,0,1.40466,67.2031
77500,10002.2,0.610488,33.31,33.378,0.00010953,4918.82,2713.18,14372.1,718.604,310.404,1172.75,0,33.7362,151.455,498.615,535.52,0.225257,0.441104,3.59605,1.43689,0.00506427,0.299772,0.319602,0.434604,0,1.40497,73.2005
78000,10003.8,0.610581,33.412,33.328,5.52486e-05,4919.19,2709.33,14302.2,715.108,319.297,1177.16,0,33.8426,151.581,501.698,539.68,0.224592,0.4398,3.59632,1.42969,0.00505869,0.299679,0.320939,0.434698,0,1.40499,74.5621
78500,10006.8,0.610765,33.356,33.408,6.07903e-05,4919.77,2714.28,14212.7,710.635,318.841,1178.16,0,33.7638,151.299,504.936,543.24,0.225055,0.440756,3.60978,1.4203,0.00505337,0.299931,0.321895,0.434285,0,1.4047,75.0955
79000,9975.92,0.608882,33.404,33.408,6.66667e-05,4911.24,2710.36,14142.1,707.103,317.397,1178.11,0,33.7115,151.163,508.108,546.4,0.225425,0.441567,3.62861,1.41762,0.00503542,0.300271,0.321166,0.434703,0,1.40633,74.7527
79500,9971.7,0.608624,33.296,33.34,0.000122377,4908.57,2710.96,14135.5,706.774,316.572,1175.86,0,33.7304,151.257,511.219,550.66,0.225749,0.442132,3.63121,1.41756,0.00502656,0.301096,0.321339,0.434416,0,1.40647,75.015
80000,9950.96,0.607358,32.964,32.998,6.43087e-05,4903.99,2704.89,14114.2,705.708,324.349,1165.38,0,33.8201,151.794,514.604,554.64,0.225383,0.441685,3.64406,1.41837,0.0050328,0.302073,0.322425,0.434145,0,1.40794,58.9475
80500,9962.72,0.608076,33.312,33.258,5.89971e-05,4905.88,2705.28,14135.6,706.781,321.347,1174.11,0,33.7547,151.428,517.884,557.96,0.225055,0.441377,3.64145,1.41885,0.00506082,0.303237,0.322396,0.434296,0,1.40703,66.7723
81000,9972.9,0.608698,33.188,33.164,0.000119612,4908.6,2707.76,14122.2,706.11,326.354,1169.52,0,33.814,151.864,520.861,560.82,0.224777,0.440882,3.65393,1.41606,0.00508852,0.304292,0.321256,0.434335,0,1.40624,74.2846
81500,10002.5,0.610502,33.37,33.296,0,4916.85,2711.59,14087.6,704.381,318.545,1175.31,0,33.7109,151.043,523.776,565.26,0.224072,0.439331,3.6532,1.40841,0.00508005,0.30482,0.320853,0.433695,0,1.40442,74.4231
82000,10004.3,0.610612,33.416,33.436,0.000175137,4916.8,2713.19,14087.1,704.355,323.36,1179.18,0,33.7432,151.467,526.888,568.16,0.223873,0.4389,3.67577,1.40811,0.00508975,0.305981,0.322598,0.433943,0,1.40408,74.0937
82500,9997.44,0.610195,33.128,33.17,5.66572e-05,4915.76,2711.65,14053.6,702.681,328.012,1169.17,0,33.79,151.894,530.077,571.9,0.223862,0.438836,3.67701,1.40572,0.0050622,0.307254,0.324215,0.434847,0,1.40472,74.4932
83000,9998.26,0.610245,33.45,33.462,0.000115368,4916.41,2709,14025.2,701.262,330.614,1179.04,0,33.8088,151.536,533.095,575.2,0.223292,0.437795,3.68073,1.40277,0.00506105,0.308225,0.325532,0.434613,0,1.40463,75.0802
83500,10000.9,0.610405,33.348,33.338,0,4916.55,2708.3,13981.4,699.071,336.044,1175.3,0,33.8052,151.631,536.377,579.56,0.223004,0.43721,3.68804,1.39802,0.0050762,0.309374,0.328562,0.434188,0,1.40452,74.8048
84000,9992.46,0.609891,33.174,33.15,6.23053e-05,4913.73,2708.17,13926.8,696.338,333.269,1170.08,0,33.7887,151.212,539.675,582.86,0.2232,0.437615,3.69768,1.39373,0.00508384,0.310243,0.330426,0.434098,0,1.40489,75.0923
84500,10003.3,0.610553,33.468,33.484,0.000118845,4916.18,2712.58,13831.8,691.589,336.894,1179.03,0,33.6899,151.504,543.059,585.8,0.223277,0.437682,3.71114,1.38272,0.00508267,0.311047,0.330274,0.433991,0,1.40416,75.1871
85000,10007.4,0.610806,33.34,33.296,0.000181908,4917.74,2709.48,13772.1,688.605,346.64,1173.29,0,33.7262,151.68,546.119,589.66,0.22258,0.436339,3.71233,1.37619,0.00508452,0.311821,0.332703,0.434043,0,1.40408,74.7861
85500,10005.2,0.610671,33.33,33.336,5.98802e-05,4916.42,2710.52,13757.2,687.859,343.366,1174.54,0,33.7467,151.509,549.255,595.66,0.222613,0.436328,3.72238,1.375,0.00507767,0.312598,0.334737,0.433901,0,1.40389,74.3426
86000,9987.64,0.609597,33.322,33.394,0.000118189,4911.55,2704.24,13710.2,685.508,343.063,1180.7,0,33.7501,151.501,552.381,598.92,0.222097,0.43523,3.73968,1.37271,0.00508422,0.313462,0.336239,0.434701,0,1.40501,74.9501
86500,9979.24,0.609084,33.292,33.256,5.88235e-05,4909.88,2702.17,13698.1,684.903,345.016,1176.23,0,33.8403,151.522,555.686,600.6,0.221966,0.434967,3.7474,1.37266,0.00507017,0.315028,0.336432,0.435324,0,1.40562,74.9988
87000,10018.2,0.611462,33.37,33.308,0,4919.81,2710.15,13739.4,686.969,342.254,1177.77,0,33.7908,151.373,558.634,603.7,0.221649,0.434358,3.74863,1.37144,0.00506228,0.316177,0.337605,0.435976,0,1.40329,74.5763
87500,10022.5,0.611726,33.484,33.478,0.000116484,4920.35,2713.05,13760.3,688.016,334.854,1184.38,0,33.7968,151.386,561.641,606.8,0.221547,0.434151,3.76762,1.37294,0.00505803,0.317191,0.338209,0.436184,0,1.40263,74.0258
88000,10010.6,0.610996,33.244,33.294,0,4917.44,2711.6,13734.7,686.735,342.19,1177.02,0,33.8842,151.722,564.85,608.7,0.221403,0.433871,3.79286,1.37202,0.00505486,0.317379,0.33968,0.436843,0,1.40339,74.4605
88500,9985.6,0.609473,33.352,33.398,0.000231853,4911.11,2709.9,13671.9,683.596,337.086,1180.83,0,33.8657,151.115,567.959,611.4,0.221857,0.434674,3.81621,1.36916,0.00504637,0.318213,0.342315,0.437294,0,1.40511,74.6121
89000,9976.68,0.608928,33.242,33.306,0.000115642,4909.88,2709.05,13619.2,680.959,342.256,1179.33,0,33.8771,151.805,571.177,614.54,0.221909,0.434712,3.83041,1.3651,0.00502666,0.318893,0.344936,0.437856,0,1.40607,74.2399
89500,10001.1,0.610419,33.432,33.358,0.000181784,4914.66,2713.58,13632.7,681.638,341.84,1181.03,0,33.827,151.248,574.334,618.08,0.221838,0.434578,3.81605,1.36313,0.00500084,0.319797,0.346746,0.437914,0,1.40415,74.0703
90000,9976.4,0.608911,33.212,33.224,0.000239649,4909.03,2710.51,13572.3,678.616,339.97,1174.74,0,33.8111,151.426,577.675,621.48,0.222109,0.434848,3.83389,1.36044,0.00497851,0.320625,0.347669,0.437552,0,1.40582,75.7116
90500,9970.96,0.608579,33.238,33.258,5.89971e-05,4907.59,2712.02,13573.9,678.697,342.708,1179.56,0,33.7898,151.605,580.69,626.2,0.222353,0.435385,3.85083,1.36135,0.00497565,0.321773,0.348565,0.43739,0,1.40625,74.8579
91000,9980.14,0.609139,33.246,33.23,0.000119302,4909.98,2717.35,13598.6,679.932,338.514,1173.83,0,33.7562,151.492,583.725,631.32,0.222461,0.435769,3.86973,1.36257,0.00498234,0.32288,0.351702,0.437806,0,1.40556,73.8046
91500,9981.44,0.609219,33.212,33.19,5.69801e-05,4910.55,2720.58,13528.5,676.426,336.465,1171.82,0,33.7066,151.398,586.737,633.7,0.222522,0.435885,3.89393,1.35537,0.00498417,0.324133,0.353532,0.437675,0,1.40554,74.1558
92000,10000.8,0.610398,33.554,33.528,0.000118343,4915.88,2720.52,13545.5,677.278,338.975,1185.35,0,33.6817,151.23,589.81,635.84,0.22173,0.434224,3.89056,1.35445,0.00497388,0.325706,0.354659,0.4378,0,1.4044,74.6823
92500,9985.18,0.609447,33.23,33.256,0.000229589,4911.46,2716.02,13602.7,680.137,339.698,1173.19,0,33.7929,151.517,593.125,639.34,0.221588,0.433904,3.90083,1.3623,0.00496038,0.326526,0.355536,0.438448,0,1.40558,74.8875
93000,9987.84,0.609609,33.182,33.168,0.000116133,4912.96,2717.27,13547.1,677.353,349.63,1167.63,0,33.7373,151.683,596.274,642.14,0.221648,0.433858,3.89901,1.35636,0.004953,0.327327,0.355172,0.439336,0,1.40541,75.0447
93500,10001.9,0.610466,33.53,33.51,6.13497e-05,4916.53,2721.13,13517.1,675.856,339.966,1181.7,0,33.6818,151.271,599.489,646.42,0.221757,0.434012,3.89656,1.35146,0.00494711,0.328733,0.355588,0.44003,0,1.40468,75.2154
94000,9992.06,0.609867,33.202,33.31,0.000163727,4913.78,2721.31,13543.9,677.194,340.481,1175.23,0,33.7564,151.665,603.026,648.94,0.222029,0.434539,3.90187,1.35547,0.00491757,0.330035,0.357513,0.440029,0,1.40491,74.9476
94500,9985.34,0.609457,33.172,33.134,0.000182746,4912.66,2720.52,13576.2,678.812,338.15,1172.76,0,33.8025,151.641,606.243,651.44,0.22208,0.434677,3.91118,1.35962,0.00489866,0.331172,0.359215,0.440508,0,1.40563,74.0994
95000,9970.98,0.60858,33.35,33.404,5.8651e-05,4908.49,2721.4,13541.8,677.089,332.913,1181.32,0,33.7721,151.351,609.516,651.5,0.2227,0.435843,3.92069,1.35812,0.00489815,0.33173,0.360216,0.441437,0,1.40643,75.1715
95500,9973.34,0.608724,33.228,33.14,0.000362904,4911.46,2724.26,13524.9,676.246,340.378,1169.27,0,33.7146,151.443,612.945,653.26,0.223079,0.436414,3.92542,1.35611,0.00487828,0.332752,0.360701,0.441292,0,1.40718,74.7294
96000,9999.26,0.610306,33.36,33.288,0.000433877,4917.09,2731.38,13512.5,675.624,335.232,1171.29,0,33.6386,151.238,615.941,656.24,0.223035,0.436189,3.92967,1.35135,0.00487732,0.333469,0.361963,0.441569,0,1.40515,73.8165
96500,10021,0.611636,33.404,33.394,0.000356224,4922.72,2738.61,13471.9,673.593,339.225,1172.56,0,33.5651,151.536,618.81,659.58,0.223122,0.436397,3.93484,1.34436,0.00490781,0.334053,0.362074,0.441263,0,1.40366,74.3203
97000,10029.6,0.612159,33.526,33.53,5.93472e-05,4923.67,2743.27,13491.4,674.572,333.909,1173.7,0,33.5163,151.454,621.774,663.16,0.223576,0.437638,3.92979,1.34516,0.00492307,0.335239,0.361711,0.441297,0,1.40269,74.7344
97500,10026.6,0.611975,33.384,33.338,0,4923.55,2743.81,13558.3,677.913,332.576,1170.55,0,33.5105,151.462,624.93,666.12,0.223672,0.437766,3.93343,1.35223,0.00492887,0.336159,0.364321,0.44141,0,1.4029,74.5155
98000,10035.2,0.612498,33.41,33.442,6.00601e-05,4924.7,2746.72,13531.4,676.571,333.497,1166.68,0,33.4615,151.498,627.968,669.72,0.223814,0.437892,3.93252,1.3484,0.00494349,0.337181,0.365843,0.441917,0,1.40224,74.0532
98500,10036.7,0.612593,33.436,33.486,0.000176398,4925.63,2746.02,13472.6,673.632,341.274,1168.62,0,33.3984,151.734,631.123,674.16,0.223509,0.437198,3.93512,1.34234,0.00496256,0.338735,0.367722,0.442143,0,1.40208,74.6243
99000,10002.5,0.610505,33.278,33.298,6.19195e-05,4916.48,2734.77,13486,674.302,341.601,1163.1,0,33.4516,151.643,634.578,676.42,0.223325,0.436701,3.93042,1.34827,0.00496514,0.339828,0.368243,0.442466,0,1.40442,75.053
99500,9995.62,0.610084,33.36,33.39,5.95238e-05,4914.97,2730.2,13444.9,672.247,349.642,1167.72,0,33.4423,151.439,637.556,677.46,0.222931,0.435781,3.92549,1.34509,0.00495744,0.340532,0.367158,0.443109,0,1.40487,73.5264
100000,9980.44,0.609158,33.256,33.292,0.000349482,4909.79,2728.25,13398.9,669.945,347.751,1163.41,0,33.4584,151.541,640.633,678.74,0.223069,0.435822,3.94247,1.34252,0.00498029,0.341611,0.368334,0.443504,0,1.40555,58.2567
100500,9978.1,0.609015,33.338,33.288,0.000182736,4909.12,2727.42,13408.7,670.435,345.018,1164.75,0,33.4164,151.265,643.603,682.7,0.222784,0.435132,3.95391,1.34381,0.0049902,0.342454,0.368404,0.44348,0,1.40557,66.3124
101000,9994.98,0.610045,33.328,33.316,0.000166123,4913.55,2729.64,13457.1,672.855,346.41,1165.03,0,33.4283,151.415,646.577,687.02,0.222295,0.434013,3.96087,1.34639,0.00500582,0.342806,0.367576,0.443626,0,1.40453,75.1248
101500,10002.7,0.610516,33.402,33.418,5.61798e-05,4917.28,2729.9,13436.6,671.832,353.058,1163.38,0,33.4194,151.36,649.785,690.24,0.221963,0.433417,3.96359,1.34331,0.00499295,0.343986,0.367456,0.443709,0,1.40455,75.1559
102000,9975.64,0.608865,33.122,33.132,6.06061e-05,4910.39,2726.22,13378.3,668.917,355.19,1156.59,0,33.4471,151.669,653.24,692.72,0.222166,0.433808,3.9883,1.3411,0.00498016,0.345579,0.368357,0.444357,0,1.40633,74.6804
102500,9966.92,0.608333,33.23,33.262,0.000185757,4907.55,2725.05,13312.5,665.627,355.691,1162.91,0,33.4569,151.372,656.526,696.36,0.222114,0.433737,4.00699,1.33568,0.00496977,0.345848,0.368552,0.445307,0,1.40696,75.0732
103000,9954.36,0.607566,33.278,33.34,0.000177917,4903.87,2725.26,13322.4,666.121,354.624,1164.7,0,33.4681,151.692,659.971,702.12,0.222624,0.434909,4.00818,1.33835,0.00495873,0.346341,0.369174,0.445847,0,1.40748,75.9388
103500,9952.74,0.607467,33.132,33.088,0.000122329,4902.16,2722.94,13282.9,664.147,352.331,1157.87,0,33.4622,151.416,663.024,708.1,0.222272,0.434274,4.01099,1.3346,0.00495807,0.347132,0.369872,0.445937,0,1.40725,75.4783
104000,9938.42,0.606593,33.046,33.146,0.000245343,4899.03,2718.93,13317.9,665.897,350.683,1163.58,0,33.5364,151.549,666.248,711.12,0.22245,0.434723,3.99496,1.34005,0.00495199,0.348548,0.371893,0.446391,0,1.40814,74.7414
104500,9918.82,0.605397,33.086,33.082,6.07903e-05,4893.59,2714.18,13325.8,666.288,354.234,1159.99,0,33.6178,151.781,669.582,714.98,0.222561,0.435114,3.99829,1.34348,0.00493982,0.349399,0.3741,0.446969,0,1.40961,74.8446
105000,9916.78,0.605272,33.184,33.142,0,4892.73,2712.91,13325.5,666.275,349.06,1164.49,0,33.6478,151.24,672.837,718.98,0.222303,0.434459,4.00728,1.34374,0.00496537,0.350679,0.376079,0.44724,0,1.40959,74.8761
105500,9935.6,0.606421,33.152,33.126,0.000238191,4898.38,2719.1,13341.8,667.091,351.217,1164.49,0,33.614,151.493,676.026,723.52,0.222144,0.434128,4.03048,1.34283,0.00495534,0.351964,0.376486,0.447095,0,1.40862,75.3134
106000,9962.72,0.608076,32.998,32.924,5.78035e-05,4906.51,2728.85,13326.1,666.304,352.348,1149.32,0,33.5066,151.577,678.909,727.14,0.222403,0.434643,4.03574,1.3376,0.00494992,0.352722,0.376043,0.44715,0,1.40714,74.2676
106500,9972.3,0.608661,33.434,33.408,0.000122773,4908.43,2733.01,13275.9,663.793,347.709,1171.49,0,33.4257,151.584,682.074,729.24,0.2226,0.434887,4.04484,1.33128,0.00493824,0.353731,0.377499,0.447353,0,1.40651,75.3476
107000,9974.5,0.608795,33.136,33.164,0.000242212,4909.18,2735.42,13201,660.049,357.094,1155.1,0,33.3143,151.449,685.162,730.24,0.222553,0.434826,4.06131,1.32347,0.00495999,0.354855,0.378967,0.446935,0,1.40624,73.6408
107500,9955.86,0.607657,33.252,33.258,0.000195877,4903.83,2727.34,13236.4,661.822,352.208,1164.24,0,33.4326,151.514,688.117,733.28,0.222189,0.434176,4.05594,1.32951,0.00494919,0.355205,0.378029,0.445915,0,1.40745,73.757
108000,9967.52,0.608369,33.032,33.06,0.000373014,4907.38,2728.44,13277.4,663.87,357.14,1154.12,0,33.442,151.685,690.943,736.78,0.221891,0.433613,4.04646,1.33207,0.00494869,0.355221,0.374563,0.446035,0,1.4065,74.2246
108500,9955.24,0.60762,33.262,33.302,0.000239749,4903,2722.89,13211.8,660.59,358.132,1163.27,0,33.4425,151.394,694.034,740.1,0.221443,0.432571,4.05618,1.32712,0.00494759,0.35574,0.372241,0.44663,0,1.40723,75.3344
109000,9957.38,0.60775,33.038,33.012,0.00011691,4904.18,2725.79,13232.5,661.627,358.692,1156.08,0,33.4991,151.879,697.223,744.26,0.221702,0.432771,4.06246,1.32892,0.00494442,0.356286,0.372734,0.446842,0,1.40717,74.773
109500,9952.5,0.607452,33.35,33.38,0.000247767,4902.36,2730.79,13176,658.798,349.544,1166.71,0,33.3403,151.063,700.772,748.36,0.222301,0.433542,4.08779,1.32388,0.00492192,0.357096,0.373981,0.445942,0,1.40734,74.407
110000,9947.7,0.607159,33.152,33.072,0.000123456,4901.56,2725.38,13163.1,658.157,354.905,1158.35,0,33.5065,151.448,703.803,751.28,0.221715,0.432094,4.09139,1.32324,0.00492483,0.357425,0.374101,0.445475,0,1.40817,75.0035
110500,9976.58,0.608922,33.334,33.336,0.00012615,4907.91,2727.89,13128.2,656.408,354.826,1168.46,0,33.4668,151.353,706.666,754.18,0.22091,0.430449,4.07935,1.3159,0.00494043,0.35796,0.375565,0.445324,0,1.40549,74.8795
111000,9978.68,0.60905,33.242,33.244,0.00040448,4907.48,2728.64,13077.9,653.896,366.39,1162.3,0,33.4273,151.601,709.548,756.68,0.220759,0.430136,4.08894,1.31059,0.00494338,0.358229,0.375196,0.445563,0,1.40505,74.4497
111500,9967.16,0.608347,33.158,33.186,0.000363723,4904.63,2728.01,13004.6,650.23,365.464,1159.15,0,33.4254,151.586,712.553,758.94,0.220951,0.430361,4.10407,1.30475,0.00493358,0.358505,0.375739,0.445172,0,1.40589,74.6948
112000,9985.8,0.609485,33.264,33.236,0.000234436,4909.19,2729.98,12929.1,646.455,365.026,1163.98,0,33.434,151.597,715.472,761.92,0.22055,0.42974,4.09853,1.29475,0.00491812,0.359431,0.375198,0.445837,0,1.40466,75.3813
112500,9959.18,0.60786,33.226,33.278,0.0004927,4903.51,2724.22,12913,645.648,368.449,1167.96,0,33.5687,151.457,718.273,765.7,0.220735,0.430254,4.09519,1.29659,0.00492615,0.360688,0.375181,0.446345,0,1.40656,74.586
113000,9958.42,0.607814,33.236,33.226,0.000599871,4903.05,2723.64,12870.8,643.538,367.675,1168.86,0,33.5593,151.524,721.198,769.44,0.220542,0.42997,4.11042,1.29245,0.00495421,0.361792,0.375374,0.446151,0,1.40668,73.8947
113500,9959.14,0.607858,33.028,33.006,0.000429504,4903.95,2726,12889.1,644.455,366.428,1161.03,0,33.6193,151.688,724.284,774.1,0.220744,0.430508,4.1235,1.2942,0.00496886,0.363417,0.376607,0.446971,0,1.40712,74.0829
114000,9969.18,0.60847,33.302,33.294,0.000300005,4905.32,2731.14,12824.3,641.214,366.533,1170.16,0,33.4777,151.337,727.292,778.22,0.221076,0.4312,4.12524,1.28639,0.00498099,0.364307,0.377837,0.447649,0,1.40602,74.5091
114500,9968.9,0.608453,33.312,33.356,0.000416789,4904.28,2734.35,12777.6,638.88,365.329,1169.99,0,33.4638,151.507,730.232,782.22,0.221419,0.431587,4.13491,1.28175,0.00497184,0.364308,0.378984,0.447707,0,1.40564,75.1056
115000,9965.9,0.60827,33.22,33.168,0.000491513,4903.56,2734.32,12788.5,639.424,361.881,1167.91,0,33.4614,151.589,733.31,785.72,0.221381,0.431416,4.14512,1.28323,0.00495707,0.364799,0.378676,0.447479,0,1.40578,74.2382
115500,9976.74,0.608932,33.218,33.252,0.000372859,4906.25,2739.57,12709,635.448,367.539,1163.88,0,33.4229,151.478,736.159,789.56,0.22162,0.431863,4.1514,1.27386,0.00495357,0.365284,0.377893,0.446779,0,1.40498,74.2921
116000,9969.92,0.608516,33.18,33.198,0.000474675,4904.23,2736.59,12674.7,633.734,372.753,1159.4,0,33.3896,151.372,739.122,794.44,0.221238,0.431113,4.16528,1.27129,0.00497123,0.365822,0.380336,0.446047,0,1.40548,75.0271
116500,9946.14,0.607064,33.234,33.27,0.000473269,4896.86,2729.23,12623.6,631.178,372.438,1164.68,0,33.3694,151.358,742.095,798.04,0.221037,0.430775,4.16776,1.26919,0.00499685,0.366436,0.382711,0.44645,0,1.40663,74.267
117000,9926.72,0.605879,33.222,33.244,0.000484648,4891.97,2723.83,12580.4,629.022,379.099,1163.98,0,33.4154,151.239,745.462,801.66,0.220729,0.430457,4.18727,1.26733,0.0050182,0.366985,0.384139,0.446427,0,1.40813,74.3866
117500,9930.78,0.606127,33.092,33.122,0.000426493,4893.21,2727.07,12593.2,629.66,376.675,1162.27,0,33.4396,151.636,748.688,805.1,0.220875,0.430986,4.19941,1.2681,0.00503106,0.367419,0.385824,0.447064,0,1.40778,74.4781
118000,9922.96,0.605649,33.106,33.054,0.00054957,4892.2,2724.18,12609.1,630.453,373.795,1158.87,0,33.4389,151.344,751.618,807.86,0.220844,0.430871,4.19265,1.2707,0.00503871,0.367681,0.386961,0.446698,0,1.40863,74.0739
118500,9930.9,0.606134,33.062,33.054,0.000474786,4894.15,2724.58,12677.6,633.882,375.173,1159.8,0,33.506,151.337,754.758,810.68,0.22052,0.430074,4.19826,1.27659,0.00502044,0.367552,0.388421,0.446442,0,1.4081,74.8661
119000,9942.6,0.606848,33.05,33.076,0.000669794,4896.94,2727.72,12696.6,634.831,373.185,1158.16,0,33.4796,151.614,758.147,811.64,0.220171,0.429501,4.21276,1.27699,0.00501957,0.367672,0.387855,0.446223,0,1.40704,74.8525
119500,9910.04,0.604861,33.14,33.144,0.000410674,4888.09,2715.71,12700.2,635.012,373.323,1167.88,0,33.6376,151.69,761.264,813.68,0.219619,0.428514,4.22187,1.28155,0.00500117,0.368126,0.388016,0.446092,0,1.40935,74.7145
120000,9908.1,0.604742,32.974,33.012,0.000541408,4886.61,2716.59,12688.9,634.447,375.115,1160.01,0,33.5917,151.436,764.383,816.9,0.219752,0.428888,4.22389,1.28066,0.00496863,0.369091,0.388689,0.44687,0,1.40911,58.857
120500,9904.16,0.604502,33.148,33.112,0.000237807,4887.08,2714.28,12668.9,633.447,373.778,1166.33,0,33.6129,151.323,767.228,819.7,0.219618,0.428689,4.22003,1.27915,0.00495752,0.369283,0.389052,0.447148,0,1.40982,67.1522
121000,9939.66,0.606669,33.094,33.098,0.000611763,4896.53,2719.68,12671.7,633.587,377.642,1165.66,0,33.5568,151.41,769.904,823.08,0.219334,0.428271,4.19897,1.27487,0.00498645,0.369961,0.389074,0.447005,0,1.40777,74.842
121500,9927.72,0.60594,33.114,33.068,0.00055939,4893.17,2713.66,12628.5,631.424,381.037,1165.96,0,33.6245,151.56,772.772,828.52,0.219111,0.427973,4.18344,1.27204,0.00501351,0.37067,0.389636,0.446674,0,1.40838,74.362
122000,9923.16,0.605662,33.048,33.058,0.000617237,4893.08,2713.53,12657.6,632.881,383.596,1164.17,0,33.544,151.674,775.71,832.24,0.219342,0.428479,4.1776,1.27556,0.00501139,0.371227,0.388943,0.446525,0,1.40888,73.4181
122500,9951.84,0.607412,33.26,33.202,0.000362278,4900.15,2720,12663.5,633.173,382.159,1163.47,0,33.4611,151.235,778.84,837.48,0.219038,0.427983,4.18294,1.27248,0.00500406,0.372059,0.388836,0.44635,0,1.40687,71.8806
123000,9958.66,0.607828,33.084,33.066,0.000582459,4900.86,2720.63,12657.8,632.891,382.002,1161.87,0,33.4738,151.465,782.258,839.6,0.218736,0.427419,4.18484,1.27104,0.00501261,0.372992,0.389594,0.445924,0,1.40595,73.3495
123500,9952.18,0.607433,33.208,33.264,0.000597316,4900.59,2718.18,12632.8,631.639,384.542,1168.51,0,33.527,151.613,785.417,842.4,0.21845,0.426861,4.197,1.26935,0.00502015,0.372913,0.390402,0.445784,0,1.40673,75.3932
124000,9973.28,0.608721,33.344,33.242,0.000895998,4906.71,2721.46,12613.2,630.662,386.088,1168.94,0,33.5243,151.549,788.542,846.12,0.217846,0.42585,4.20951,1.26471,0.00503482,0.373471,0.390776,0.446671,0,1.40567,75.0194
124500,9982.78,0.609301,33.18,33.204,0.000653793,4908.58,2722.57,12544,627.2,388.795,1165.83,0,33.4926,151.485,791.775,850.2,0.217493,0.425159,4.2176,1.25657,0.00505579,0.374141,0.392487,0.446915,0,1.40494,73.4608
125000,10001,0.610414,33.412,33.404,0.000348531,4914.29,2727.8,12503.9,625.196,391.184,1172.53,0,33.4303,151.507,795.211,853.44,0.217478,0.425081,4.22402,1.25027,0.00505971,0.375193,0.392575,0.446957,0,1.40412,74.8427
125500,9996.54,0.61014,33.308,33.33,0.000546894,4914.08,2728.16,12468.9,623.447,395.978,1166.01,0,33.3984,151.42,798.615,856.28,0.217467,0.42494,4.23712,1.24733,0.00503331,0.376192,0.392482,0.447012,0,1.40449,74.5318
126000,9998.2,0.610242,33.318,33.268,0.000590923,4914.23,2726.04,12483.1,624.157,393.584,1170.69,0,33.4821,151.55,801.935,860,0.217069,0.424199,4.24012,1.24854,0.0050307,0.377074,0.393571,0.447544,0,1.40454,73.9425
126500,9998.54,0.610262,33.35,33.382,0.000180758,4916.13,2725.94,12489.4,624.471,393.267,1170.67,0,33.4932,151.35,804.935,864.26,0.217033,0.424024,4.23772,1.24912,0.0050232,0.377651,0.392799,0.448046,0,1.40496,74.0306
127000,10016.4,0.611355,33.466,33.404,0.000361716,4920.35,2728.61,12464.1,623.205,391.938,1174.21,0,33.4795,151.291,807.673,866.04,0.216513,0.42316,4.24416,1.24437,0.00504791,0.378037,0.390706,0.448545,0,1.40349,73.3191
127500,9999.98,0.61035,33.332,33.388,0.000351538,4915.63,2717.51,12428.4,621.419,403.136,1175.16,0,33.5731,151.51,810.778,869.22,0.215436,0.421297,4.24468,1.24284,0.00505534,0.378576,0.388881,0.448188,0,1.40452,73.9405
128000,10006.9,0.610773,33.518,33.49,0.000529934,4917.07,2718.78,12425.6,621.281,400.8,1178.29,0,33.6034,151.426,813.675,871.14,0.215233,0.420907,4.24959,1.24171,0.00507841,0.379395,0.388214,0.44815,0,1.40392,74.5265
128500,10009.9,0.610955,33.118,33.18,0.000553744,4918.46,2721.46,12416.3,620.816,402.959,1170.35,0,33.6592,151.621,816.523,873.78,0.215403,0.421191,4.25625,1.24041,0.00509883,0.380278,0.388675,0.448305,0,1.4038,74.7832
129000,9973.5,0.608734,33.316,33.36,0.000541136,4906.83,2713.2,12308.9,615.444,397.849,1179.76,0,33.7288,151.339,819.882,876.86,0.215753,0.421665,4.25397,1.23416,0.00509499,0.381244,0.388566,0.449203,0,1.40572,75.0619
129500,9971.26,0.608597,33.192,33.158,0.000532155,4906.65,2712.76,12293.7,614.684,405.782,1172.61,0,33.7723,151.678,823.344,881.24,0.215696,0.421357,4.26085,1.23291,0.00508385,0.38188,0.388876,0.449786,0,1.40598,74.7171
130000,9969.18,0.60847,33.15,33.156,0.000472726,4905.53,2712.15,12274.4,613.718,404.766,1173.81,0,33.7521,151.717,826.537,885.58,0.215578,0.421106,4.26623,1.23123,0.00509358,0.382594,0.389803,0.450004,0,1.40601,74.8477
130500,9974.92,0.608821,33.328,33.316,0.000670834,4907.61,2716.23,12175.8,608.79,410.657,1173.8,0,33.6765,151.345,829.53,890.32,0.216016,0.421856,4.26605,1.22064,0.00510686,0.383279,0.390126,0.450331,0,1.40586,75.2418
131000,9978.18,0.60902,33.306,33.284,0.000835831,4908.86,2719.77,12069.3,603.466,412.931,1174.23,0,33.6423,151.443,832.724,893.78,0.216409,0.422282,4.26776,1.20957,0.00510423,0.383387,0.389514,0.450106,0,1.40562,74.6838
131500,9968.2,0.608411,33.156,33.204,0.000557815,4906.29,2718.97,12051.7,602.587,411.891,1172.3,0,33.6935,151.704,835.618,896.68,0.216523,0.422491,4.27909,1.20902,0.0051116,0.384192,0.389792,0.449986,0,1.40622,73.5848
132000,9960.06,0.607914,33.062,33.092,0.0005403,4903.99,2720.68,12020.7,601.036,414.884,1163.55,0,33.7239,151.677,838.807,900.48,0.216924,0.423329,4.29609,1.20689,0.00511342,0.385362,0.390962,0.450804,0,1.40689,73.8994
132500,9958.44,0.607815,33.35,33.34,0.000325816,4903.58,2722.71,11977.2,598.859,413.322,1172.43,0,33.6628,151.426,841.739,904.76,0.216769,0.423136,4.3262,1.20272,0.00512145,0.385461,0.391292,0.451579,0,1.40672,74.2938
133000,9956.26,0.607682,33.228,33.246,0.000484737,4903.1,2723.39,11929.9,596.495,419.368,1169.3,0,33.6908,151.648,845.169,908.56,0.216645,0.422822,4.34756,1.19823,0.00514983,0.385499,0.391425,0.451571,0,1.40695,72.4227
133500,9938.6,0.606604,32.982,33.008,0.000473122,4897.11,2718.03,11912.3,595.615,413.963,1164.5,0,33.7025,151.561,848.255,911.6,0.216516,0.422553,4.35273,1.19859,0.00515959,0.386143,0.390761,0.452169,0,1.40787,74.3512
134000,9922.4,0.605615,33.168,33.18,0.000310371,4893.41,2714.91,11898.7,594.933,413.886,1173.56,0,33.7758,151.502,851.574,914.52,0.216546,0.422647,4.3605,1.19917,0.00518216,0.387129,0.391859,0.452661,0,1.40888,74.7444
134500,9928.48,0.605986,33.032,32.988,0.000504701,4894.88,2715.3,11849.8,592.489,421.368,1165.01,0,33.7756,151.637,854.291,917.22,0.21655,0.422646,4.34995,1.19352,0.00519211,0.387028,0.390343,0.452545,0,1.40862,75.4669
135000,9942.48,0.606841,33.152,33.13,0.000656741,4898.7,2721.18,11835.5,591.775,416.666,1166.46,0,33.7325,151.277,857.221,921.08,0.216836,0.423214,4.35413,1.1904,0.00520455,0.386954,0.390611,0.45196,0,1.40784,75.2005
135500,9983.56,0.609348,33.382,33.276,0.000553312,4908.23,2733.16,11824,591.198,411.073,1173.64,0,33.6079,151.588,860.05,925.54,0.216736,0.423121,4.36874,1.18434,0.00522011,0.387686,0.390418,0.451577,0,1.40474,74.8027
136000,9989.48,0.609709,33.19,33.284,0.00103435,4908.61,2735.97,11787.3,589.367,413.485,1171.2,0,33.6255,151.822,862.913,928.7,0.216832,0.423252,4.37145,1.17998,0.00522853,0.388937,0.391329,0.451837,0,1.40399,73.6417
136500,9964.56,0.608188,33.14,33.124,0.000478272,4901.07,2728.5,11757.5,587.874,411.02,1167.53,0,33.7423,151.405,865.775,931.58,0.216664,0.422867,4.37883,1.17993,0.00524451,0.389575,0.392992,0.451324,0,1.40544,74.4381
137000,9982.9,0.609308,33.294,33.296,0.000970073,4906.63,2734.11,11724.6,586.23,409.302,1175.46,0,33.7048,151.419,868.489,934.52,0.216798,0.423178,4.37284,1.17447,0.00528349,0.390104,0.392745,0.451562,0,1.40426,74.6262
137500,9990.46,0.609769,33.43,33.366,0.000589396,4909.5,2737.62,11667.2,583.359,409.714,1180.66,0,33.7122,151.447,871.186,939.62,0.216826,0.423313,4.38334,1.16784,0.00530986,0.390572,0.392359,0.451139,0,1.4039,75.2941
138000,9987.62,0.609596,33.34,33.338,0.000487215,4908.43,2739.16,11644.5,582.227,420.916,1173.5,0,33.6165,151.762,874.372,940.46,0.217174,0.424026,4.38685,1.1659,0.00532794,0.390527,0.393398,0.450795,0,1.40407,75.2056
138500,9983.88,0.609368,33.098,33.174,0.000771645,4907.51,2739.91,11643.8,582.192,413.117,1164.67,0,33.5893,151.259,877.831,941.98,0.217273,0.424241,4.39776,1.16627,0.00532673,0.390687,0.394092,0.450659,0,1.40429,75.5472
139000,9982.3,0.609271,33.43,33.362,0.000588332,4907.41,2740.36,11617.1,580.857,412.405,1176.53,0,33.6171,151.332,881.138,945.88,0.217428,0.424535,4.40031,1.16377,0.00535672,0.391752,0.394054,0.450582,0,1.40469,74.5795
139500,9987.32,0.609578,33.24,33.276,0.000366452,4907.85,2742.37,11612.1,580.604,418.907,1168.46,0,33.6117,151.695,883.934,949.46,0.217582,0.425028,4.39641,1.16268,0.00537221,0.392661,0.392109,0.451205,0,1.40404,74.5547
140000,9993.16,0.609934,33.352,33.224,0.000548212,4910.51,2743.61,11533.2,576.659,415.734,1169.15,0,33.5102,151.293,886.807,953.38,0.217599,0.425367,4.39256,1.15411,0.0053852,0.393594,0.391383,0.451464,0,1.40399,57.7757
140500,9999.22,0.610304,33.388,33.468,0.000416902,4910.79,2746.96,11467.8,573.389,419.299,1176.1,0,33.5664,151.423,889.818,957.72,0.217671,0.425676,4.40526,1.14686,0.0053997,0.393975,0.391446,0.451056,0,1.40329,66.1025
141000,9971.5,0.608612,33.252,33.34,0.000775992,4903.98,2737.54,11428.1,571.406,418.666,1175.16,0,33.6576,151.53,893.03,960.7,0.21733,0.425034,4.40319,1.14608,0.00538958,0.393587,0.392082,0.450459,0,1.40509,73.9955
141500,9969.66,0.6085,33.234,33.206,0.000705641,4902.77,2735.05,11424.1,571.206,424.128,1173.09,0,33.6775,151.326,896.093,962.7,0.216839,0.424187,4.4158,1.14589,0.00536615,0.392978,0.392282,0.450195,0,1.40506,74.1743
142000,9953.1,0.607489,33.296,33.332,0.000776754,4897.88,2726.87,11405.3,570.265,422.112,1178.26,0,33.6798,151.122,899.076,965.32,0.216194,0.423089,4.41217,1.14591,0.00536747,0.394003,0.393372,0.450414,0,1.40587,75.1313
142500,9945.6,0.607031,33.034,33.084,0.000246011,4896.07,2721.96,11381.8,569.092,435.582,1170.69,0,33.7705,151.695,901.468,966.42,0.215913,0.422795,4.40787,1.14441,0.0053924,0.394585,0.390596,0.450271,0,1.40663,74.7072
143000,9945.74,0.60704,33.16,33.118,0.000472418,4897.09,2720.27,11299.3,564.963,435.773,1174.11,0,33.7725,151.65,904.179,957.1,0.215746,0.422729,4.39897,1.13609,0.00540358,0.395326,0.388734,0.450782,0,1.4068,75.0429
143500,9987.92,0.609614,33.274,33.208,0.000669855,4907.7,2729.5,11259.4,562.972,442.965,1171.76,0,33.6655,151.488,907.19,960.14,0.215417,0.422158,4.39677,1.12731,0.0053952,0.39581,0.387602,0.450972,0,1.404,74.9074
144000,9986.72,0.609541,33.348,33.32,0.000717586,4908.26,2727.58,11184,559.2,442.8,1176.96,0,33.633,151.282,910.213,962.92,0.215323,0.422032,4.38715,1.11989,0.00540785,0.396426,0.38818,0.450645,0,1.40434,70.4064
144500,10002.3,0.610491,33.448,33.484,0.000523911,4913.12,2728.07,11206.1,560.304,444.692,1182.72,0,33.6846,151.524,913.298,966.88,0.214843,0.42129,4.38116,1.12035,0.00543537,0.397118,0.390546,0.451033,0,1.40371,72.4057
145000,10001.7,0.610454,33.244,33.258,0.000724513,4913.01,2729.7,11203.4,560.171,445.168,1177.69,0,33.714,151.51,916.722,969.66,0.214775,0.4212,4.39824,1.12015,0.00542651,0.397211,0.39333,0.451638,0,1.40346,74.3159
145500,9989.58,0.609716,33.25,33.212,0.000954117,4910.14,2728.62,11186.5,559.326,443.64,1172.43,0,33.7038,151.367,920.159,973.64,0.214863,0.421456,4.41698,1.11982,0.00545084,0.397346,0.394574,0.452193,0,1.40444,72.8215
146000,9992.32,0.609883,33.372,33.41,0.000703187,4912.2,2730.94,11172.1,558.606,446.42,1180.28,0,33.7135,151.453,923.582,977.94,0.214822,0.421329,4.43308,1.11807,0.00545303,0.39777,0.396766,0.4524,0,1.40457,73.8067
146500,9991.58,0.609838,33.344,33.3,0.0011448,4911.87,2730.54,11166.8,558.34,449.555,1176.53,0,33.6298,151.399,926.831,981.66,0.214808,0.421301,4.43368,1.11762,0.00546385,0.399104,0.398414,0.452735,0,1.40464,74.8104
147000,9959.88,0.607903,33.198,33.256,0.000964985,4903.71,2723.77,11111.5,555.576,447.946,1173.24,0,33.6957,151.349,930.122,986.34,0.215138,0.421983,4.43113,1.11563,0.0054558,0.399557,0.398173,0.452488,0,1.40666,74.8092
147500,9964.8,0.608203,33.352,33.36,0.000662079,4904.5,2726.73,11094.5,554.727,451.047,1175.86,0,33.6646,151.25,933.574,989.7,0.215427,0.422594,4.43117,1.11338,0.00544581,0.400373,0.398858,0.45251,0,1.40628,74.5735
148000,9975,0.608826,33.29,33.306,0.000401947,4907.46,2729.85,11065.2,553.259,454.287,1171.71,0,33.6282,151.474,936.907,994.24,0.215516,0.422724,4.43118,1.10929,0.00544121,0.40113,0.400655,0.452198,0,1.40571,74.808
148500,9982.26,0.609269,33.216,33.15,0.0005458,4908.83,2730.04,11017,550.851,458.546,1166.2,0,33.586,151.374,939.945,998.72,0.215379,0.422541,4.422,1.10366,0.00544391,0.401339,0.399205,0.45212,0,1.40513,74.6085
149000,10011.5,0.611055,33.476,33.45,0.000860219,4917.15,2737.58,10990.4,549.519,456.118,1175.6,0,33.5067,151.491,942.956,1001.82,0.215373,0.422461,4.41785,1.09777,0.00541497,0.40208,0.395527,0.452407,0,1.4034,75.0226
149500,9988.44,0.609646,33.12,33.134,0.00122913,4911.21,2735.32,10971.7,548.584,457.944,1166.08,0,33.6222,151.567,946.074,1005.3,0.215901,0.423584,4.42287,1.09844,0.00542732,0.402432,0.396416,0.451975,0,1.40475,75.2487
150000,9980.08,0.609136,33.348,33.402,0.00102015,4909.2,2735.18,10995.9,549.795,452.674,1176.54,0,33.5866,151.666,949.506,1008.72,0.216004,0.42392,4.43787,1.10179,0.00546655,0.403612,0.397963,0.452349,0,1.40542,75.1782
150500,9966.82,0.608326,33.258,33.246,0.000910725,4906.02,2730.62,10994.6,549.731,447.677,1174.13,0,33.6268,151.355,952.512,1011.22,0.215841,0.423778,4.44234,1.10312,0.00548016,0.404621,0.397403,0.45267,0,1.40654,75.3445
151000,9967.14,0.608346,33.134,33.068,0.00053605,4905.85,2728.05,10988.6,549.432,461.302,1167.15,0,33.6131,151.654,955.606,1014.78,0.215526,0.423248,4.43326,1.10249,0.00546257,0.406226,0.395851,0.453448,0,1.4063,74.9301
151500,9954.54,0.607577,33.226,33.382,0.000658222,4903.34,2726.14,10966.3,548.314,459.434,1173.48,0,33.6276,151.501,958.732,1018.28,0.215648,0.423638,4.43607,1.10164,0.00544193,0.407156,0.395863,0.453422,0,1.40721,74.3525
152000,9951.2,0.607373,33.12,33.062,0.00074999,4903.25,2724.94,10927.3,546.367,461.963,1165.84,0,33.6973,151.494,961.69,1023.02,0.215567,0.423665,4.44116,1.0981,0.00543877,0.407193,0.394739,0.454051,0,1.40778,75.5774
152500,9928.4,0.605981,33.316,33.37,0.000787187,4897.09,2720.47,10938.6,546.932,457.732,1177.86,0,33.7131,151.376,964.978,1026.88,0.215587,0.423784,4.4538,1.10175,0.00542473,0.408787,0.396116,0.45425,0,1.40906,74.4522
153000,9920.02,0.60547,32.84,32.846,0.000987988,4894.35,2717.22,10924.9,546.247,465.771,1161.98,0,33.7182,151.737,967.896,1030.26,0.215516,0.4236,4.45179,1.1013,0.00540069,0.409574,0.396676,0.454078,0,1.40971,73.9858
153500,9913.22,0.605055,33.148,33.16,0.000672503,4891.5,2712.32,10865.2,543.26,463.668,1171.19,0,33.7182,150.984,970.522,1033.6,0.215189,0.42298,4.44012,1.09603,0.00541167,0.40955,0.396259,0.45394,0,1.40982,74.2759
154000,9926.4,0.605859,33.168,33.144,0.000943217,4894.57,2724.27,10826.3,541.316,467.9,1165.74,0,33.6395,151.675,974.091,1035.8,0.216225,0.424947,4.46187,1.09066,0.00539562,0.410397,0.395724,0.454734,0,1.40876,74.1254
154500,9952.3,0.60744,33.16,33.092,0.00107604,4902.6,2736.03,10814,540.698,459.153,1163.71,0,33.5179,151.443,977.922,1039.2,0.217134,0.426673,4.45863,1.08658,0.00538717,0.411489,0.396607,0.45521,0,1.40768,72.8341
155000,9971.24,0.608596,33.312,33.27,0.00125121,4908.26,2738.09,10790.4,539.521,464.177,1168.03,0,33.5388,151.226,980.994,1042.04,0.216712,0.425807,4.44827,1.08216,0.00538647,0.411812,0.39622,0.454649,0,1.40638,73.8126
155500,9967.38,0.608361,33.248,33.286,0.00060624,4909.26,2739.42,10778,538.902,462.125,1167.52,0,33.4474,151.473,984.207,1044.72,0.216723,0.425629,4.46672,1.08133,0.00537879,0.412428,0.39614,0.454235,0,1.40696,74.5368
156000,9966.22,0.60829,33.152,33.144,0.000899434,4909.16,2740.17,10855.2,542.762,465.3,1161.99,0,33.5575,151.872,987.066,1048.56,0.216911,0.4261,4.46874,1.0892,0.00541276,0.413248,0.394991,0.454153,0,1.40741,74.4927
156500,9961.66,0.608011,33.022,33.048,0.00120305,4907.64,2737.73,10787.6,539.382,466.591,1158.85,0,33.5366,151.128,989.749,1053.92,0.216789,0.425955,4.46614,1.08291,0.00543079,0.413449,0.393594,0.454009,0,1.40766,74.7913
157000,9945.96,0.607053,33.46,33.464,0.00154142,4904.62,2735.49,10678.2,533.912,469.299,1172.29,0,33.4885,151.426,992.88,1055.9,0.217041,0.426497,4.46984,1.07363,0.00544184,0.41386,0.39387,0.453687,0,1.40898,75.1377
157500,9964.64,0.608193,33.074,33.04,0.00154767,4909.44,2737.67,10641.1,532.054,479.949,1158.56,0,33.5595,151.736,996.002,1056.38,0.216399,0.425415,4.47824,1.06788,0.00545334,0.413487,0.395136,0.452911,0,1.40773,75.1802
158000,9952.02,0.607423,33.256,33.302,0.0014793,4907.78,2731.89,10529.2,526.458,482.118,1165.62,0,33.4187,151.141,998.828,1058.64,0.215955,0.424594,4.47584,1.05799,0.00548085,0.414389,0.396636,0.452591,0,1.40866,74.8599
158500,9944.28,0.606951,33.226,33.238,0.000980784,4906.41,2730.3,10557.9,527.895,484.289,1168.74,0,33.492,151.665,1001.83,1062.9,0.216069,0.424818,4.47303,1.06171,0.00549538,0.415856,0.398748,0.452187,0,1.40947,75.0895
159000,9945.42,0.60702,33.054,33.044,0.00152565,4904.79,2724.91,10547,527.349,487.647,1162,0,33.5431,151.513,1004.81,1065.92,0.215304,0.423478,4.46885,1.06049,0.00549585,0.415242,0.397902,0.451689,0,1.40918,75.1716
159500,9961.92,0.608027,33.26,33.252,0.00101525,4909.66,2731.36,10512.5,525.624,484.553,1168.77,0,33.5209,151.57,1007.87,1069.8,0.215547,0.423984,4.47205,1.05527,0.0055019,0.415421,0.398197,0.452161,0,1.40812,74.2942
160000,9967.16,0.608347,33.304,33.248,0.00152678,4910.48,2733.34,10486,524.3,483.726,1168.28,0,33.5844,151.275,1010.49,1074.76,0.215668,0.424283,4.47211,1.05206,0.0055004,0.415411,0.397584,0.451734,0,1.40765,58.3649
160500,9988.54,0.609652,33.198,33.248,0.00139291,4915.35,2742.95,10403.4,520.169,481.356,1167.59,0,33.4994,151.644,1013.79,1077.9,0.216062,0.42515,4.48279,1.04153,0.00549811,0.416027,0.396131,0.451261,0,1.406,66.9979
161000,9969.44,0.608486,33.27,33.272,0.00167776,4911.04,2735.01,10338.6,516.93,490.96,1170.23,0,33.5521,151.424,1016.83,1081.56,0.21579,0.424742,4.46591,1.03703,0.00547962,0.415921,0.393963,0.450497,0,1.40721,74.8557
161500,9950.7,0.607343,33.168,33.174,0.00149178,4905.59,2729.59,10397.9,519.897,484.937,1169.41,0,33.6533,151.69,1019.43,1084.44,0.215684,0.424753,4.47392,1.04494,0.00547141,0.416619,0.394521,0.450238,0,1.40848,74.7773
162000,9972.7,0.608685,33.226,33.178,0.00090681,4911.66,2739.3,10356.8,517.842,486.406,1167.67,0,33.5555,151.463,1021.95,1088.26,0.216036,0.425523,4.49208,1.03852,0.00545908,0.416673,0.396714,0.449733,0,1.40711,74.2318
162500,9986.26,0.609513,33.33,33.338,0.00130343,4914.3,2744.81,10351.5,517.574,479.169,1171.74,0,33.5554,151.406,1025.07,1091.6,0.216118,0.425765,4.50362,1.03657,0.00545173,0.417518,0.398523,0.449591,0,1.40587,74.2541
163000,9977.3,0.608966,33.264,33.262,0.00144388,4910.94,2744.05,10325.9,516.293,479.582,1169.99,0,33.5809,151.409,1028.25,1095.26,0.216332,0.426252,4.509,1.03494,0.00543568,0.418327,0.399875,0.449484,0,1.40633,74.5168
163500,9991.22,0.609816,33.362,33.366,0.0015713,4914.76,2750.69,10299.9,514.997,478.275,1173.5,0,33.5999,151.614,1031.26,1099.72,0.216679,0.427002,4.5141,1.0309,0.00544262,0.417984,0.398373,0.449241,0,1.40537,74.7968
164000,10003.4,0.610562,33.276,33.19,0.00133486,4919.61,2754.56,10282.6,514.132,475.261,1168.75,0,33.5926,151.614,1034.03,1102.38,0.216783,0.42735,4.50975,1.02791,0.00542302,0.417707,0.398521,0.44921,0,1.40503,74.2875
164500,10030.4,0.612209,33.426,33.432,0.00157737,4926.59,2762.53,10186.8,509.34,486.517,1173.39,0,33.5066,151.624,1036.86,1106.24,0.216962,0.427854,4.51001,1.01559,0.00541664,0.417044,0.398646,0.449245,0,1.40342,73.9784
165000,10017,0.611387,33.544,33.56,0.00117756,4922.86,2759.69,10157.3,507.863,478.231,1180.16,0,33.5297,151.359,1039.88,1110.4,0.216981,0.427926,4.51583,1.01401,0.00543834,0.41772,0.399502,0.449272,0,1.40418,74.2817
165500,10007.6,0.610815,33.386,33.336,0.00138248,4921.08,2756.81,10185.6,509.28,479.815,1172.09,0,33.5497,151.17,1043.12,1114.56,0.21688,0.427554,4.51589,1.01779,0.00543481,0.418974,0.399717,0.449299,0,1.4049,74.6112
166000,10018.4,0.611472,33.368,33.378,0.00161037,4923.43,2764.92,10148.1,507.406,480.322,1171.08,0,33.517,151.519,1046.54,1118.48,0.217503,0.428621,4.53371,1.01295,0.00544037,0.41966,0.400111,0.449056,0,1.40412,74.4758
166500,10033.4,0.61239,33.498,33.478,0.00138261,4926.65,2769.82,10148.6,507.43,481.115,1169.9,0,33.3651,151.216,1049.66,1122.86,0.217551,0.428577,4.5406,1.01148,0.00542644,0.420181,0.399785,0.448773,0,1.40311,73.8403
167000,10029.2,0.612134,33.388,33.438,0.00159644,4925.87,2768.29,10118.9,505.943,474.58,1173.73,0,33.4642,151.576,1052.89,1125.62,0.217467,0.428386,4.54391,1.00894,0.00542777,0.420538,0.399239,0.448452,0,1.40346,74.6509
167500,10017.7,0.611431,33.516,33.492,0.00166148,4924.72,2767.19,10015.9,500.796,486.38,1174,0,33.4346,151.302,1056.13,1129.08,0.21759,0.428577,4.55089,0.999826,0.00543338,0.42108,0.3997,0.447626,0,1.40449,74.114
168000,9996.36,0.610129,33.302,33.37,0.00142179,4918.92,2764.41,10011.2,500.561,484.134,1170.22,0,33.4589,151.51,1059.83,1131.6,0.218091,0.429511,4.55175,1.00149,0.00544515,0.422341,0.400727,0.447546,0,1.40582,74.1
168500,9987.6,0.609595,33.146,33.152,0.00112508,4915.09,2764.33,10004.8,500.242,481.197,1162,0,33.4581,151.326,1063.32,1135.44,0.218531,0.430319,4.55286,1.00173,0.00545289,0.422847,0.399668,0.447521,0,1.40621,74.4131
169000,9992.04,0.609866,33.51,33.486,0.00167067,4916.64,2766.16,9984.82,499.241,477.782,1177.94,0,33.4608,151.444,1066.64,1138.7,0.218678,0.430583,4.54599,0.99928,0.00544008,0.422398,0.3994,0.447597,0,1.40584,74.4301
169500,9995.98,0.610106,33.318,33.308,0.00160049,4917.67,2766.78,9960.02,498.001,489.383,1168.22,0,33.4318,151.797,1069.73,1141.5,0.218504,0.430368,4.54979,0.996402,0.00542738,0.422769,0.400114,0.44763,0,1.40548,74.1789
170000,9973.64,0.608743,33.186,33.228,0.00221417,4912.19,2757.64,9885.37,494.269,490.718,1166.1,0,33.5154,151.314,1072.57,1145.32,0.218274,0.429913,4.5369,0.991151,0.00545296,0.422986,0.399891,0.447771,0,1.40723,73.2697
170500,9970.14,0.608529,33.264,33.332,0.00132805,4911.21,2756.76,9895.15,494.758,486.926,1173.84,0,33.5816,151.692,1075.45,1145.82,0.218236,0.429843,4.54049,0.992482,0.00544684,0.423081,0.400574,0.447624,0,1.40741,75.0338
171000,9994.98,0.610045,33.352,33.238,0.0013252,4917.05,2764.83,9890.05,494.502,487.527,1171.95,0,33.4947,151.435,1078.55,1150.54,0.218372,0.430282,4.54531,0.989505,0.00542744,0.424578,0.400332,0.447796,0,1.40563,74.3381
171500,10006.4,0.610742,33.34,33.36,0.0011918,4920.49,2768.52,9874.84,493.742,485.285,1171.24,0,33.4825,151.501,1081.68,1154.88,0.218452,0.430478,4.54611,0.986853,0.00542721,0.425117,0.401132,0.448128,0,1.40506,75.0146
172000,9998.7,0.610272,33.252,33.298,0.0015874,4918.67,2769.12,9782.02,489.101,492.03,1168.13,0,33.4396,151.479,1084.3,1158.08,0.218826,0.431271,4.54826,0.97833,0.00542424,0.424653,0.401885,0.447128,0,1.40551,74.9079
172500,9987.04,0.609561,33.488,33.48,0.00132348,4915.8,2768.87,9723.12,486.156,491.881,1171.05,0,33.4079,151.3,1087.23,1161.5,0.219298,0.432264,4.54515,0.973574,0.00542648,0.425386,0.404014,0.446562,0,1.40621,74.698
173000,10016.3,0.611344,33.416,33.292,0.00171571,4922.47,2773.45,9724.86,486.243,495.53,1166.7,0,33.3881,151.455,1090.26,1164.1,0.218948,0.431771,4.53816,0.970909,0.00543039,0.425542,0.403066,0.446083,0,1.40431,74.5181
173500,10033.3,0.612383,33.462,33.416,0.000916722,4926.39,2777.81,9761.07,488.054,487.132,1168.69,0,33.3097,151.204,1093.14,1167.04,0.218733,0.431503,4.54586,0.972868,0.00542442,0.42621,0.402022,0.446313,0,1.40292,74.8698
174000,10064.7,0.614302,33.538,33.48,0.00148526,4934.92,2781.89,9729.31,486.466,500.437,1168.66,0,33.3089,151.689,1095.87,1171.98,0.218058,0.430382,4.54156,0.966683,0.00542991,0.425607,0.40095,0.446273,0,1.401,74.7907
174500,10059.1,0.613956,33.698,33.766,0.00143434,4934.79,2778.73,9683.57,484.179,493.648,1179.17,0,33.3253,151.283,1098.88,1174.66,0.21791,0.430371,4.52884,0.962673,0.00542227,0.424364,0.398928,0.44551,0,1.40149,73.9907
175000,10063.8,0.614247,33.502,33.474,0.00186168,4935.62,2779.28,9686.91,484.345,493.541,1175.81,0,33.3691,151.499,1101.71,1179.26,0.217845,0.43047,4.52954,0.962548,0.00540456,0.424386,0.39828,0.445092,0,1.40126,75.1187
175500,10087.5,0.61569,33.644,33.596,0.00197008,4941.6,2785.19,9610.02,480.501,496.504,1176.71,0,33.3044,151.092,1104.32,1181.52,0.217765,0.430304,4.53162,0.952673,0.00538613,0.425189,0.396879,0.444642,0,1.39976,75.2328
176000,10075,0.614932,33.658,33.738,0.00178588,4939.32,2782.63,9490.05,474.502,506.285,1182.51,0,33.3741,151.73,1106.92,1183.48,0.217663,0.430204,4.54358,0.941932,0.00537073,0.425287,0.395734,0.443884,0,1.40065,74.7257
176500,10079.2,0.615188,33.626,33.582,0.00190675,4939.71,2783.85,9401.34,470.067,505.199,1175.25,0,33.3846,151.169,1109.42,1187.02,0.217894,0.430774,4.53279,0.932747,0.00535933,0.425405,0.393172,0.44326,0,1.40038,74.1788
177000,10069.8,0.614611,33.602,33.58,0.00196462,4938.63,2785.59,9328,466.4,512.162,1176.02,0,33.3562,151.275,1112.37,1190.72,0.218269,0.43156,4.54699,0.926338,0.00537498,0.425599,0.391608,0.443586,0,1.40115,74.8547
177500,10068.2,0.614514,33.48,33.534,0.00195028,4938.22,2784.21,9301.75,465.088,513.004,1177.33,0,33.3818,151.994,1115.38,1195.72,0.218055,0.431279,4.55235,0.923875,0.00539385,0.425437,0.391241,0.444095,0,1.40132,75.2981
178000,10062.3,0.614156,33.464,33.422,0.00161491,4936.1,2780.54,9262.75,463.138,511.886,1175.5,0,33.434,151.429,1118.09,1200.42,0.217784,0.430912,4.55331,0.920539,0.00538241,0.424872,0.388183,0.444117,0,1.4017,74.8096
178500,10067.8,0.614487,33.714,33.764,0.00224272,4937.24,2783.72,9242.26,462.113,508.535,1183.85,0,33.411,151.377,1121.17,1204.12,0.21805,0.431371,4.54834,0.918006,0.00537585,0.425301,0.387366,0.444329,0,1.40109,74.8061
179000,10062.1,0.614141,33.476,33.52,0.00232236,4935.73,2779.04,9278.42,463.921,517.165,1177.06,0,33.4216,151.513,1124.03,1207.4,0.217583,0.430516,4.54473,0.92212,0.00538296,0.425468,0.387186,0.443705,0,1.40146,74.7385
179500,10058.5,0.61392,33.64,33.606,0.00202543,4934.87,2775.26,9250.2,462.51,517.578,1179.53,0,33.4129,151.167,1126.89,1210.06,0.216983,0.429371,4.55617,0.919649,0.00541006,0.426085,0.387248,0.444113,0,1.40185,73.6651
180000,10057.6,0.613867,33.692,33.658,0.0017204,4934.54,2773.99,9207.62,460.381,521.029,1181.75,0,33.4082,151.237,1129.54,1213.28,0.21659,0.428562,4.56533,0.91549,0.00542966,0.425754,0.385545,0.443662,0,1.40172,58.9386
180500,10069.8,0.614613,33.466,33.422,0.00209367,4938.84,2779.02,9204.81,460.241,522.741,1174.78,0,33.393,151.579,1132.58,1214.64,0.216764,0.428856,4.57226,0.9141,0.00543876,0.426976,0.386258,0.443668,0,1.40122,67.8385
181000,10066.6,0.614419,33.574,33.66,0.00208392,4937.24,2776.13,9134.28,456.714,528.769,1176.34,0,33.3625,151.388,1135.21,1217.36,0.216399,0.428172,4.57824,0.907382,0.00545297,0.428189,0.385608,0.443516,0,1.40141,74.2427
181500,10038.9,0.612727,33.446,33.464,0.00218769,4930.3,2760.92,8998.44,449.922,545.656,1173.4,0,33.4288,151.642,1137.96,1220.9,0.21535,0.426059,4.55972,0.896355,0.00546494,0.427217,0.383047,0.443363,0,1.40307,75.0623
182000,10041.4,0.61288,33.532,33.538,0.00128946,4930.49,2758.53,8945.66,447.283,550.729,1176.92,0,33.3414,151.443,1140.84,1224.66,0.215087,0.425641,4.55143,0.890877,0.00549987,0.426672,0.382036,0.443152,0,1.40308,75.0515
182500,10046.7,0.613203,33.402,33.352,0.00146622,4932.25,2756.16,8969.12,448.456,546.933,1173.6,0,33.4543,151.488,1143.62,1227.16,0.21458,0.424562,4.54151,0.89274,0.00551447,0.426806,0.382484,0.442713,0,1.4027,74.871
183000,10054.1,0.613652,33.654,33.646,0.00151302,4933.53,2756.83,8996.75,449.837,541.675,1187.31,0,33.5311,151.435,1146.51,1231.12,0.214313,0.423872,4.55077,0.894834,0.00550779,0.426689,0.381325,0.442186,0,1.40226,73.655
183500,10059.2,0.613967,33.458,33.496,0.0018885,4935.74,2757.71,9025.09,451.254,545.585,1182.57,0,33.522,151.663,1149.56,1235.02,0.213914,0.423043,4.56288,0.897192,0.00550409,0.427181,0.382098,0.442394,0,1.40182,74.8797
184000,10066.5,0.614409,33.572,33.506,0.00159939,4937.23,2755.66,9035.49,451.775,548.725,1180.39,0,33.473,151.539,1152.72,1237.84,0.213388,0.422129,4.55766,0.897584,0.00551536,0.427263,0.382686,0.442318,0,1.40144,74.7773
184500,10062.4,0.61416,33.656,33.634,0.0013853,4936.65,2749.14,9024.99,451.25,548.457,1184.49,0,33.4799,151.211,1155.58,1241.28,0.212706,0.420948,4.54816,0.896903,0.00555134,0.428128,0.384119,0.442717,0,1.40197,73.6288
185000,10069.2,0.614578,33.576,33.616,0.00224516,4938.75,2744.85,9027.78,451.389,551.198,1189.82,0,33.5775,151.47,1158.52,1245.4,0.211866,0.41936,4.53663,0.896571,0.00558835,0.428392,0.383652,0.442474,0,1.40159,75.0146
185500,10066.2,0.614392,33.612,33.564,0.00166869,4938.63,2743.59,9129.61,456.481,548.629,1189.81,0,33.6496,151.266,1161.82,1249.2,0.211596,0.418857,4.54361,0.906954,0.00559411,0.429479,0.384895,0.443231,0,1.40168,74.4867
186000,10089.2,0.615795,33.66,33.682,0.00147378,4943.84,2749.53,9166.25,458.312,544.75,1193.85,0,33.5771,151.578,1165.35,1254.68,0.211604,0.41876,4.53961,0.908524,0.00559939,0.429547,0.386477,0.443512,0,1.39999,74.8295
186500,10068.4,0.614524,33.478,33.536,0.00161023,4938.59,2745.43,9168.77,458.439,547.946,1186.08,0,33.6394,151.695,1168.81,1258.54,0.211716,0.418915,4.55049,0.910654,0.0056233,0.430279,0.38849,0.443843,0,1.4013,74.8304
187000,10062.6,0.614172,33.642,33.602,0.00169128,4935.96,2748.34,9141.4,457.07,541.375,1188.31,0,33.597,151.375,1172.46,1259.98,0.212472,0.420417,4.55161,0.908453,0.00565211,0.431094,0.390843,0.444354,0,1.40146,74.8393
187500,10038.4,0.612697,33.278,33.374,0.00135395,4930.35,2744.53,9108.07,455.403,548.337,1184.75,0,33.6289,151.695,1175.65,1263.24,0.212836,0.421202,4.55625,0.907322,0.00568939,0.431602,0.391476,0.444976,0,1.40336,75.1492
188000,10019.8,0.61156,33.614,33.588,0.00151679,4925.83,2740.31,9082.52,454.126,542.757,1188.17,0,33.5792,151.084,1178.74,1267.78,0.212903,0.421375,4.56066,0.906458,0.00570331,0.432396,0.389834,0.445127,0,1.40455,73.8875
188500,10044.8,0.613085,33.546,33.564,0.00167784,4933.31,2747.27,9100.81,455.04,545.225,1187.3,0,33.5571,151.329,1182,1270.24,0.212916,0.421373,4.55876,0.906025,0.00568806,0.433286,0.389154,0.445708,0,1.40315,74.2195
189000,10045.4,0.61312,33.506,33.472,0.00118887,4933.01,2744.77,9047.15,452.357,560.364,1181.46,0,33.5051,151.497,1184.76,1272.7,0.212781,0.421272,4.54235,0.900631,0.00568439,0.433138,0.388953,0.444745,0,1.40301,73.798
189500,10036.9,0.612606,33.398,33.41,0.00215655,4930.39,2745.1,9010.03,450.502,547.496,1180.67,0,33.4367,151.108,1187.83,1274.48,0.212969,0.421741,4.55634,0.897688,0.00565854,0.433969,0.390824,0.44479,0,1.40353,74.6624
190000,10018.1,0.611456,33.524,33.574,0.00163831,4926.27,2740.53,8986.13,449.307,553.322,1183.74,0,33.4892,151.216,1190.99,1277.58,0.213025,0.421891,4.55659,0.896989,0.0056553,0.435233,0.391455,0.445093,0,1.40485,74.8541
190500,10018.8,0.611499,33.302,33.294,0.00211297,4926.12,2738.72,9040.08,452.004,558.55,1176.69,0,33.5941,151.902,1194.31,1279.98,0.212773,0.421375,4.55503,0.902313,0.00564429,0.436465,0.391573,0.445223,0,1.40488,75.3467
191000,10024.1,0.611821,33.492,33.45,0.00142919,4927.19,2740.27,8973.35,448.668,555.691,1182.3,0,33.6,151.368,1197.32,1283.6,0.212815,0.42142,4.55535,0.895185,0.00565399,0.437194,0.391167,0.44553,0,1.40449,74.6731
191500,10022.9,0.611749,33.456,33.454,0.00273496,4927.08,2742.22,8942.52,447.126,553.914,1184.1,0,33.644,151.512,1200.32,1285.3,0.213202,0.421999,4.55243,0.892211,0.00564994,0.437655,0.390943,0.445376,0,1.40439,73.4634
192000,10040.2,0.612808,33.56,33.562,0.0019225,4931.26,2751.19,8942.56,447.128,549.046,1185.45,0,33.5103,151.303,1203.88,1288.38,0.213797,0.423017,4.56659,0.890671,0.00564991,0.43879,0.393357,0.446179,0,1.40346,75.1207
192500,10048.8,0.613328,33.458,33.456,0.00174721,4934.27,2756.66,8895.94,444.797,547.855,1185.46,0,33.568,151.523,1206.66,1293,0.214049,0.42352,4.58147,0.88528,0.00563985,0.438887,0.393298,0.445576,0,1.40296,75.5552
193000,10061,0.614072,33.562,33.516,0.00197667,4937.98,2759.84,8807.13,440.356,545.738,1187.7,0,33.583,151.258,1209.25,1295.66,0.214064,0.423596,4.5783,0.875384,0.00563751,0.439707,0.39453,0.445122,0,1.40237,73.9451
193500,10059.9,0.614009,33.514,33.532,0.00156117,4938.02,2757.21,8783.46,439.173,549.776,1188.17,0,33.6635,151.47,1212.28,1300.94,0.213879,0.423252,4.56375,0.873115,0.00567996,0.439965,0.395005,0.44517,0,1.40245,74.6907
194000,10054.5,0.613678,33.624,33.62,0.00134251,4936.92,2757.55,8779.62,438.981,546.946,1195.35,0,33.7001,151.54,1215.48,1303.68,0.214066,0.423603,4.56928,0.873204,0.00570802,0.441211,0.395508,0.445818,0,1.40283,75.4116
194500,10058.7,0.613936,33.564,33.558,0.0013597,4937.08,2756.86,8681.35,434.068,556.811,1191.38,0,33.6717,151.317,1218.52,1305.58,0.213833,0.423159,4.56696,0.863067,0.00570951,0.441308,0.395026,0.445154,0,1.40248,74.6298
195000,10063.1,0.614204,33.514,33.466,0.00172037,4938.66,2754.76,8647.24,432.362,559.758,1189.53,0,33.6747,151.379,1221.25,1308.9,0.213173,0.421991,4.57333,0.859303,0.00574557,0.440602,0.393783,0.445101,0,1.40222,74.4649
195500,10054.9,0.613702,33.574,33.616,0.00113533,4936.69,2749.69,8649.53,432.476,562.408,1192.85,0,33.6032,151.363,1224.2,1311.56,0.212744,0.42124,4.56952,0.860232,0.00574974,0.440964,0.393819,0.445209,0,1.40268,74.9008
196000,10032.1,0.612313,33.53,33.6,0.00140875,4930.73,2740.15,8596.06,429.803,571.884,1191.36,0,33.7072,151.433,1227.2,1314.34,0.212132,0.420209,4.56921,0.856851,0.00572173,0.440924,0.392966,0.444936,0,1.40414,75.1618
196500,10027.3,0.612019,33.388,33.376,0.00151324,4929.55,2736.01,8550.33,427.517,579.701,1186.67,0,33.6946,151.492,1230.36,1317.42,0.211855,0.419713,4.5625,0.852704,0.00571592,0.440767,0.393482,0.445297,0,1.40461,75.0428
197000,10019.5,0.611541,33.442,33.464,0.00128981,4927.59,2732.1,8532.37,426.619,577.904,1188.98,0,33.6756,151.138,1233.76,1321.52,0.211526,0.419031,4.5644,0.85158,0.00571207,0.441026,0.39456,0.445809,0,1.40519,74.5211
197500,10030.3,0.612198,33.51,33.488,0.00162542,4930.23,2730.58,8511.12,425.556,586.018,1188.61,0,33.6762,151.345,1237,1325.24,0.210769,0.417472,4.56915,0.848544,0.00570497,0.441445,0.394571,0.445828,0,1.40449,74.4758
198000,10031.5,0.612277,33.494,33.496,0.00155752,4930.44,2729.44,8516.9,425.845,584.537,1194.9,0,33.6072,151.414,1240.37,1329.18,0.210435,0.41685,4.57311,0.849012,0.00570825,0.441609,0.394696,0.445108,0,1.40425,75.4787
198500,10040.9,0.612849,33.446,33.446,0.00176793,4933.15,2730.25,8556.46,427.823,583.463,1186.5,0,33.6309,151.293,1243.69,1332.96,0.210071,0.416281,4.57553,0.852159,0.00569274,0.442175,0.395942,0.444605,0,1.4037,75.1909
199000,10065.3,0.614337,33.708,33.672,0.00173695,4938.93,2738.79,8517.72,425.886,583.758,1190.94,0,33.56,151.201,1247.07,1337.78,0.210258,0.41656,4.58699,0.846247,0.0056645,0.442947,0.396965,0.444995,0,1.40214,75.1702
199500,10050.8,0.613453,33.508,33.552,0.00130827,4935.74,2732.54,8473.19,423.66,589.352,1192.37,0,33.6647,151.465,1249.91,1342.02,0.209859,0.415801,4.58321,0.843035,0.00563704,0.441155,0.395171,0.443623,0,1.40303,74.8565
200000,10051.5,0.613495,33.398,33.342,0.00137342,4935.58,2730,8465.01,423.25,587.462,1187.11,0,33.7185,151.452,1252.81,1345.4,0.209422,0.415139,4.59012,0.842164,0.0056214,0.439934,0.393182,0.442904,0,1.40311,57.8789
200500,10062.2,0.61415,33.726,33.684,0.00149347,4937.73,2729.68,8453.22,422.661,591.462,1197.52,0,33.6451,151.242,1255.34,1346.26,0.208774,0.414098,4.59441,0.840096,0.00561917,0.438228,0.390855,0.441241,0,1.40214,66.2366
201000,10050.9,0.613461,33.488,33.564,0.00178681,4935.22,2723.7,8388.59,419.429,594.443,1195.33,0,33.8004,151.537,1258.33,1348.14,0.20827,0.413204,4.59147,0.834606,0.00560154,0.436911,0.390844,0.440318,0,1.4029,74.4706
201500,10048.5,0.613312,33.506,33.49,0.00155937,4934.71,2720.58,8335.04,416.752,599.37,1198.94,0,33.8171,151.221,1260.99,1352.18,0.207817,0.412434,4.59745,0.829483,0.00561061,0.436014,0.390274,0.43908,0,1.40315,75.0019
202000,10062.5,0.614165,33.62,33.588,0.00106011,4937.7,2726.82,8335.47,416.773,594.906,1201.79,0,33.7515,151.425,1264.03,1355.36,0.208216,0.413163,4.60041,0.828371,0.00560887,0.43618,0.391548,0.438389,0,1.40206,74.6572
202500,10063.4,0.61422,33.634,33.668,0.00187917,4938.06,2726.59,8359.42,417.971,591.083,1200.64,0,33.7642,151.408,1267.33,1359.5,0.208089,0.412809,4.60019,0.830677,0.00561153,0.436322,0.392174,0.4383,0,1.40195,74.6181
203000,10052.9,0.613579,33.52,33.498,0.00155594,4936.17,2720.77,8279.96,413.998,598.506,1200.85,0,33.8046,151.356,1269.9,1360.9,0.207596,0.411776,4.60191,0.823642,0.00559311,0.43549,0.389993,0.437261,0,1.40292,74.1939
203500,10051.2,0.613479,33.452,33.45,0.00159959,4935.88,2719.41,8271.03,413.551,602.264,1198.05,0,33.8888,151.451,1273.16,1363.48,0.207495,0.411587,4.59701,0.822888,0.00558542,0.435354,0.389036,0.437097,0,1.4031,74.8899
204000,10054,0.613645,33.518,33.638,0.00230479,4936.44,2723.78,8225.24,411.262,606.565,1199.99,0,33.7841,151.364,1276.11,1367,0.207921,0.412367,4.60878,0.818113,0.00557916,0.435325,0.389983,0.437975,0,1.40279,75.5768
204500,10029.5,0.612152,33.42,33.388,0.00179804,4928.72,2715.6,8251.63,412.581,607.039,1192.56,0,33.8317,151.66,1279.61,1371.18,0.207581,0.411669,4.61628,0.822737,0.0055521,0.435242,0.391495,0.438114,0,1.40407,75.3155
205000,10027.5,0.61203,33.578,33.526,0.00111578,4927.64,2710.97,8264.16,413.208,600.924,1201.94,0,33.7829,151.178,1283.14,1376.04,0.206755,0.41002,4.62351,0.82415,0.0055379,0.434577,0.391044,0.438008,0,1.40406,74.945
205500,10048.7,0.613324,33.516,33.482,0.00196214,4932.6,2711.87,8265.4,413.27,608.076,1200.15,0,33.8531,151.466,1286.32,1380.1,0.205763,0.408018,4.63377,0.822539,0.00553576,0.433502,0.391034,0.436882,0,1.40243,74.8715
206000,10052.7,0.613567,33.538,33.492,0.00187178,4934.41,2711.37,8199.69,409.985,611.801,1198.83,0,33.8391,151.528,1289.38,1384.44,0.205493,0.407398,4.63611,0.815676,0.00553259,0.434462,0.39166,0.43657,0,1.40245,73.3103
206500,10070.4,0.61465,33.556,33.592,0.00151825,4937.64,2713.35,8170.98,408.549,612.019,1203.56,0,33.8196,151.453,1292.51,1389.36,0.205144,0.406747,4.62625,0.811385,0.00553729,0.435573,0.391941,0.437192,0,1.40084,75.0566
207000,10057.4,0.613856,33.51,33.546,0.00182137,4934.83,2711.31,8200.58,410.029,613.132,1201.34,0,33.8929,151.603,1295.7,1394.32,0.205254,0.407005,4.63145,0.815375,0.00556294,0.43628,0.391817,0.438105,0,1.40179,75.0165
207500,10048.4,0.613303,33.536,33.56,0.0019233,4932.6,2706.07,8113.86,405.693,615.63,1204.85,0,33.9141,151.426,1298.78,1398.64,0.204766,0.405948,4.63921,0.80748,0.00553861,0.435967,0.391738,0.43796,0,1.40258,76.6176
208000,10044.9,0.61309,33.542,33.488,0.00163626,4931.4,2704.86,8115.96,405.798,619.803,1201.44,0,33.9458,151.341,1301.91,1400.32,0.204738,0.405812,4.64177,0.807974,0.00553692,0.436411,0.392433,0.437653,0,1.40281,74.5595
208500,10051,0.613464,33.51,33.478,0.00173404,4934.14,2708.1,8064.48,403.224,619.499,1200.79,0,33.9095,151.393,1304.61,1402.6,0.204679,0.405726,4.65759,0.802357,0.00555105,0.436208,0.392611,0.436882,0,1.40266,74.3148
209000,10058,0.613892,33.54,33.578,0.00131827,4936.09,2709.24,8039.61,401.981,622.331,1203.66,0,33.9323,151.426,1307.21,1406.78,0.204727,0.40592,4.64845,0.799329,0.0055659,0.435677,0.391772,0.436688,0,1.40229,74.7309
209500,10054.2,0.613657,33.532,33.57,0.00126303,4935.62,2706.26,8053.32,402.666,619.203,1207.79,0,33.9385,151.543,1310.48,1412.02,0.204256,0.405009,4.65303,0.800997,0.00558005,0.434629,0.391826,0.436251,0,1.40253,74.8216
210000,10037.9,0.612662,33.438,33.432,0.00151244,4930.44,2700.28,8077.43,403.872,626.267,1200,0,34.0071,151.535,1313.67,1415.34,0.203948,0.404457,4.65622,0.804698,0.00558818,0.434875,0.392548,0.436624,0,1.40328,74.652
210500,10026.1,0.611945,33.478,33.472,0.00156061,4926.86,2693.87,8050.24,402.512,624.012,1204.06,0,34.0395,151.394,1316.66,1418.18,0.203625,0.403975,4.64533,0.80293,0.00557136,0.434695,0.392781,0.436169,0,1.40405,76.6566
211000,10056.1,0.613776,33.564,33.52,0.00178881,4934.28,2699.55,8015.07,400.753,628.041,1206.39,0,33.9597,151.452,1319.21,1419.9,0.203119,0.403032,4.64843,0.797036,0.00559895,0.433431,0.391762,0.434869,0,1.40185,75.3844
211500,10045,0.613099,33.504,33.536,0.00244231,4931.36,2693.89,7989.67,399.484,633.746,1202.36,0,34.0769,151.385,1322.07,1422.66,0.202652,0.402132,4.65236,0.795386,0.00560482,0.432063,0.391571,0.432721,0,1.40271,73.7921
212000,10045.8,0.613148,33.496,33.558,0.0020049,4931.58,2693.31,7938.75,396.937,634.517,1207.13,0,34.0695,151.36,1325.24,1424.7,0.202366,0.401568,4.6585,0.790256,0.00561279,0.431605,0.389828,0.432368,0,1.40247,75.7706
212500,10036.5,0.612578,33.496,33.508,0.00172464,4929.75,2688.56,7929.44,396.472,637.305,1211.08,0,34.1433,151.665,1328.31,1426.98,0.202003,0.400906,4.66306,0.790063,0.00559279,0.431579,0.387615,0.431835,0,1.40341,75.3483
213000,10031.6,0.612281,33.422,33.382,0.00217731,4928.44,2686.72,7908.68,395.434,640.082,1203.55,0,34.1196,151.465,1331.26,1430.68,0.201923,0.400716,4.6626,0.788377,0.00559584,0.431147,0.386591,0.431642,0,1.4037,76.322
213500,10031,0.612246,33.608,33.594,0.00190636,4927.68,2686.89,7864.37,393.219,638.574,1211.9,0,34.1421,151.326,1334.02,1433.46,0.201951,0.400623,4.66426,0.784004,0.00561034,0.430523,0.385852,0.430791,0,1.40377,75.3408
214000,10030.9,0.612236,33.4,33.404,0.00213567,4928.07,2687.5,7837.88,391.894,637.944,1205.12,0,34.1427,151.186,1336.97,1436.46,0.201807,0.400207,4.67986,0.781376,0.00563053,0.431214,0.387354,0.431034,0,1.40363,75.3748
214500,10048.1,0.613289,33.568,33.564,0.00215336,4932.23,2691.88,7759.83,387.992,640.846,1213.3,0,34.1057,151.295,1339.91,1439.02,0.201733,0.399987,4.68082,0.77227,0.00566161,0.431125,0.38856,0.430231,0,1.40247,75.1265
215000,10034.6,0.612462,33.422,33.432,0.00192906,4929.51,2686.36,7796.77,389.839,640.93,1211.03,0,34.2122,151.717,1342.95,1441.8,0.201252,0.398923,4.68954,0.776991,0.005676,0.430232,0.388544,0.429314,0,1.40353,75.4466
215500,10039.4,0.612755,33.448,33.41,0.00208579,4930.54,2685.35,7804.25,390.213,640.682,1213.64,0,34.1888,151.403,1345.41,1443.54,0.201088,0.398536,4.67933,0.777364,0.00565544,0.429787,0.38695,0.427767,0,1.40326,74.8394
216000,10043.6,0.613013,33.466,33.482,0.00191196,4931.32,2689.16,7769.01,388.451,648.255,1207.38,0,34.1272,151.624,1347.99,1445.26,0.201447,0.399255,4.68505,0.773528,0.00564679,0.429919,0.387078,0.427344,0,1.40307,75.8073
216500,10043.8,0.613026,33.502,33.556,0.00234119,4931.4,2688.53,7763.32,388.166,643.388,1213.16,0,34.1214,151.542,1351.03,1447.94,0.201236,0.398667,4.69063,0.772948,0.00566408,0.429604,0.38835,0.426903,0,1.40284,74.7665
217000,10019,0.611514,33.346,33.364,0.0017357,4925.62,2681.9,7731.03,386.552,649.278,1205.9,0,34.1408,151.417,1354.13,1452.52,0.201026,0.398096,4.69654,0.771634,0.00562739,0.430047,0.38854,0.425836,0,1.40441,74.6174
217500,10021.9,0.611687,33.52,33.53,0.00227918,4925.25,2680.2,7652.84,382.642,647.188,1213.62,0,34.1602,151.167,1357.42,1455.5,0.200718,0.397264,4.70066,0.763614,0.00562402,0.430176,0.389754,0.425318,0,1.40426,74.8463
218000,10019.9,0.611565,33.484,33.424,0.00150082,4925.53,2681.07,7652.47,382.624,651.404,1211.7,0,34.2112,151.499,1360.68,1458.9,0.20083,0.397472,4.70373,0.76373,0.00564249,0.430903,0.390694,0.425553,0,1.40456,75.2698
218500,10043.7,0.613019,33.484,33.488,0.00203546,4931.83,2688.01,7644.4,382.22,649.127,1210.21,0,34.0954,151.338,1364.14,1461.14,0.200782,0.397351,4.70902,0.761114,0.00564427,0.431282,0.391761,0.425133,0,1.40289,74.2357
219000,10025.7,0.611923,33.46,33.448,0.00114426,4926.89,2684.2,7642.92,382.146,648.774,1215.3,0,34.1948,151.608,1367.06,1463.8,0.200772,0.397264,4.72361,0.76233,0.00565477,0.431178,0.392304,0.424321,0,1.40417,75.2949
219500,10054.9,0.613705,33.55,33.486,0.0020764,4934.12,2691.07,7638.8,381.94,642.799,1214.1,0,34.0962,151.273,1370.13,1466.02,0.200579,0.396803,4.72741,0.759707,0.00563701,0.431262,0.392862,0.423659,0,1.40216,75.0402
220000,10076.7,0.615031,33.676,33.63,0.00202357,4939.29,2698.21,7611,380.55,651.061,1210.97,0,33.9979,151.203,1373.19,1469.42,0.200645,0.396779,4.73585,0.75531,0.00562809,0.431271,0.39167,0.423333,0,1.40057,59.7294
220500,10071.1,0.614692,33.532,33.534,0.00233346,4938,2695.9,7661.44,383.072,648.699,1209.93,0,34.0503,151.528,1376.02,1474.1,0.200644,0.396808,4.72511,0.760735,0.00563064,0.431696,0.392421,0.423265,0,1.40088,67.5374
221000,10065.1,0.614323,33.686,33.742,0.00214912,4937.01,2693.68,7620.94,381.047,644.209,1220.79,0,33.9454,151.419,1379.08,1477.32,0.200665,0.396902,4.71987,0.757168,0.00562609,0.431916,0.392589,0.423209,0,1.40152,76.0545
221500,10071.3,0.614705,33.488,33.436,0.0019089,4938.18,2695.17,7585.1,379.255,657.551,1206.3,0,33.9875,151.67,1382.22,1481.44,0.200481,0.396519,4.72666,0.753139,0.00562024,0.431582,0.392132,0.421923,0,1.40085,75.0846
222000,10090.4,0.61587,33.572,33.572,0.00185608,4943.36,2704.02,7556.41,377.82,647.77,1210.34,0,33.9303,151.452,1385.59,1485.08,0.200834,0.397316,4.74344,0.74887,0.00563124,0.432486,0.393732,0.422155,0,1.39976,75.8456
222500,10087.4,0.615688,33.726,33.756,0.00249357,4940.84,2704.31,7635.38,381.769,639.345,1220.04,0,33.9671,151.735,1389,1488.26,0.201133,0.398131,4.73964,0.756921,0.00561397,0.433401,0.394569,0.42164,0,1.39957,75.2258
223000,10093.8,0.616079,33.698,33.688,0.00295055,4943.19,2704.97,7689.62,384.481,639.559,1214.97,0,33.9002,151.298,1392.15,1489.48,0.201001,0.39793,4.73493,0.761813,0.00560962,0.433653,0.395549,0.420947,0,1.39928,76.2569
223500,10063.8,0.614248,33.47,33.554,0.00179324,4935.86,2694.52,7662.52,383.126,643.027,1212.29,0,34.0147,151.351,1395.26,1491.02,0.200544,0.397009,4.74126,0.761393,0.00559058,0.432522,0.394445,0.419062,0,1.40137,75.2529
224000,10070.2,0.614634,33.78,33.754,0.00235064,4937.59,2692.93,7666.56,383.328,645.677,1219.64,0,34.0198,151.385,1398.54,1494.4,0.200157,0.396137,4.73396,0.761316,0.00559457,0.4337,0.39399,0.419379,0,1.4012,75.8368
224500,10090,0.615844,33.632,33.566,0.00187594,4943.43,2697.86,7699.85,384.992,647.019,1211.72,0,33.9905,151.306,1402.01,1497.2,0.200186,0.39604,4.72394,0.763121,0.00560182,0.43554,0.393774,0.420319,0,1.39984,75.1817
225000,10079.6,0.61521,33.5,33.556,0.00166886,4941.63,2694.71,7653.23,382.661,653.932,1206.15,0,33.9933,151.497,1405.31,1499.88,0.200115,0.395795,4.72486,0.75928,0.00559335,0.437563,0.394373,0.42116,0,1.40071,76.4334
225500,10061.3,0.614091,33.644,33.636,0.00135166,4937.76,2686.95,7607.04,380.352,661.824,1211.82,0,33.9845,151.335,1408.94,1502.06,0.199868,0.395204,4.71308,0.756073,0.00558866,0.438986,0.395572,0.421249,0,1.40239,75.4906
226000,10042.6,0.612952,33.466,33.474,0.00124506,4932.01,2683.47,7617.21,380.861,656.922,1209.64,0,34.0866,151.603,1412.71,1504.7,0.200026,0.39551,4.71169,0.758493,0.00558129,0.440291,0.397182,0.422176,0,1.40312,75.595
226500,10043.1,0.61298,33.444,33.462,0.00178978,4931.76,2682.75,7576.3,378.815,664.242,1207.2,0,34.014,151.491,1415.42,1507.38,0.199842,0.395381,4.71382,0.754382,0.00558348,0.440449,0.397089,0.420812,0,1.40289,75.4651
227000,10048.9,0.613339,33.62,33.582,0.00163474,4932.7,2681.92,7584.85,379.242,661.527,1213.42,0,34.029,151.582,1418.54,1511.02,0.199522,0.394914,4.71277,0.754792,0.00557406,0.443091,0.399656,0.422371,0,1.40247,75.7683
227500,10068.9,0.614554,33.44,33.408,0.00178433,4938.46,2686.65,7569.91,378.496,659.354,1206.6,0,34.0917,151.462,1421.83,1513.94,0.199323,0.394678,4.71522,0.751815,0.00556562,0.445283,0.402155,0.424069,0,1.40112,75.135
228000,10077.6,0.615087,33.684,33.71,0.00189494,4940.03,2688.75,7552.59,377.63,669.041,1211.41,0,33.9691,151.503,1424.39,1517.22,0.199203,0.394431,4.72547,0.749446,0.00558355,0.445116,0.400225,0.423481,0,1.40058,75.6688
228500,10078.1,0.615121,33.616,33.6,0.00170367,4940.02,2686.23,7541.67,377.083,662.13,1208.59,0,33.969,151.183,1427.32,1521.26,0.198933,0.393734,4.71568,0.748321,0.00557575,0.445903,0.398323,0.423211,0,1.40054,74.972
229000,10068.1,0.61451,33.64,33.67,0.00242179,4937.75,2684.28,7478.01,373.9,669.729,1212.65,0,34.0588,151.541,1430.54,1522.18,0.19894,0.393597,4.71785,0.74274,0.00557667,0.446333,0.397681,0.422861,0,1.40097,74.3873
229500,10063.5,0.614227,33.548,33.514,0.000888279,4937.52,2683.59,7440.59,372.029,665.75,1211.13,0,34.0896,151.262,1433.68,1524.74,0.199129,0.394021,4.71434,0.739364,0.00559565,0.445972,0.39618,0.421725,0,1.4018,75.1627
230000,10078.5,0.615143,33.706,33.728,0.00201929,4940.83,2687.35,7417.59,370.88,674.983,1214.44,0,34.0609,151.542,1436.68,1526.96,0.199192,0.394142,4.70897,0.735982,0.0056123,0.446065,0.396263,0.421338,0,1.40069,75.3511
230500,10065.5,0.614349,33.394,33.4,0.0018069,4938.5,2683.04,7391.48,369.574,674.246,1206.38,0,34.0905,151.527,1439.36,1529.22,0.198921,0.393779,4.71638,0.734337,0.00562797,0.446256,0.395744,0.420894,0,1.40166,75.4598
231000,10070.7,0.614669,33.69,33.614,0.00207539,4938.91,2684.85,7361.12,368.056,670.77,1213.74,0,34.0167,151.209,1442.12,1532.84,0.198992,0.394,4.71897,0.730943,0.00564775,0.445968,0.395388,0.420001,0,1.40117,73.7389
231500,10095.5,0.61618,33.798,33.796,0.00215338,4945.44,2692.25,7368.05,368.402,670.672,1220.04,0,34.0564,151.541,1445.2,1536.08,0.199208,0.394538,4.7144,0.729834,0.00567005,0.447029,0.395878,0.420864,0,1.3997,75.7777
232000,10088.7,0.615764,33.626,33.684,0.00159634,4944.35,2691.78,7324.22,366.211,669.077,1215.05,0,34.0054,151.359,1448.36,1539.54,0.19927,0.394808,4.72024,0.725985,0.00570652,0.44777,0.396266,0.420778,0,1.4001,75.2962
232500,10079.1,0.615182,33.604,33.6,0.00186758,4941.93,2688.28,7284.72,364.236,675.82,1214.96,0,34.0728,151.437,1451.53,1544.04,0.19909,0.394457,4.72489,0.722754,0.00572309,0.448374,0.396278,0.420726,0,1.40092,74.9532
233000,10065.2,0.61433,33.59,33.604,0.00173027,4938.1,2684.46,7306.98,365.349,670.393,1215.87,0,34.1085,151.265,1454.71,1547.08,0.198968,0.394234,4.72956,0.725967,0.00571509,0.449504,0.396084,0.421081,0,1.40177,74.7674
233500,10066.5,0.614413,33.49,33.508,0.00211453,4938.09,2681.55,7330.49,366.525,676.565,1213.06,0,34.1179,151.579,1457.76,1551.76,0.198582,0.393544,4.72104,0.728203,0.0057302,0.450279,0.395793,0.420631,0,1.40161,75.9518
234000,10072.1,0.614752,33.65,33.644,0.00183213,4940.43,2685.35,7255.35,362.768,675.641,1216.47,0,34.0381,151.195,1460.6,1554.46,0.198786,0.393999,4.73314,0.720342,0.00572718,0.450875,0.39578,0.419897,0,1.40158,72.8591
234500,10084.9,0.615535,33.514,33.476,0.00179477,4943.68,2690.1,7258.83,362.942,681.219,1210.38,0,34.0753,151.894,1463.18,1558.16,0.198923,0.39435,4.73943,0.719771,0.00572744,0.451721,0.394621,0.420234,0,1.40063,72.4223
235000,10073.4,0.61483,33.6,33.684,0.00158362,4939.77,2688.55,7243.16,362.158,669.949,1217,0,34.0219,151.305,1466.07,1561.36,0.198999,0.394606,4.74798,0.719042,0.00570279,0.452385,0.393033,0.420137,0,1.40115,74.9153
235500,10042.7,0.612958,33.668,33.634,0.00183557,4932.27,2678.91,7246.98,362.349,672.105,1223.84,0,34.1974,151.555,1468.87,1566.34,0.198888,0.394304,4.74243,0.721618,0.00569574,0.452338,0.392781,0.419419,0,1.40336,74.5123
236000,10054.4,0.613674,33.38,33.4,0.002001,4934.75,2684.35,7167.38,358.369,676.463,1213.8,0,34.1251,151.291,1471.59,1568.12,0.199223,0.395049,4.74345,0.712856,0.00568653,0.452968,0.392744,0.418879,0,1.40235,75.3497
236500,10059.2,0.613962,33.698,33.66,0.00181396,4936.65,2682.88,7138.42,356.921,675.939,1220.68,0,34.0985,151.463,1474.62,1568.64,0.199056,0.394903,4.72534,0.709644,0.00568317,0.452683,0.392429,0.418069,0,1.40228,74.7903
237000,10076.4,0.615015,33.622,33.596,0.00187745,4940.82,2685.26,7120.45,356.023,680.584,1218.75,0,34.0824,151.449,1477.38,1574,0.198832,0.394461,4.71758,0.706646,0.0056506,0.451177,0.391371,0.415529,0,1.40104,75.5992
237500,10076.4,0.615013,33.444,33.44,0.0023967,4941.39,2686.03,7074.81,353.74,687.953,1213.02,0,34.0725,151.662,1480.39,1577.52,0.198956,0.394753,4.71656,0.70212,0.00566779,0.452046,0.391252,0.41553,0,1.40112,75.5337
238000,10073.9,0.614861,33.494,33.552,0.00213962,4941.16,2687.57,7047.27,352.364,681.313,1214.87,0,33.9935,151.095,1483.66,1581.4,0.199043,0.395019,4.7351,0.699561,0.00566658,0.453801,0.392111,0.416863,0,1.4015,74.0025
238500,10077,0.615049,33.798,33.758,0.0026699,4941.66,2690.23,7063.25,353.162,675.157,1227.91,0,34.1195,151.589,1486.63,1585.88,0.19927,0.395629,4.74169,0.700931,0.00566748,0.45516,0.392889,0.417391,0,1.4013,75.1285
239000,10086.8,0.615649,33.582,33.548,0.00195381,4943.93,2694.66,7035.27,351.764,677.98,1218.05,0,34.072,151.529,1489.58,1589.12,0.199348,0.395809,4.75368,0.697473,0.00569093,0.455802,0.392748,0.417022,0,1.4006,74.7198
239500,10071.5,0.614716,33.682,33.728,0.0019056,4941.43,2691.52,6932.8,346.64,685.044,1222.63,0,34.1044,151.473,1492.6,1593.3,0.199526,0.396169,4.74686,0.688357,0.00567159,0.455635,0.391766,0.416816,0,1.40179,75.4649
240000,10065,0.614321,33.53,33.548,0.00193173,4940.25,2690.11,6918.63,345.932,680.332,1220.12,0,34.1585,151.514,1495.67,1596.5,0.199524,0.395955,4.74939,0.687393,0.0056411,0.456507,0.39159,0.416989,0,1.40238,59.3609
240500,10053.8,0.613636,33.5,33.55,0.00270624,4936.73,2684.98,6945.52,347.276,682.297,1222.39,0,34.2001,151.356,1498.5,1599.48,0.199158,0.395149,4.75374,0.690837,0.00562298,0.458011,0.391085,0.417235,0,1.40305,67.2448
241000,10048.9,0.613336,33.468,33.44,0.00244899,4935.17,2682.37,6957.45,347.873,684.859,1218.7,0,34.2218,151.241,1501.78,1603.86,0.198751,0.394312,4.76128,0.69236,0.00562894,0.457953,0.390323,0.416512,0,1.40315,74.9375
241500,10060.7,0.614055,33.646,33.65,0.00271285,4939.19,2684.91,6990.32,349.516,680.101,1225.46,0,34.1813,151.569,1505.21,1608.9,0.198638,0.393928,4.76086,0.694817,0.00563602,0.457424,0.38988,0.41616,0,1.40245,74.7
242000,10055.9,0.613763,33.464,33.436,0.00206444,4937.57,2679.53,7033.18,351.659,681.341,1220.29,0,34.2552,151.603,1508.46,1613.66,0.198097,0.392713,4.75759,0.699408,0.00563873,0.457211,0.388292,0.415785,0,1.40298,76.28
242500,10030.1,0.612191,33.52,33.576,0.00212182,4931.39,2670.83,6977,348.85,691.027,1228.93,0,34.3632,151.627,1511.68,1618.26,0.197837,0.391911,4.75542,0.695604,0.00565198,0.458081,0.388232,0.415915,0,1.40472,74.7611
243000,10035.6,0.612526,33.384,33.372,0.00202966,4932.34,2674.16,6980.92,349.046,687.787,1217.28,0,34.291,151.524,1514.56,1620.76,0.197914,0.391967,4.77269,0.695615,0.00568884,0.458497,0.387356,0.41545,0,1.4044,74.8999
243500,10031.8,0.612295,33.434,33.46,0.00381566,4931.4,2675.77,6932.94,346.647,688.488,1218.35,0,34.1897,151.229,1517.47,1623.72,0.198212,0.392411,4.77805,0.691094,0.00569734,0.457653,0.387054,0.414822,0,1.40458,75.5898
244000,10040.1,0.6128,33.698,33.676,0.00302924,4932.95,2680.48,6927.97,346.398,691.334,1222.46,0,34.1269,151.394,1520.39,1626.6,0.198407,0.392701,4.79035,0.69003,0.00569598,0.457027,0.384526,0.41401,0,1.40382,75.0045
244500,10028.2,0.612072,33.45,33.428,0.00211029,4930.35,2674.4,6881.44,344.072,695.826,1214.31,0,34.1106,151.347,1523.36,1627.02,0.198012,0.391847,4.78697,0.686211,0.0056855,0.457359,0.384934,0.413979,0,1.40478,75.652
245000,10028.2,0.612075,33.43,33.472,0.00262671,4930.2,2670.5,6814.3,340.715,702.591,1217.93,0,34.0861,151.417,1526.62,1629.68,0.197562,0.390909,4.77344,0.679511,0.00566657,0.458039,0.385986,0.414381,0,1.40472,75.231
245500,10027.8,0.61205,33.462,33.45,0.00276394,4930.35,2672.61,6769.02,338.451,699.626,1216.04,0,34.1526,151.162,1529.7,1632.04,0.197982,0.391629,4.77166,0.675026,0.00566371,0.459069,0.387871,0.414945,0,1.4047,74.9823
246000,10024.2,0.611826,33.516,33.55,0.00278863,4929.59,2672.76,6739.34,336.967,704.739,1220.4,0,34.1655,151.547,1533.23,1636.18,0.198055,0.391785,4.77284,0.672309,0.00565959,0.4606,0.390616,0.416541,0,1.40495,74.9849
246500,10010.9,0.611019,33.206,33.254,0.00262696,4926.42,2670.39,6754.19,337.71,699.651,1210.49,0,34.217,151.374,1536.71,1638.6,0.198255,0.392121,4.7761,0.674684,0.00566354,0.462409,0.391704,0.418222,0,1.40611,73.6891
247000,10005.3,0.610675,33.512,33.456,0.00271874,4924.85,2668.44,6797.21,339.861,704.492,1216.57,0,34.2654,151.472,1540.21,1642.2,0.198382,0.392143,4.76557,0.679361,0.00566826,0.464054,0.393239,0.419028,0,1.4064,76.3663
247500,10015.2,0.611277,33.458,33.474,0.00308589,4927.77,2672.55,6768.79,338.44,704.308,1216.54,0,34.1612,151.478,1543.51,1645.44,0.198574,0.392477,4.76996,0.675856,0.0056784,0.464613,0.394492,0.419163,0,1.40581,75.0071
248000,10001.8,0.610463,33.336,33.336,0.00265481,4923.88,2669.69,6751.64,337.582,701.951,1212.9,0,34.1297,151.539,1546.56,1647.14,0.198733,0.392658,4.76763,0.675042,0.00564296,0.465921,0.394318,0.419153,0,1.40686,74.4837
248500,9993.2,0.609937,33.318,33.36,0.00266,4922.08,2668.44,6707.99,335.4,704.792,1216.25,0,34.1679,151.318,1549.45,1650.36,0.1988,0.392769,4.76925,0.671255,0.00560385,0.466603,0.392583,0.419008,0,1.40715,76.4098
249000,9976.98,0.608947,33.18,33.162,0.00214971,4917.35,2663.34,6702.45,335.123,705.097,1209.84,0,34.1513,151.611,1552.43,1651.7,0.198655,0.392442,4.77463,0.671792,0.00558578,0.466404,0.392658,0.418446,0,1.40827,74.6253
249500,9991.6,0.609839,33.39,33.376,0.00277529,4921.39,2668.99,6707.26,335.363,701.554,1214.26,0,34.1203,151.367,1555.36,1653.08,0.198815,0.392596,4.7806,0.67129,0.00556126,0.466642,0.392539,0.418552,0,1.40716,76.5565
250000,10022.7,0.61174,33.502,33.484,0.00244053,4929.26,2677.46,6716.83,335.841,700.948,1219.57,0,34.049,151.464,1558.49,1656.22,0.198705,0.3923,4.79065,0.67016,0.00553055,0.46773,0.393729,0.41916,0,1.40502,75.1408
250500,10029.7,0.612163,33.488,33.468,0.00322121,4930.09,2679.5,6734.13,336.707,701.519,1210.74,0,34.0646,151.291,1561.62,1658.9,0.198805,0.392457,4.78622,0.671421,0.00549973,0.467764,0.394567,0.419641,0,1.40441,74.2979
251000,10037.3,0.612626,33.514,33.48,0.00319082,4932.6,2681.39,6694.51,334.726,695.528,1217.23,0,34.0266,151.131,1565.11,1662.02,0.198698,0.392122,4.78926,0.666965,0.00550263,0.468474,0.395707,0.419909,0,1.40394,75.8964
251500,10032.2,0.612314,33.52,33.574,0.00346696,4931.23,2679.75,6618.91,330.946,704.302,1221.02,0,34.0415,151.421,1568.14,1665.74,0.198552,0.391852,4.79475,0.65977,0.0055242,0.46806,0.395467,0.419652,0,1.40428,73.4146
252000,10035.3,0.612506,33.49,33.418,0.00354556,4931.73,2681.65,6574.47,328.724,704.772,1215.22,0,33.9895,151.493,1571.3,1669.62,0.198634,0.391904,4.80398,0.655136,0.00554521,0.46912,0.398289,0.420292,0,1.40417,75.3691
252500,10055.6,0.613744,33.65,33.638,0.00322329,4935.96,2684.24,6498.05,324.903,705.159,1220.67,0,34.0125,151.009,1574.27,1673.84,0.198397,0.39142,4.78953,0.646213,0.00556007,0.468474,0.398139,0.4194,0,1.4025,76.2271
253000,10041,0.612854,33.538,33.556,0.00307129,4932.01,2680.19,6442.3,322.115,706.236,1221.87,0,34.0936,151.482,1577.24,1677.94,0.1983,0.391306,4.79627,0.6416,0.00560256,0.4679,0.399237,0.418432,0,1.40337,74.3268
253500,10038.3,0.612689,33.366,33.382,0.00319016,4931.82,2678.6,6416.87,320.843,717.774,1215.02,0,34.1372,151.605,1579.86,1680.16,0.198154,0.391019,4.79119,0.63924,0.00562645,0.467738,0.398688,0.417362,0,1.40357,75.2943
254000,10046.7,0.613201,33.604,33.582,0.00366173,4934.16,2679.74,6449.04,322.452,708.966,1220.51,0,34.0862,151.102,1582.64,1682.44,0.198143,0.391001,4.77589,0.641907,0.00564556,0.468179,0.396799,0.41705,0,1.40311,75.5891
254500,10043.9,0.613032,33.602,33.618,0.00336064,4934.24,2674.91,6412.44,320.622,719.038,1223.56,0,34.1297,151.612,1585.37,1685.44,0.197638,0.390069,4.77033,0.63844,0.00564963,0.466629,0.394584,0.416006,0,1.40365,74.608
255000,10051.6,0.613501,33.428,33.416,0.00438869,4936.23,2675.69,6416.45,320.823,722.111,1212.78,0,34.1602,151.501,1588.64,1689.38,0.197366,0.389649,4.78186,0.638352,0.0056329,0.466392,0.396361,0.415563,0,1.40321,75.9303
255500,10073.4,0.614832,33.646,33.538,0.00320821,4942.21,2682.86,6393.81,319.691,718.833,1220.37,0,34.1249,151.481,1591.8,1693.06,0.197198,0.3894,4.80123,0.634724,0.00563944,0.466615,0.397293,0.415511,0,1.40175,75.2637
256000,10075.3,0.61495,33.666,33.762,0.00381729,4942.48,2679.45,6425.07,321.254,718.161,1228.16,0,34.0904,151.589,1595.24,1695.18,0.196621,0.388286,4.79096,0.637703,0.00565109,0.466884,0.399604,0.415583,0,1.40157,75.2593
256500,10053.4,0.61361,33.464,33.458,0.00360867,4936.49,2674.07,6398.37,319.919,719.284,1222.08,0,34.2059,151.602,1598.55,1696.82,0.196648,0.3884,4.79756,0.636444,0.00566625,0.4677,0.402082,0.41622,0,1.40292,74.1497
257000,10068.1,0.614507,33.512,33.534,0.00428107,4940.09,2677.8,6355.26,317.763,720.165,1220.82,0,34.1232,151.455,1601.82,1700.14,0.196433,0.387964,4.80941,0.631228,0.00568156,0.46887,0.40322,0.416955,0,1.40188,73.4527
257500,10068.3,0.614518,33.79,33.768,0.00337949,4938.84,2676.45,6323.09,316.154,715.365,1234.92,0,34.1092,151.329,1604.73,1703.44,0.196125,0.387287,4.80941,0.628023,0.00567162,0.468734,0.401992,0.416611,0,1.40156,75.4517
258000,10064.8,0.614308,33.534,33.498,0.00375532,4938.01,2673.31,6321.18,316.059,722.579,1224,0,34.2421,151.439,1607.75,1706.42,0.195894,0.386681,4.80438,0.628048,0.00565114,0.469601,0.40376,0.416962,0,1.40189,75.7358
258500,10069.1,0.614569,33.66,33.662,0.004171,4939.14,2671.52,6261.48,313.074,720.425,1230.65,0,34.1843,150.964,1610.82,1709.54,0.195372,0.385567,4.80523,0.621852,0.00565868,0.469646,0.404369,0.416798,0,1.40155,74.3657
259000,10064.6,0.614294,33.638,33.67,0.00437294,4939.09,2671.63,6238.13,311.907,730.01,1231.83,0,34.1892,151.624,1613.81,1713.14,0.195358,0.385494,4.81713,0.619809,0.00566722,0.470626,0.405715,0.416662,0,1.40207,77.4444
259500,10070.6,0.614662,33.486,33.474,0.0035989,4940.77,2677.64,6258.53,312.926,726.214,1220.29,0,34.0553,151.169,1616.71,1716.2,0.195845,0.386494,4.83749,0.621464,0.00567739,0.471057,0.405034,0.416748,0,1.40174,76.2919
260000,10047.6,0.613256,33.796,33.798,0.00344162,4934.38,2675.24,6294.25,314.712,715.286,1234.07,0,34.0886,151.203,1620.21,1720.14,0.196215,0.387184,4.84865,0.626445,0.00567707,0.472018,0.406213,0.417761,0,1.40312,57.8587
260500,10065.5,0.614351,33.502,33.508,0.00515849,4938.48,2678.84,6299.34,314.967,725.478,1218.13,0,34.0589,151.506,1623.6,1724.22,0.196091,0.387,4.84597,0.625833,0.00569236,0.473061,0.407767,0.419188,0,1.40181,68.6253
261000,10075.5,0.614958,33.582,33.524,0.00406138,4940.91,2680.8,6290.83,314.541,717.709,1220.89,0,34.1117,151.067,1626.88,1726.7,0.19606,0.387024,4.84061,0.624369,0.00571545,0.47363,0.409865,0.419313,0,1.40105,75.3372
261500,10084,0.615477,33.798,33.792,0.00480928,4942.4,2680.97,6285.56,314.278,719.807,1231.01,0,34.0259,151.383,1630.14,1728.66,0.195828,0.386568,4.83861,0.623321,0.00574381,0.473133,0.410514,0.418516,0,1.40046,74.4991
262000,10083.5,0.615449,33.584,33.598,0.00514027,4942.55,2679.5,6286.91,314.345,727.227,1222.42,0,34.07,151.718,1633.58,1732.3,0.195415,0.385646,4.84338,0.623486,0.00576816,0.473279,0.411761,0.418306,0,1.40033,75.1358
262500,10087.2,0.615671,33.67,33.654,0.00418349,4944.15,2681.04,6293.61,314.68,716.198,1226.2,0,34.1132,151.202,1636.82,1736.86,0.195383,0.385555,4.84972,0.623924,0.00577408,0.474338,0.413399,0.418582,0,1.40034,75.1972
263000,10082.4,0.615382,33.572,33.556,0.00453811,4942.83,2680.86,6282.74,314.137,723.721,1225.25,0,34.1357,151.596,1640.37,1740.7,0.195292,0.385558,4.86503,0.623138,0.00579099,0.474365,0.415404,0.418476,0,1.40086,74.4308
263500,10075.3,0.614949,33.814,33.854,0.00408571,4940.79,2678.69,6250.73,312.537,722.038,1232.31,0,34.1155,151.443,1644.07,1744.78,0.195035,0.385134,4.87588,0.620401,0.0058297,0.474047,0.41903,0.418591,0,1.4011,74.5756
264000,10080,0.615232,33.57,33.592,0.00492371,4941.48,2681.5,6256.82,312.841,717.834,1228.4,0,34.1177,151.432,1647.22,1748.48,0.195337,0.385725,4.87698,0.620718,0.00581584,0.474895,0.420698,0.418365,0,1.40082,74.9961
264500,10054.1,0.613654,33.476,33.526,0.00406411,4935.48,2675.81,6260.1,313.005,717.07,1227.46,0,34.2234,151.473,1650.24,1751.78,0.195508,0.386088,4.87858,0.622642,0.00580542,0.474901,0.421555,0.418104,0,1.4026,75.6429
265000,10073.3,0.614827,33.644,33.59,0.00421148,4940.54,2681.33,6276.01,313.8,717.269,1226.8,0,34.1611,151.363,1653.72,1756,0.195444,0.386068,4.88695,0.623037,0.00580364,0.475697,0.423895,0.419047,0,1.40135,76.2727
265500,10068.3,0.614519,33.68,33.712,0.00426854,4939.92,2680.99,6294,314.7,718.947,1232.15,0,34.1653,151.477,1656.83,1759.86,0.195378,0.386046,4.89706,0.625131,0.00579279,0.476166,0.425171,0.418863,0,1.40169,75.3233
266000,10059.5,0.613984,33.472,33.512,0.00412846,4938.25,2680.58,6267.73,313.386,715.481,1222.42,0,34.1494,151.354,1659.27,1763.32,0.195541,0.386405,4.90943,0.623066,0.00577873,0.474929,0.424886,0.416988,0,1.40271,75.5306
266500,10047.8,0.613269,33.792,33.752,0.00363985,4935.55,2677.06,6278.8,313.94,712.636,1237.86,0,34.1431,151.264,1662.37,1766.92,0.195501,0.386225,4.90486,0.624894,0.00576168,0.474223,0.424339,0.415625,0,1.40335,75.0228
267000,10070.6,0.614658,33.576,33.496,0.00453575,4941.44,2680.67,6265.54,313.277,725.62,1220.68,0,34.1268,151.336,1665.68,1769.5,0.195263,0.385749,4.89674,0.622167,0.00575618,0.47403,0.424572,0.415475,0,1.40188,74.1505
267500,10080.9,0.615287,33.692,33.738,0.00498548,4942.89,2684.34,6221.14,311.057,714.774,1227.38,0,34.0554,150.965,1668.98,1772.32,0.195321,0.385845,4.90218,0.617125,0.00576733,0.473758,0.427057,0.415731,0,1.40101,75.2536
268000,10066.4,0.614403,33.522,33.52,0.00401938,4938.81,2681.08,6202.88,310.144,724.116,1228.14,0,34.1246,151.773,1671.72,1774.4,0.195459,0.386126,4.90625,0.616198,0.00576099,0.473184,0.428039,0.414975,0,1.40186,76.0066
268500,10056.5,0.613799,33.576,33.604,0.0052948,4935.93,2679.68,6209.17,310.459,714.628,1225.63,0,34.1686,151.289,1674.34,1776.86,0.195607,0.386402,4.90524,0.617431,0.0057283,0.472691,0.427443,0.414044,0,1.40227,74.4993
269000,10056,0.613771,33.686,33.688,0.00626601,4935.49,2678.75,6184.79,309.24,717.846,1230.91,0,34.1874,151.204,1677.3,1778.48,0.195714,0.38664,4.89124,0.615034,0.00570609,0.47261,0.426865,0.413416,0,1.40232,74.9153
269500,10068,0.614504,33.716,33.722,0.00597378,4938.69,2682.17,6168.64,308.432,721.509,1232.55,0,34.2179,151.445,1679.74,1780.06,0.195849,0.386775,4.88717,0.612695,0.00569519,0.471634,0.424973,0.41173,0,1.4016,75.7521
270000,10058.3,0.613912,33.604,33.618,0.00485541,4936.94,2680.29,6111.12,305.556,716.53,1231.51,0,34.1971,151.182,1682.54,1782.22,0.195915,0.386876,4.8899,0.607569,0.00568891,0.471836,0.422553,0.41101,0,1.40239,74.5939
270500,10052.5,0.613555,33.49,33.5,0.00351712,4936.07,2679.4,6134.41,306.721,719.455,1230.52,0,34.3106,151.736,1685.94,1785.36,0.196201,0.387363,4.88252,0.61024,0.00567933,0.473794,0.423307,0.412426,0,1.40306,75.8234
271000,10048.9,0.613337,33.502,33.48,0.00480294,4933.79,2679.08,6105.27,305.263,705.815,1233.7,0,34.4068,150.954,1688.9,1787.56,0.196295,0.387731,4.87841,0.607555,0.00566845,0.47516,0.423682,0.412799,0,1.40281,75.7017
271500,10067.1,0.614446,33.77,33.748,0.00493301,4938.78,2685.56,6100.64,305.032,709.545,1244.37,0,34.3621,151.35,1692.26,1789.92,0.196596,0.388505,4.87814,0.605999,0.0056463,0.477096,0.423825,0.414849,0,1.40174,74.5441
272000,10070.6,0.614658,33.664,33.636,0.00505217,4939.05,2688.05,6105.68,305.284,710.888,1238.06,0,34.3421,151.444,1695.42,1792.94,0.196794,0.388721,4.8838,0.606292,0.00561741,0.478426,0.425733,0.415751,0,1.40148,74.6373
272500,10069.9,0.614619,33.636,33.642,0.0047602,4939.79,2688.77,6126.54,306.327,700.942,1239.36,0,34.3081,151.182,1698.75,1796.1,0.196825,0.388734,4.88244,0.6084,0.00562356,0.481131,0.430278,0.416934,0,1.40153,75.9144
273000,10047.4,0.613246,33.628,33.742,0.00627768,4933.95,2681.39,6101.18,305.059,712.608,1240.38,0,34.3703,151.354,1701.41,1800.02,0.196744,0.388682,4.87406,0.60724,0.00562226,0.482379,0.431914,0.416646,0,1.40291,74.8803
273500,10047.6,0.613254,33.396,33.328,0.00567284,4933.74,2680.07,6135.33,306.767,714.611,1227.61,0,34.3628,151.46,1705.03,1804.12,0.196636,0.388453,4.86885,0.610627,0.00563541,0.484134,0.433657,0.417373,0,1.40295,74.2869
274000,10022.8,0.611743,33.524,33.56,0.0052511,4926.26,2671.28,6176.54,308.827,709.525,1235.01,0,34.3619,151.255,1708.62,1808.52,0.196251,0.387838,4.87016,0.616253,0.00563821,0.485459,0.434505,0.418133,0,1.40426,75.9316
274500,10051.6,0.6135,33.728,33.678,0.00504609,4933.31,2679.64,6210.37,310.519,709.665,1238.48,0,34.3437,151.304,1711.84,1808.72,0.196278,0.388005,4.88215,0.617852,0.0056257,0.486162,0.434129,0.418402,0,1.40259,73.9547
275000,10058.4,0.613915,33.544,33.566,0.00447942,4935.63,2683.97,6183.76,309.188,707.702,1231.9,0,34.2868,151.1,1715.01,1811.8,0.196447,0.388383,4.88992,0.614787,0.00561664,0.486844,0.434691,0.418437,0,1.402,73.8011
275500,10035.9,0.61254,33.568,33.564,0.00542126,4930.57,2676.61,6155.07,307.753,712.924,1236.23,0,34.3634,151.405,1718.15,1814.66,0.196157,0.38796,4.89404,0.613311,0.00562153,0.488308,0.437584,0.418913,0,1.40365,75.5582
276000,10044,0.613038,33.446,33.462,0.00494917,4932.4,2680.62,6185.21,309.26,707.75,1229.81,0,34.3301,151.287,1721.55,1817.44,0.196274,0.388181,4.90887,0.615811,0.00560326,0.48935,0.439796,0.419336,0,1.40316,74.6794
276500,10054.6,0.613682,33.598,33.586,0.00505572,4934.63,2685.24,6166.08,308.304,711.27,1233.42,0,34.3603,151.558,1724.33,1820.6,0.196597,0.388783,4.91269,0.613264,0.00556067,0.489202,0.437707,0.4193,0,1.40251,74.7613
277000,10041.7,0.612894,33.68,33.656,0.00422145,4932.1,2680.48,6185.03,309.251,709.339,1237.55,0,34.3892,151.292,1727.32,1823.22,0.196332,0.38835,4.91014,0.615937,0.00557192,0.489196,0.43628,0.419092,0,1.40351,77.0854
277500,10061.7,0.614117,33.496,33.474,0.00485658,4936.91,2683.04,6209.79,310.489,711.323,1228.27,0,34.2952,151.475,1730.56,1828.6,0.195836,0.387416,4.90683,0.61717,0.00557393,0.490708,0.437474,0.419369,0,1.40201,76.213
278000,10062.9,0.614189,33.716,33.758,0.00546275,4937.47,2683.9,6202.16,310.108,706.464,1237.34,0,34.2895,151.172,1734.01,1831.74,0.195851,0.387312,4.90939,0.616342,0.00557862,0.491641,0.440551,0.4192,0,1.40182,75.0625
278500,10060.6,0.614053,33.6,33.538,0.00560246,4937.03,2686.52,6213.54,310.677,704.993,1232.38,0,34.3354,151.305,1737.21,1832.82,0.196428,0.388374,4.90602,0.617608,0.00557585,0.492833,0.441856,0.420013,0,1.40224,74.313
279000,10073.2,0.614821,33.534,33.562,0.0041661,4940.92,2691.63,6245.4,312.27,704.984,1230.56,0,34.268,151.414,1740.61,1836.7,0.1966,0.388649,4.91475,0.62,0.00555678,0.493367,0.442069,0.420591,0,1.40151,75.1627
279500,10083.6,0.615454,33.848,33.828,0.00456987,4942.52,2694.27,6214.55,310.728,703.129,1239.5,0,34.2434,151.34,1744.18,1840.62,0.196518,0.388453,4.92035,0.616305,0.00555863,0.494216,0.44336,0.421161,0,1.40059,72.7193
280000,10076.4,0.615017,33.532,33.498,0.00645195,4940.6,2692.57,6165.78,308.289,712.23,1225.44,0,34.264,151.432,1747.5,1843.62,0.196459,0.388232,4.92999,0.611903,0.00554696,0.495938,0.444458,0.422315,0,1.40104,56.893
280500,10079.6,0.615208,33.546,33.626,0.00527877,4942.26,2695.26,6153.27,307.664,710.11,1228.73,0,34.1769,151.463,1751.16,1847.5,0.196523,0.388338,4.94137,0.610471,0.00553734,0.498172,0.445976,0.423114,0,1.40097,65.9972
281000,10043.8,0.613022,33.726,33.702,0.0049646,4933.41,2685.03,6143.72,307.186,709.144,1236.13,0,34.2701,151.471,1754.71,1850.52,0.196188,0.387705,4.95249,0.611695,0.00552161,0.499712,0.447906,0.423937,0,1.40337,74.3742
281500,10055.1,0.613717,33.476,33.5,0.00493601,4936.43,2683.72,6182.38,309.119,711.17,1227.96,0,34.2876,151.246,1757.96,1854.84,0.195489,0.386419,4.95043,0.614848,0.00548971,0.500525,0.44981,0.424396,0,1.40266,74.077
282000,10062.3,0.614155,33.556,33.526,0.00396521,4938.47,2686.89,6175.73,308.787,714.885,1227.1,0,34.2187,151.45,1761.5,1857.5,0.19562,0.386758,4.9561,0.613753,0.00549787,0.500519,0.452421,0.424387,0,1.40217,76.0893
282500,10050.6,0.613437,33.6,33.656,0.00472442,4935.46,2684.29,6152.34,307.617,716.086,1231.65,0,34.286,151.41,1764.94,1860.92,0.195688,0.386929,4.95399,0.612138,0.00547717,0.50136,0.453526,0.424734,0,1.40291,75.1496
283000,10045.9,0.613156,33.53,33.504,0.00390122,4934.48,2684.36,6177.05,308.853,710.98,1228.46,0,34.2356,151.272,1768.38,1864.02,0.195668,0.386873,4.97167,0.614882,0.00546079,0.502488,0.455873,0.424635,0,1.40338,74.8758
283500,10061.3,0.614091,33.682,33.668,0.00421707,4938.04,2689.03,6134.31,306.715,709.539,1234.47,0,34.2142,151.483,1772,1867.44,0.195702,0.3868,4.97271,0.609696,0.00546787,0.503611,0.457771,0.42543,0,1.40217,75.7634
284000,10057.8,0.613877,33.694,33.67,0.00534759,4936.29,2688.87,6134.98,306.749,705.48,1234.01,0,34.2862,151.145,1775.54,1871.3,0.195777,0.387122,4.97895,0.609976,0.00546913,0.504872,0.459233,0.425946,0,1.40234,75.5579
284500,10068.7,0.614542,33.464,33.51,0.00393,4939.89,2694.79,6133.81,306.691,712.481,1224.58,0,34.2387,151.462,1778.63,1875.94,0.196095,0.387804,4.98853,0.609199,0.00546275,0.505333,0.459188,0.426241,0,1.40181,73.4725
285000,10067.6,0.614475,33.64,33.608,0.00383497,4939.54,2693.32,6125.76,306.288,704.495,1233.36,0,34.2734,151.222,1782.18,1877.76,0.196086,0.387623,4.97939,0.608466,0.00546864,0.505753,0.461102,0.426167,0,1.40183,74.3043
285500,10066.9,0.614434,33.674,33.664,0.00549386,4938.91,2693.08,6162.65,308.132,704.641,1233.93,0,34.3438,151.319,1785.51,1880.88,0.196196,0.387678,4.97033,0.612171,0.00547514,0.50577,0.464812,0.426216,0,1.40183,75.9707
286000,10075.2,0.614939,33.658,33.63,0.00481824,4941.05,2697.29,6170.23,308.511,703.356,1232.2,0,34.3371,151.203,1788.89,1883.4,0.196524,0.38835,4.96582,0.612421,0.00546803,0.507285,0.466079,0.427161,0,1.40118,75.6181
286500,10070.8,0.614672,33.762,33.834,0.00402276,4940.23,2696.06,6191.13,309.557,699.142,1237.3,0,34.2598,151.138,1792.72,1887.14,0.196385,0.388126,4.97351,0.614765,0.00545774,0.508857,0.46639,0.427887,0,1.40139,74.9027
287000,10049.9,0.613396,33.586,33.6,0.00480958,4934.7,2690.98,6226.24,311.312,709.714,1228.03,0,34.3013,151.406,1796.64,1888.82,0.196518,0.388394,4.97085,0.619534,0.00547402,0.509728,0.467553,0.428311,0,1.40287,77.4695
287500,10051.8,0.613511,33.518,33.44,0.00466733,4935.87,2693.41,6183.45,309.173,697.914,1227.13,0,34.3249,151.189,1800.58,1889.1,0.196885,0.388997,4.97273,0.615162,0.00546083,0.511237,0.466978,0.428668,0,1.40307,76.4522
288000,10062.5,0.614164,33.668,33.716,0.00465049,4938.91,2698.03,6146.89,307.345,701,1235.32,0,34.3054,151.224,1804.44,1892.76,0.196982,0.389313,4.97913,0.610873,0.00545063,0.513629,0.466003,0.429414,0,1.40229,75.1038
288500,10058.2,0.613903,33.608,33.634,0.00578404,4938.39,2697.53,6138.54,306.927,706.184,1228.83,0,34.2996,151.361,1808,1895.76,0.196936,0.389485,4.9887,0.610304,0.00542352,0.51536,0.464787,0.429956,0,1.40265,75.3917
289000,10070.1,0.614628,33.694,33.626,0.00451911,4940.3,2702.95,6165.88,308.294,703.978,1227.22,0,34.1827,151.086,1811.06,1898.9,0.197281,0.3904,4.99776,0.612299,0.00543344,0.516299,0.463975,0.43026,0,1.40193,75.667
289500,10083.2,0.615427,33.726,33.764,0.00601797,4943.87,2706.66,6128.12,306.406,701.617,1226.91,0,34.1681,151.205,1813.98,1902.44,0.19706,0.390206,5.00911,0.607758,0.00543817,0.516734,0.463325,0.430779,0,1.40086,74.6087
290000,10081.7,0.615338,33.612,33.554,0.00479132,4944.28,2704.39,6139.64,306.982,702.497,1223.28,0,34.2161,151.291,1816.97,1906.22,0.19674,0.389645,5.01085,0.608989,0.0054228,0.51752,0.463341,0.430851,0,1.40128,74.3302
290500,10089.5,0.615815,33.728,33.742,0.0051135,4946.45,2707.41,6149.52,307.476,708.365,1228.52,0,34.2164,151.354,1819.66,1910.14,0.196989,0.390126,5.00146,0.609497,0.00540685,0.517249,0.464081,0.430876,0,1.40055,76.1721
291000,10074.7,0.614912,33.724,33.784,0.00531028,4942.79,2705.16,6140.66,307.033,699.25,1232.17,0,34.1919,151.31,1822.29,1914.02,0.197289,0.3908,5.00551,0.609511,0.0053896,0.5161,0.463317,0.430034,0,1.4018,75.5263
291500,10073.3,0.614828,33.626,33.612,0.00521014,4941.76,2704.32,6145.24,307.262,707.078,1229.39,0,34.2615,151.81,1825.59,1917.68,0.197183,0.390634,5.00477,0.610052,0.0053866,0.515986,0.464019,0.429444,0,1.40156,74.5174
292000,10063.1,0.614204,33.35,33.398,0.00632139,4939.43,2703.5,6116.42,305.821,700.616,1218.18,0,34.2656,151.232,1828.88,1921.4,0.197368,0.391094,5.00999,0.607808,0.00538426,0.51705,0.46316,0.429201,0,1.40224,74.9284
292500,10040.3,0.61281,33.908,33.888,0.00541244,4932.46,2699.97,6131.92,306.596,692.233,1243.08,0,34.2132,151.133,1831.56,1924.4,0.197652,0.391664,5.02488,0.610734,0.00538773,0.517071,0.461817,0.428491,0,1.40384,75.7571
293000,10047.2,0.613235,33.474,33.446,0.00477449,4935.03,2703.33,6121.01,306.05,700.817,1222.8,0,34.202,151.285,1834.46,1927.78,0.197777,0.391752,5.02781,0.609222,0.00539455,0.516793,0.458838,0.428303,0,1.40324,74.5025
293500,10049.3,0.613359,33.494,33.554,0.00546254,4935.32,2702.14,6099.72,304.986,705.986,1224.89,0,34.1843,151.628,1837.8,1931.38,0.19766,0.391504,5.02236,0.606982,0.00539541,0.516459,0.459377,0.428736,0,1.4033,74.8059
294000,10045.6,0.613135,33.604,33.512,0.00470676,4934.41,2699.94,6139.29,306.965,699.602,1221.52,0,34.1985,151.083,1841.35,1935.7,0.197409,0.391036,5.02676,0.611142,0.00541324,0.515749,0.461409,0.428052,0,1.40336,76.2436
294500,10048.3,0.613297,33.582,33.66,0.00536192,4934.97,2700.96,6132.25,306.612,698.922,1232.83,0,34.2095,151.554,1844.27,1938.76,0.197372,0.390988,5.02471,0.610279,0.00545174,0.515485,0.463594,0.427478,0,1.40305,76.2691
295000,10030.5,0.612212,33.544,33.556,0.0052148,4929.72,2693.29,6155.56,307.778,702.82,1226.72,0,34.2273,151.144,1847.39,1942.58,0.196914,0.39018,5.0251,0.613685,0.00545205,0.515939,0.46347,0.4274,0,1.4043,74.2905
295500,10026.5,0.611967,33.46,33.458,0.00541647,4928.03,2689.79,6110.92,305.546,703.396,1227.87,0,34.2583,151.382,1850.68,1944.78,0.196527,0.389446,5.0315,0.609481,0.00546896,0.516647,0.462914,0.428272,0,1.4044,74.8979
296000,10030.8,0.612231,33.578,33.558,0.00554273,4929.61,2689.84,6086.47,304.323,708.596,1227.38,0,34.2734,151.305,1854.07,1947.08,0.19623,0.388783,5.03177,0.606779,0.00545626,0.516888,0.462092,0.428904,0,1.40399,77.3483
296500,10033.7,0.612408,33.554,33.578,0.00500506,4930.87,2689,6143.92,307.196,703.52,1233.38,0,34.2955,151.367,1857.17,1951.04,0.196012,0.388269,5.02858,0.612329,0.00541684,0.51735,0.460615,0.428635,0,1.40396,74.7956
297000,10040.9,0.61285,33.428,33.442,0.00586169,4933.01,2691.4,6106.34,305.317,713.244,1220.7,0,34.2414,151.489,1860.38,1955.6,0.195948,0.388378,5.0365,0.608145,0.00542491,0.51821,0.460497,0.427871,0,1.40361,73.7013
297500,10019.6,0.611545,33.45,33.498,0.0049513,4927.55,2685.71,6056.6,302.83,714.489,1222.84,0,34.2959,151.397,1863.55,1959.62,0.195877,0.388242,5.04354,0.604478,0.00543781,0.519208,0.46012,0.427298,0,1.40509,74.9838
298000,10014.2,0.611216,33.472,33.492,0.00517307,4925.97,2681.35,6057.16,302.858,718.815,1226.57,0,34.2943,151.37,1866.93,1963.54,0.195374,0.387272,5.05114,0.60486,0.00545323,0.520272,0.462641,0.426894,0,1.40558,75.6799
298500,10006.7,0.610758,33.4,33.322,0.00475229,4924.12,2677.07,6051.72,302.586,718.338,1220.74,0,34.3246,151.347,1869.95,1966.4,0.194911,0.386398,5.04702,0.604769,0.00544052,0.520181,0.460491,0.426089,0,1.40595,73.984
299000,10020.3,0.611591,33.456,33.458,0.00470158,4928.11,2679.69,6091.68,304.584,718.379,1229.17,0,34.347,151.64,1873.09,1969.66,0.19473,0.386019,5.04853,0.607937,0.00542464,0.520024,0.460111,0.425658,0,1.40502,74.4031
299500,10037.1,0.612616,33.404,33.382,0.0051966,4931.88,2684.58,6096.52,304.826,716.074,1225.3,0,34.2609,151.501,1876.26,1973.42,0.195066,0.386827,5.03306,0.6074,0.00538927,0.520634,0.462047,0.425734,0,1.40393,76.0691
300000,10038.8,0.612718,33.5385,33.5269,0.00580664,4932.17,2685.4,6086.03,304.302,709.949,1226.02,0,34.176,151.034,1878.59,1976,0.194962,0.386846,5.04265,0.606253,0.00539,0.520218,0.46306,0.425385,0,1.40379,77.9281
