tick,population,occupancy,births_per_tick,deaths_per_tick,starved_share,inflow_in,cost_out,transfer,transit_loss,overflow,death_loss,leak,washed_per_tick,extinct,energy_mean,age_mean,generation_mean,generation_max,active_params_frac,expressed_hidden_frac,msg_bandwidth,transfer_per_cell,eta_mean,div_weights,div_learning,div_masks,weight_drift,habitat_match,bonds_per_cell,bonded_frac,bond_flow_per_cell,reward_gate_mean,group_size_mean,group_size_max,groups_5plus,in_groups_5plus,ticks_per_s
500,7095.96,0.433103,25.812,26.314,0.00404643,3905.66,2847.61,10615.1,530.756,0,544.771,541.636,0,0,21.3571,153.61,4.43431,15.28,0.267014,0.507499,5.91686,1.49508,0.00552522,0.029918,0.0307129,0.0926279,0.0390366,1.57253,0.948448,0.704949,0.0262522,0.597867,3.18862,15.4,217.2,0.204925,20.3079
1000,7242.06,0.44202,23.22,23.028,0,3973.28,2906.96,10990.6,549.529,0,502.127,573.31,0,0,21.7729,152.808,7.73826,20.86,0.266237,0.506497,5.79205,1.51759,0.00552415,0.0396661,0.0424823,0.122242,0.0399743,1.56776,0.82821,0.655879,0.0236597,0.597681,2.4721,12.6,135.6,0.111595,20.7906
1500,7337.3,0.447833,24.518,24.36,0,4015.55,2920.04,10956.2,547.808,0.0596329,533.778,578.691,0,0,21.6371,149.514,10.9419,24.1,0.263932,0.502659,5.63266,1.49314,0.00552762,0.047047,0.0513113,0.14171,0.0395255,1.56384,0.803209,0.645457,0.0245876,0.597521,2.34518,11.2,109.2,0.0859322,19.9463
2000,7428.1,0.453375,25.276,25.056,0,4052.72,2943.39,11113.4,555.672,0.177814,558.3,592.519,0,0,21.8246,152.062,14.0748,25.9,0.262021,0.499644,5.4964,1.49614,0.00552518,0.053408,0.0583315,0.157583,0.0404771,1.55917,0.787121,0.636379,0.0248221,0.597304,2.30795,12,106.6,0.083381,20.0313
2500,7518.92,0.458918,24.918,24.758,0,4091.3,2966.53,11251.3,562.565,0.996376,552.588,603.543,0,0,21.9366,151.363,17.229,28.22,0.260416,0.497055,5.37551,1.49641,0.00553045,0.0593643,0.0654305,0.173396,0.04085,1.55462,0.770513,0.621734,0.0244508,0.597025,2.28407,11.6,108.4,0.0832255,19.9842
3000,7633.1,0.465887,25.588,25.318,0,4137.31,2993.2,11342.4,567.119,0.830651,568.947,614.428,0,0,21.9591,150.815,20.3109,31.8,0.25871,0.494218,5.23444,1.48594,0.00553431,0.0648448,0.071597,0.185074,0.0411408,1.54908,0.754917,0.614167,0.0246648,0.596897,2.21165,10.2,100.2,0.0746759,20.0239
3500,7714.94,0.470883,25.902,25.808,0,4170.76,3014.28,11446.1,572.307,0,582.706,624.231,0,0,22.051,151.439,23.402,35.64,0.257112,0.491469,5.13722,1.48365,0.00554715,0.0700822,0.0766556,0.195413,0.0421386,1.54448,0.749203,0.610777,0.0248819,0.596569,2.20149,10.8,97.8,0.0715575,18.4643
4000,7766.64,0.474038,25.84,25.778,0,4190.64,3023.83,11498.2,574.908,0,586.191,632.895,0,0,22.1772,151.287,26.6787,40.88,0.256126,0.489852,5.01869,1.48046,0.00557095,0.0754486,0.0823674,0.204483,0.0432564,1.5419,0.736017,0.600884,0.0244068,0.596585,2.18453,11.6,94.2,0.0693589,17.7575
4500,7815.88,0.477043,26.098,25.958,0,4210.68,3034.25,11564.2,578.21,0,594.655,640.407,0,0,22.2842,151.452,29.9391,43.12,0.255195,0.488365,4.91695,1.47958,0.00558011,0.0801125,0.0884275,0.211213,0.0441416,1.53936,0.731393,0.598779,0.0244724,0.596126,2.17074,10.8,91.2,0.0674561,17.8258
5000,7885.76,0.481309,26.414,26.256,0,4236.55,3046.47,11608,580.402,0,604.675,648.583,0,0,22.3779,151.267,33.1708,44.72,0.253853,0.485955,4.77937,1.47203,0.00558783,0.0841004,0.0931742,0.220675,0.0448359,1.53523,0.731133,0.597741,0.024586,0.596114,2.17499,11.6,91.8,0.0671063,17.6718
5500,7962.28,0.485979,26.55,26.456,0,4265.27,3064.75,11673,583.65,0,612.566,658.268,0,0,22.4528,151.367,36.3195,47.68,0.252727,0.484116,4.66595,1.46604,0.00559629,0.0879561,0.0982922,0.230492,0.0460732,1.53057,0.717244,0.589857,0.0241618,0.596527,2.13089,10.4,86.4,0.0615789,17.457
6000,8010.04,0.488894,26.798,26.654,0,4284.42,3071.83,11732.2,586.611,0,621.588,666.535,0,0,22.6092,151.473,39.476,51.12,0.251431,0.481716,4.54803,1.4647,0.00559745,0.0916173,0.103268,0.238212,0.0465948,1.52821,0.72097,0.590251,0.0244398,0.59695,2.14493,9.8,92.4,0.0657113,17.4757
6500,8063.06,0.49213,26.884,26.786,0,4303.74,3078.72,11781.5,589.073,0.0177072,629.312,676.53,0,0,22.7637,151.23,42.6821,55.2,0.249858,0.479029,4.42266,1.46116,0.00560965,0.0953627,0.107609,0.245715,0.0470778,1.52539,0.705539,0.578452,0.0239222,0.596932,2.11283,9.2,92.2,0.0642732,17.2921
7000,8094.56,0.494053,27.006,26.95,7.22022e-05,4315.98,3082.67,11819.1,590.955,0.781496,638.183,683.684,0,0,22.9332,151.734,45.873,57.96,0.248758,0.477094,4.32201,1.46013,0.005617,0.0992345,0.110981,0.251211,0.0475294,1.52322,0.712803,0.584412,0.0243557,0.597291,2.11658,10,88.2,0.0612372,17.5953
7500,8125.72,0.495955,27.144,27.054,0,4326.54,3085.26,11842.3,592.113,0.409788,646.448,690.838,0,0,23.0389,151.309,48.988,61.82,0.247659,0.475334,4.2297,1.45738,0.00563902,0.102358,0.113972,0.256583,0.0479962,1.52139,0.699052,0.575398,0.0240139,0.597297,2.10797,10.8,86.6,0.061424,18.0567
8000,8170.56,0.498691,27.254,27.158,0,4343.48,3092.75,11879.5,593.975,0.850362,651.606,698.033,0,0,23.1264,151.536,52.0694,65.62,0.246582,0.473606,4.13643,1.45394,0.00565796,0.105215,0.117023,0.262239,0.0486736,1.51879,0.693499,0.568984,0.0240074,0.597253,2.09338,10.2,95.2,0.0652548,18.1089
8500,8225.34,0.502035,27.604,27.486,7.11744e-05,4362.45,3101.03,11931.4,596.569,0.11009,663.264,704.174,0,0,23.2088,151.225,55.1047,68.9,0.24544,0.471683,4.03819,1.45057,0.00566904,0.107971,0.120517,0.267625,0.0494505,1.51546,0.701356,0.577974,0.0244451,0.597474,2.09979,10,85.2,0.0589553,18.0319
9000,8288.08,0.505864,27.518,27.48,0,4384.95,3113.83,11986.9,599.347,0.834782,665.399,713.172,0,0,23.308,151.73,58.2116,72.84,0.24419,0.469509,3.94018,1.44629,0.00567656,0.110774,0.123884,0.272389,0.050731,1.51161,0.694189,0.570198,0.0241831,0.597814,2.08646,9.6,86.2,0.058721,18.0533
9500,8308.04,0.507083,27.76,27.672,0,4392.3,3115.45,11996.7,599.837,0.539767,674.384,717.857,0,0,23.3799,151.271,61.3202,76.22,0.243554,0.468549,3.87581,1.44399,0.00569327,0.113601,0.127,0.27824,0.0513609,1.51055,0.688923,0.567228,0.0240443,0.597575,2.08256,10.2,88.2,0.05949,17.9687
10000,8323.62,0.508033,27.764,27.714,0,4397.7,3117.51,12020.7,601.033,0.718755,676.023,722.59,0,0,23.4788,151.555,64.4206,80.24,0.243038,0.467684,3.8167,1.44416,0.00570678,0.116619,0.130302,0.282763,0.0522441,1.50934,0.685937,0.567258,0.0240047,0.597464,2.05496,9.4,78.6,0.0529678,17.9541
10500,8354.3,0.509906,27.8,27.814,0,4409.07,3123.13,12039.5,601.976,0.0639529,681.776,727.586,0,0,23.5276,151.439,67.5758,81.68,0.242472,0.466803,3.76238,1.44112,0.00571935,0.119419,0.13289,0.287765,0.0533196,1.50796,0.675976,0.560051,0.0236058,0.597022,2.03978,10,85,0.0563865,17.7627
11000,8354.68,0.509929,27.87,27.83,0,4409.8,3120.62,12024.7,601.233,0,685.903,731.431,0,0,23.6329,151.709,70.694,84.78,0.242297,0.46678,3.69422,1.43928,0.00573744,0.121785,0.136065,0.294096,0.0549021,1.50793,0.672253,0.556925,0.0234394,0.596948,2.03783,10.6,81.4,0.0547816,17.95
11500,8388.34,0.511984,28.008,27.966,0,4421.74,3125.45,12050.3,602.517,0.00651833,692.239,737.334,0,0,23.7134,151.298,73.7968,88.72,0.241618,0.465938,3.61384,1.43656,0.0057548,0.12435,0.138166,0.297702,0.0557051,1.50612,0.668791,0.557091,0.0233848,0.596576,2.00998,9,77.2,0.0504787,17.949
12000,8419.64,0.513894,28.128,28.054,0,4432.12,3128.47,12077.9,603.894,0.0210071,695.662,741.134,0,0,23.7826,151.324,77.0133,91.6,0.240974,0.464934,3.53368,1.43449,0.00576483,0.126718,0.140591,0.302193,0.0562668,1.50415,0.67752,0.563123,0.0234911,0.596436,2.0447,10.4,83,0.0553829,18.0273
12500,8441.88,0.515251,28.144,28.076,0,4440.34,3131.26,12090.7,604.534,0.0392596,700.824,747.275,0,0,23.873,151.37,80.196,94.92,0.240247,0.463765,3.46939,1.43223,0.00578649,0.129093,0.143357,0.305246,0.0569918,1.50286,0.664916,0.55506,0.0232309,0.597062,1.99546,9.2,71.4,0.0464127,18.0245
13000,8449.76,0.515732,28.302,28.334,0,4442.1,3129.24,12091.3,604.565,0.914295,709.395,751.9,0,0,23.9656,151.451,83.3089,99.12,0.239575,0.4627,3.40827,1.43096,0.00580873,0.131361,0.145847,0.309831,0.0580077,1.50201,0.654039,0.545702,0.0226542,0.597076,1.99009,9.8,73,0.0474008,17.9348
13500,8461.5,0.516449,28.152,28.09,0,4446.04,3129.75,12107,605.35,0,705.597,754.88,0,0,24.0318,151.19,86.5447,102.68,0.239184,0.461982,3.36668,1.43084,0.00581498,0.133547,0.147731,0.315134,0.0590088,1.50143,0.657098,0.546737,0.0226794,0.596767,2.01313,9.8,79.2,0.0528671,17.9754
14000,8479.48,0.517546,28.248,28.282,0,4453.24,3132.95,12127.7,606.384,0.0936707,713.198,758.626,0,0,24.0907,151.478,89.6917,106.8,0.238818,0.461507,3.31569,1.43024,0.00581287,0.135476,0.14992,0.317653,0.0588539,1.50032,0.655793,0.546115,0.0227038,0.59676,1.99192,9.2,72.2,0.0483741,18.0139
14500,8481.12,0.517646,28.242,28.202,0,4454.6,3132.55,12132,606.601,0.74171,712.573,761.365,0,0,24.1304,151.456,92.9532,111.14,0.238867,0.461748,3.27887,1.43047,0.00581151,0.137253,0.151938,0.319441,0.0590822,1.50059,0.643184,0.538049,0.0223369,0.596793,1.96936,10,73,0.0478711,17.9735
15000,8477.72,0.517439,28.342,28.356,0,4452.79,3130.27,12128.3,606.415,0.0260393,717.623,761.739,0,0,24.1524,151.5,96.2841,114.14,0.238831,0.461785,3.26402,1.43061,0.00580556,0.139316,0.154161,0.322284,0.0592121,1.50084,0.641144,0.535646,0.0222564,0.596284,1.98408,10.4,72.8,0.048921,18.059
15500,8493.84,0.518423,28.298,28.248,0,4457.83,3132.27,12130.8,606.539,0.459541,716.04,765.872,0,0,24.2146,151.441,99.3431,117.1,0.238598,0.461577,3.20917,1.42819,0.00581727,0.141178,0.156174,0.324928,0.0603388,1.49992,0.632782,0.530721,0.0219716,0.59585,1.93927,9.2,64.4,0.041568,18.0926
16000,8488.92,0.518123,28.396,28.432,0,4457.41,3129.27,12140.7,607.033,0.0284757,722.949,768.247,0,0,24.3075,151.533,102.497,121.18,0.238289,0.461071,3.17137,1.43018,0.00582064,0.143169,0.158733,0.326799,0.0609982,1.50018,0.637022,0.53222,0.0218884,0.595426,1.95243,9,72.4,0.0468962,18.055
16500,8517.1,0.519843,28.422,28.354,0,4467.28,3134.03,12153.6,607.68,1.39853,721.911,770.541,0,0,24.3131,151.403,105.84,124.58,0.237726,0.460081,3.1403,1.42697,0.00582351,0.145644,0.161251,0.32948,0.0615333,1.49848,0.640091,0.535707,0.0220167,0.595088,1.95715,9.6,68.6,0.0451908,18.0735
17000,8527.66,0.520487,28.266,28.23,0.000142457,4470.31,3135.06,12177.8,608.889,0.0228671,720.679,774.798,0,0,24.4068,151.524,109.071,127.36,0.237205,0.459142,3.10354,1.42804,0.00584325,0.147822,0.163402,0.332082,0.0623242,1.49789,0.639164,0.53553,0.0219465,0.595017,1.96778,10.4,69.8,0.0459417,18.0636
17500,8522.84,0.520193,28.524,28.518,0,4468.98,3129.74,12175,608.752,0,730.204,776.966,0,0,24.4773,151.398,112.342,132.02,0.23662,0.458068,3.06541,1.42852,0.00584337,0.150254,0.164619,0.334846,0.0619761,1.49815,0.636234,0.531713,0.0218249,0.594795,1.97289,10.4,74.6,0.0495529,18.0904
18000,8533.54,0.520846,28.398,28.4,0,4474.03,3131.66,12189.4,609.471,0.0327926,730.549,782.947,0,0,24.5756,151.468,115.65,135.9,0.235992,0.456987,3.02743,1.42841,0.00584777,0.152646,0.165452,0.337028,0.062242,1.49766,0.616133,0.519221,0.0212005,0.594597,1.91257,9.4,59.8,0.0390428,18.0272
18500,8546.1,0.521613,28.506,28.454,0,4477.11,3130,12216.7,610.837,0.045374,734.35,785.095,0,0,24.6393,151.469,118.809,139.8,0.234958,0.455306,3.00466,1.42951,0.00585586,0.154743,0.16712,0.340131,0.0626103,1.49687,0.625743,0.523226,0.0214828,0.594742,1.94171,8.6,75,0.0481855,17.9936
19000,8554.32,0.522114,28.534,28.586,0,4479.26,3131.5,12230.4,611.518,0.418,737.257,786.802,0,0,24.6616,151.727,121.974,143.54,0.234643,0.454879,2.99554,1.42973,0.00586131,0.157235,0.168244,0.34266,0.0629205,1.49606,0.624409,0.523194,0.0214293,0.594339,1.94833,9.4,72,0.0475923,18.0439
19500,8569.48,0.52304,28.606,28.474,0,4484.78,3131.26,12229.4,611.471,1.02339,738.69,788.529,0,0,24.6841,151.294,125.085,146.54,0.234224,0.45435,2.95059,1.4271,0.00588769,0.159624,0.169174,0.345382,0.0641659,1.49545,0.629581,0.528302,0.0215859,0.593954,1.94462,9.8,70,0.0453471,18.0272
20000,8574.96,0.523374,28.57,28.586,0,4486.77,3135.74,12229.1,611.453,0.381849,738.036,789.744,0,0,24.6728,151.433,128.166,149.72,0.234585,0.454929,2.95068,1.42614,0.00589073,0.16131,0.171037,0.347069,0.0651155,1.49492,0.616879,0.518432,0.0211993,0.593813,1.91956,9.2,63.4,0.0409374,16.2188
20500,8581.18,0.523754,28.668,28.714,7.54717e-05,4489.12,3136.43,12260.8,613.04,0,743.297,793.733,0,0,24.7467,151.915,131.38,153.96,0.233983,0.453848,2.93009,1.4288,0.00590574,0.162769,0.172873,0.34823,0.0668421,1.49455,0.609901,0.515805,0.0208779,0.593729,1.88794,9,54.2,0.0348423,17.4055
21000,8575.04,0.523379,28.518,28.498,0,4487.51,3129.36,12259.8,612.99,0.24186,740.055,794.32,0,0,24.8237,151.316,134.572,157,0.233288,0.452784,2.89675,1.42971,0.00592246,0.164367,0.173773,0.349904,0.0671352,1.49509,0.622904,0.52164,0.0211347,0.594502,1.93947,10.2,73.6,0.0477212,20.2546
21500,8595.66,0.524637,28.686,28.622,8.16327e-05,4493.4,3132.66,12279.9,613.995,0.803731,744.531,797.494,0,0,24.8383,151.38,137.607,158.26,0.232639,0.451628,2.88183,1.42862,0.00590829,0.166189,0.174161,0.35334,0.0664238,1.49373,0.614563,0.51779,0.0210679,0.594411,1.90479,8.8,64.4,0.041343,18.5335
22000,8603.26,0.525101,28.664,28.716,0,4496.45,3132.53,12306.4,615.319,0.56372,748.048,800.672,0,0,24.8985,151.614,140.715,161.5,0.231613,0.449928,2.87973,1.43043,0.00590721,0.168185,0.175775,0.35538,0.0669403,1.49327,0.609441,0.51304,0.0207951,0.594059,1.90609,9.8,64.4,0.0417313,17.9611
22500,8610.32,0.525532,28.63,28.586,0,4498.98,3132.42,12325.8,616.293,0.96628,745.335,803.484,0,0,24.9574,151.393,143.934,164.24,0.23087,0.448576,2.8727,1.43152,0.0059063,0.169918,0.177818,0.356991,0.0674498,1.49296,0.606829,0.510432,0.0208768,0.59348,1.8972,9.6,64.6,0.0409434,18.0813
23000,8612.44,0.525662,28.752,28.8,0,4499.61,3132.94,12320.6,616.031,0.575149,752.086,805.631,0,0,24.97,151.643,146.949,168.78,0.230577,0.447874,2.86587,1.43056,0.00591323,0.170981,0.179915,0.358379,0.0677806,1.49255,0.594473,0.502674,0.0206035,0.593535,1.88522,11,60,0.0397481,17.8711
23500,8610.54,0.525546,28.67,28.598,0,4498.74,3131.14,12326.4,616.322,0.00726124,749.979,807.394,0,0,25.0399,151.648,150.046,173.34,0.230642,0.447948,2.83185,1.43155,0.00592441,0.172419,0.181291,0.35921,0.0688434,1.49292,0.593699,0.503112,0.0203939,0.593204,1.85957,8.6,55.2,0.0352859,17.8111
24000,8610.58,0.525548,28.762,28.724,0,4498.51,3128.55,12302.9,615.146,0.520058,754.115,807.814,0,0,25.0596,151.396,153.273,174.66,0.230503,0.447855,2.80082,1.42882,0.00594366,0.173808,0.182932,0.36035,0.0697658,1.49264,0.598994,0.507984,0.0205829,0.593122,1.87951,9.2,57.6,0.0370235,18.0158
24500,8631.18,0.526805,28.776,28.762,0,4504.33,3133.58,12299.4,614.97,0.00235419,754.819,810.431,0,0,25.0534,151.531,156.483,176.82,0.230409,0.447751,2.77711,1.425,0.005945,0.175373,0.184229,0.362288,0.0702041,1.49114,0.588734,0.498975,0.02006,0.593812,1.85211,8.8,52.6,0.0339083,17.7423
25000,8635.96,0.527097,28.79,28.758,0,4506.26,3133.06,12286.4,614.319,0.0556731,756.031,812.144,0,0,25.0975,151.423,159.643,180.18,0.230245,0.44739,2.74514,1.4227,0.00594878,0.176767,0.185053,0.363626,0.0706782,1.4909,0.588983,0.497744,0.020262,0.594717,1.86774,9,59.6,0.0386486,17.7678
25500,8642.7,0.527509,28.78,28.796,0,4508.13,3134.2,12309.6,615.48,0.387624,758.91,813.565,0,0,25.1398,151.598,162.689,183.9,0.230102,0.447028,2.72687,1.42428,0.00597204,0.178243,0.185921,0.365451,0.0704901,1.4904,0.594354,0.502496,0.0202581,0.595594,1.87214,8,57.6,0.0366123,17.8859
26000,8647.32,0.527791,28.708,28.756,6.30915e-05,4510.33,3133.83,12315,615.752,0.290353,756.266,814.222,0,0,25.1185,151.344,165.855,187.78,0.229697,0.446212,2.72809,1.42415,0.00599761,0.179419,0.186039,0.366523,0.0693956,1.49022,0.585361,0.496908,0.0201186,0.595893,1.84819,8.8,51,0.0329153,17.8316
26500,8635.72,0.527083,28.968,28.964,0.000332505,4506.46,3126.5,12330.4,616.522,1.19736,765.622,815.406,0,0,25.2019,151.497,169.107,189.64,0.229014,0.444993,2.70773,1.42784,0.00602808,0.180963,0.187331,0.367959,0.0704362,1.49116,0.59163,0.500688,0.0203109,0.596136,1.86238,9,58.2,0.036808,17.9575
27000,8643.54,0.52756,28.744,28.71,6.80272e-05,4510.06,3130.32,12373.3,618.666,0.31154,759.569,819.167,0,0,25.2738,151.776,172.363,192.4,0.228896,0.444862,2.68669,1.43151,0.00605419,0.182872,0.189083,0.369441,0.072194,1.4906,0.584885,0.493593,0.0198785,0.596715,1.86615,9,62.4,0.0402762,18.001
27500,8632.36,0.526877,28.782,28.776,0,4505.86,3124.09,12342.6,617.129,0.30954,761.81,819.443,0,0,25.2859,151.119,175.46,195.88,0.228547,0.444359,2.67657,1.42981,0.00607515,0.184422,0.190543,0.370924,0.0728632,1.49132,0.573853,0.486441,0.0194948,0.597033,1.83215,8,57.2,0.0362132,18.0435
28000,8656.12,0.528328,28.888,28.852,0,4513.56,3129.6,12373.2,618.661,0.727029,765.539,822.339,0,0,25.3043,151.714,178.505,199.26,0.228376,0.444325,2.64365,1.42942,0.00609494,0.185794,0.191222,0.37203,0.0739354,1.48975,0.573149,0.48524,0.0196391,0.596747,1.84164,9.4,56.8,0.0370266,18.0562
28500,8658.46,0.52847,28.892,28.898,0,4514.84,3128.68,12357.9,617.895,1.36603,767.273,821.621,0,0,25.248,151.377,181.457,202.42,0.228182,0.444182,2.64803,1.42726,0.00611729,0.187368,0.191851,0.373495,0.0741185,1.48967,0.564582,0.480377,0.0193989,0.59691,1.81594,9,47.8,0.0306298,18.1023
29000,8662.18,0.528698,28.916,28.936,0,4516.18,3127.36,12383.4,619.168,0.65523,769.845,825.483,0,0,25.3446,151.593,184.586,206.58,0.227563,0.443179,2.6205,1.42959,0.00611567,0.188868,0.192345,0.37542,0.0744294,1.48972,0.561549,0.478897,0.0195074,0.597143,1.80789,8.8,51,0.0325344,18.0682
29500,8672.94,0.529354,28.93,28.848,0,4519.97,3127.05,12364,618.2,1.20862,766.843,826.23,0,0,25.3081,150.941,187.864,209.68,0.22699,0.442261,2.61305,1.42558,0.00611773,0.190003,0.193845,0.37766,0.0740897,1.48919,0.555707,0.473606,0.0192889,0.597123,1.80204,9.6,46.4,0.0304684,18.0412
30000,8691.24,0.530471,29.008,29.014,0,4526.69,3128.85,12454.4,622.718,0,775.815,834.257,0,0,25.494,151.746,191.126,214.8,0.225824,0.44049,2.55045,1.43298,0.00614132,0.191489,0.194082,0.379365,0.0745542,1.48793,0.556388,0.474159,0.0192829,0.597492,1.79109,8,46,0.0289608,18.0285
30500,8694.48,0.530669,28.986,28.996,0,4527.29,3127.74,12430.6,621.529,0.357604,776.271,836.064,0,0,25.4976,151.204,194.565,217.36,0.225576,0.440331,2.53121,1.42971,0.00616333,0.192692,0.194303,0.380767,0.0742027,1.48775,0.543254,0.463785,0.0190034,0.597589,1.77389,7.8,48.8,0.0303467,18.0486
31000,8717.1,0.53205,28.962,28.9,0,4535.11,3129.15,12471.6,623.578,0.0551116,777.778,839.484,0,0,25.5597,151.764,197.792,219.74,0.22459,0.438514,2.49348,1.4307,0.00618338,0.194152,0.195358,0.382097,0.0748821,1.48631,0.551981,0.471129,0.0190726,0.598578,1.79216,9,48,0.0306072,17.9228
31500,8737.24,0.533279,29.25,29.212,0,4541.26,3133.32,12482.2,624.112,0.0791784,786.751,841.654,0,0,25.5454,151.535,200.946,222.94,0.224247,0.438013,2.48256,1.42863,0.00618897,0.195631,0.197506,0.382946,0.0764342,1.48497,0.544487,0.463856,0.019028,0.598916,1.78797,9.6,52.2,0.0336082,18.0191
32000,8733.52,0.533052,29.068,29.014,0,4541.16,3136.17,12493,624.651,0.386691,778.826,843.167,0,0,25.5704,151.633,204.129,226.36,0.224625,0.438798,2.48708,1.43047,0.0061932,0.196811,0.19859,0.383619,0.0775184,1.48541,0.537732,0.460625,0.0187033,0.59943,1.76358,8.2,44.6,0.0281663,18.0321
32500,8730.46,0.532865,29.046,29.128,0,4539.69,3133.79,12452.1,622.605,0.238874,781.627,841.549,0,0,25.5079,151.206,207.275,229.22,0.224749,0.439113,2.48329,1.42628,0.00621448,0.197618,0.199215,0.385271,0.0782235,1.48552,0.529638,0.454969,0.0185309,0.599332,1.74759,8.2,44.4,0.0279337,18.0292
33000,8731.14,0.532906,29.272,29.26,0,4539.91,3131.82,12488.4,624.419,0.528418,786.236,843.924,0,0,25.5843,151.569,210.432,231.66,0.224087,0.437981,2.47422,1.43032,0.00623323,0.198755,0.200788,0.386909,0.0792653,1.48559,0.529544,0.454247,0.0184528,0.599108,1.74774,8.6,43.6,0.0273794,18.035
33500,8723.52,0.532441,28.962,29.032,0.000134004,4537.85,3130.09,12500,624.998,0.269734,781.799,845.266,0,0,25.6365,151.603,213.808,235.46,0.224086,0.43799,2.46516,1.4329,0.00625992,0.199843,0.201713,0.38982,0.0799682,1.48629,0.52592,0.452736,0.0180908,0.598612,1.74274,9.2,46.2,0.028859,18.0135
34000,8703.32,0.531208,28.986,28.974,0,4530.98,3123.34,12442.4,622.121,0.367751,781.725,843.822,0,0,25.6356,151.168,217.046,238.82,0.22426,0.438369,2.45288,1.42962,0.00628133,0.201406,0.20246,0.391913,0.0803246,1.4873,0.522127,0.451181,0.0180751,0.598717,1.72049,7.6,41.6,0.0257918,17.994
34500,8714.6,0.531897,29.192,29.158,6.47249e-05,4534.83,3126.6,12471.8,623.588,0.35407,786.707,846.097,0,0,25.6806,151.412,220.296,241.44,0.22406,0.438184,2.44028,1.43114,0.00629011,0.202251,0.203153,0.392702,0.0809,1.48661,0.526389,0.452357,0.018319,0.599162,1.7455,9,44.6,0.0282058,18.035
35000,8725.2,0.532544,29.106,29.102,0,4537.49,3130.6,12482.3,624.114,0,783.705,846.033,0,0,25.6389,151.587,223.509,245.18,0.223981,0.438329,2.46129,1.4306,0.00627862,0.203267,0.203869,0.393775,0.0801877,1.48572,0.524634,0.451438,0.0181697,0.599955,1.74112,8.4,46.4,0.0292485,18.081
35500,8728.08,0.53272,29.028,28.984,0,4537.37,3130.01,12490.3,624.516,0.172999,779.061,846.704,0,0,25.6566,151.347,226.582,248.72,0.223788,0.43785,2.45547,1.43105,0.00628807,0.204609,0.204288,0.394955,0.08009,1.48551,0.522625,0.448338,0.0181395,0.600226,1.74763,7.8,46.8,0.0296104,17.9521
36000,8732.92,0.533015,29.18,29.188,0,4540.06,3129.45,12478.2,623.909,0.733212,784.963,849.001,0,0,25.6972,151.343,229.72,252.94,0.223685,0.437587,2.40589,1.42887,0.00630183,0.205942,0.205611,0.396334,0.0813752,1.48519,0.523413,0.449861,0.0181368,0.599983,1.7413,8.4,44.2,0.0278388,18.0307
36500,8747.48,0.533904,29.174,29.18,6.80272e-05,4544.59,3131.78,12496.7,624.837,0,788.105,850.881,0,0,25.7422,151.479,232.911,258.1,0.223672,0.437403,2.3704,1.42861,0.00629605,0.20705,0.207316,0.398262,0.0819609,1.48445,0.530542,0.454899,0.0182465,0.599776,1.75203,7.8,45.8,0.0284719,18.0769
37000,8754.74,0.534347,29.098,29.068,0,4547.23,3136.19,12490.4,624.521,0.179253,785.545,853.109,0,0,25.7201,151.683,236.119,261.46,0.223872,0.437632,2.37065,1.4267,0.00629571,0.208173,0.208838,0.398862,0.083472,1.48412,0.510848,0.441367,0.0175666,0.599611,1.70883,8.6,36.6,0.0228882,17.9521
37500,8736.02,0.533204,29.172,29.26,0,4541.39,3131.63,12449.3,622.465,0.00895785,791.205,851.164,0,0,25.7127,151.45,239.262,265.4,0.224284,0.438302,2.36938,1.42505,0.00628702,0.209475,0.21048,0.398998,0.0834728,1.48529,0.511768,0.440931,0.0176122,0.600455,1.72151,8.2,39.4,0.0249049,17.8098
38000,8754.74,0.534347,29.228,29.142,0,4547.58,3137.7,12449.7,622.483,0,786.458,852.545,0,0,25.667,151.634,242.177,268.94,0.224417,0.438604,2.36176,1.42205,0.00630112,0.210328,0.212115,0.398654,0.0839504,1.48405,0.504343,0.436738,0.0174473,0.601153,1.69442,7.8,35,0.0215867,17.8823
38500,8755.58,0.534398,29.116,29.112,0,4547,3134.45,12458,622.898,0,785.758,853.998,0,0,25.7364,151.393,245.243,273.34,0.223902,0.437628,2.33707,1.42286,0.00633752,0.211826,0.212834,0.39867,0.0846226,1.48397,0.509681,0.439216,0.0175678,0.601566,1.71356,7.8,41,0.0256509,17.8873
39000,8746.7,0.533856,29.078,29.122,0,4544.71,3129.92,12453.2,622.661,0,789.529,856.622,0,0,25.8216,151.584,248.424,277.36,0.223528,0.437051,2.30332,1.42376,0.0063508,0.21363,0.214533,0.398957,0.0854984,1.48447,0.505883,0.43667,0.0172815,0.601271,1.70205,7.8,35.2,0.0220351,17.8706
39500,8756.88,0.534478,29.324,29.252,0,4546.94,3131.16,12457.8,622.892,0,794.888,859.478,0,0,25.8441,151.355,251.604,281.18,0.223224,0.436467,2.28355,1.42264,0.00637332,0.21523,0.215957,0.399717,0.0872617,1.4837,0.494475,0.428799,0.0168944,0.600968,1.67751,7.8,35.4,0.0219812,17.8759
40000,8765.4,0.534998,29.094,29.126,0,4550.25,3136.27,12465.7,623.287,0,790.053,862.655,0,0,25.8625,151.748,254.753,285.56,0.223531,0.437072,2.26525,1.42215,0.00640909,0.216105,0.217145,0.400808,0.0892878,1.48321,0.479055,0.41672,0.016416,0.600447,1.64834,7.6,30.4,0.0185888,15.8412
40500,8754.6,0.534338,29.252,29.278,0,4546.68,3131.64,12402.4,620.122,0,793.969,860.178,0,0,25.7954,150.985,258.003,288.28,0.223758,0.437587,2.26165,1.41668,0.00642586,0.217339,0.217496,0.402411,0.0900871,1.48376,0.472017,0.40955,0.0162758,0.600947,1.65248,8.4,35.4,0.0223511,17.438
41000,8764.34,0.534933,29.432,29.296,0,4549.58,3133.13,12449.6,622.482,0.0666885,799.534,864.275,0,0,25.8941,151.936,261.2,290.58,0.223273,0.436597,2.22993,1.4205,0.00643232,0.218362,0.219045,0.402471,0.0910489,1.48301,0.475888,0.413224,0.0165458,0.601562,1.6554,8,33.8,0.0209492,20.2119
41500,8779.66,0.535868,29.068,29.1,0,4554.56,3136.96,12436.3,621.817,0.163229,787.816,862.63,0,0,25.8075,151.115,264.404,293.04,0.223181,0.43622,2.25362,1.4165,0.00643819,0.219588,0.219854,0.403646,0.0906156,1.48216,0.47541,0.414181,0.0163473,0.601635,1.64415,7.4,27.8,0.0173442,18.5743
42000,8782.94,0.536068,29.364,29.374,6.80272e-05,4555.69,3133.85,12453.9,622.696,0.257728,799.347,864.849,0,0,25.8814,151.433,267.445,297.28,0.222674,0.43508,2.21354,1.41797,0.00642929,0.220527,0.221495,0.404231,0.0918025,1.48214,0.480694,0.419598,0.0164897,0.601709,1.64692,7.4,31.4,0.0190743,17.8317
42500,8798.42,0.537013,29.368,29.376,0,4561.69,3139.04,12505,625.25,0,800.077,868.414,0,0,25.9068,151.534,270.303,301.14,0.222041,0.433733,2.22797,1.42128,0.00640651,0.222115,0.22343,0.40513,0.0913228,1.48123,0.472222,0.411416,0.0161427,0.602364,1.64537,8.4,31.2,0.0195198,17.8827
43000,8787.24,0.536331,29.224,29.194,0,4557.22,3135.11,12460.7,623.033,0.00118144,795.734,867.749,0,0,25.9031,151.36,273.467,305.12,0.22209,0.433852,2.22897,1.41804,0.00639915,0.223177,0.224271,0.406671,0.0915387,1.48195,0.464099,0.405988,0.0157768,0.602631,1.6276,7.4,29,0.0182275,17.9436
43500,8783.04,0.536074,29.298,29.312,0,4556.32,3134.36,12470,623.502,0,797.958,868.717,0,0,25.9104,151.313,276.772,307.88,0.222018,0.433737,2.2258,1.41979,0.00642835,0.224019,0.226289,0.40747,0.0928937,1.4822,0.45603,0.398252,0.0155893,0.602689,1.61594,7.2,27,0.0165888,18.0282
44000,8790.52,0.536531,29.252,29.28,0,4558.15,3139.46,12474.2,623.708,0.00187001,795.589,867.826,0,0,25.8687,151.572,279.933,309.98,0.222504,0.434731,2.24047,1.41905,0.00644634,0.224964,0.226542,0.408233,0.0945826,1.48162,0.460328,0.401271,0.0157778,0.601763,1.6216,8.6,27.8,0.0172803,17.8966
44500,8794.74,0.536788,29.412,29.368,0,4560.49,3139.05,12487.6,624.379,0,798.71,869.858,0,0,25.8996,151.674,282.978,312.08,0.222153,0.434211,2.2269,1.41989,0.00645269,0.226457,0.227208,0.408639,0.0948916,1.48168,0.454209,0.399407,0.0154588,0.601284,1.59961,7.8,23.2,0.0140586,17.8455
45000,8794.46,0.536771,29.296,29.31,0,4560.85,3140.45,12473,623.651,0.00136843,795.897,870.156,0,0,25.8942,151.588,285.826,314.6,0.222351,0.434803,2.2279,1.41828,0.00643817,0.227943,0.228391,0.409929,0.094458,1.48164,0.448227,0.392986,0.015401,0.601363,1.60234,7.6,27.4,0.0168609,17.9572
45500,8817.16,0.538157,29.394,29.3,0,4568.18,3143.56,12491.3,624.565,0,798.373,872.841,0,0,25.9196,151.596,288.874,319.14,0.22205,0.434244,2.18351,1.4167,0.00642183,0.229111,0.229533,0.410283,0.0958893,1.48035,0.454643,0.399401,0.0155822,0.601388,1.61001,7.4,27.6,0.0167519,18.0002
46000,8815.7,0.538068,29.206,29.286,0,4567.46,3143.64,12485.2,624.259,0,797.08,873.986,0,0,25.9368,151.638,292.094,322.48,0.221868,0.433728,2.19062,1.41624,0.00641839,0.230172,0.230989,0.411027,0.0958975,1.48034,0.445458,0.39203,0.0150992,0.601947,1.59126,8.2,23.2,0.0142879,17.9249
46500,8796.48,0.536895,29.39,29.344,0,4561.79,3141.08,12473.1,623.655,0.0155557,799.977,872.202,0,0,25.9482,151.679,295.175,325.28,0.22244,0.434857,2.20215,1.41797,0.00640714,0.230963,0.233669,0.411673,0.0970635,1.48176,0.450232,0.395114,0.0153355,0.60208,1.60781,8.2,31.4,0.0192563,18.0145
47000,8784.3,0.536151,29.3,29.372,0,4558.21,3139.14,12446.3,622.316,0,798.827,871.122,0,0,25.9188,151.447,298.287,327.74,0.222865,0.435873,2.19812,1.41688,0.00642214,0.232212,0.234643,0.413134,0.0971508,1.48222,0.443313,0.389474,0.014973,0.601473,1.58744,7.6,26.4,0.0160147,17.9176
47500,8783.36,0.536094,29.312,29.284,7.06714e-05,4557.71,3136.92,12438.6,621.933,0.0023858,797.422,871.838,0,0,25.9387,151.37,301.257,331.74,0.222608,0.435341,2.18729,1.41616,0.00642928,0.233283,0.235043,0.413564,0.0974725,1.48243,0.438788,0.386517,0.014901,0.600771,1.58743,8.2,27,0.016887,17.915
48000,8799.5,0.537079,29.264,29.29,0,4562.16,3139.93,12449.6,622.478,0.051086,799.391,874.638,0,0,25.9622,151.645,304.4,334.24,0.222487,0.435126,2.15452,1.4148,0.00642847,0.234098,0.236444,0.414183,0.0983428,1.4814,0.436636,0.383538,0.0147888,0.600267,1.59016,7.8,29,0.0180698,18.0422
48500,8786.78,0.536302,29.368,29.406,0,4558.39,3138.32,12404.9,620.245,0.409019,801.2,873.652,0,0,25.9245,151.285,307.51,336.82,0.22305,0.436079,2.15052,1.41177,0.00640632,0.234944,0.237382,0.415209,0.0975381,1.48202,0.424671,0.376272,0.0145223,0.599645,1.55304,7,22.2,0.01352,18.0354
49000,8765.54,0.535006,29.11,29.122,0,4551.08,3134.25,12385.5,619.275,0.297153,795.108,872.359,0,0,25.9639,151.692,310.612,337.26,0.223374,0.436645,2.16408,1.41298,0.00639944,0.236004,0.237811,0.415662,0.0975989,1.48345,0.427101,0.378032,0.0144479,0.599772,1.55678,7.8,20.8,0.0127107,18.0111
49500,8750.78,0.534105,29.226,29.272,0,4546.8,3130.62,12376.6,618.83,0,799.886,872.306,0,0,25.9701,151.32,313.415,340.68,0.223416,0.436814,2.16847,1.41434,0.00637269,0.237662,0.238947,0.415912,0.0966033,1.48449,0.417045,0.370001,0.0140377,0.600768,1.54412,7.6,19,0.0118855,18.0591
50000,8756.12,0.534431,29.138,29.036,0,4548.4,3133.84,12389.6,619.481,0.00431862,792.71,872.677,0,0,25.9709,151.723,316.46,344.16,0.223438,0.436853,2.18596,1.41497,0.00637934,0.239111,0.239446,0.416485,0.0965313,1.48418,0.42088,0.372165,0.014231,0.601088,1.55017,7.2,21.2,0.0131202,18.0374
50500,8774.38,0.535546,29.402,29.408,0,4554.75,3139.81,12358.7,617.934,0.258442,799.51,872.02,0,0,25.8707,151.338,319.415,348.16,0.22376,0.43736,2.19025,1.4085,0.00639299,0.240405,0.239427,0.416247,0.0959864,1.48313,0.411825,0.365239,0.0139284,0.600819,1.53556,7,18,0.0109116,17.923
51000,8789.9,0.536493,29.098,29.078,0,4559.97,3142.47,12397.2,619.861,0,794.593,875.508,0,0,25.9393,151.901,322.494,353.12,0.223506,0.43695,2.15257,1.41039,0.00637755,0.241164,0.239918,0.416442,0.0954289,1.48234,0.412896,0.366597,0.0139676,0.600856,1.53655,7.4,17.6,0.0110189,17.8751
51500,8772.46,0.535428,29.182,29.206,0,4554.43,3138.01,12355,617.748,0.0882578,796.526,874.118,0,0,25.925,151.354,325.693,354.54,0.223611,0.437365,2.15985,1.40838,0.00638697,0.241979,0.240609,0.41619,0.0959787,1.48334,0.408369,0.363548,0.013823,0.601675,1.53196,7.4,18.8,0.0115806,17.8165
52000,8776.78,0.535692,29.402,29.428,0,4555.25,3138.61,12358,617.902,0.0927835,802.058,877.368,0,0,25.9724,151.536,329.061,358.82,0.223374,0.436967,2.13654,1.40804,0.00638814,0.24306,0.241018,0.4167,0.0962767,1.4829,0.398879,0.355658,0.0135023,0.602573,1.51928,7.2,18,0.0110052,17.9634
52500,8779.56,0.535862,29.212,29.23,0,4555.45,3136.83,12346.4,617.32,0.152617,799.296,877.828,0,0,25.9863,151.313,332.43,363.34,0.223023,0.436475,2.12227,1.40627,0.00641105,0.244494,0.241703,0.416784,0.09695,1.48254,0.400324,0.357738,0.0137138,0.60271,1.51655,6.8,20.8,0.0127728,17.9864
53000,8787.86,0.536368,29.438,29.4,0,4557.85,3136.93,12378.8,618.942,0.025158,804.929,880.505,0,0,26.0208,151.482,335.418,367.9,0.222482,0.435334,2.10894,1.40863,0.00640584,0.246198,0.241854,0.417195,0.0971219,1.48211,0.395685,0.352927,0.0134652,0.602732,1.51281,7.2,21.6,0.0131687,18.123
53500,8791.08,0.536565,29.226,29.234,0,4559.6,3139.25,12384.5,619.224,0.00366162,799.568,881.832,0,0,26.0237,151.483,338.51,370.6,0.222502,0.435554,2.11148,1.40876,0.00640388,0.247513,0.24169,0.417763,0.0971991,1.48201,0.38674,0.346279,0.0132023,0.602881,1.49565,8,15.6,0.00982938,17.8497
54000,8789.7,0.536481,29.286,29.218,0,4559.19,3135.05,12377.6,618.882,0,800.814,879.841,0,0,26.0213,151.223,341.739,373.56,0.222418,0.435556,2.08488,1.4082,0.00641596,0.248201,0.242711,0.418438,0.0973178,1.48199,0.402744,0.357755,0.0138039,0.603477,1.52273,7,19.4,0.0118969,17.7318
54500,8797.56,0.53696,29.386,29.394,0,4561.76,3138.96,12403.2,620.161,0,806.379,882.288,0,0,26.0646,151.83,344.826,375.84,0.222389,0.435394,2.08061,1.40985,0.00642031,0.249397,0.243447,0.418373,0.0981939,1.4815,0.400884,0.35744,0.0136221,0.603409,1.52282,9.2,20.2,0.0127131,18.0099
55000,8799.76,0.537095,29.136,29.172,0,4562.61,3140.64,12400.5,620.024,0.0124086,797.7,883.278,0,0,26.0573,151.651,348.221,379.04,0.222212,0.434936,2.09571,1.40918,0.00640707,0.251395,0.244787,0.41826,0.0984871,1.48125,0.390013,0.348577,0.013255,0.603599,1.50915,8.4,17.8,0.0112756,17.9247
55500,8788.2,0.536389,29.364,29.416,6.71141e-05,4558.51,3138.3,12373.6,618.682,0.0195954,804.557,882.11,0,0,26.0272,151.458,351.472,383.9,0.222311,0.435135,2.10838,1.40798,0.00641135,0.253133,0.24463,0.418051,0.0982946,1.48178,0.38423,0.342038,0.0131896,0.603576,1.49988,7.2,20.6,0.0126344,17.8314
56000,8775.76,0.53563,29.28,29.28,0,4554.06,3132.02,12376.3,618.815,0.386257,803.88,882.376,0,0,26.0706,151.555,354.606,386.04,0.221871,0.434458,2.1034,1.41028,0.00642551,0.254336,0.244272,0.418256,0.0999061,1.48269,0.381569,0.341233,0.0129662,0.603986,1.49088,7.4,14.4,0.00904238,17.5469
56500,8778.04,0.535769,29.12,29.06,0,4555.29,3133.32,12396.7,619.835,0.505333,795.988,884.705,0,0,26.1152,151.626,357.862,390.4,0.22172,0.434272,2.09567,1.41224,0.00644257,0.255226,0.244043,0.418847,0.101815,1.48266,0.376032,0.336464,0.012738,0.604322,1.47853,6.6,17.6,0.0105901,17.673
57000,8769.18,0.535228,29.422,29.486,0,4551.98,3132.73,12353.8,617.688,0,807.138,881.773,0,0,26.0337,151.163,361.066,394.18,0.221968,0.434595,2.13928,1.40877,0.00645878,0.255847,0.246228,0.419736,0.101894,1.48319,0.371377,0.332848,0.0126288,0.604246,1.46577,7,12.4,0.00761815,17.9082
57500,8790.78,0.536547,29.348,29.28,6.60066e-05,4559.29,3138.8,12400.7,620.037,0.029259,801.683,883.027,0,0,26.0332,151.563,364.307,396.62,0.221936,0.434362,2.13008,1.41065,0.0064655,0.257395,0.248072,0.420303,0.102906,1.48193,0.379085,0.340177,0.0127464,0.604384,1.47574,6,13.4,0.00803179,17.9751
58000,8790.94,0.536556,29.294,29.232,0,4559.4,3136.75,12416.8,620.838,0.0039892,798.52,884.306,0,0,26.0523,151.343,367.452,400.36,0.22143,0.433145,2.12613,1.41245,0.00646478,0.259089,0.247886,0.421112,0.103154,1.48199,0.370846,0.331699,0.012505,0.604253,1.48122,7.6,16,0.0100604,17.955
58500,8801.8,0.537219,29.372,29.402,0,4562.78,3140.54,12417.7,620.885,0.0642295,802.594,885.123,0,0,26.0326,151.406,370.522,404.18,0.221195,0.432765,2.14076,1.41082,0.00646929,0.261085,0.247757,0.421676,0.102794,1.48112,0.368542,0.330325,0.0124494,0.603758,1.47396,8,15.4,0.00970646,17.9695
59000,8802.8,0.53728,29.274,29.282,0,4562.66,3141.63,12427.5,621.376,0,800.128,885.397,0,0,26.0609,151.856,373.744,407.08,0.221041,0.432458,2.15433,1.41177,0.00647814,0.262571,0.249645,0.422601,0.104392,1.48089,0.375612,0.335868,0.0126821,0.602981,1.47803,7,17.8,0.0107921,17.7758
59500,8795.56,0.536838,29.272,29.308,0,4560.48,3137.16,12426.8,621.338,0.0953167,799.928,885.448,0,0,26.0818,151.615,376.877,411.22,0.220981,0.432448,2.12694,1.41285,0.00651822,0.263599,0.251357,0.42307,0.105904,1.48143,0.373778,0.333462,0.0126559,0.602509,1.48514,7.2,19,0.0119183,17.9008
60000,8794.52,0.536775,29.382,29.326,0,4560.65,3134.37,12426.2,621.308,0.276832,804.643,886.97,0,0,26.1087,151.116,380.162,414.62,0.220319,0.431388,2.12399,1.41294,0.00651426,0.264535,0.252632,0.423801,0.10621,1.48161,0.370766,0.332458,0.0126855,0.601728,1.4686,6.8,14.2,0.00859452,16.0295
60500,8803.98,0.537352,29.29,29.296,0,4563.31,3138.39,12429.6,621.478,0.621901,799.956,885.959,0,0,26.0849,151.606,383.751,418.6,0.220647,0.431996,2.12415,1.41181,0.00649944,0.265784,0.253715,0.424022,0.107399,1.48073,0.379501,0.33891,0.0129168,0.60158,1.48931,7.6,18.2,0.0112063,17.4139
61000,8805.86,0.537467,29.394,29.382,0,4563.93,3137.97,12449.6,622.481,0.0288178,804.676,889.012,0,0,26.1248,151.452,387.397,421.86,0.220171,0.431333,2.11703,1.41379,0.0064961,0.266918,0.254922,0.424678,0.10794,1.48077,0.368559,0.329169,0.0125741,0.602487,1.47385,7.2,16.4,0.00995266,20.2355
61500,8795.16,0.536814,29.296,29.392,0,4561.02,3132.12,12433.6,621.681,0.519618,806.472,888.411,0,0,26.1692,151.447,390.805,425.1,0.219812,0.430889,2.10817,1.41369,0.00651104,0.267673,0.255082,0.42499,0.10903,1.48169,0.375124,0.333517,0.0127299,0.603327,1.48604,7,21.2,0.0128304,18.5911
62000,8805.58,0.53745,29.374,29.278,0,4564.77,3137.44,12446.6,622.332,0.024598,803.503,889.127,0,0,26.1326,151.418,394.031,429.1,0.219686,0.430598,2.13882,1.4135,0.00651692,0.268657,0.257702,0.425942,0.109764,1.48109,0.369716,0.330564,0.0126111,0.602868,1.47207,7.6,15,0.00929215,17.9556
62500,8825.14,0.538644,29.504,29.532,0,4571.02,3139.13,12477,623.85,0,809.784,891.287,0,0,26.1697,151.54,397.265,431.2,0.218917,0.42908,2.12364,1.4138,0.00655065,0.270034,0.256559,0.425722,0.110165,1.47997,0.378169,0.337143,0.0129717,0.601903,1.48567,7.2,17,0.0104728,17.8888
63000,8818.7,0.538251,29.316,29.286,0,4568.68,3136.1,12486.5,624.324,0.115236,804.144,892.73,0,0,26.2209,151.465,400.401,434.78,0.21847,0.42825,2.11193,1.41591,0.00657099,0.271302,0.255933,0.425778,0.110057,1.48009,0.374931,0.334748,0.0128286,0.602062,1.48716,8,18.4,0.0115911,17.9405
63500,8820.64,0.538369,29.386,29.388,0,4569.32,3137.1,12492.7,624.633,0.00549195,808.72,894.755,0,0,26.2447,151.535,403.455,436.74,0.218287,0.428143,2.11081,1.4163,0.0066042,0.272697,0.255966,0.425542,0.110506,1.47996,0.36917,0.330023,0.0124136,0.601612,1.47711,8,17.2,0.0109119,17.9324
64000,8835.5,0.539276,29.432,29.364,0,4574.78,3140.2,12510,625.5,0,807.459,895.028,0,0,26.2091,151.566,406.488,439.3,0.218155,0.427947,2.11326,1.41588,0.00659499,0.274263,0.256665,0.424928,0.110481,1.47939,0.36437,0.325802,0.012297,0.601346,1.4728,7,17.4,0.0107333,17.9145
64500,8840.1,0.539557,29.44,29.524,0,4576.12,3142.12,12513.7,625.685,0,809.981,896.679,0,0,26.2055,151.74,409.625,444.2,0.217884,0.427121,2.12227,1.41556,0.00657879,0.275671,0.257578,0.424288,0.108255,1.47894,0.354979,0.318518,0.0121355,0.601394,1.45185,7,16.4,0.0099102,17.9364
65000,8826.3,0.538715,29.488,29.444,0,4571.34,3138.33,12492,624.598,0.00648402,809.21,895.62,0,0,26.2208,151.302,412.859,447.5,0.217642,0.426654,2.1479,1.41532,0.00658032,0.27697,0.25816,0.423977,0.106981,1.47996,0.35795,0.319775,0.012138,0.601146,1.46553,8,19,0.0118319,17.9138
65500,8852.54,0.540316,29.52,29.478,0,4580,3144.82,12520.4,626.021,0,810.317,897.646,0,0,26.2029,151.784,416.019,448.7,0.217589,0.426654,2.12477,1.41433,0.00659642,0.277401,0.258983,0.423505,0.107881,1.47834,0.357195,0.319867,0.0121172,0.601163,1.45478,7.6,16,0.00969745,17.7447
66000,8855.02,0.540468,29.39,29.426,0,4580.92,3146.85,12497,624.851,0,807.369,895.732,0,0,26.1234,151.266,419.041,450.04,0.217891,0.427326,2.14753,1.41129,0.00661246,0.278093,0.259837,0.42293,0.109033,1.47815,0.351476,0.314852,0.0118868,0.600581,1.44643,7,12.2,0.00736423,17.8192
66500,8822.86,0.538505,29.514,29.564,0,4570.18,3140.28,12470.2,623.512,0,809.624,894.424,0,0,26.1547,151.541,422.189,452.78,0.218173,0.42782,2.16403,1.4134,0.00663377,0.279089,0.260413,0.423516,0.110496,1.48005,0.345461,0.310366,0.0118614,0.600975,1.44198,7.2,13.4,0.00831674,17.8842
67000,8830.3,0.538959,29.398,29.348,0,4572.59,3141.52,12490.9,624.547,0,804.873,895.958,0,0,26.1687,151.557,425.228,455.8,0.217676,0.426841,2.17318,1.41456,0.00663458,0.279542,0.260301,0.423791,0.109949,1.47954,0.341114,0.306922,0.011613,0.601753,1.42838,6.4,11.6,0.00711313,17.7815
67500,8819.84,0.53832,29.286,29.318,0,4568.9,3137.28,12490.3,624.516,0.824958,802.935,894.368,0,0,26.1754,151.48,428.2,459.06,0.217496,0.42644,2.18123,1.41617,0.00663923,0.280472,0.26132,0.42459,0.11118,1.48017,0.348395,0.312426,0.0118486,0.602322,1.44866,7.2,16.2,0.00999462,17.8185
68000,8820.6,0.538367,29.51,29.502,0,4569.64,3139.18,12488.5,624.424,0.362071,806.765,896.484,0,0,26.212,151.423,431.065,462.94,0.217252,0.425797,2.19182,1.41583,0.00662321,0.281013,0.262223,0.42477,0.11155,1.48012,0.339505,0.305082,0.0116882,0.602955,1.43074,7.4,12.8,0.00793536,17.9027
68500,8832.16,0.539072,29.454,29.424,0,4573.55,3140.7,12510.3,625.514,0.00265812,807.661,897.518,0,0,26.2211,151.511,434.266,465.78,0.217007,0.42527,2.18171,1.41645,0.00660902,0.282072,0.262854,0.424918,0.112488,1.47965,0.345075,0.310837,0.0116586,0.604067,1.44011,7.4,15.2,0.0095545,17.9647
69000,8834.38,0.539208,29.526,29.506,0,4574.58,3142.36,12491.6,624.581,0.0499511,808.143,897.203,0,0,26.1972,151.415,437.505,470.16,0.217113,0.425478,2.18745,1.41398,0.00659347,0.283584,0.264371,0.4247,0.113204,1.47942,0.342895,0.30785,0.0116233,0.604332,1.43958,7.6,15.6,0.00982629,18.0121
69500,8849.54,0.540133,29.482,29.47,0,4579.71,3146.44,12513.2,625.662,0.0223061,806.782,900.262,0,0,26.2179,151.544,440.869,472.64,0.217365,0.426039,2.14585,1.414,0.00657831,0.284665,0.264587,0.423782,0.113958,1.47872,0.338378,0.303986,0.0112905,0.605235,1.42729,7.4,13.6,0.00820555,17.9032
70000,8847.28,0.539995,29.532,29.524,0,4578.69,3141.42,12513.1,625.657,0.0692003,811.25,902.787,0,0,26.293,151.577,443.956,476.64,0.21636,0.424157,2.12914,1.41435,0.00657267,0.285505,0.264979,0.42385,0.112907,1.47875,0.333113,0.300296,0.011245,0.606676,1.42057,6.4,13,0.00766488,17.8118
70500,8845.44,0.539883,29.246,29.28,0,4579.13,3141.7,12534.4,626.722,0.0204504,806.288,905.735,0,0,26.3674,151.73,447.104,479.98,0.216134,0.423696,2.11641,1.41705,0.0065799,0.286553,0.266582,0.423564,0.113377,1.47887,0.327653,0.295727,0.010995,0.608052,1.41389,7.4,11.6,0.00719044,17.7963
71000,8859.28,0.540728,29.672,29.59,0,4582.85,3142.71,12514.1,625.705,0.707594,815.755,902.468,0,0,26.2594,151.261,450.409,483.54,0.216332,0.424105,2.11523,1.41254,0.00659499,0.287808,0.268223,0.424286,0.113999,1.47811,0.3377,0.304171,0.0113244,0.608946,1.42561,6.8,13.2,0.00799484,17.8732
71500,8870.34,0.541403,29.618,29.642,0,4587.03,3149.81,12535,626.751,0.240072,811.478,902.782,0,0,26.2309,151.618,453.557,486.68,0.216637,0.424759,2.13778,1.41314,0.00658185,0.288308,0.268625,0.424521,0.113635,1.47737,0.334508,0.301202,0.011222,0.610321,1.42669,7,13.4,0.00816424,17.9564
72000,8864.02,0.541017,29.474,29.548,0,4585.17,3148.25,12538.7,626.936,0.00381782,810.028,901.317,0,0,26.2233,151.321,456.521,490,0.216409,0.424347,2.1639,1.41457,0.00658195,0.288941,0.268546,0.425333,0.112107,1.47787,0.341394,0.307235,0.011415,0.611219,1.43466,7.4,14.4,0.00881711,17.9639
72500,8858.5,0.54068,29.734,29.686,0,4583.29,3145.72,12522.3,626.117,0.0447112,812.85,901.196,0,0,26.2405,151.271,459.565,492.26,0.216142,0.42385,2.16704,1.4136,0.00657221,0.28965,0.269682,0.426194,0.110444,1.47807,0.341257,0.307415,0.0114955,0.611666,1.42958,7.4,12.6,0.00767644,17.8538
73000,8879.66,0.541971,29.47,29.382,0,4589.83,3149.29,12558.3,627.918,0,808.707,905.057,0,0,26.2805,151.584,462.652,496.66,0.215726,0.423169,2.13355,1.41429,0.00657396,0.290312,0.271069,0.426145,0.109584,1.47686,0.338616,0.304087,0.011203,0.611857,1.4327,7.2,16,0.00983634,17.8825
73500,8891.98,0.542723,29.698,29.706,6.47249e-05,4594.3,3150.1,12540.6,627.029,0.816587,814.433,904.694,0,0,26.2103,151.179,465.47,499.6,0.215426,0.422402,2.13191,1.41033,0.00656987,0.292018,0.272917,0.425688,0.108206,1.4762,0.332196,0.298687,0.0110531,0.613021,1.42361,7,16.4,0.00989624,17.9062
74000,8905.12,0.543525,29.682,29.646,0,4598.39,3152.25,12586.3,629.316,0.00440421,818.108,909.337,0,0,26.3121,151.868,468.665,503.84,0.214568,0.420806,2.11836,1.41338,0.00653222,0.293849,0.273647,0.426152,0.108893,1.47534,0.334457,0.301627,0.0111822,0.613383,1.42273,6.8,12,0.00731884,17.9755
74500,8895.38,0.542931,29.572,29.608,0,4595.77,3148,12581.8,629.09,0,816.767,910.577,0,0,26.3717,151.552,471.727,507.28,0.214155,0.419927,2.10869,1.41442,0.00650649,0.294729,0.273813,0.426091,0.108613,1.47597,0.330702,0.298035,0.0110601,0.613956,1.4197,7.4,13,0.00805117,17.9191
75000,8887.52,0.542451,29.66,29.716,0,4593.21,3148.68,12563.3,628.164,0.0775691,819.235,909.586,0,0,26.3476,151.501,475.028,510.82,0.214396,0.420452,2.1398,1.41359,0.00650585,0.295312,0.275365,0.425927,0.109219,1.47652,0.323887,0.292401,0.0109057,0.614626,1.40392,6.8,11.8,0.00731522,17.9679
75500,8885.36,0.542319,29.732,29.68,0,4592.18,3148.63,12549.3,627.466,0.16374,817.741,908.495,0,0,26.3272,151.494,478.353,513.9,0.214442,0.420441,2.15376,1.41236,0.00650633,0.296085,0.27589,0.425453,0.110149,1.47656,0.326423,0.295166,0.011077,0.616355,1.40976,7.6,11.8,0.00722451,17.9998
76000,8883.96,0.542234,29.488,29.498,0,4591.09,3148.01,12539,626.952,0.668838,812.662,908.817,0,0,26.3285,151.575,481.445,516.84,0.214267,0.420017,2.15696,1.41142,0.00650248,0.296885,0.276213,0.425842,0.109708,1.47637,0.32357,0.291041,0.0108636,0.61705,1.41215,7,12.2,0.00742674,18.0021
76500,8891.08,0.542668,29.666,29.67,6.30915e-05,4592.89,3149.4,12521.4,626.071,0.247124,816.785,910.356,0,0,26.3349,151.408,484.346,520.68,0.213827,0.419147,2.1677,1.40831,0.00647604,0.297328,0.278138,0.425386,0.109673,1.47596,0.318559,0.28868,0.0108651,0.61729,1.39571,6.8,11,0.00661091,17.9171
77000,8883.66,0.542216,29.556,29.534,6.77966e-05,4590.24,3147.4,12509.5,625.474,0.547546,814.854,913.142,0,0,26.4016,151.622,487.229,524.24,0.213625,0.418836,2.15043,1.40815,0.00643637,0.298694,0.279738,0.424848,0.109684,1.4764,0.307967,0.280092,0.0103468,0.61832,1.37782,6.8,10.4,0.00632899,17.924
77500,8891,0.542664,29.688,29.702,0,4593.17,3150.26,12495.5,624.775,0.471975,818.406,913.329,0,0,26.37,151.329,490.364,526.42,0.213737,0.41887,2.15431,1.40541,0.00643101,0.299609,0.281168,0.425298,0.108584,1.47597,0.300621,0.273325,0.010194,0.618849,1.37011,7.2,9.4,0.00566855,17.9026
78000,8895.12,0.542915,29.73,29.696,0,4594.2,3152.21,12489.4,624.469,1.01802,819.196,912.738,0,0,26.3414,151.511,493.318,532,0.213771,0.418915,2.17103,1.40407,0.00644628,0.300631,0.28319,0.42546,0.108728,1.4757,0.302439,0.274383,0.0102282,0.618438,1.37302,6.2,9.8,0.00577282,17.9866
78500,8898.88,0.543145,29.604,29.646,6.30915e-05,4595.55,3152.51,12469.9,623.494,1.80391,816.175,911.399,0,0,26.3222,151.38,496.56,535.56,0.213587,0.418418,2.18325,1.40129,0.00643281,0.302495,0.284983,0.425786,0.108596,1.47539,0.309828,0.280886,0.0104366,0.61816,1.38215,6.2,12.2,0.00714513,18.004
79000,8896.88,0.543022,29.662,29.664,0,4595.28,3152.75,12433.7,621.684,2.8631,816.801,912.278,0,0,26.3308,151.293,499.761,538.76,0.21355,0.418173,2.19107,1.39753,0.00640111,0.303495,0.285568,0.425459,0.108641,1.4758,0.301686,0.273671,0.0101581,0.618312,1.37312,6.2,10,0.00586938,17.8559
79500,8881.22,0.542067,29.668,29.7,0,4590.47,3146.63,12431.1,621.554,2.69324,821.182,911.89,0,0,26.3815,151.499,502.702,542.48,0.213325,0.417641,2.17774,1.39971,0.00638669,0.304968,0.286496,0.425623,0.108791,1.47667,0.309927,0.280625,0.0103335,0.618261,1.38884,7.2,11.8,0.00718188,17.7745
80000,8877.64,0.541848,29.528,29.56,0,4589.07,3146.26,12427.9,621.393,3.53135,817.19,913.502,0,0,26.4155,151.703,505.658,546.5,0.213104,0.417172,2.18225,1.39991,0.00637863,0.305813,0.286986,0.426162,0.108146,1.47687,0.301452,0.274653,0.0100752,0.61808,1.36945,6.6,10.4,0.00630676,16.0222
80500,8870.54,0.541415,29.542,29.5,0,4587.55,3145.59,12415,620.75,3.80082,817.443,914.734,0,0,26.4442,151.711,508.878,550.02,0.213055,0.417086,2.18588,1.39958,0.00637905,0.306628,0.28758,0.426948,0.108212,1.47748,0.294074,0.267417,0.00983253,0.617728,1.36356,6.6,8.6,0.00518663,17.2126
81000,8889.8,0.54259,29.616,29.616,0,4593.19,3150.72,12401.5,620.077,4.5192,817.344,915.18,0,0,26.4003,151.458,511.85,554.5,0.212989,0.417099,2.19214,1.39503,0.00635041,0.307652,0.286478,0.427154,0.108858,1.47625,0.292461,0.265129,0.00987904,0.618197,1.36346,6,10.8,0.00641335,19.8784
81500,8884.62,0.542274,29.652,29.638,0,4591.23,3151.7,12380.2,619.011,3.63009,817.957,914.347,0,0,26.3659,151.422,515.118,558.08,0.21343,0.418161,2.19845,1.39344,0.00633849,0.308949,0.28816,0.427482,0.110278,1.4763,0.28769,0.26084,0.00960205,0.618927,1.35708,6.6,11.8,0.00713875,18.6711
82000,8873.76,0.541611,29.656,29.652,0,4587.39,3149.94,12353.9,617.693,3.26721,818.753,912.673,0,0,26.3512,151.635,518.381,560.72,0.213746,0.418814,2.20789,1.39218,0.00632117,0.309445,0.289345,0.427971,0.11149,1.47681,0.289653,0.264485,0.0097662,0.620196,1.35101,5.8,6.6,0.00387789,17.7503
82500,8886.72,0.542402,29.602,29.59,0,4590.59,3151.9,12357.7,617.886,2.75351,816.076,914.869,0,0,26.3628,151.513,521.392,563.62,0.213371,0.418023,2.19924,1.39058,0.00630032,0.30915,0.290958,0.427554,0.110792,1.47616,0.284577,0.259751,0.00961326,0.620658,1.34897,7.4,7,0.0043855,17.8397
83000,8890.18,0.542614,29.502,29.562,0,4592.08,3153.89,12358.2,617.911,2.81506,815.355,916.476,0,0,26.3869,151.583,524.443,564.24,0.213122,0.417358,2.2101,1.3901,0.00628726,0.309394,0.292821,0.428317,0.110401,1.47599,0.280442,0.254974,0.0095598,0.620615,1.34817,6.8,10.4,0.00623007,17.9637
83500,8873.16,0.541575,29.798,29.744,7.16846e-05,4586.05,3148.92,12308.6,615.431,1.85756,823.213,915.496,0,0,26.4014,151.275,527.503,565.58,0.212775,0.416583,2.23312,1.38718,0.00627978,0.309627,0.293091,0.428198,0.110313,1.47678,0.281886,0.254776,0.00959535,0.620359,1.35466,6.8,12.4,0.00738823,17.9823
84000,8873.4,0.541589,29.598,29.604,6.62252e-05,4586.34,3148.81,12308.9,615.444,3.10279,818.571,918.55,0,0,26.4776,151.382,530.299,568.62,0.212109,0.415164,2.2377,1.38717,0.00623902,0.309722,0.293509,0.428315,0.108902,1.47684,0.276395,0.252859,0.00951864,0.62267,1.33809,6.8,8,0.00486875,17.892
84500,8893.36,0.542808,29.584,29.598,0,4591.99,3152.57,12295.1,614.757,3.91066,818.39,917.877,0,0,26.414,151.249,533.049,569.92,0.21194,0.41498,2.2404,1.38251,0.00623678,0.310161,0.295452,0.428433,0.107901,1.4754,0.279797,0.254947,0.00948645,0.624284,1.34265,6.6,9.8,0.00611718,17.861
85000,8879.44,0.541958,29.646,29.662,6.68896e-05,4587.52,3148.11,12287.5,614.377,2.8657,822.488,918.628,0,0,26.4642,151.499,536.143,573.28,0.211359,0.413935,2.25606,1.38382,0.00622313,0.311249,0.296246,0.428874,0.10599,1.47619,0.276088,0.251701,0.00935158,0.624726,1.33739,6.2,9,0.00529264,17.8889
85500,8893.72,0.54283,29.722,29.674,0,4592.51,3152.24,12290.1,614.507,3.11089,822.693,920.63,0,0,26.4849,151.313,539.641,576.28,0.210786,0.413099,2.27292,1.38189,0.0061944,0.312155,0.298506,0.429713,0.104896,1.47523,0.279571,0.254477,0.0095397,0.625261,1.34412,6.6,9.2,0.00557204,17.9727
86000,8892.18,0.542736,29.63,29.676,0,4592.1,3157.94,12231.1,611.556,4.61702,820.597,918.318,0,0,26.4109,151.293,543.138,579.1,0.211549,0.414449,2.32488,1.37549,0.00619344,0.312244,0.298861,0.43046,0.105548,1.47559,0.275704,0.250802,0.00939711,0.626128,1.33952,6.8,9.6,0.00587124,17.919
86500,8898.2,0.543103,29.634,29.572,0,4594.35,3159.82,12175.5,608.773,5.92005,815.859,916.375,0,0,26.3519,151.383,546.129,582.2,0.211877,0.415098,2.32799,1.36831,0.00616637,0.312684,0.29974,0.429919,0.105662,1.47523,0.277157,0.25128,0.00942865,0.626553,1.34584,7,10,0.00610899,17.9916
87000,8888.54,0.542513,29.714,29.742,0,4591.45,3161.02,12154.8,607.739,5.13703,820.108,916.978,0,0,26.3934,151.642,549.318,584.76,0.212309,0.416113,2.33535,1.36747,0.00614627,0.313916,0.301469,0.429516,0.106252,1.47584,0.278063,0.252675,0.00937797,0.62719,1.34486,6.8,7.8,0.00486176,17.8519
87500,8895.08,0.542913,29.53,29.502,0,4593.17,3162.21,12126.9,606.343,6.34442,815.947,917.714,0,0,26.3944,151.661,552.197,588.34,0.212228,0.415744,2.32793,1.36332,0.00614526,0.31473,0.30224,0.429363,0.107232,1.47536,0.278277,0.253135,0.00952718,0.627781,1.3434,6.8,10.4,0.00631775,17.6191
88000,8881.98,0.542113,29.73,29.778,0,4587.73,3154.93,12083.4,604.173,5.77812,823.133,917.569,0,0,26.4156,151.248,555.341,591.96,0.211789,0.414503,2.31695,1.36045,0.00614406,0.315364,0.301957,0.429319,0.107435,1.47586,0.271386,0.247613,0.00924661,0.628298,1.33223,6,8.2,0.00486089,17.6886
88500,8878.28,0.541887,29.48,29.472,0,4586.63,3154.38,12070.2,603.51,7.00791,820.017,922.075,0,0,26.5231,151.605,558.402,595.36,0.211313,0.413448,2.29897,1.35952,0.00613015,0.316047,0.302265,0.428581,0.107906,1.476,0.262329,0.239427,0.00900997,0.628188,1.32036,6.4,7.2,0.00427721,17.8134
89000,8867.36,0.541221,29.636,29.682,6.87285e-05,4581.98,3150.52,12016.6,600.828,8.18679,824.959,920.05,0,0,26.5159,151.538,561.633,598.78,0.211366,0.413682,2.30286,1.35515,0.00613991,0.317395,0.302409,0.428398,0.109162,1.4763,0.268584,0.244624,0.00940288,0.627753,1.3306,6.6,8.4,0.00518686,18.0432
89500,8854.52,0.540437,29.482,29.534,0,4578.4,3147.73,11978.4,598.918,9.85811,821.562,919.994,0,0,26.5482,151.401,564.85,601.9,0.211299,0.413532,2.31377,1.35279,0.00613808,0.319485,0.302656,0.428846,0.109427,1.47733,0.26658,0.243764,0.00916595,0.628115,1.32648,6,8.8,0.00528635,18.0391
90000,8853.2,0.540356,29.56,29.516,0,4576.65,3147.95,11962.3,598.116,7.23584,822.674,920.174,0,0,26.5613,151.387,568.462,605.42,0.21102,0.41288,2.33991,1.35119,0.00611972,0.319825,0.303301,0.429159,0.108174,1.47717,0.268446,0.244222,0.00940532,0.628974,1.33307,6.8,9.8,0.0058754,17.9185
90500,8857.06,0.540592,29.46,29.444,0,4578.96,3149.96,11961.6,598.079,6.97893,821.178,922.579,0,0,26.6258,151.507,571.694,608.6,0.210696,0.412319,2.34389,1.35052,0.00610012,0.320314,0.302954,0.429429,0.107115,1.47708,0.266388,0.242176,0.00931544,0.629353,1.32907,6,9,0.00523673,18.0087
91000,8864.44,0.541042,29.584,29.576,6.92042e-05,4580.69,3153.39,11918.6,595.93,7.30621,825.651,921.32,0,0,26.5698,151.333,575.358,612.42,0.210563,0.412008,2.38337,1.34454,0.00607656,0.321119,0.30329,0.429369,0.106165,1.47645,0.268611,0.243941,0.00943437,0.630191,1.33446,6.4,8.8,0.00539222,17.9744
91500,8850.16,0.540171,29.438,29.534,0,4575.42,3152.55,11842.3,592.113,8.08806,824.24,920.307,0,0,26.5604,151.76,579.044,617.12,0.210757,0.41229,2.41901,1.33808,0.00607166,0.321871,0.304086,0.429577,0.106903,1.47719,0.261446,0.237937,0.00930999,0.630952,1.32137,5.6,6.8,0.00404515,17.8654
92000,8839.28,0.539507,29.516,29.504,0,4572.42,3154.48,11760.8,588.042,9.34182,823.668,917.817,0,0,26.5139,151.513,582.7,620.12,0.211124,0.412978,2.46821,1.33053,0.00605434,0.322614,0.306547,0.429719,0.106439,1.47756,0.261855,0.23927,0.00931002,0.631352,1.316,6,6.4,0.00386875,17.7178
92500,8843.28,0.539751,29.558,29.522,6.64452e-05,4571.66,3155.98,11643.5,582.175,11.8499,823.038,916.51,0,0,26.4419,151.211,585.942,623.02,0.211047,0.412934,2.50554,1.31665,0.00600525,0.323276,0.309366,0.429668,0.104875,1.47716,0.253204,0.231816,0.00900203,0.631452,1.3114,5.8,8.4,0.0049508,17.9034
93000,8848.82,0.540089,29.448,29.392,0,4573.59,3159.38,11551.7,577.584,12.2284,821.056,917.293,0,0,26.425,151.499,589.484,625.58,0.210835,0.412523,2.53036,1.30545,0.00593302,0.323146,0.310582,0.42815,0.103357,1.47651,0.245807,0.225924,0.00882468,0.632541,1.2937,5.6,6.6,0.00393054,17.9141
93500,8858.82,0.540699,29.546,29.606,0,4576.06,3165.39,11453.1,572.657,13.229,826.882,918.218,0,0,26.3973,151.454,593.007,629.64,0.210614,0.412367,2.57904,1.29285,0.00584509,0.322923,0.312076,0.426753,0.100661,1.4759,0.237765,0.219327,0.00854723,0.63468,1.28327,6.8,4,0.00248228,17.8042
94000,8848.58,0.540074,29.438,29.458,0,4573.46,3169.97,11388.7,569.433,13.4855,822.231,917.934,0,0,26.3894,151.635,596.601,631.18,0.211017,0.413353,2.6393,1.28706,0.00575897,0.322294,0.311192,0.426059,0.098445,1.47657,0.230997,0.212217,0.00836964,0.635447,1.2809,6.4,7,0.00422773,17.8947
94500,8843.6,0.539771,29.42,29.384,7.06714e-05,4571.94,3173.06,11300.8,565.039,15.2889,817.624,915.282,0,0,26.3279,151.865,599.978,632.94,0.21149,0.414395,2.68772,1.27785,0.00572766,0.322854,0.310894,0.425477,0.0980411,1.47684,0.230328,0.210888,0.00840956,0.635858,1.28335,7.6,6.4,0.00407233,17.9302
95000,8850.2,0.540173,29.422,29.4,7.04225e-05,4574.38,3176.15,11208.6,560.432,15.0223,820.677,914.813,0,0,26.2912,151.6,603.262,635.48,0.211421,0.414178,2.71139,1.26649,0.00569386,0.323256,0.311247,0.423545,0.0970263,1.47643,0.229417,0.210728,0.00830024,0.63676,1.27714,6.4,6,0.00356863,17.922
95500,8816.96,0.538145,29.466,29.564,6.25e-05,4562.79,3174.86,11074.5,553.725,17.816,824.665,913.708,0,0,26.33,152.053,606.626,639.72,0.212005,0.415408,2.7765,1.25604,0.00563578,0.323189,0.312341,0.422461,0.096374,1.47839,0.219192,0.201695,0.00797856,0.638163,1.26655,5.8,6.6,0.00385531,17.8728
96000,8791.14,0.536569,29.092,29.192,0,4552.81,3167.34,10942.7,547.133,19.3182,818.07,909.038,0,0,26.2695,151.657,609.804,643.46,0.212081,0.415697,2.8311,1.24474,0.00559475,0.322746,0.313819,0.421152,0.0944387,1.47979,0.214451,0.198538,0.00809372,0.639334,1.24921,6.2,3.8,0.00232142,17.6007
96500,8781.8,0.535999,29.272,29.276,0,4550.39,3168.26,10846.2,542.31,20.6131,820.694,906.381,0,0,26.1947,151.501,612.889,648.7,0.212728,0.417067,2.85651,1.23508,0.00556767,0.322481,0.314583,0.420461,0.0951207,1.48043,0.208282,0.192249,0.00786038,0.640718,1.24891,6.2,4.2,0.00257366,17.9197
97000,8746.16,0.533823,29.26,29.248,6.87285e-05,4538.64,3162.26,10695.8,534.788,24.6898,820.582,904.138,0,0,26.2278,151.69,616.167,652.84,0.21315,0.417721,2.88875,1.22291,0.0055382,0.321894,0.314894,0.418848,0.0951124,1.48246,0.206627,0.191375,0.00769262,0.642502,1.24624,6.4,4.6,0.00281302,17.9655
97500,8765.66,0.535013,29.074,29.094,6.64452e-05,4545.42,3172.47,10545,527.251,27.2402,814.865,903.286,0,0,26.1164,151.333,619.31,655.2,0.213477,0.418417,2.94717,1.20299,0.00549256,0.321418,0.314908,0.416903,0.0940977,1.48167,0.195473,0.180775,0.00746748,0.643916,1.23491,6,5.2,0.00321594,17.9836
98000,8753.62,0.534279,29.29,29.332,0.000140519,4541.71,3176.43,10368.8,518.442,28.9754,824.12,899.58,0,0,26.0196,151.524,622.819,659.56,0.214233,0.420092,3.02126,1.18451,0.00545119,0.321403,0.314167,0.41705,0.0933835,1.48225,0.192398,0.178448,0.0073847,0.645063,1.22734,6.2,5.4,0.00331352,17.9455
98500,8755.46,0.534391,29.098,29.056,8.23045e-05,4542.21,3184.04,10224.2,511.209,30.7958,816.203,899.677,0,0,26.0138,151.77,626.07,662.68,0.214385,0.420562,3.0924,1.16776,0.00541473,0.320669,0.314818,0.416721,0.0927077,1.48203,0.188898,0.175172,0.0071998,0.645765,1.22251,6.2,3.4,0.00207702,17.9605
99000,8754.84,0.534353,29.166,29.208,6.60066e-05,4542.18,3188.92,10030.1,501.507,31.438,820.074,895.388,0,0,25.9001,151.356,629.486,665.88,0.214641,0.42089,3.18711,1.14567,0.00534872,0.320378,0.314349,0.416157,0.0907368,1.48222,0.191609,0.176037,0.00745161,0.647341,1.23071,5.6,4.6,0.00276076,17.786
99500,8741.92,0.533564,29.134,29.14,0.000130732,4536.84,3190.18,9837.55,491.877,35.0383,821.662,891.462,0,0,25.8245,151.482,632.776,669.24,0.21499,0.421543,3.26604,1.12533,0.00531417,0.318954,0.314499,0.41506,0.0907803,1.48286,0.191094,0.175841,0.00761884,0.648735,1.22938,6.2,6,0.00363776,17.7589
100000,8741.88,0.533562,29.198,29.114,0,4538.42,3197.55,9664.32,483.216,34.6479,823.385,892.258,0,0,25.8395,151.566,635.987,670.82,0.214993,0.421739,3.33965,1.10552,0.00526293,0.31697,0.314572,0.413062,0.0894695,1.48317,0.186747,0.171906,0.00741656,0.649948,1.22036,6,3.6,0.00221867,16.1116
100500,8725.5,0.532562,29.142,29.276,0.000346212,4532.68,3199.03,9444.03,472.202,37.6848,827.278,888.106,0,0,25.746,151.296,639.257,673.8,0.215755,0.423449,3.41419,1.08234,0.00523539,0.315009,0.314524,0.411296,0.0878789,1.4841,0.17748,0.163795,0.0070789,0.650724,1.21641,6.8,6,0.00382817,17.513
101000,8724.14,0.532479,29.06,29.09,0.000275489,4531.55,3206.99,9266.02,463.301,41.1898,823.951,884.807,0,0,25.6415,151.674,642.619,676.16,0.216524,0.425269,3.50357,1.06211,0.00521271,0.314311,0.31475,0.410908,0.0869445,1.48407,0.175018,0.161775,0.00699895,0.651155,1.2104,6.2,3.4,0.00211046,20.1737
101500,8705.6,0.531348,28.906,28.9,0.000273222,4525.98,3207,9055.33,452.766,43.3381,821.214,880.637,0,0,25.5716,151.503,646.353,678.68,0.21686,0.426102,3.58491,1.04017,0.00518919,0.312705,0.312967,0.409769,0.0867372,1.4852,0.172772,0.159748,0.00707351,0.653061,1.20866,7,4.6,0.00296534,18.6261
102000,8678.72,0.529707,28.874,28.938,0.000557584,4516.81,3206.68,8845.69,442.285,44.8503,824.857,876.212,0,0,25.4982,151.541,650.221,682.72,0.217487,0.427489,3.68124,1.01924,0.00515436,0.310386,0.311089,0.407281,0.0861578,1.48685,0.164014,0.152042,0.00692076,0.655108,1.1967,6,4.2,0.00260549,17.9564
102500,8653.04,0.52814,28.798,28.868,7.06714e-05,4508.19,3204.69,8607.79,430.39,52.899,824.909,870.605,0,0,25.3956,151.793,653.826,685.44,0.218125,0.428776,3.77148,0.99477,0.00510941,0.30791,0.309265,0.405433,0.0855722,1.48838,0.160744,0.149654,0.00675202,0.656773,1.1921,7,4,0.00263523,17.9737
103000,8618.04,0.526003,28.726,28.73,0.000211023,4497.41,3201.51,8380.05,419.003,54.8449,824.204,867.055,0,0,25.3769,151.532,657.398,688.92,0.218475,0.429646,3.86648,0.972387,0.00506011,0.304096,0.30889,0.40242,0.0860478,1.49096,0.15398,0.143077,0.00645549,0.659695,1.18017,5.4,2,0.00120713,17.9668
103500,8625,0.526428,28.73,28.748,0.000416225,4499.04,3209.81,8107.65,405.383,57.3154,826.064,864.244,0,0,25.2538,151.407,660.603,691,0.218576,0.429947,3.97061,0.940022,0.00504909,0.302039,0.30879,0.400308,0.0856478,1.49041,0.148688,0.139255,0.00642123,0.662194,1.17017,5,1.6,0.000974013,17.9348
104000,8609.98,0.525511,28.712,28.738,0.000202987,4493.25,3213.05,7795.61,389.78,64.2389,831.103,860.888,0,0,25.1941,151.73,663.874,692.34,0.218891,0.430591,4.07911,0.905416,0.00502237,0.299166,0.308239,0.397127,0.0847358,1.49101,0.144454,0.135361,0.00614841,0.664618,1.16559,5.8,3.6,0.00223077,17.9394
104500,8622.08,0.52625,28.852,28.81,0.000279779,4497.96,3228.95,7463.21,373.161,65.5988,833.314,857.14,0,0,25.0223,151.309,667.227,696.16,0.219798,0.432244,4.22148,0.865607,0.00496618,0.293761,0.306966,0.393061,0.0844644,1.49051,0.136958,0.128939,0.00612731,0.668167,1.15703,5.2,1.8,0.00108989,17.8858
105000,8620.92,0.526179,28.608,28.636,0.000278834,4498.53,3240.39,7124.31,356.215,72.6542,832.451,851.836,0,0,24.8833,151.821,670.349,699.2,0.220925,0.434359,4.35258,0.826402,0.00491737,0.290278,0.305337,0.389147,0.0839432,1.49098,0.139106,0.130441,0.00630922,0.670768,1.16258,5.2,2.4,0.00143726,17.7935
105500,8596.96,0.524717,28.63,28.688,0.00041567,4490.63,3245.52,6763.6,338.18,74.2498,835.706,844.845,0,0,24.7096,151.558,673.622,703.58,0.222207,0.436898,4.49187,0.786727,0.00486321,0.285161,0.302426,0.384398,0.0836098,1.49219,0.128455,0.12108,0.00586776,0.674211,1.14838,6.2,2.6,0.00176839,17.8574
106000,8571.02,0.523134,28.53,28.584,0.00056466,4481.12,3244.59,6404.89,320.245,78.989,838.654,840.171,0,0,24.6346,151.598,676.665,706.5,0.222554,0.437772,4.6042,0.747261,0.00481654,0.280508,0.297669,0.379156,0.0829682,1.49373,0.123765,0.116583,0.00569713,0.676763,1.14022,6.2,2,0.00130693,17.8964
106500,8594.82,0.524586,28.64,28.568,0.000490277,4488.86,3259.58,6087.27,304.363,80.7231,843.763,839.504,0,0,24.5404,151.56,679.656,709.98,0.222432,0.437684,4.72084,0.708255,0.00478555,0.275943,0.294222,0.374167,0.0814816,1.49228,0.121083,0.113153,0.00573271,0.678543,1.14401,5.4,3.6,0.00216159,17.9116
107000,8594.42,0.524562,28.702,28.71,0.000489327,4488.56,3263.75,5795.09,289.754,84.9674,852.371,837.349,0,0,24.4501,151.091,682.358,714.08,0.222099,0.437274,4.81926,0.674294,0.00478967,0.272953,0.292466,0.371225,0.0803698,1.49217,0.114546,0.108849,0.00561866,0.680239,1.12961,5,1.2,0.000744967,17.9634
107500,8582.34,0.523824,28.704,28.73,0.000945684,4486.33,3267.27,5481.42,274.071,90.98,856.18,833.604,0,0,24.3745,151.501,685.004,717.44,0.222387,0.437986,4.92672,0.638678,0.0047883,0.26964,0.289756,0.366793,0.0796382,1.49357,0.113174,0.107174,0.0057514,0.682419,1.12895,5.4,1.8,0.00111873,17.8856
108000,8593.16,0.524485,28.608,28.532,0.000638102,4490.07,3280.01,5147.54,257.377,100.334,853.355,831.733,0,0,24.2802,151.584,687.596,722.74,0.222806,0.438994,5.03849,0.59905,0.00476663,0.264599,0.285335,0.36095,0.0794333,1.49302,0.111374,0.105881,0.00581081,0.685031,1.12416,5.6,1.6,0.00102357,17.9534
108500,8607.46,0.525358,28.708,28.728,0.000987387,4495.43,3293.16,4818.35,240.918,102.548,861.812,827.888,0,0,24.1121,151.558,690.14,726.42,0.223231,0.439896,5.15954,0.559781,0.00475785,0.260078,0.279779,0.355151,0.0784609,1.49213,0.108349,0.102789,0.00570497,0.687506,1.11928,4.8,0.8,0.000511288,17.971
109000,8586.66,0.524088,28.508,28.586,0.001113,4488.43,3296.18,4408,220.4,112.144,859.195,822.622,0,0,24.0078,151.483,692.688,728.34,0.223841,0.44119,5.2914,0.513344,0.00475016,0.253656,0.274824,0.348414,0.0775527,1.4934,0.103893,0.0990852,0.00558697,0.689571,1.11765,5.4,1.4,0.000862,17.9994
109500,8572.44,0.52322,28.55,28.576,0.000870182,4483.79,3300.18,4068.97,203.449,114.728,865.185,821.652,0,0,24.0002,151.607,695.25,731.82,0.223926,0.441427,5.39542,0.474647,0.00474132,0.24664,0.268737,0.340534,0.0759588,1.49438,0.098775,0.0944404,0.00542485,0.69204,1.11008,5.8,1.8,0.0011901,17.9517
110000,8540.82,0.52129,28.492,28.52,0.00133819,4472.52,3297.32,3742,187.1,115.249,876.361,819.081,0,0,23.9993,151.516,697.875,733.44,0.223906,0.441453,5.50534,0.438122,0.00472019,0.23997,0.261262,0.332622,0.0748844,1.4963,0.0939496,0.0903294,0.00551366,0.694677,1.10319,5.2,1,0.000608714,17.9358
110500,8543.82,0.521473,28.46,28.482,0.00137789,4472.25,3304.14,3430.38,171.519,120.747,878.147,815.408,0,0,23.8736,151.643,700.495,737.06,0.224234,0.44224,5.60324,0.401489,0.00470625,0.234806,0.254304,0.325274,0.0735657,1.49583,0.0910972,0.0878751,0.00536479,0.69687,1.09885,4.4,0.6,0.000350771,17.9808
111000,8510.8,0.519458,28.378,28.442,0.00153303,4461.83,3302.71,3129.78,156.489,121.904,883.033,812.445,0,0,23.8736,151.304,702.958,739.6,0.224543,0.44297,5.71376,0.367732,0.00467365,0.229038,0.244588,0.316665,0.0706921,1.49798,0.0880502,0.0847373,0.00534168,0.699713,1.09763,5.2,1.2,0.000728289,17.9544
111500,8487.7,0.518048,28.332,28.35,0.00196977,4454.67,3307.28,2789.01,139.45,122.806,889.696,812.189,0,0,23.9119,151.886,705.337,742.74,0.224296,0.442587,5.86184,0.328582,0.00466022,0.222886,0.23355,0.30749,0.0677315,1.4995,0.0849374,0.0824442,0.00532923,0.702204,1.08959,4.2,0.2,0.000117883,17.7252
112000,8498.46,0.518705,28.256,28.202,0.00135285,4457.59,3315.61,2546.1,127.305,117.329,889.941,812.544,0,0,23.9113,151.286,707.759,746.36,0.223709,0.441481,5.95689,0.299599,0.00469394,0.218084,0.225181,0.299607,0.0652525,1.49876,0.0880573,0.0855204,0.00549792,0.704847,1.09581,4.2,0.2,0.000117426,17.8025
112500,8497.92,0.518672,28.454,28.434,0.00185145,4458.15,3320.53,2365.62,118.281,119.447,900.872,814.822,0,0,23.9613,151.394,710.228,748.48,0.223183,0.440469,6.01937,0.27838,0.00474157,0.214632,0.217943,0.292878,0.0641743,1.4989,0.085336,0.0836934,0.00542645,0.706593,1.09176,3.6,0,0,17.7477
113000,8509.88,0.519402,28.426,28.472,0.00261114,4462.52,3328.06,2183.69,109.184,119.189,907.844,813.113,0,0,23.8826,151.195,712.674,751.58,0.223045,0.440262,6.09183,0.256599,0.00479041,0.211895,0.211848,0.287667,0.0633699,1.4982,0.0874733,0.0854431,0.00558291,0.708175,1.09021,4,0,0,17.5323
113500,8495.78,0.518541,28.292,28.332,0.00239872,4456.01,3328.32,2050.44,102.522,119.696,905.421,812.782,0,0,23.9248,151.399,715.4,744.94,0.222964,0.440139,6.15423,0.241343,0.00484541,0.209879,0.206771,0.284424,0.0632058,1.4987,0.0895674,0.087166,0.00589049,0.709065,1.09529,4,0,0,17.701
114000,8487.08,0.51801,28.326,28.326,0.00221859,4453.65,3329.9,1946.05,97.3024,117.176,910.688,812.019,0,0,23.927,151.55,717.901,747.34,0.222954,0.440251,6.20734,0.2293,0.00489133,0.207818,0.202129,0.281143,0.0635113,1.49909,0.0885939,0.0861972,0.00598034,0.710287,1.0934,4.4,0.4,0.000235267,17.9898
114500,8481.74,0.517684,28.376,28.36,0.00206175,4451.74,3330.55,1851.39,92.5693,115.12,913.461,810.484,0,0,23.8752,151.122,720.469,750.24,0.222938,0.440336,6.25731,0.218279,0.00491788,0.206781,0.199228,0.277585,0.0630863,1.49943,0.0828895,0.0808214,0.00541195,0.710865,1.08767,4.2,0.2,0.000117869,17.9585
115000,8476.94,0.517391,28.138,28.17,0.00208794,4449.81,3330.02,1782.05,89.1025,115.622,911.258,812.818,0,0,23.9578,151.4,723.068,752.88,0.222395,0.439324,6.28092,0.210222,0.00494909,0.206699,0.196442,0.275854,0.0626447,1.49984,0.0806343,0.0790396,0.00523315,0.711265,1.08587,3.4,0,0,17.8128
115500,8453.82,0.51598,28.244,28.292,0.00248651,4442.51,3326.66,1712.21,85.6107,120.478,913.576,812.001,0,0,23.9845,151.686,725.81,754.96,0.22266,0.439929,6.31205,0.202535,0.00497719,0.207347,0.195597,0.276394,0.0623345,1.50143,0.0793288,0.0781504,0.0052567,0.711711,1.08296,3.4,0,0,17.5506
116000,8434.22,0.514784,28.25,28.276,0.00308772,4435.02,3322.09,1630.71,81.5356,118.349,915.834,809.337,0,0,23.9696,151.113,728.442,757.06,0.222774,0.440191,6.35407,0.193341,0.00502645,0.207836,0.194429,0.276716,0.0619204,1.50246,0.0800593,0.0787381,0.00523403,0.712462,1.08519,3.4,0,0,17.6044
116500,8423.02,0.5141,28.042,27.98,0.00259789,4431.42,3324.38,1564.43,78.2213,117.189,906.096,809.651,0,0,24.0199,151.4,731.041,759.26,0.223017,0.440768,6.39556,0.185731,0.00505636,0.20749,0.191464,0.275286,0.0624207,1.50301,0.0819189,0.080347,0.00551935,0.71317,1.08555,3.6,0,0,17.8457
117000,8436.8,0.514941,28.228,28.348,0.00328242,4436.52,3331.83,1485.87,74.2934,115.954,917.238,808.499,0,0,23.9405,151.007,733.67,762.06,0.223302,0.441395,6.43199,0.176117,0.00509231,0.207946,0.190181,0.274487,0.0622688,1.50237,0.0820358,0.0805591,0.0053507,0.713731,1.08687,3.4,0,0,18.0024
117500,8415.22,0.513624,28.206,28.156,0.00237147,4429.28,3327.93,1393.95,69.6976,118.146,915.098,808.223,0,0,24.012,151.177,736.22,764.1,0.223193,0.441227,6.47106,0.165646,0.00512528,0.207836,0.187858,0.273802,0.0629441,1.50386,0.0859779,0.08401,0.00557379,0.71455,1.09114,3.6,0,0,17.988
118000,8409.24,0.513259,27.956,28.006,0.00284004,4427.88,3331.22,1332.29,66.6145,112.222,914.063,809.696,0,0,24.0695,151.406,738.759,766.48,0.223357,0.441643,6.50412,0.158432,0.00516298,0.20837,0.187354,0.274042,0.0633972,1.50437,0.0838519,0.0820873,0.00553414,0.714773,1.0865,3,0,0,18.0228
118500,8417.3,0.513751,28.148,28.124,0.0034106,4428.74,3332.38,1260.24,63.0121,114.059,921.702,808.418,0,0,24.0066,151.335,741.412,768.4,0.223257,0.441428,6.51705,0.14972,0.00520757,0.207835,0.185775,0.272482,0.0630349,1.50352,0.0846079,0.0828638,0.00545587,0.715495,1.08815,3.4,0,0,18.0464
119000,8430.42,0.514552,28.102,28.07,0.00340012,4434.36,3338.27,1224.09,61.2045,111.622,920.862,812.401,0,0,24.0983,151.449,744.146,769.8,0.222428,0.439869,6.54084,0.1452,0.00524509,0.207553,0.185344,0.270595,0.0626016,1.50294,0.0858706,0.0844973,0.00558049,0.716148,1.09109,3.4,0,0,17.9313
119500,8432.78,0.514696,28.264,28.25,0.00268126,4435.83,3340.89,1188.16,59.4081,111.229,928.591,813.567,0,0,24.1054,151.439,746.823,773,0.222185,0.439436,6.56117,0.140898,0.00527297,0.208091,0.186217,0.27212,0.062546,1.50285,0.0841047,0.0824492,0.00546439,0.7165,1.08747,3.8,0.2,0.000118455,18.076
120000,8421.36,0.513999,28.032,28.042,0.00376647,4430.9,3339.53,1161.87,58.0935,109.255,918.641,813.05,0,0,24.1344,151.185,749.693,776.14,0.222301,0.439663,6.58439,0.137967,0.00529152,0.20926,0.186653,0.273273,0.0627164,1.50317,0.0846423,0.0825498,0.0053536,0.716612,1.08826,4,0.2,0.00011854,16.1381
120500,8438.6,0.515051,28.25,28.238,0.00363323,4436.97,3347.73,1148.63,57.4314,109.139,924.955,813.766,0,0,24.1061,151.058,752.445,780.02,0.222484,0.439992,6.60345,0.136116,0.00531847,0.210534,0.187757,0.275135,0.062902,1.50232,0.0854687,0.0837079,0.00543958,0.716169,1.0906,3.8,0.2,0.000118371,17.3568
121000,8386.84,0.511892,27.922,28.1,0.00327915,4419.36,3333.53,1113.87,55.6934,108.476,919.97,812.14,0,0,24.2222,151.493,755.203,783.26,0.222568,0.440105,6.62489,0.13281,0.00533796,0.211361,0.188266,0.276593,0.0631647,1.50522,0.0884712,0.0868187,0.00547594,0.715909,1.08948,3.4,0,0,20.0845
121500,8384.76,0.511765,28.022,27.904,0.00300526,4417.04,3333.47,1093.72,54.6861,105.875,922.03,813.803,0,0,24.2648,151.188,757.823,786.06,0.222477,0.439896,6.62896,0.130444,0.00535512,0.21203,0.188239,0.278359,0.0632561,1.50517,0.0873592,0.085534,0.00562375,0.71594,1.09085,3.6,0,0,18.6235
122000,8398.72,0.512617,28.114,28.12,0.00384754,4423.06,3338.6,1055.61,52.7808,107.434,925.552,815.079,0,0,24.2683,151.376,760.593,788.66,0.222131,0.439129,6.64416,0.125687,0.00538364,0.213042,0.188823,0.279725,0.063176,1.50476,0.0883848,0.0866772,0.00559621,0.715876,1.08939,3.2,0,0,17.7291
122500,8398.32,0.512593,28.084,28.084,0.00417864,4423.56,3340.7,1018,50.9002,106.647,926.082,816.557,0,0,24.3016,151.402,763.301,792.06,0.221907,0.43861,6.66437,0.121216,0.00540365,0.21424,0.189568,0.281694,0.0634416,1.50482,0.0865178,0.085051,0.00534043,0.715736,1.09062,3.6,0,0,17.8973
123000,8402.78,0.512865,27.86,27.854,0.00321197,4424.95,3344.85,992.104,49.6052,104.185,920.611,818.036,0,0,24.3549,151.554,766.119,795.6,0.221803,0.438401,6.6901,0.118068,0.00541991,0.215194,0.191013,0.282916,0.0637534,1.50457,0.0883713,0.0865812,0.00544963,0.715373,1.09211,3.2,0,0,17.6692
123500,8398.18,0.512584,28.124,28.164,0.00422789,4423.23,3343.24,972.386,48.6193,103.524,929.329,817.191,0,0,24.3337,151.073,768.934,798.92,0.222065,0.438848,6.68313,0.115785,0.00544366,0.215677,0.191263,0.282546,0.0631914,1.50507,0.0870618,0.0850327,0.00525641,0.715605,1.09173,3.4,0,0,17.8328
124000,8393.06,0.512272,28.068,28.042,0.0036595,4421.59,3342.89,979.145,48.9572,106.243,924.674,818.191,0,0,24.3821,151.242,771.621,801.04,0.222072,0.438753,6.67786,0.116661,0.00545626,0.216342,0.191835,0.283052,0.0627886,1.50498,0.0899524,0.088358,0.00553837,0.715509,1.09413,3.8,0,0,18.0187
124500,8377.66,0.511332,27.982,28.026,0.00334592,4416.93,3336.9,948.551,47.4276,104.798,927.704,816.929,0,0,24.3806,151.481,774.17,804.34,0.221975,0.43856,6.68576,0.113222,0.00547387,0.217348,0.193074,0.285273,0.0622863,1.50634,0.0877053,0.0862586,0.00535758,0.71552,1.09093,3.4,0,0,18.0354
125000,8397.04,0.512515,28.088,27.992,0.0036577,4422.83,3346.47,919.659,45.983,104.414,923.916,821.039,0,0,24.4539,151.208,776.878,807.38,0.22187,0.438258,6.6946,0.109524,0.00550465,0.218375,0.193753,0.285602,0.0618096,1.5051,0.0863027,0.0849285,0.00515176,0.715451,1.09031,3.2,0,0,17.9823
125500,8405.14,0.513009,27.936,28.002,0.00399793,4426.09,3349.54,900.56,45.028,103.908,925.426,820.209,0,0,24.4078,151.312,779.681,810.1,0.222044,0.438601,6.69531,0.107144,0.00551581,0.219034,0.193599,0.286701,0.061497,1.50456,0.0874013,0.0854311,0.00526485,0.715321,1.09035,3.6,0,0,17.7933
126000,8406.36,0.513083,28.082,28.05,0.00418174,4426.81,3354.22,874.594,43.7297,103.19,927.1,822.491,0,0,24.4672,151.481,782.542,811.82,0.222203,0.438994,6.71521,0.104043,0.00553208,0.21952,0.193375,0.288235,0.0618615,1.50466,0.0855596,0.0837252,0.00504908,0.715446,1.09116,3.4,0,0,17.7858
126500,8423.3,0.514117,28.136,28.16,0.00366128,4432.72,3363.1,855.71,42.7855,101.796,926.204,823.131,0,0,24.4266,151.514,785.226,813.88,0.222354,0.439263,6.73651,0.101588,0.00554781,0.219929,0.193772,0.289626,0.06257,1.50341,0.0842079,0.0824843,0.00502315,0.715622,1.08776,3.6,0,0,17.7616
127000,8417.54,0.513766,28.208,28.156,0.00378781,4431.44,3364.2,827.858,41.3929,98.5317,927.356,824.315,0,0,24.4828,151.32,787.925,815.18,0.222511,0.439518,6.75062,0.0983498,0.00556842,0.220992,0.194917,0.290877,0.0629495,1.50416,0.0852697,0.0838276,0.00488187,0.715453,1.08534,3.6,0,0,17.8948
127500,8442.24,0.515273,28.094,28.108,0.003974,4440.72,3374.26,803.803,40.1902,97.9922,925.859,827.112,0,0,24.5081,151.353,790.668,818.08,0.222335,0.439174,6.75937,0.0952115,0.00559968,0.221381,0.195887,0.291488,0.0631832,1.50293,0.0866366,0.0851296,0.00496726,0.715462,1.08878,3,0,0,17.9912
128000,8468.06,0.516849,28.316,28.22,0.00413509,4449.7,3380.89,776.251,38.8126,95.8494,931.47,826.76,0,0,24.4292,150.993,793.481,820.86,0.221909,0.438249,6.77891,0.0916715,0.00564576,0.221767,0.195958,0.2917,0.0637537,1.50167,0.0896602,0.0878888,0.0050542,0.715765,1.09145,3.6,0,0,17.7541
128500,8467.02,0.516786,28.316,28.362,0.00463423,4450.8,3385.72,749.973,37.4986,97.7883,931.333,829.373,0,0,24.5061,151.397,796.315,823.08,0.221803,0.437923,6.80672,0.0885753,0.00568074,0.221998,0.196407,0.293277,0.0645177,1.50187,0.091758,0.0898848,0.00516591,0.715619,1.09541,4,0,0,17.6987
129000,8475.38,0.517296,28.352,28.286,0.00387682,4454.1,3390.68,730.675,36.5338,96.8435,928.445,831.647,0,0,24.5577,151.165,799.102,825.54,0.22162,0.437589,6.82136,0.0862135,0.00571709,0.222065,0.197226,0.294711,0.0634957,1.50154,0.0931355,0.0915208,0.00508346,0.715623,1.0951,3.2,0,0,17.8283
129500,8465.26,0.516678,28.262,28.304,0.00505243,4450.23,3391.33,704.04,35.202,94.9794,928.068,831.81,0,0,24.5845,151.423,801.858,827.76,0.221946,0.438183,6.83888,0.0831678,0.00574157,0.222089,0.1986,0.295953,0.0629883,1.50197,0.0900339,0.0886589,0.00491168,0.715841,1.09395,3.4,0,0,17.9641
130000,8448.32,0.515645,28.25,28.282,0.00442602,4443.25,3384.1,693.829,34.6914,95.6544,929.006,830.51,0,0,24.6111,151.122,804.563,829.44,0.221564,0.437465,6.85193,0.0821263,0.00576599,0.223129,0.200089,0.296326,0.063209,1.50261,0.0936422,0.091557,0.0051102,0.715899,1.09802,3.2,0,0,17.646
130500,8456.34,0.516134,28.212,28.176,0.0034865,4446.37,3391.3,681.827,34.0914,94.3589,928.391,833.269,0,0,24.656,151.749,807.228,831.54,0.221767,0.437894,6.8663,0.0806293,0.00578414,0.224239,0.201734,0.296305,0.0632905,1.50242,0.0916354,0.0899398,0.00499989,0.715296,1.09584,3.6,0,0,17.6371
131000,8431.54,0.51462,28.03,28.116,0.00394083,4437.53,3382.57,666.419,33.321,92.7458,927.382,830.952,0,0,24.6651,151.345,809.831,834.46,0.221867,0.438058,6.87302,0.0790386,0.00580383,0.22553,0.203213,0.296284,0.0632554,1.50381,0.0925745,0.0908355,0.00495202,0.714378,1.0961,3.2,0,0,17.7163
131500,8411.3,0.513385,28.066,28.066,0.00399757,4430.25,3376.52,656.374,32.8187,91.0233,928.552,831.139,0,0,24.7176,151.292,812.619,836.62,0.221728,0.437806,6.87721,0.0780352,0.00583037,0.226758,0.204383,0.297235,0.0630703,1.50474,0.0901306,0.0883522,0.00477109,0.713518,1.09249,4.6,0.4,0.000261552,17.8536
132000,8431.88,0.514641,28.218,28.224,0.00379772,4437.52,3383.84,644.883,32.2442,91.3956,931.498,832.034,0,0,24.6839,151.251,815.402,839.8,0.2216,0.437634,6.88816,0.0764817,0.00585503,0.228093,0.205922,0.298798,0.0627421,1.50357,0.0905905,0.0887286,0.00480006,0.713264,1.09556,3.4,0,0,17.674
132500,8430.92,0.514583,28.132,28.1,0.00369898,4437.59,3387.6,637.668,31.8834,90.5876,926.325,833.611,0,0,24.7521,151.469,818.199,842.84,0.221923,0.438273,6.89889,0.0756347,0.00588353,0.229469,0.206694,0.299606,0.0631809,1.50397,0.0954659,0.0935278,0.0050112,0.713129,1.09973,3.4,0,0,17.6406
133000,8437.1,0.51496,28.248,28.278,0.00549979,4439.41,3388.92,634.98,31.749,90.3729,928.021,833.283,0,0,24.7245,150.963,820.963,845.44,0.221733,0.437919,6.91146,0.0752606,0.00592383,0.230854,0.207626,0.299568,0.0625954,1.50362,0.0946769,0.0923871,0.00505726,0.71304,1.09841,3.8,0,0,17.6806
133500,8450.34,0.515768,28.3,28.212,0.00434861,4443.87,3397.74,626.402,31.3201,89.9456,928.821,836.257,0,0,24.7746,151.453,823.637,848.42,0.221801,0.437968,6.93091,0.074128,0.00594109,0.23226,0.209474,0.299763,0.0626587,1.5028,0.0960328,0.0943428,0.00500262,0.713021,1.10054,3.4,0,0,17.771
134000,8455.6,0.516089,28.07,28.11,0.00489802,4447.57,3402.94,614.933,30.7467,88.7061,918.599,836.236,0,0,24.7703,151.489,826.361,851.1,0.222029,0.438439,6.95233,0.0727259,0.00596251,0.233808,0.210859,0.300541,0.0628588,1.50275,0.0967066,0.0947882,0.00496709,0.712674,1.10097,3.6,0,0,17.7961
134500,8436.58,0.514928,28.468,28.416,0.00458842,4440.69,3391.94,629.419,31.471,88.0227,932.222,834.667,0,0,24.7707,150.688,829.138,854.24,0.221466,0.437406,6.94414,0.0746057,0.00599403,0.235236,0.212876,0.302519,0.0632876,1.50386,0.0967719,0.0947377,0.00505703,0.712515,1.10281,4.4,0.4,0.000237082,17.7021
135000,8460.54,0.51639,28.246,28.248,0.00462945,4450.11,3403.67,614.379,30.7189,89.5644,927.288,841.297,0,0,24.8888,151.563,831.841,856.58,0.220711,0.435985,6.96479,0.0726189,0.00601982,0.236501,0.214497,0.302652,0.064255,1.50271,0.0936551,0.0917212,0.00476242,0.712007,1.0978,4,0,0,17.4486
135500,8453.8,0.515979,28.08,28.104,0.00432874,4447.51,3399.23,612.039,30.602,88.8491,922.804,838.105,0,0,24.8184,151.279,834.654,858.68,0.220754,0.436188,6.9706,0.0723964,0.00605977,0.237952,0.215602,0.30271,0.0639883,1.50296,0.0927291,0.0908413,0.00468118,0.712337,1.09558,3.4,0,0,17.5589
136000,8447.28,0.515581,28.238,28.288,0.0040527,4445.7,3397.3,596.417,29.8209,88.1572,931.397,838.909,0,0,24.8591,151.199,837.512,862.08,0.220553,0.435745,6.9739,0.0706055,0.00607898,0.239406,0.218033,0.304073,0.0643766,1.5036,0.0948693,0.0926271,0.00485647,0.712736,1.09908,3.8,0.2,0.000118078,17.7652
136500,8460.3,0.516376,28.352,28.302,0.00462803,4450.31,3403.58,576.487,28.8244,88.1651,930.97,840.643,0,0,24.8842,151.347,840.441,866.22,0.220303,0.435051,6.99348,0.0681402,0.00609948,0.241034,0.220272,0.304496,0.0647604,1.50283,0.100951,0.0988523,0.0050217,0.712415,1.10684,3.4,0,0,17.7189
137000,8457.56,0.516208,28.188,28.2,0.00495193,4448.09,3404.18,572.207,28.6104,87.258,926.159,843.398,0,0,24.972,151.365,843.345,869.04,0.220064,0.434488,6.9993,0.067656,0.00613334,0.243138,0.222785,0.305144,0.0644216,1.50268,0.0963979,0.0940567,0.00484989,0.711624,1.10296,4.6,0.4,0.00028399,17.7183
137500,8468.7,0.516888,28.362,28.366,0.00462341,4452.59,3406.33,571.716,28.5858,86.1137,932.081,842.002,0,0,24.8964,151.096,846.115,871.72,0.219972,0.43423,6.99838,0.0675107,0.00615262,0.244304,0.22438,0.305144,0.0637284,1.50181,0.0968447,0.0949694,0.00483835,0.711525,1.09991,3.6,0,0,17.6459
138000,8475.18,0.517284,28.348,28.286,0.00471386,4454.41,3411.56,563.759,28.1879,86.4308,929.561,845.005,0,0,24.9867,151.401,849.03,874.86,0.219977,0.434407,7.00234,0.0665192,0.00618146,0.245577,0.226162,0.30538,0.0640293,1.50152,0.103973,0.101521,0.00522065,0.710724,1.1094,3.6,0,0,17.8373
138500,8464.04,0.516604,28.014,28.066,0.00535919,4451.01,3411.33,552.836,27.6418,87.0362,917.579,845.453,0,0,25.0309,151.601,851.981,877.72,0.220198,0.434949,7.01859,0.0653154,0.00620226,0.246586,0.227691,0.30595,0.064754,1.50224,0.101676,0.0995968,0.00495431,0.710257,1.10634,3.4,0,0,18.109
139000,8444.38,0.515404,28.342,28.306,0.0036815,4444.65,3405.45,545.154,27.2577,84.1393,932.336,842.57,0,0,25.0048,151.491,854.8,881.4,0.22062,0.435692,7.02946,0.0645587,0.00622711,0.247576,0.228223,0.305111,0.0657312,1.5037,0.103896,0.101336,0.0051585,0.709788,1.11006,4,0,0,18.2476
139500,8454.56,0.516025,28.25,28.27,0.00491219,4447.15,3410.46,534.859,26.743,85.2986,928.845,843.879,0,0,25.0223,151.527,857.597,885.62,0.220498,0.435491,7.04609,0.0632627,0.0062539,0.248504,0.228535,0.306221,0.0662116,1.50294,0.105395,0.103011,0.00501507,0.709452,1.1097,3.6,0,0,18.2124
140000,8450.02,0.515748,28.088,28.13,0.00518588,4446.78,3409.68,528.413,26.4207,84.0496,920.103,844.631,0,0,25.054,151.371,860.42,889.68,0.220337,0.43529,7.05046,0.0625343,0.006273,0.249272,0.228532,0.307932,0.0668208,1.50336,0.102606,0.100404,0.00497052,0.709046,1.10603,3.4,0,0,16.434
140500,8425.8,0.51427,28.27,28.342,0.00486655,4438.1,3399.28,531.953,26.5977,85.0954,931.767,844.089,0,0,25.0939,151.196,863.056,892.88,0.219895,0.434579,7.04723,0.0631346,0.00630451,0.250478,0.22962,0.308573,0.0664177,1.50479,0.100838,0.0985881,0.00485506,0.707802,1.10652,4,0.2,0.000119062,17.9265
141000,8416.76,0.513718,28.172,28.114,0.00453668,4433.42,3396.25,529.758,26.4879,85.5579,926.073,843.93,0,0,25.1228,151.407,865.711,895.32,0.219772,0.434518,7.0538,0.0629401,0.00632004,0.251864,0.229982,0.307241,0.0661359,1.50472,0.103541,0.101165,0.00496386,0.707192,1.10998,4.4,0.4,0.000237982,20.3688
141500,8457.2,0.516187,28.082,28.044,0.00505795,4447.6,3407.97,521.625,26.0812,84.629,920.29,846.706,0,0,25.0982,151.087,868.405,897.24,0.21928,0.433573,7.04925,0.0616796,0.00635025,0.252627,0.229017,0.307608,0.0666217,1.50258,0.102663,0.100185,0.00484231,0.706827,1.10659,3.2,0,0,19.1645
142000,8455.1,0.516058,28.418,28.404,0.00408867,4447.91,3408.09,521.056,26.0528,84.3869,933.688,844.203,0,0,25.0195,151.012,871.236,899.72,0.219837,0.434715,7.0538,0.0616261,0.0063785,0.253297,0.229135,0.30821,0.067923,1.50308,0.102318,0.0996307,0.00481976,0.706055,1.10848,3.8,0,0,18.407
142500,8461.06,0.516422,28.24,28.204,0.00490438,4449.63,3414.01,510.416,25.5208,84.1486,927.85,848.965,0,0,25.1477,151.563,873.912,900.48,0.219718,0.434527,7.05273,0.0603256,0.00639136,0.254176,0.230212,0.309036,0.0688148,1.50262,0.102783,0.100483,0.00480837,0.705954,1.1071,3.2,0,0,18.4397
143000,8476.38,0.517357,28.124,28.162,0.00487249,4454.52,3417.89,504.508,25.2254,84.5155,920.509,848.465,0,0,25.0988,151.529,876.716,902.26,0.219622,0.434316,7.05639,0.0595176,0.00642411,0.255012,0.230563,0.309528,0.0693927,1.5017,0.106367,0.103699,0.00498893,0.706485,1.11129,3.4,0,0,18.357
143500,8456.38,0.516136,28.344,28.384,0.00483276,4448.44,3413.38,493.839,24.692,80.5998,932.915,848.895,0,0,25.1495,151.104,879.526,905.54,0.219628,0.43425,7.06817,0.0583984,0.00645142,0.256234,0.231303,0.310984,0.0697829,1.50304,0.100544,0.0984929,0.00467866,0.706246,1.10413,3.4,0,0,18.3742
144000,8447.08,0.515569,28.276,28.304,0.00426152,4445.12,3411.85,491.807,24.5904,81.9908,928.225,848.65,0,0,25.1698,151.251,882.391,909.86,0.219651,0.434333,7.08121,0.0582214,0.00647728,0.257346,0.231932,0.312236,0.0700518,1.50337,0.101625,0.0993501,0.00479978,0.706252,1.10764,3.6,0,0,18.4005
144500,8441.9,0.515253,28.086,27.984,0.00433168,4442.9,3412.99,481.197,24.0598,80.6048,921.55,848.333,0,0,25.1769,151.508,885.256,913.42,0.220006,0.434972,7.09927,0.0570028,0.00648618,0.258382,0.232835,0.314019,0.070663,1.50362,0.100765,0.0987349,0.0046558,0.706564,1.1058,3.2,0,0,18.411
145000,8449.34,0.515707,28.244,28.292,0.00424699,4445.49,3417.1,475.396,23.7698,78.6498,926.489,849.081,0,0,25.1771,151.356,887.995,916.38,0.22018,0.435269,7.10489,0.0562639,0.00650055,0.2591,0.233524,0.315025,0.0709722,1.50333,0.0979531,0.0957046,0.00439935,0.706321,1.1023,3.8,0,0,18.4671
145500,8435.74,0.514877,28.222,28.262,0.00391384,4441.36,3412.47,476.871,23.8435,80.0451,930.44,847.096,0,0,25.1515,151.427,890.691,919.3,0.220263,0.435374,7.11351,0.0565295,0.00652704,0.259795,0.233568,0.316479,0.0713303,1.50417,0.0990506,0.0965895,0.00445987,0.706708,1.10441,3.4,0,0,18.464
146000,8451.92,0.515864,28.194,28.126,0.00498643,4446.77,3418.18,474.246,23.7123,79.6574,922.73,848.578,0,0,25.1415,151.348,893.443,923.02,0.22014,0.435075,7.11788,0.0561111,0.00654786,0.260446,0.232791,0.31636,0.0713377,1.50326,0.0947499,0.0927331,0.00427805,0.707685,1.09874,3.6,0.2,0.000118343,18.4204
146500,8436.84,0.514944,28.212,28.252,0.00408193,4442.64,3414.37,474.678,23.7339,81.0961,923.046,848.951,0,0,25.1849,151.355,896.251,926.66,0.220169,0.435107,7.11651,0.0562622,0.00656781,0.260693,0.232484,0.316678,0.0714507,1.50425,0.0938966,0.0918083,0.00435613,0.708364,1.09887,3.4,0,0,18.4365
147000,8437.02,0.514955,28.152,28.114,0.00525799,4441.09,3412.32,471.909,23.5954,79.2162,923.121,847.087,0,0,25.1432,151.103,899.017,930.5,0.220039,0.434957,7.12537,0.0559333,0.00657571,0.261578,0.232151,0.317065,0.0720253,1.50396,0.0965362,0.0940803,0.00435216,0.708589,1.10121,3.6,0,0,18.4751
147500,8454.92,0.516047,28.324,28.35,0.004548,4447.45,3418.11,473.045,23.6523,79.8394,928.781,850.586,0,0,25.1992,151.179,901.826,933.52,0.21959,0.434145,7.1211,0.0559492,0.00657256,0.262123,0.23152,0.318295,0.072538,1.50328,0.0969361,0.0945969,0.0044411,0.709462,1.10131,4,0.2,0.000118469,18.3298
148000,8425.88,0.514275,28.16,28.114,0.00468624,4438.49,3409.24,468.906,23.4453,79.7711,926.013,848.672,0,0,25.2177,151.234,904.547,936.38,0.219686,0.434232,7.13134,0.0556513,0.00656292,0.262711,0.232244,0.319617,0.0721383,1.50499,0.0929425,0.0907374,0.00435104,0.709205,1.09901,4,0,0,18.4069
148500,8452.48,0.515898,28.04,28.096,0.00421394,4447.35,3418.75,464.191,23.2096,80.3461,921.094,849.459,0,0,25.1747,151.614,907.298,938.84,0.219844,0.43451,7.12855,0.0549183,0.00657328,0.263366,0.233835,0.320829,0.0725364,1.50339,0.0977586,0.0949572,0.00443008,0.709561,1.10462,4.2,0.2,0.000118064,18.4052
149000,8438.56,0.515049,28.314,28.342,0.00534987,4442.43,3414.89,458.08,22.904,79.035,928.806,849.281,0,0,25.1882,151.218,910.084,941.22,0.219848,0.434538,7.13245,0.054284,0.00659376,0.264867,0.234226,0.321348,0.0729625,1.50395,0.0948318,0.0930754,0.00419132,0.709424,1.10032,3.2,0,0,18.4305
149500,8431.4,0.514612,28.186,28.188,0.0051811,4439.14,3413.96,453.492,22.6746,78.8019,925.243,850.755,0,0,25.2667,151.296,912.908,943.64,0.219775,0.434408,7.1422,0.053786,0.00659388,0.26638,0.234761,0.32188,0.0728345,1.50448,0.0941941,0.0919503,0.0041525,0.708906,1.1009,4,0,0,18.4458
150000,8431.32,0.514607,28.03,28.062,0.00413834,4440.45,3414.09,447.265,22.3633,78.4133,922.767,851.046,0,0,25.2734,151.438,915.815,947.8,0.219609,0.434154,7.14835,0.0530478,0.00659619,0.267853,0.23479,0.322731,0.0739474,1.50473,0.094699,0.0927016,0.00421102,0.708434,1.09994,3.8,0,0,18.4123
150500,8431.2,0.5146,28.22,28.21,0.00372233,4440.31,3413.6,447.034,22.3517,77.4325,928.979,851.646,0,0,25.2897,151.577,918.694,951.14,0.21921,0.433446,7.15554,0.0530213,0.00662495,0.268611,0.23538,0.32305,0.0748424,1.50459,0.0953275,0.09296,0.00431985,0.70852,1.10203,4.4,0.4,0.000237318,18.4705
151000,8432.08,0.514653,28.05,28.034,0.00441548,4439.63,3414.98,440.421,22.021,77.3302,921.95,853.478,0,0,25.3476,151.383,921.506,954.46,0.219183,0.4334,7.15669,0.0522314,0.00663762,0.269419,0.236425,0.323495,0.0755558,1.5045,0.0938369,0.091619,0.00421981,0.708268,1.09883,3.6,0.2,0.000118666,18.5331
151500,8429.68,0.514507,28.128,28.068,0.00408173,4440.14,3412.56,435.278,21.7639,78.2361,925.906,853.981,0,0,25.3789,151.548,924.44,956.32,0.218616,0.432383,7.15909,0.0516373,0.00667156,0.27,0.236502,0.324387,0.0762637,1.50492,0.0989354,0.0965562,0.0044948,0.708302,1.10441,3.6,0,0,18.4911
152000,8442.68,0.5153,28.278,28.252,0.0051757,4444.62,3416.09,438.289,21.9145,80.1931,928.835,854.743,0,0,25.3533,151.287,927.401,959.9,0.218314,0.43186,7.15922,0.0519137,0.00668345,0.270809,0.237377,0.325395,0.077129,1.50398,0.0960647,0.0938022,0.00430498,0.708067,1.09994,3.6,0.2,0.000118723,18.4186
152500,8448.14,0.515634,28.148,28.234,0.00466906,4446.55,3419.32,442.45,22.1225,81.5511,922.884,856.088,0,0,25.3829,151.552,930.183,962.36,0.218141,0.431628,7.17091,0.0523728,0.00669378,0.271624,0.238153,0.32645,0.0773445,1.50361,0.0990081,0.0966737,0.0043898,0.707923,1.10234,3.8,0.2,0.000118147,18.4891
153000,8462.28,0.516497,28.326,28.244,0.00511392,4450.97,3422.46,442.132,22.1066,80.1996,924.759,855.209,0,0,25.3219,151.106,933.092,966.14,0.218144,0.431595,7.17137,0.0522486,0.00669701,0.272948,0.239429,0.327748,0.0774201,1.50273,0.101128,0.0984905,0.00439992,0.70808,1.10602,4.2,0.2,0.00011805,18.3792
153500,8458.64,0.516274,28.184,28.198,0.00489484,4450.12,3423.79,436.405,21.8203,80.6313,924.676,855.928,0,0,25.3676,151.582,935.961,969.76,0.218136,0.431676,7.18772,0.051593,0.00670623,0.273354,0.239579,0.328261,0.0782415,1.50306,0.106479,0.103876,0.00474522,0.708907,1.11281,3.6,0,0,18.4426
154000,8468.58,0.516881,28.432,28.378,0.00464802,4453.97,3425.86,431.02,21.551,79.5051,928.625,855.624,0,0,25.3184,151.061,938.897,972.96,0.218098,0.431876,7.18846,0.0508958,0.00673139,0.274148,0.238898,0.328795,0.0790398,1.50266,0.101847,0.0990979,0.00451475,0.708765,1.10845,4.6,0.8,0.00049613,18.3918
154500,8473.46,0.517179,28.196,28.228,0.00497515,4455.41,3427.49,424.647,21.2324,78.5363,924.494,856.642,0,0,25.3552,151.51,941.581,974.28,0.217883,0.431482,7.1917,0.050115,0.00674565,0.274937,0.239263,0.329935,0.079622,1.5025,0.106207,0.103273,0.00466314,0.708615,1.11403,4,0,0,18.2053
155000,8466.12,0.516731,28.224,28.208,0.00484732,4452.94,3423.62,432.592,21.6296,78.7,927.137,858.292,0,0,25.3936,151.249,944.299,978.06,0.217319,0.430276,7.1872,0.0510969,0.00675518,0.27562,0.240507,0.330411,0.0788279,1.5028,0.0993149,0.0974155,0.00435912,0.709002,1.10214,3.4,0,0,18.6734
155500,8460.8,0.516406,28.278,28.268,0.00466059,4451.08,3422.21,428.042,21.4021,78.2754,928.994,859.847,0,0,25.4545,151.371,947.077,981.46,0.216932,0.429405,7.19346,0.0505911,0.00675991,0.27656,0.241302,0.331084,0.0785647,1.50304,0.0995776,0.0975682,0.00443989,0.710029,1.1044,3.2,0,0,18.8788
156000,8473.22,0.517164,28.314,28.39,0.00504392,4455.26,3425.41,419.775,20.9888,79.4981,933.48,858.911,0,0,25.3871,151.328,949.851,984.36,0.216881,0.42916,7.20086,0.0495409,0.00677961,0.276832,0.241056,0.331097,0.0786436,1.5022,0.0978078,0.0955866,0.00429557,0.710819,1.10451,3.6,0.2,0.000117952,18.8488
156500,8468.04,0.516848,28.404,28.318,0.00530753,4453.71,3423.24,413.172,20.6586,76.9752,931.215,858.237,0,0,25.3905,151.049,952.718,987.94,0.216795,0.428929,7.20262,0.0487918,0.00679703,0.276999,0.24117,0.331857,0.0786183,1.50247,0.100837,0.0983926,0.00429486,0.711681,1.10521,3.8,0.2,0.000118064,18.8177
157000,8457.62,0.516212,28.226,28.318,0.00536646,4449.75,3421.7,409.761,20.4881,75.8363,929.284,857.978,0,0,25.4173,151.049,955.77,991.22,0.217,0.429238,7.21366,0.0484495,0.00681494,0.278048,0.242868,0.332128,0.0793972,1.50309,0.101196,0.0986804,0.0043124,0.711447,1.10648,3.4,0,0,18.8355
157500,8464.88,0.516655,28.312,28.226,0.00477043,4451.85,3425.38,408.332,20.4166,77.2179,928.445,860.035,0,0,25.4528,151.17,958.56,993.52,0.216951,0.429038,7.21625,0.0482378,0.0068302,0.278557,0.244069,0.332391,0.0802333,1.5027,0.0984089,0.0962142,0.00422747,0.71146,1.10349,3.8,0.2,0.000118203,15.8365
158000,8452.82,0.515919,28.316,28.424,0.00479626,4448.1,3423.03,404.619,20.231,77.8198,931.116,861.188,0,0,25.5049,151.337,961.347,996.72,0.216891,0.428825,7.21726,0.0478668,0.00685186,0.279036,0.244641,0.333007,0.0801344,1.50338,0.094761,0.0926531,0.00415465,0.711278,1.09801,4.4,0.4,0.000236323,17.5969
158500,8456.16,0.516123,28.132,28.09,0.00554572,4448.76,3422.09,394.898,19.7449,77.4422,923.613,860.683,0,0,25.4945,151.214,964.278,1000.5,0.216576,0.428094,7.22785,0.0467,0.00687531,0.279713,0.24523,0.333397,0.0811185,1.50338,0.0960272,0.0940193,0.00406902,0.711694,1.10068,3.4,0,0,18.8938
159000,8472,0.51709,28.482,28.446,0.00509779,4454.95,3428.75,392.991,19.6496,76.7023,935.399,861.903,0,0,25.4716,151.369,967.224,1003.84,0.216475,0.427973,7.23337,0.0463868,0.00690733,0.280456,0.244774,0.333395,0.0817767,1.5022,0.0955365,0.0933411,0.00406651,0.712364,1.1005,3.6,0,0,18.9591
159500,8456.58,0.516149,28.2,28.226,0.00506326,4449.18,3423.79,389.679,19.484,77.4197,925.933,862.675,0,0,25.5455,151.108,970.174,1006.54,0.216143,0.427361,7.24395,0.0460802,0.00693286,0.280647,0.244079,0.332675,0.0820801,1.50328,0.0972642,0.0951265,0.00418483,0.712546,1.1021,3.8,0,0,18.9703
160000,8461.56,0.516453,28.284,28.276,0.00569361,4450.35,3423.35,386.568,19.3284,76.1575,928.963,862.497,0,0,25.544,150.831,973.224,1008.96,0.215783,0.426843,7.24829,0.0456857,0.00696569,0.28162,0.244084,0.332596,0.0818104,1.50292,0.100514,0.0981262,0.00438756,0.71325,1.1039,3.4,0,0,16.7099
160500,8478.4,0.51748,28.448,28.426,0.00512611,4456.46,3429.03,382.619,19.131,77.1847,933.496,864.58,0,0,25.5509,151.267,976.155,1012.42,0.215351,0.426019,7.25373,0.0451288,0.0069809,0.282457,0.243655,0.333519,0.0816733,1.5019,0.10133,0.0987685,0.00431539,0.713978,1.10832,3.6,0,0,18.2505
161000,8474.44,0.517239,28.166,28.162,0.00490138,4454.31,3428.56,384.424,19.2212,77.6371,924.907,866.28,0,0,25.6049,151.471,979.055,1015.56,0.215186,0.425522,7.25533,0.0453632,0.00699369,0.283698,0.243808,0.333483,0.0817751,1.50193,0.0992074,0.0966044,0.00421342,0.713547,1.10323,3.6,0,0,19.0751
161500,8443.08,0.515325,28.222,28.302,0.00544209,4443.6,3415.56,380.458,19.0229,77.3239,934.696,864.132,0,0,25.6405,151.388,981.843,1019.92,0.214851,0.424708,7.25296,0.0450615,0.00700373,0.284567,0.24364,0.334249,0.0817095,1.50353,0.100189,0.0976123,0.0041927,0.713687,1.10793,4.2,0.2,0.000118497,18.9395
162000,8462.58,0.516515,28.308,28.234,0.0047877,4450.37,3421.28,379.504,18.9752,76.4207,931.679,864.558,0,0,25.6039,151.039,984.735,1023.9,0.214916,0.424751,7.24905,0.0448454,0.0069967,0.285705,0.243844,0.334413,0.0819214,1.50268,0.102245,0.0999409,0.00427124,0.713966,1.10942,3.6,0,0,18.8552
162500,8440.02,0.515138,28.244,28.26,0.00526016,4442.69,3415.19,376.594,18.8297,78.4965,932.83,864.834,0,0,25.6756,151.466,987.726,1026.88,0.21497,0.424857,7.25033,0.0446193,0.00700046,0.28598,0.243991,0.334147,0.0820303,1.50397,0.099858,0.0972848,0.00430057,0.714097,1.10672,3.8,0.2,0.000118189,18.8612
163000,8465.58,0.516698,28.164,28.132,0.00455463,4452.49,3425.09,372.517,18.6258,78.5973,928.012,868.076,0,0,25.6916,151.552,990.4,1029.56,0.21468,0.424387,7.25173,0.0440042,0.00700786,0.286472,0.243749,0.334454,0.0821356,1.50258,0.0992458,0.0964814,0.00406086,0.714446,1.10675,4.2,0.4,0.000260061,18.9277
163500,8455.28,0.516069,28.326,28.376,0.0058121,4448.82,3416.62,374.099,18.705,78.9991,935.63,866.074,0,0,25.6506,151.091,992.974,1033.48,0.214095,0.423193,7.24942,0.0442448,0.00701594,0.287306,0.243503,0.334015,0.081226,1.50326,0.0973078,0.0948382,0.00404733,0.714374,1.10018,3.8,0,0,18.9569
164000,8462.08,0.516484,28.338,28.322,0.00475028,4451.38,3419.81,376.413,18.8206,78.1614,932.655,866.84,0,0,25.6509,150.991,995.613,1037.34,0.2141,0.423214,7.25226,0.044482,0.00703214,0.288213,0.244084,0.333709,0.0815663,1.50278,0.0966683,0.0940354,0.00408583,0.714626,1.10327,4.4,0.2,0.00016527,18.988
164500,8483.74,0.517806,28.3,28.244,0.00477037,4459.6,3426.87,374.443,18.7222,79.7833,937.221,869.6,0,0,25.6694,151.747,998.308,1040.84,0.213488,0.422005,7.25797,0.0441365,0.00702355,0.289662,0.244341,0.334554,0.0818315,1.50159,0.0990082,0.096561,0.00409982,0.715228,1.10383,3.8,0,0,18.9687
165000,8492.06,0.518314,28.302,28.282,0.00519369,4461.97,3427.16,373.298,18.6649,78.4083,931.829,870.334,0,0,25.6786,151.278,1000.9,1043.76,0.213001,0.421228,7.25957,0.0439587,0.00703419,0.290352,0.244052,0.334263,0.081093,1.50124,0.0985144,0.0958084,0.00410863,0.715187,1.10531,4,0.2,0.000117938,18.9464
165500,8491.3,0.518268,28.452,28.474,0.00463905,4462.08,3431.17,371.258,18.5629,77.5921,939.49,870.804,0,0,25.6874,151.481,1003.46,1045.46,0.213573,0.422428,7.26713,0.0437223,0.00703932,0.2911,0.243845,0.333299,0.0814018,1.50141,0.099009,0.096192,0.00421201,0.714282,1.10409,4.2,0.2,0.000117827,18.9054
166000,8487.58,0.518041,28.252,28.264,0.00520058,4461.43,3431.49,366.866,18.3433,77.8787,932.938,871.523,0,0,25.7172,151.63,1006.07,1048.4,0.213631,0.422469,7.27035,0.0432242,0.00705863,0.291898,0.244448,0.332826,0.0820547,1.50156,0.0972944,0.0946672,0.00406837,0.714182,1.10179,3.2,0,0,18.9097
166500,8492.6,0.518347,28.338,28.348,0.00436686,4461.57,3433.35,368.262,18.4131,75.0359,933.963,869.775,0,0,25.6505,151.203,1008.96,1050.3,0.214013,0.423147,7.27884,0.0433625,0.00707059,0.292983,0.244957,0.333036,0.0825088,1.50119,0.0956058,0.0930863,0.00400848,0.714406,1.10011,4,0.2,0.000117827,18.9118
167000,8485.6,0.51792,28.34,28.272,0.00441346,4459.3,3430.21,365.658,18.2829,73.6216,932.968,869.545,0,0,25.6748,151.185,1011.69,1053.52,0.21392,0.422914,7.27516,0.043092,0.00707227,0.294413,0.24652,0.332958,0.0823976,1.5015,0.0966371,0.0935947,0.0040968,0.713903,1.10312,3.4,0,0,18.9548
167500,8505.8,0.519153,28.436,28.444,0.00570714,4466.11,3436.86,368.369,18.4184,76.2623,934.093,872.205,0,0,25.6856,151.115,1014.36,1056.54,0.213331,0.421644,7.28139,0.0433083,0.00706183,0.295675,0.247428,0.332635,0.0818497,1.50016,0.0977417,0.0953457,0.00407004,0.713716,1.10303,3.8,0,0,18.9395
168000,8501.48,0.518889,28.53,28.5,0.00464208,4465.12,3434.59,365.609,18.2804,75.6089,940.324,870.701,0,0,25.6566,151.422,1017.12,1059.44,0.21335,0.421574,7.29065,0.0430054,0.00706774,0.296336,0.248399,0.333479,0.0827568,1.50058,0.0954936,0.0930846,0.00400788,0.714553,1.10025,3.6,0.2,0.000117467,18.9262
168500,8524.44,0.520291,28.414,28.412,0.00481876,4472.63,3442.44,364.817,18.2409,75.4508,934.456,872.594,0,0,25.6627,151.386,1019.94,1062.78,0.213187,0.421172,7.28448,0.0427967,0.00707466,0.296919,0.24815,0.334447,0.0833782,1.49914,0.1037,0.100274,0.00429567,0.714474,1.11019,3.8,0,0,18.9338
169000,8531.7,0.520734,28.56,28.54,0.00579858,4475.78,3443.23,364.082,18.2041,75.9041,938.031,874.399,0,0,25.6966,151.253,1022.72,1067.26,0.212705,0.420308,7.27694,0.042674,0.00709529,0.297063,0.2487,0.33404,0.083642,1.4989,0.103903,0.100909,0.00429216,0.714793,1.1115,4,0.2,0.000117233,18.9293
169500,8534.14,0.520883,28.452,28.512,0.00483369,4476.48,3443.72,356.557,17.8278,76.1417,939.144,874.124,0,0,25.6663,151.174,1025.56,1070.6,0.212697,0.420236,7.28062,0.0417796,0.00712001,0.296758,0.249107,0.334562,0.0852208,1.49871,0.100038,0.0969492,0.00406175,0.715682,1.1078,4.8,0.4,0.000281275,18.906
170000,8522.42,0.520167,28.574,28.526,0.00509774,4473.72,3442.43,360.269,18.0135,75.4716,938.887,874.193,0,0,25.721,151.459,1028.41,1074.16,0.212892,0.420503,7.28649,0.0422726,0.00714772,0.297377,0.250054,0.335627,0.0862808,1.49962,0.105515,0.102182,0.00427687,0.715699,1.11201,3.8,0,0,18.9027
170500,8526.96,0.520444,28.392,28.348,0.00434027,4474.91,3443.69,349.839,17.4919,73.1949,937.395,876.447,0,0,25.7624,151.327,1031.15,1077.88,0.212484,0.419635,7.28795,0.0410276,0.00717197,0.29768,0.24979,0.335603,0.0854401,1.49935,0.101333,0.0986286,0.00400399,0.716284,1.1074,4,0.4,0.000234632,18.9118
171000,8530.72,0.520674,28.538,28.55,0.0047508,4476.41,3442.34,354.596,17.7298,74.697,942.106,876.58,0,0,25.7714,151.258,1034.01,1081.1,0.211963,0.418744,7.28435,0.0415666,0.00717383,0.298425,0.249226,0.336239,0.0854598,1.49916,0.107596,0.104597,0.00429142,0.716675,1.11523,4,0,0,18.9123
171500,8546.54,0.521639,28.454,28.518,0.00411323,4481.35,3448.02,349.038,17.4519,75.4011,940.833,879.443,0,0,25.7912,151.51,1036.77,1083.3,0.211667,0.418246,7.2863,0.0408396,0.00717038,0.298748,0.249161,0.33701,0.0860588,1.49808,0.100336,0.097633,0.00400385,0.716508,1.10668,4,0.2,0.000140203,18.8973
172000,8509.42,0.519374,28.504,28.456,0.00427375,4468.02,3433.28,353.717,17.6858,77.0864,939.813,875.675,0,0,25.8046,151.113,1039.68,1085.16,0.211633,0.418131,7.28716,0.0415677,0.00718175,0.299111,0.249875,0.337566,0.0864033,1.50005,0.105638,0.101993,0.00426496,0.717003,1.11475,4.2,0.2,0.000117467,18.9501
172500,8529.04,0.520571,28.464,28.512,0.00511423,4474.72,3440.39,347.671,17.3835,76.9532,940.774,877.404,0,0,25.7988,151.524,1042.48,1088.46,0.211446,0.41785,7.29698,0.0407629,0.00718323,0.299381,0.250508,0.337075,0.0872568,1.4991,0.105045,0.102058,0.0041477,0.716653,1.11139,4.2,0.2,0.000117385,18.9956
173000,8518.84,0.519949,28.51,28.506,0.00527854,4472.22,3437.75,347.616,17.3808,78.2294,941.926,876.555,0,0,25.805,151.205,1045.19,1092.06,0.21159,0.418212,7.29648,0.0408053,0.00718366,0.299135,0.251196,0.336965,0.0874255,1.49982,0.108775,0.105901,0.00426942,0.716632,1.11577,3.8,0,0,18.9406
173500,8525.74,0.52037,28.224,28.198,0.00544645,4473.47,3441.41,341.008,17.0504,76.5365,929.053,878.205,0,0,25.8679,151.571,1048.27,1095.44,0.21148,0.417979,7.30891,0.0399982,0.00719739,0.29881,0.250986,0.33789,0.0886295,1.49946,0.11297,0.109653,0.00441587,0.717343,1.12112,3.8,0,0,18.8951
174000,8526.72,0.52043,28.622,28.594,0.00448181,4474.01,3438.42,348.958,17.4479,76.7452,945.395,875.345,0,0,25.7622,151.124,1051.36,1098.78,0.211493,0.418263,7.3058,0.0409254,0.00722227,0.29864,0.251125,0.338484,0.0899046,1.49948,0.10893,0.105883,0.00421885,0.717102,1.11341,3.8,0,0,18.9027
174500,8533.12,0.52082,28.52,28.526,0.00482673,4476.77,3446.5,339.901,16.9951,74.3005,939.95,879.874,0,0,25.8876,151.522,1054.32,1101.06,0.211474,0.418275,7.32251,0.0398334,0.00724286,0.299601,0.251356,0.339591,0.0911818,1.49917,0.112321,0.108632,0.00451386,0.716515,1.12165,4,0.2,0.000117028,18.9029
175000,8531.46,0.520719,28.436,28.46,0.00421731,4476.3,3442.1,333.143,16.6571,73.8236,940.16,879.086,0,0,25.8763,151.132,1057.15,1104.14,0.2108,0.416925,7.32118,0.0390493,0.00726715,0.300345,0.252733,0.340922,0.0926733,1.49921,0.11703,0.113389,0.00451213,0.716956,1.12472,4,0,0,18.9048
175500,8538.86,0.521171,28.576,28.516,0.00434422,4477.65,3442.31,338.093,16.9047,74.7998,944.428,880.129,0,0,25.8865,151.337,1060.12,1106.78,0.21029,0.415828,7.32246,0.0395942,0.00727432,0.301178,0.254828,0.341342,0.0928232,1.4985,0.114993,0.111735,0.00454611,0.717692,1.12326,4,0,0,18.9282
176000,8548.08,0.521733,28.554,28.584,0.00559197,4481.09,3447.73,336.812,16.8406,75.9492,941.523,882.305,0,0,25.9294,151.283,1063.04,1108.44,0.210099,0.415294,7.33118,0.0394014,0.00728985,0.301112,0.256847,0.341548,0.0940523,1.49771,0.11792,0.113945,0.00470209,0.71891,1.12619,4.8,0.6,0.000374587,18.928
176500,8541.32,0.521321,28.596,28.542,0.00463763,4479.21,3443.9,334.408,16.7204,73.3236,943.38,880.53,0,0,25.8957,151.098,1065.88,1110.84,0.210066,0.415097,7.33108,0.0391518,0.00731479,0.300706,0.257279,0.341791,0.0944619,1.49823,0.118711,0.11529,0.00471145,0.719621,1.12705,4.2,0.4,0.000234412,18.9176
177000,8550.92,0.521907,28.512,28.56,0.0051236,4482.46,3447.25,333.112,16.6556,75.54,941.991,880.95,0,0,25.8688,151.096,1068.74,1114.78,0.209986,0.414806,7.33897,0.0389558,0.0073301,0.300197,0.257372,0.342298,0.0948161,1.4977,0.116285,0.112798,0.00452108,0.719935,1.12288,4,0,0,18.899
177500,8560.74,0.522506,28.618,28.584,0.0048653,4485.9,3452.23,330.781,16.5391,76.0044,941.097,884.03,0,0,25.9472,151.397,1071.38,1118.3,0.209701,0.414289,7.34273,0.0386395,0.00733142,0.300162,0.257747,0.343001,0.0955444,1.49728,0.122275,0.11775,0.00479128,0.719858,1.13348,4.8,0.6,0.000373996,18.937
178000,8543.96,0.521482,28.652,28.684,0.00468185,4480.16,3445.03,328.159,16.408,76.2286,946.458,882.589,0,0,25.9589,151.186,1074.37,1121.24,0.209475,0.413843,7.34811,0.0384084,0.007341,0.300282,0.259235,0.343571,0.0958096,1.49821,0.12013,0.116075,0.0045867,0.720152,1.12989,4.4,0.4,0.00023437,18.9369
178500,8542.42,0.521388,28.348,28.35,0.00428369,4479.49,3445.79,321.331,16.0666,75.8154,935.735,882.579,0,0,25.9799,151.47,1077.33,1124.82,0.209604,0.414145,7.35144,0.0376156,0.00735283,0.30039,0.260834,0.344457,0.097334,1.49826,0.126158,0.121799,0.00492267,0.720926,1.13676,4.6,1,0.000585426,18.8948
179000,8537.4,0.521082,28.594,28.628,0.00499621,4477.65,3443.99,324.125,16.2062,75.5127,945.957,880.414,0,0,25.9177,151.443,1080.24,1128.48,0.210077,0.414942,7.34504,0.037965,0.00736002,0.300851,0.26255,0.344842,0.0996535,1.49847,0.123489,0.119654,0.00481991,0.721123,1.12895,4,0.2,0.000116986,18.9059
179500,8539,0.521179,28.394,28.384,0.00446481,4477.85,3446.86,320.485,16.0243,76.5607,938.043,882.9,0,0,25.9863,151.736,1083.04,1131.74,0.210166,0.415031,7.34316,0.0375316,0.00736726,0.301024,0.263436,0.345302,0.10162,1.49847,0.121277,0.117645,0.00465635,0.721219,1.1303,3.8,0,0,18.9321
180000,8526.92,0.520442,28.46,28.466,0.00431915,4474.43,3443.62,319.015,15.9508,76.3997,937.271,881.1,0,0,25.9644,151.218,1086.01,1135.72,0.21047,0.41542,7.34364,0.0374127,0.0073848,0.300813,0.263602,0.344737,0.103109,1.49922,0.124045,0.119673,0.0047692,0.721539,1.13548,4.4,0.2,0.000140499,16.7622
180500,8494.5,0.518463,28.482,28.524,0.00454005,4462.53,3431.17,322.97,16.1485,77.3386,940.825,880.882,0,0,26.0715,151.223,1089.18,1139.62,0.210166,0.414855,7.33544,0.0380207,0.00738723,0.300865,0.263912,0.345124,0.104486,1.5011,0.125871,0.122182,0.00489034,0.721878,1.13346,4,0,0,18.2548
181000,8526.42,0.520411,28.332,28.294,0.00389421,4473.52,3441.75,319.249,15.9625,75.1099,935.71,883.114,0,0,26.0698,151.456,1092.07,1143.16,0.209896,0.414581,7.33507,0.0374421,0.00739189,0.301166,0.26457,0.344581,0.105661,1.49915,0.132022,0.127201,0.00503373,0.722198,1.14451,4.4,0.4,0.000234426,19.022
181500,8540.04,0.521243,28.558,28.538,0.00450037,4478.32,3444.59,323.416,16.1708,75.5657,940.668,883.945,0,0,26.0301,151.35,1094.75,1145.08,0.20957,0.413994,7.3283,0.0378713,0.00739487,0.302602,0.265141,0.345042,0.104534,1.49823,0.127411,0.123025,0.00492339,0.722974,1.13757,4,0,0,18.861
182000,8525.82,0.520375,28.558,28.558,0.00407327,4472.45,3438.9,325.662,16.2831,79.7737,943.455,884.032,0,0,26.0548,151.386,1097.56,1147.6,0.209436,0.413689,7.32779,0.0381969,0.00739939,0.303181,0.265996,0.345172,0.1047,1.49913,0.120453,0.116268,0.00464979,0.72305,1.12555,4,0,0,18.8524
182500,8522.24,0.520156,28.338,28.37,0.0043546,4472.03,3437.6,320.757,16.0379,78.5548,937.434,884.712,0,0,26.0988,151.466,1100.39,1151.04,0.209032,0.413041,7.32866,0.0376381,0.0074027,0.303856,0.265791,0.344599,0.103363,1.49904,0.126342,0.121807,0.00492176,0.72284,1.13789,4.4,0.4,0.00023499,18.8773
183000,8523.26,0.520219,28.584,28.532,0.00519326,4472.01,3431.02,323.708,16.1854,76.964,946.546,882.663,0,0,26.0528,151.035,1103.04,1153.02,0.208401,0.411844,7.31518,0.0379793,0.00740618,0.303988,0.26548,0.344847,0.102222,1.49923,0.129051,0.1246,0.00496922,0.722546,1.13916,4,0.2,0.000117385,18.9129
183500,8557.44,0.522305,28.56,28.49,0.00458262,4484.23,3443.92,320.11,16.0055,79.6459,945.142,889.327,0,0,26.1256,151.666,1105.61,1156.24,0.207692,0.410337,7.31152,0.0374067,0.00741395,0.303888,0.265131,0.344851,0.10234,1.4972,0.124995,0.120622,0.00470904,0.721706,1.13424,4.2,0.4,0.000233863,18.9209
184000,8578.1,0.523566,28.57,28.568,0.00465685,4491.68,3450.58,322.555,16.1277,79.663,943.795,891.001,0,0,26.0772,151.455,1108.21,1159.18,0.207575,0.410043,7.31064,0.0376021,0.0074173,0.30425,0.265339,0.344705,0.102234,1.4961,0.114114,0.110468,0.00438294,0.720866,1.11939,4.4,0.4,0.000233305,18.9064
184500,8567.96,0.522947,28.58,28.592,0.00453936,4488.83,3446.62,324.278,16.2139,79.2261,940.208,890.805,0,0,26.1241,151.15,1111.16,1161.74,0.207295,0.409431,7.31214,0.0378474,0.00741961,0.304946,0.264775,0.344713,0.102537,1.49681,0.121077,0.117123,0.00463299,0.720564,1.12847,4,0,0,18.8835
185000,8568.1,0.522955,28.654,28.688,0.00464577,4488.2,3445.66,322.565,16.1283,80.1362,951.711,891.165,0,0,26.1403,151.468,1114.12,1164.76,0.206957,0.408775,7.31455,0.0376471,0.00742596,0.305579,0.263919,0.345141,0.103355,1.49658,0.125027,0.120928,0.00477558,0.720989,1.13243,4.4,0.6,0.0003501,18.8895
185500,8581.54,0.523776,28.682,28.638,0.00478229,4492.88,3452.49,320.78,16.039,79.6065,949.077,892.873,0,0,26.1414,151.645,1116.95,1167.28,0.20709,0.409018,7.32483,0.0373801,0.0074398,0.305842,0.264108,0.345725,0.103458,1.49595,0.119996,0.115813,0.00451365,0.721484,1.12863,3.8,0,0,18.8564
186000,8581.98,0.523802,28.62,28.578,0.00469263,4493.08,3447.27,318.075,15.9038,80.7293,943.733,890.463,0,0,26.0834,151.155,1119.92,1170.04,0.206507,0.407896,7.32329,0.037063,0.00745304,0.30666,0.264017,0.346649,0.102473,1.49589,0.124247,0.119737,0.00470399,0.722418,1.13508,4.2,0.2,0.000116564,18.8591
186500,8589.56,0.524265,28.478,28.522,0.00443402,4496.22,3454.76,319.946,15.9973,81.0868,942.154,894.984,0,0,26.1828,151.953,1122.94,1172.74,0.206613,0.407985,7.32078,0.0372482,0.0074677,0.30741,0.264052,0.347343,0.103055,1.49534,0.122382,0.118111,0.00467319,0.722797,1.13066,4.6,0.6,0.000348986,18.8359
187000,8576.6,0.523474,28.806,28.784,0.00487139,4491.04,3444.54,322.538,16.1269,80.2998,951.362,890.182,0,0,26.0937,150.882,1125.88,1175.52,0.20642,0.407661,7.3171,0.0376072,0.00747199,0.30777,0.264303,0.347105,0.101655,1.49604,0.124683,0.119899,0.00484061,0.723517,1.13519,4.2,0.2,0.000116986,18.8654
187500,8598.52,0.524812,28.746,28.796,0.00499136,4499.6,3455.95,326.797,16.3399,81.2928,951.509,894.738,0,0,26.1361,151.721,1128.78,1179,0.206524,0.407919,7.31262,0.0380053,0.00746942,0.30813,0.265957,0.347235,0.101877,1.49492,0.119414,0.11535,0.00446225,0.723397,1.12875,4.2,0.2,0.000116144,18.8572
188000,8592.26,0.52443,28.596,28.586,0.00429221,4496.63,3454.87,317.703,15.8852,78.5904,944.704,892.806,0,0,26.1183,151.589,1131.65,1182.72,0.207031,0.408868,7.32081,0.0369747,0.00747754,0.309171,0.267183,0.348242,0.102022,1.49536,0.119764,0.115419,0.00449671,0.723879,1.13022,4,0.2,0.000116496,18.8473
188500,8611.14,0.525582,28.734,28.66,0.00521547,4503.28,3460.83,324.523,16.2262,78.0281,944.243,893.26,0,0,26.0569,151.126,1134.65,1185.3,0.207048,0.408971,7.31535,0.0376865,0.00748864,0.310051,0.267478,0.347821,0.103072,1.49408,0.117537,0.113883,0.00444319,0.724585,1.12484,4,0,0,18.8378
189000,8615.76,0.525864,28.802,28.776,0.00497685,4504.54,3462.34,322.338,16.1169,80.5605,948.398,894.66,0,0,26.0904,151.61,1137.7,1187.5,0.206742,0.408415,7.32546,0.0374128,0.00749507,0.311476,0.268303,0.347746,0.102504,1.49403,0.118097,0.113958,0.00442077,0.725144,1.12692,4.2,0.2,0.000115902,18.8652
189500,8600.34,0.524923,28.662,28.69,0.00464206,4500.04,3455.83,323.519,16.176,78.6959,945.392,892.691,0,0,26.0799,151.121,1140.58,1190.36,0.206677,0.408259,7.31797,0.0376166,0.00749284,0.312209,0.27046,0.348167,0.102428,1.49476,0.120526,0.116633,0.00458615,0.725153,1.12961,4,0.2,0.000116266,18.8706
190000,8604.26,0.525162,28.878,28.888,0.0046803,4501.18,3454.92,320.844,16.0422,80.0629,953.382,893.057,0,0,26.0986,151.283,1143.25,1193.76,0.206303,0.407615,7.31449,0.0372892,0.0074983,0.313268,0.271336,0.347638,0.102712,1.49458,0.124838,0.120422,0.00463748,0.723871,1.13526,4,0.2,0.000116023,18.8536
190500,8609.74,0.525497,28.672,28.676,0.0048518,4502.69,3458.65,317.178,15.8589,79.9307,948.04,897.072,0,0,26.1918,151.599,1145.97,1196.12,0.20601,0.407171,7.31857,0.036839,0.00750402,0.313831,0.271385,0.347402,0.101999,1.49448,0.12005,0.115371,0.00467399,0.723786,1.13179,4.8,0.8,0.000510991,18.8373
191000,8607.44,0.525356,28.802,28.796,0.00494153,4501.78,3456.08,321.849,16.0925,80.5634,951.231,893.972,0,0,26.1086,151.128,1148.71,1199.66,0.206269,0.407629,7.3139,0.0373917,0.00751075,0.314797,0.271867,0.347466,0.102164,1.49444,0.123321,0.119448,0.00464302,0.724185,1.13291,4.4,0.4,0.000232261,18.8783
191500,8614.88,0.525811,28.716,28.706,0.00471203,4505.06,3458.5,313.203,15.6602,78.5474,949.969,894.833,0,0,26.1254,151.501,1151.49,1202.22,0.205931,0.406653,7.32263,0.0363563,0.00752353,0.31561,0.272412,0.348167,0.102479,1.49404,0.126577,0.121781,0.0047931,0.723611,1.13614,4.2,0.2,0.000116104,18.8181
192000,8622.32,0.526265,28.684,28.612,0.00456075,4506.91,3461.5,312.945,15.6472,79.7021,946.042,898.758,0,0,26.2282,151.548,1154.24,1205.56,0.205256,0.405078,7.32809,0.0362952,0.007546,0.316274,0.27328,0.348405,0.101494,1.49345,0.128038,0.123321,0.00480835,0.723767,1.13817,4.8,1.2,0.000695521,18.781
192500,8635.76,0.527085,28.95,28.962,0.00459846,4510.96,3460.03,316.958,15.8479,79.913,957.191,896.088,0,0,26.107,151.082,1157.18,1208.12,0.204769,0.403923,7.3258,0.0367026,0.00755196,0.317323,0.275389,0.347957,0.101389,1.49253,0.129563,0.124479,0.00496566,0.723242,1.14094,4.2,0.2,0.000115848,18.7569
193000,8641.62,0.527443,28.884,28.878,0.00486322,4513.79,3461.89,311.958,15.5979,80.7358,954.348,898.759,0,0,26.1605,151.27,1159.95,1210.4,0.204114,0.402544,7.33442,0.0360995,0.00757586,0.318542,0.276377,0.348948,0.101386,1.49233,0.129041,0.124849,0.00494071,0.722932,1.13796,4.2,0.2,0.00011554,18.769
193500,8642.22,0.527479,28.81,28.874,0.00421264,4514.46,3465.37,312.652,15.6326,81.8644,954.158,900.57,0,0,26.2426,151.638,1162.82,1213.26,0.204219,0.402672,7.34136,0.0361769,0.00759584,0.318772,0.276502,0.351115,0.101974,1.49248,0.137413,0.132312,0.00522369,0.722677,1.14782,4.4,0.8,0.000464147,18.7784
194000,8639.92,0.527339,28.774,28.664,0.00465226,4513.49,3464.31,317.096,15.8548,79.76,949.593,898.454,0,0,26.1827,151.395,1165.78,1216.08,0.204522,0.403302,7.34356,0.036701,0.00762152,0.319452,0.277665,0.351434,0.101344,1.49252,0.135994,0.130434,0.00512564,0.722715,1.14953,4.6,0.8,0.000485234,18.795
194500,8658.06,0.528446,28.882,28.95,0.00458241,4519.5,3468.72,313.943,15.6972,82.5335,954.668,899.344,0,0,26.1732,151.677,1168.48,1219.24,0.204037,0.402404,7.34753,0.0362598,0.00764972,0.319927,0.278959,0.352731,0.101567,1.49137,0.141753,0.136911,0.00524007,0.723168,1.15199,4.4,0.4,0.000230814,18.7859
195000,8642.84,0.527517,28.918,28.876,0.00516163,4514,3462.22,312.02,15.601,80.0423,953.188,897.85,0,0,26.1739,151.185,1171.43,1221.94,0.203879,0.402084,7.35273,0.0361011,0.00766394,0.320703,0.279264,0.353668,0.102243,1.49216,0.141703,0.135897,0.00532637,0.722283,1.15516,4.6,0.8,0.000462669,18.7756
195500,8652.2,0.528088,28.816,28.85,0.00449014,4517.14,3467.03,317.382,15.8691,82.9733,951.71,900.854,0,0,26.2208,151.246,1174.42,1225.16,0.203737,0.401841,7.35368,0.0366823,0.00767025,0.321662,0.280273,0.354403,0.100717,1.49177,0.13781,0.132642,0.00530327,0.722719,1.14883,4.2,0.2,0.000115433,18.7574
196000,8624.98,0.526427,28.848,28.93,0.00507729,4507.7,3456.83,312.463,15.6232,82.3196,956.679,897.225,0,0,26.1934,151.351,1177.51,1227.56,0.20402,0.402366,7.35515,0.036228,0.00767463,0.322101,0.281206,0.354408,0.10176,1.49331,0.135554,0.130355,0.00519082,0.723495,1.1472,4.6,0.4,0.000254657,18.7559
196500,8627.1,0.526556,28.792,28.696,0.00477765,4508.64,3458.18,313.375,15.6688,83.7374,949.955,900.477,0,0,26.2832,151.505,1180.37,1230.08,0.203481,0.401433,7.35866,0.036324,0.00767858,0.32205,0.281694,0.354147,0.102424,1.4933,0.137227,0.132435,0.0050326,0.723645,1.14764,4.4,0.4,0.000231535,18.7844
197000,8650.56,0.527988,28.824,28.86,0.00439553,4516.99,3466.05,313.966,15.6983,82.075,951.236,898.33,0,0,26.1708,151.435,1183.22,1233.4,0.203914,0.402273,7.36284,0.0362942,0.00766953,0.323028,0.28305,0.35478,0.102117,1.49183,0.141193,0.135598,0.00529176,0.723477,1.15192,4.8,1,0.000578342,18.7538
197500,8639.3,0.527301,28.928,28.898,0.00467795,4513.34,3459.59,314.086,15.7043,83.646,954.998,899.395,0,0,26.1922,151.1,1186,1236.74,0.203309,0.401125,7.3537,0.0363551,0.00766956,0.323633,0.284458,0.355351,0.101767,1.49247,0.132282,0.127432,0.0050017,0.723958,1.14141,4.8,0.6,0.000370708,18.7756
198000,8653.98,0.528197,28.948,28.93,0.00515213,4517.15,3466.51,310.398,15.5199,83.799,957.538,903.667,0,0,26.2584,151.798,1188.88,1239.54,0.202964,0.400522,7.35902,0.0358681,0.00767363,0.323711,0.285637,0.354891,0.1013,1.4913,0.129261,0.124315,0.00492075,0.723626,1.13997,4.4,0.4,0.000231107,18.7881
198500,8654.22,0.528212,28.808,28.79,0.00494221,4518.61,3464.59,312.691,15.6346,80.7891,949.741,901.636,0,0,26.2021,151.076,1191.66,1242.6,0.202926,0.400473,7.3598,0.0361315,0.00768457,0.323857,0.286347,0.354716,0.101843,1.49156,0.126013,0.120911,0.00461703,0.723004,1.13802,5,0.8,0.000507974,18.7732
199000,8659.84,0.528555,28.988,29.004,0.00510919,4519.56,3465.64,314.885,15.7443,82.4877,956.555,901.47,0,0,26.197,151.32,1194.27,1245.92,0.202858,0.400313,7.36099,0.0363618,0.00769076,0.324325,0.286088,0.355255,0.102159,1.49124,0.133094,0.128315,0.00501125,0.723467,1.14372,4,0,0,18.7099
199500,8650.3,0.527972,28.866,28.828,0.00526232,4516.77,3461.93,318.445,15.9222,84.4265,955.149,901.188,0,0,26.2106,151.239,1197.03,1249.38,0.202802,0.400139,7.35975,0.0368129,0.00769177,0.325072,0.286236,0.355783,0.102375,1.49202,0.129939,0.125685,0.00484245,0.725007,1.13974,4.4,0.6,0.000346527,18.6587
200000,8658.2,0.528455,28.83,28.922,0.00449271,4520.17,3465.93,313.708,15.6854,82.7719,953.494,902.988,0,0,26.2316,151.418,1199.75,1250.14,0.202827,0.400153,7.35376,0.0362318,0.0076975,0.325536,0.287026,0.357009,0.103188,1.49162,0.127191,0.122897,0.00477242,0.7259,1.13621,4,0,0,16.48
200500,8628.64,0.52665,28.812,28.798,0.00389167,4509.02,3458.31,311.209,15.5605,82.6303,953.586,901.123,0,0,26.2792,151.506,1202.38,1251.44,0.203265,0.400968,7.36341,0.036067,0.00769677,0.326785,0.287497,0.357199,0.10253,1.49312,0.132057,0.126964,0.00502322,0.726308,1.14482,4.8,0.6,0.000370739,17.976
201000,8641.22,0.527418,28.962,28.912,0.0046035,4514.14,3461.43,310.056,15.5028,81.2136,956.455,902.36,0,0,26.261,151.186,1204.97,1254.74,0.20294,0.400478,7.3601,0.0358814,0.00769729,0.32863,0.287582,0.35794,0.10039,1.49251,0.12721,0.12244,0.00470071,0.726861,1.13718,4.4,0.6,0.000346941,18.8047
201500,8659.22,0.528517,28.86,28.866,0.00396001,4520.41,3467.73,308.683,15.4341,81.4705,953.761,903.635,0,0,26.2473,151.207,1207.57,1256.24,0.202984,0.4006,7.3562,0.0356476,0.0076783,0.329908,0.28807,0.357961,0.10088,1.49153,0.127318,0.122486,0.00479664,0.726111,1.1371,4.2,0.2,0.0001153,18.7563
202000,8640.9,0.527399,28.924,28.936,0.00430264,4513.85,3463.03,304.65,15.2325,81.0542,957.769,902.624,0,0,26.268,151.124,1210.42,1257.38,0.203359,0.401371,7.35882,0.0352565,0.00768249,0.330978,0.288101,0.358444,0.101931,1.49277,0.125475,0.120529,0.00479021,0.726012,1.13465,3.8,0,0,18.7801
202500,8628.56,0.526646,28.802,28.802,0.00477359,4510.07,3459.07,301.98,15.099,78.8177,957.21,901.733,0,0,26.3058,151.478,1213.29,1260.2,0.20326,0.401068,7.3619,0.0349976,0.00767877,0.332778,0.2873,0.360291,0.102212,1.49339,0.134516,0.129729,0.00487629,0.725954,1.14779,4.2,0.2,0.000115929,18.7472
203000,8650.9,0.528009,28.874,28.882,0.00455335,4517.67,3463.99,301.763,15.0881,79.5868,954.887,903.594,0,0,26.2924,151.281,1216.52,1263.72,0.202601,0.399753,7.36362,0.0348817,0.00767959,0.334198,0.288375,0.360899,0.102227,1.49201,0.13205,0.126957,0.0049673,0.727088,1.14374,4,0,0,18.7804
203500,8652.92,0.528132,28.844,28.882,0.00431276,4518.8,3464.14,298.15,14.9075,80.2616,960.846,905.003,0,0,26.3327,151.481,1219.5,1266.58,0.202265,0.399183,7.35817,0.0344567,0.00767626,0.335322,0.288815,0.361028,0.101444,1.49199,0.135392,0.129831,0.00501225,0.728738,1.14839,4.6,0.4,0.00025389,18.7227
204000,8654.42,0.528224,29.014,28.926,0.00463083,4518.73,3463.1,295.117,14.7558,80.0053,961.067,906.545,0,0,26.3707,151.317,1222.42,1269.8,0.201787,0.398158,7.35676,0.0341002,0.00768337,0.336818,0.28849,0.361927,0.0998906,1.49175,0.134333,0.129445,0.00499477,0.730013,1.14517,4.4,0.8,0.000462415,18.651
204500,8661.82,0.528676,28.932,28.906,0.00491028,4520.6,3467.87,292.704,14.6352,80.0058,958.037,906.802,0,0,26.3701,151.517,1225.27,1272.44,0.202229,0.399005,7.35608,0.0337924,0.00768513,0.337097,0.288756,0.361357,0.0998484,1.49124,0.139975,0.134001,0.00516692,0.730784,1.15511,5.4,0.8,0.000554257,18.6587
205000,8652.84,0.528127,28.872,28.878,0.00468972,4517.88,3465.58,295.086,14.7543,79.9472,957.339,908.434,0,0,26.4326,151.452,1227.95,1275.24,0.201977,0.3987,7.35576,0.0341026,0.00768516,0.33842,0.289802,0.361796,0.0985755,1.49173,0.135059,0.130118,0.00483339,0.730828,1.1472,4.2,0.2,0.000115553,18.6687
205500,8667.14,0.529,28.79,28.824,0.00552806,4522.29,3466.74,295.216,14.7608,82.1448,956.45,908.918,0,0,26.3944,151.342,1230.53,1278,0.201288,0.397416,7.35839,0.0340612,0.00768788,0.33971,0.290039,0.363026,0.0971537,1.49069,0.131831,0.127638,0.00476399,0.731129,1.14051,3.6,0,0,18.6674
206000,8663.12,0.528755,29.062,29.002,0.00506787,4520.88,3465.82,292.181,14.6091,79.2042,960.044,907.678,0,0,26.3607,151.045,1233.24,1280.92,0.201565,0.398031,7.36376,0.0337272,0.00770213,0.340583,0.289823,0.362691,0.0958462,1.49111,0.1298,0.124956,0.00470102,0.731191,1.13862,4.2,0.2,0.000115607,18.6832
206500,8661.66,0.528666,28.822,28.868,0.00519686,4521.51,3467.41,289.009,14.4505,80.1181,960.556,908.143,0,0,26.3826,151.598,1236.3,1283.86,0.201706,0.39834,7.36745,0.0333662,0.00770644,0.342075,0.290918,0.362661,0.0958792,1.49135,0.134739,0.129781,0.00479179,0.731157,1.14607,4.2,0.2,0.000115407,18.6642
207000,8653.78,0.528185,28.95,28.976,0.00462877,4518.51,3465.04,291.471,14.5735,79.5503,962.964,907.489,0,0,26.4031,151.535,1239.28,1286.86,0.201818,0.398613,7.36919,0.0336817,0.00770915,0.343098,0.290992,0.362747,0.0957652,1.49181,0.134968,0.130397,0.00483116,0.731072,1.14618,4.6,0.6,0.000346634,18.6293
207500,8656.88,0.528374,28.932,28.93,0.0056182,4519.41,3464.93,291.053,14.5526,78.5237,958.287,906.757,0,0,26.3708,151.223,1242.31,1290.72,0.201766,0.398549,7.3663,0.0336214,0.00771822,0.344144,0.292207,0.362843,0.0967654,1.49143,0.134364,0.128935,0.00490603,0.731343,1.1458,4.6,0.6,0.000346181,18.6351
208000,8648.56,0.527866,28.874,28.844,0.0056555,4515.86,3462.52,288.888,14.4444,79.1949,959.252,907.196,0,0,26.4186,151.304,1245.31,1293.92,0.201838,0.398848,7.36572,0.0334031,0.00771948,0.345263,0.291742,0.363138,0.0970003,1.49209,0.136885,0.131113,0.0050037,0.730514,1.15221,4.4,0.4,0.00023108,18.6805
208500,8658.54,0.528475,28.854,28.886,0.00472082,4519.78,3464.4,283.688,14.1844,78.1037,962.949,908.843,0,0,26.432,151.577,1248.21,1296.5,0.201212,0.397818,7.37082,0.0327635,0.00771728,0.346526,0.292031,0.363301,0.0971223,1.49159,0.136392,0.130791,0.00481537,0.729802,1.1467,4.2,0.2,0.000115634,18.643
209000,8676.96,0.5296,28.962,28.892,0.00438432,4526.28,3468.72,286.849,14.3425,79.5744,961.676,910.263,0,0,26.4183,151.483,1251.1,1300.2,0.200721,0.397004,7.36998,0.033059,0.00771787,0.347469,0.293796,0.363963,0.097578,1.49045,0.136347,0.131355,0.00480905,0.729618,1.14715,4.2,0.2,0.000115287,18.6676
209500,8659.64,0.528542,28.958,29.034,0.00471275,4521,3462.63,284.65,14.2325,82.491,964.805,908.986,0,0,26.4306,151.339,1253.9,1304.92,0.200656,0.396814,7.37263,0.0328707,0.00771106,0.348866,0.294262,0.36408,0.0978852,1.49158,0.139354,0.134354,0.00497737,0.728442,1.14975,4.2,0.4,0.000230494,18.6359
210000,8666.5,0.528961,28.846,28.844,0.0048961,4522.35,3464.83,283.215,14.1608,81.3198,958.998,910.835,0,0,26.4706,151.353,1256.48,1308.42,0.200379,0.396313,7.37812,0.0326788,0.00770495,0.350275,0.294783,0.365092,0.0968918,1.49104,0.136966,0.131626,0.00480591,0.728345,1.14824,4.4,0.4,0.000230827,18.6589
210500,8662.32,0.528706,28.93,28.878,0.0050579,4521.91,3463.6,278.629,13.9315,82.7462,961.577,912.006,0,0,26.5177,151.616,1259.26,1311.08,0.200044,0.395643,7.38282,0.0321655,0.00770812,0.35118,0.295191,0.364892,0.0966723,1.4916,0.140618,0.134966,0.00486916,0.728399,1.15584,4.8,1.4,0.000807662,18.6841
211000,8667.26,0.529008,28.872,28.884,0.00482935,4523.21,3465.33,278.418,13.9209,82.5555,959.28,913.744,0,0,26.5798,151.527,1262.36,1314.2,0.199627,0.395092,7.38586,0.032123,0.00772033,0.351489,0.296227,0.364269,0.0963707,1.49113,0.1467,0.141049,0.0051713,0.728533,1.15842,5,1.2,0.000714747,18.6693
211500,8664.94,0.528866,29.05,29.046,0.00442326,4522.8,3459.69,280.612,14.0306,84.2825,967.902,912.902,0,0,26.5427,151.266,1265.06,1317.36,0.19881,0.393566,7.38688,0.032385,0.00773004,0.352148,0.296449,0.364525,0.0959262,1.49121,0.143884,0.137838,0.00504177,0.727926,1.15731,5.2,1.2,0.000714818,18.6956
212000,8674.92,0.529475,28.978,28.946,0.00531124,4525.59,3461.8,280.772,14.0386,84.7155,962.687,914.661,0,0,26.5698,151.25,1267.86,1318.52,0.198384,0.392681,7.38466,0.0323661,0.00772344,0.353451,0.297874,0.3649,0.0963659,1.49061,0.144338,0.138436,0.00513399,0.727226,1.15796,4.8,0.4,0.000276786,18.6103
212500,8663.62,0.528785,28.836,28.9,0.00460774,4521.83,3456.81,279.038,13.9519,87.4188,963.696,915.734,0,0,26.6382,151.532,1270.58,1321.24,0.197803,0.391533,7.38994,0.0322078,0.00771363,0.354392,0.297781,0.36471,0.094794,1.49127,0.144384,0.138405,0.00509739,0.727207,1.15849,4.6,0.6,0.000346247,18.6362
213000,8671.26,0.529252,28.936,28.906,0.00497274,4524.27,3458.47,281.738,14.0869,85.815,962.921,914.983,0,0,26.6023,151.221,1273.59,1323.82,0.197848,0.391694,7.38675,0.0324911,0.00770619,0.354624,0.298107,0.364015,0.0939948,1.49066,0.147637,0.140787,0.00520307,0.726931,1.16356,4.8,0.8,0.000484256,18.6369
213500,8665.82,0.52892,29.008,28.98,0.00450724,4522.25,3454.9,277.717,13.8858,86.1913,968.883,913.016,0,0,26.5642,151.249,1276.44,1327.4,0.197867,0.391794,7.38926,0.0320474,0.00770468,0.354927,0.297864,0.363625,0.0934521,1.4912,0.1481,0.141707,0.00526505,0.727205,1.16301,4.6,1.2,0.000692548,18.6746
214000,8677.94,0.529659,28.964,28.962,0.00481711,4526.23,3458.14,273.87,13.6935,86.7213,968.966,915.829,0,0,26.6175,151.439,1279.46,1331.5,0.197227,0.390724,7.38889,0.0315596,0.00771651,0.355757,0.297969,0.363553,0.0942234,1.49038,0.149881,0.143107,0.00521375,0.727094,1.16547,4.4,1.2,0.000691776,18.6931
214500,8678.66,0.529703,29.018,29.022,0.00482042,4526.3,3456.04,278.285,13.9142,85.4171,967.929,917.463,0,0,26.6499,151.06,1282.19,1334.62,0.196611,0.389659,7.38463,0.0320652,0.00771972,0.356675,0.298108,0.363151,0.0923633,1.49037,0.14621,0.140098,0.00512514,0.727095,1.1608,4.8,1,0.000576011,18.6347
215000,8671.1,0.529242,28.966,28.976,0.00538378,4524.35,3453.68,279.854,13.9927,88.8109,967.864,918.594,0,0,26.712,151.409,1285.18,1336.38,0.19626,0.38906,7.38498,0.0322743,0.00773902,0.357066,0.297659,0.36277,0.0930279,1.49076,0.150964,0.144001,0.00531333,0.727151,1.16957,5.2,1,0.000622534,18.6688
215500,8676.92,0.529597,28.87,28.884,0.00480996,4526.1,3456.94,278.396,13.9198,90.0784,963.54,920.023,0,0,26.762,151.769,1288.13,1339.14,0.196074,0.388668,7.39397,0.0320848,0.00775075,0.357709,0.297657,0.362326,0.0936263,1.4903,0.157292,0.149552,0.00546663,0.727483,1.17521,4.6,1,0.00059892,18.6792
216000,8688.58,0.530309,29.118,29.136,0.00446721,4530.25,3460.49,279.48,13.974,89.7888,970.558,919.218,0,0,26.6708,151.206,1291.05,1341.54,0.196274,0.389089,7.38935,0.0321665,0.00777027,0.358699,0.298477,0.362124,0.0938345,1.48943,0.152327,0.145079,0.00539974,0.727075,1.16754,4.2,0.4,0.000230362,18.6687
216500,8688.68,0.530315,29.004,28.966,0.00515758,4530.09,3461.34,273.976,13.6988,87.749,966.859,918.992,0,0,26.6934,151.506,1294.18,1344.28,0.196449,0.389349,7.39471,0.0315314,0.00778372,0.359004,0.297741,0.362292,0.093853,1.48967,0.158479,0.150584,0.00544879,0.726141,1.17652,4.8,0.8,0.00048357,18.6709
217000,8676.78,0.529589,28.954,28.932,0.00449293,4525.85,3457.61,271.732,13.5866,86.4092,966.708,917.475,0,0,26.6856,151.088,1297.21,1346.88,0.196608,0.389646,7.40123,0.0313173,0.00778834,0.359659,0.297316,0.363897,0.0936331,1.49039,0.156957,0.149986,0.00546469,0.724986,1.1718,4.2,0.4,0.000230256,18.667
217500,8675.6,0.529517,28.966,29,0.0050773,4524.87,3460.26,272.941,13.647,85.4094,964.612,919.349,0,0,26.7258,151.248,1300.44,1350.68,0.1968,0.389896,7.40524,0.0314602,0.00779948,0.360275,0.297894,0.36479,0.0939028,1.49023,0.151319,0.144638,0.00538676,0.7244,1.16758,5.2,1,0.000622668,18.6584
218000,8657.78,0.528429,28.848,28.956,0.00540335,4519.04,3454.96,271.308,13.5654,84.613,967.933,916.177,0,0,26.6999,151.416,1303.5,1353.86,0.197204,0.390689,7.41452,0.0313368,0.00781528,0.361245,0.298378,0.364762,0.0955071,1.49139,0.155188,0.14819,0.00552722,0.724383,1.17119,4.4,0.4,0.000231254,18.6529
218500,8656.8,0.528369,29.008,28.892,0.00523788,4518.88,3454.53,269.258,13.4629,83.8794,965.052,915.939,0,0,26.7041,151.205,1306.81,1357.36,0.197194,0.39058,7.41388,0.0311036,0.00782513,0.361997,0.29774,0.364997,0.0954062,1.49135,0.159015,0.150313,0.00567126,0.7238,1.17955,5.6,1.6,0.000992948,18.6418
219000,8690.14,0.530404,28.962,28.916,0.00570098,4529.91,3466.75,270.816,13.5408,82.3049,966.492,915.773,0,0,26.6109,151.51,1310.2,1360.78,0.197656,0.391418,7.41745,0.0311632,0.00783906,0.362369,0.298454,0.364167,0.0959283,1.48944,0.162101,0.154264,0.00573169,0.723447,1.1772,4.4,0.8,0.000459983,18.67
219500,8686,0.530151,29.042,29.116,0.00569993,4528.47,3467.42,269.326,13.4663,82.6751,966.117,915.873,0,0,26.6277,151.217,1313.49,1364.52,0.198023,0.392268,7.41623,0.0310068,0.00784662,0.362128,0.298997,0.363764,0.0961155,1.48971,0.161304,0.153717,0.0056635,0.723243,1.17971,5,0.8,0.000506921,18.6703
220000,8665.26,0.528885,29.032,28.974,0.0049943,4521.74,3464.08,263.546,13.1773,81.705,964.542,916.33,0,0,26.681,151.284,1316.48,1367.08,0.198364,0.392947,7.42586,0.0304144,0.0078616,0.362055,0.298567,0.363375,0.0958769,1.49112,0.154642,0.147239,0.00552794,0.722508,1.16862,5.2,0.8,0.00053093,16.5457
220500,8673.24,0.529373,28.93,28.928,0.00549912,4524.6,3464.5,263.054,13.1527,81.3563,964.299,915.239,0,0,26.6238,151.056,1319.1,1369.28,0.198123,0.39239,7.42771,0.0303296,0.00784941,0.363241,0.299657,0.363496,0.0958408,1.49049,0.153928,0.14642,0.00539575,0.721993,1.17127,5.6,1.6,0.00101408,18.0481
221000,8684.44,0.530056,29.106,29.142,0.00510899,4528.26,3468.88,260.84,13.042,81.5623,969.764,916.466,0,0,26.6271,151.447,1322.08,1372.02,0.19814,0.392382,7.4288,0.0300352,0.00786528,0.363351,0.299847,0.362879,0.0966294,1.48988,0.153593,0.146355,0.00538827,0.721541,1.1701,4.4,0.6,0.000345582,18.8784
221500,8667.02,0.528993,28.748,28.788,0.00500892,4521.92,3467.33,260.713,13.0357,81.9611,955.372,917.879,0,0,26.7006,151.537,1325.15,1374.46,0.198482,0.393034,7.43444,0.0300811,0.00787611,0.364098,0.299826,0.363478,0.0974449,1.49074,0.148098,0.141978,0.00528776,0.720988,1.16056,4.2,0.2,0.000115821,18.8393
222000,8672.84,0.529348,28.926,28.868,0.00456507,4524.41,3465.46,261.601,13.08,81.0364,959.824,916.452,0,0,26.6574,151.309,1328.13,1377.46,0.198052,0.392357,7.43504,0.0301631,0.00786789,0.364767,0.300043,0.36357,0.096911,1.49057,0.151952,0.145829,0.00532188,0.72066,1.16353,4.8,1,0.000576184,18.8247
222500,8685.6,0.530127,29.152,29.158,0.00551332,4528.61,3468.91,259.981,12.9991,82.5651,967.651,917.552,0,0,26.6546,151.37,1331.28,1380.92,0.197714,0.391693,7.43624,0.0299326,0.00786133,0.365033,0.298388,0.362637,0.0960385,1.48971,0.155584,0.14846,0.00535441,0.720924,1.17042,4.6,1.4,0.000806786,18.864
223000,8664.32,0.528828,28.904,28.956,0.00505138,4522.22,3464.25,256.475,12.8238,82.0715,965.399,917.293,0,0,26.7147,151.429,1334.38,1383.42,0.197984,0.392293,7.43597,0.0296012,0.00786188,0.365654,0.299132,0.363036,0.0963639,1.49104,0.156261,0.148888,0.00540545,0.720826,1.1747,4.6,0.8,0.000461949,18.8788
223500,8670.5,0.529205,28.924,28.89,0.00508318,4523.34,3465.98,259.222,12.9611,82.8625,959.671,918.364,0,0,26.7361,151.62,1337.42,1386.06,0.19787,0.3921,7.43439,0.0298969,0.00786804,0.365936,0.299659,0.362551,0.0972254,1.49066,0.156982,0.149716,0.00538363,0.719986,1.17153,5,1.2,0.000715017,18.8453
224000,8667.68,0.529033,28.924,28.954,0.00505411,4523.03,3463.18,256.949,12.8474,83.0424,965.337,916.281,0,0,26.6777,151.321,1340.37,1389.34,0.197839,0.39205,7.43546,0.029644,0.00787078,0.366283,0.29966,0.362439,0.0967215,1.49086,0.155779,0.148474,0.00530549,0.71953,1.17323,4.6,1.2,0.000692802,18.837
224500,8665.12,0.528877,28.904,28.888,0.00534184,4522.4,3465.69,252.061,12.603,83.0087,960.406,917.987,0,0,26.7355,151.685,1343.63,1391.64,0.19815,0.392716,7.43835,0.0290884,0.00787985,0.366755,0.299682,0.362383,0.0966655,1.49134,0.156264,0.148434,0.00541002,0.719304,1.17511,4,0,0,18.8364
225000,8665.06,0.528873,28.964,28.98,0.00526496,4521.99,3466.7,250.245,12.5122,81.8388,964.06,916.69,0,0,26.7039,151.18,1346.91,1395.08,0.198484,0.393452,7.43947,0.02888,0.00790236,0.366899,0.299245,0.361994,0.0962479,1.49098,0.158565,0.150858,0.00538748,0.719128,1.17562,4.4,0.4,0.000230747,18.8734
225500,8644.7,0.527631,28.784,28.78,0.00479832,4515.64,3460.16,247.099,12.3549,80.7427,958.646,915.311,0,0,26.7184,151.393,1349.81,1398.34,0.198596,0.393636,7.44338,0.0285837,0.0079146,0.367641,0.298416,0.361875,0.096425,1.49249,0.156423,0.149087,0.00529271,0.719498,1.1734,5,1,0.000624588,18.8488
226000,8684.98,0.530089,29.064,29.002,0.0048906,4528.32,3471.59,250.25,12.5125,80.0534,965.157,917.13,0,0,26.6586,151.339,1352.58,1400.42,0.198328,0.393283,7.43739,0.0288141,0.00791537,0.367323,0.299705,0.362149,0.0967737,1.48989,0.157887,0.150628,0.00533598,0.719154,1.17411,4.8,0.8,0.000460499,18.8597
226500,8670.92,0.529231,28.974,29.07,0.00545082,4523.69,3469.21,249.726,12.4863,79.8551,963.666,917.917,0,0,26.7263,151.352,1355.63,1402.86,0.198355,0.393188,7.44044,0.0288005,0.00792221,0.367026,0.3012,0.362078,0.0967054,1.49046,0.159681,0.151688,0.00539657,0.719124,1.17611,4.4,0.8,0.000461162,18.8458
227000,8650.28,0.527971,28.844,28.81,0.00492224,4516.5,3461.88,250.499,12.5249,79.0122,961.447,916.185,0,0,26.7389,151.295,1358.71,1405.8,0.198652,0.393643,7.44111,0.0289583,0.00791534,0.368456,0.300787,0.362751,0.0965886,1.49223,0.157183,0.149375,0.00533798,0.719913,1.17381,4.6,0.6,0.000346929,18.8422
227500,8654.24,0.528213,28.9,28.92,0.00494504,4518.67,3467.49,245.745,12.2872,78.2866,963.326,915.884,0,0,26.6972,151.628,1361.7,1407.96,0.199284,0.394769,7.45202,0.0283958,0.00792102,0.368856,0.299123,0.36316,0.0973968,1.49188,0.152462,0.145522,0.00517074,0.720091,1.17035,5,1.2,0.000740314,18.8371
228000,8646.36,0.527732,28.814,28.778,0.00522098,4516.27,3467.92,246.429,12.3214,77.5628,957.161,915.827,0,0,26.734,151.361,1364.79,1410.26,0.199767,0.395835,7.45616,0.0285005,0.00794193,0.369337,0.297899,0.363201,0.0978252,1.49236,0.154987,0.148045,0.00512249,0.719938,1.16947,5.2,2,0.00120403,18.8583
228500,8638.46,0.52725,28.822,28.928,0.00449839,4513.55,3463.98,244.454,12.2227,78.3886,957.573,916.072,0,0,26.7548,151.381,1367.81,1413.52,0.199369,0.395123,7.45705,0.0282991,0.00794858,0.370238,0.297847,0.363445,0.0978389,1.49284,0.152673,0.146123,0.0051289,0.719495,1.16683,4.6,1,0.000578974,18.8775
229000,8629.44,0.526699,28.95,28.906,0.00544313,4510.14,3456.96,246.665,12.3333,78.8589,963.391,913.87,0,0,26.7246,150.916,1370.82,1416.92,0.199031,0.394297,7.45174,0.0285842,0.00795835,0.370518,0.299298,0.363799,0.0976671,1.49322,0.156768,0.149405,0.00520721,0.719008,1.1725,4.8,0.8,0.000486327,18.8498
229500,8634.18,0.526989,28.798,28.806,0.00430328,4512.12,3458.52,244.535,12.2268,80.3777,960.083,917.247,0,0,26.8172,151.442,1373.7,1420.04,0.198408,0.393138,7.4533,0.0283218,0.00795623,0.3715,0.299633,0.364725,0.0972803,1.49314,0.157097,0.150354,0.00530441,0.71948,1.17292,4.6,0.4,0.000254772,18.8688
230000,8630.36,0.526755,28.884,28.88,0.00508551,4510.55,3455.72,243.546,12.1773,81.0658,962.587,917.481,0,0,26.8277,151.295,1376.74,1422.32,0.197952,0.392479,7.45643,0.0282198,0.00797587,0.372356,0.299152,0.364217,0.0965173,1.49309,0.156042,0.148598,0.00522467,0.720278,1.17437,4.8,0.8,0.000486025,18.8282
230500,8621.3,0.526202,28.814,28.8,0.00545079,4507.79,3449.44,244.267,12.2134,83.0666,961.5,916.02,0,0,26.809,150.907,1379.74,1424.7,0.19756,0.391888,7.45604,0.0283329,0.0079929,0.372732,0.298669,0.36418,0.0971247,1.49378,0.155684,0.148337,0.00517576,0.720404,1.17366,4.8,0.8,0.000486965,18.8463
231000,8643.74,0.527572,28.9,28.93,0.00505533,4515.66,3459.36,246.562,12.3281,82.7326,962.258,919.251,0,0,26.8317,151.403,1382.61,1427.86,0.197461,0.391729,7.46136,0.0285255,0.00800387,0.372383,0.297158,0.363816,0.0974963,1.4925,0.156154,0.148757,0.00523719,0.720477,1.17552,5,1.8,0.00106514,18.8414
231500,8661.36,0.528647,28.888,28.81,0.00467581,4519.9,3461.47,248.243,12.4121,83.6471,960.196,920.094,0,0,26.8206,151.5,1385.74,1431,0.196849,0.390639,7.46201,0.0286609,0.00800272,0.372255,0.29789,0.364693,0.0979569,1.49129,0.159138,0.152234,0.00530974,0.720061,1.17437,4.6,0.6,0.000369157,18.8331
232000,8649.86,0.527946,28.806,28.816,0.00435733,4516.99,3457.78,244.241,12.2121,82.7458,961.178,919.754,0,0,26.8446,151.226,1388.84,1435.22,0.196676,0.390397,7.46638,0.0282367,0.00801468,0.373162,0.298156,0.365388,0.0980708,1.49195,0.158137,0.151003,0.00528887,0.720472,1.17423,4.2,0.2,0.000115487,18.869
232500,8654.06,0.528202,28.914,28.986,0.00535787,4519.19,3456.99,247.333,12.3666,83.8736,966.445,919.685,0,0,26.8374,151.227,1392.16,1438.2,0.196276,0.389725,7.46466,0.0285796,0.00801927,0.373996,0.29837,0.365471,0.0983932,1.49182,0.160976,0.153394,0.00546387,0.720406,1.18069,5,1.4,0.000855053,18.8486
233000,8635.12,0.527046,28.938,28.886,0.00533974,4511.75,3452.7,246.624,12.3312,85.6202,963.143,921.502,0,0,26.9304,151.504,1395.26,1440.94,0.19615,0.389557,7.47282,0.0285605,0.00801368,0.375461,0.298848,0.365684,0.0978465,1.49288,0.154179,0.146558,0.00526833,0.721417,1.17157,5.2,1.6,0.000950087,18.8672
233500,8653.38,0.52816,28.834,28.816,0.00528828,4517.96,3458.02,244.66,12.233,83.718,960.763,920.62,0,0,26.8615,151.352,1398.24,1444.76,0.19622,0.389734,7.47631,0.0282733,0.00802805,0.375274,0.298466,0.365758,0.0969971,1.4917,0.158035,0.149942,0.00524415,0.720931,1.17424,4.6,1,0.000577541,18.8646
234000,8645.34,0.52767,28.948,28.986,0.00513429,4515.47,3456.6,246.889,12.3444,84.9664,965.87,919.996,0,0,26.8769,151.438,1401.29,1448.42,0.196351,0.389892,7.48235,0.0285574,0.00802797,0.375047,0.298899,0.366343,0.0963236,1.49217,0.161908,0.153758,0.0055621,0.720406,1.18222,4.8,1.2,0.000693015,18.869
234500,8647.06,0.527775,28.926,28.884,0.00528214,4515.28,3454.51,243.691,12.1846,85.4667,962.594,919.262,0,0,26.857,151.325,1404.4,1451.92,0.196016,0.389297,7.4877,0.0281819,0.00802111,0.375476,0.299443,0.36616,0.0957068,1.49221,0.163415,0.156004,0.00551068,0.720665,1.17924,4.8,1,0.000601852,18.8551
235000,8651.68,0.528057,28.818,28.826,0.00526614,4517.7,3456.73,243.057,12.1529,86.3503,958.394,920.735,0,0,26.8911,151.055,1407.32,1454.72,0.195828,0.389018,7.48815,0.0280937,0.00800955,0.376154,0.299662,0.366,0.0953518,1.49194,0.163391,0.155965,0.00548098,0.720773,1.18128,4.6,1.2,0.000693817,18.8665
235500,8674.14,0.529427,29.162,29.104,0.00446867,4524.29,3460.29,246.063,12.3031,86.774,969.136,921.295,0,0,26.8473,151.121,1410.36,1457.12,0.195208,0.388195,7.48555,0.0283672,0.00801301,0.375213,0.299911,0.366015,0.0953443,1.49039,0.167147,0.157882,0.00568833,0.720709,1.18796,5.6,1.6,0.00101473,18.8283
236000,8685.92,0.530146,28.998,29.002,0.00509372,4528.52,3464.28,244.974,12.2487,86.3603,963.829,922.752,0,0,26.87,151.27,1413.23,1460.5,0.194974,0.387741,7.48442,0.0282032,0.00800486,0.376103,0.299406,0.366091,0.0952409,1.48962,0.17198,0.163175,0.00582126,0.720472,1.19238,4.2,0.2,0.000114903,18.8136
236500,8661.08,0.52863,28.86,28.896,0.00472495,4520.44,3456.6,245.053,12.2526,87.5757,963.177,920.835,0,0,26.8807,151.199,1416.09,1464.06,0.195194,0.388104,7.48757,0.0282936,0.00800473,0.377279,0.299459,0.366205,0.0954344,1.4911,0.169624,0.161372,0.00569294,0.720488,1.19097,5.2,1,0.00064659,18.8403
237000,8668.64,0.529092,29.022,29.022,0.00473841,4523.01,3460.17,247.219,12.361,86.9603,963.905,922.761,0,0,26.877,151.335,1418.8,1466.88,0.195288,0.388139,7.48475,0.0285188,0.00799499,0.378521,0.300227,0.366542,0.0946107,1.49086,0.159199,0.151456,0.00539213,0.720577,1.17565,4.6,1,0.000599424,18.8528
237500,8669.44,0.529141,28.864,28.874,0.00460608,4523.87,3463.57,242.451,12.1226,86.3552,963.141,921.843,0,0,26.8543,151.631,1421.74,1470.28,0.195851,0.389144,7.49121,0.0279661,0.00799142,0.378924,0.299705,0.366873,0.0942636,1.49076,0.162935,0.154773,0.00544713,0.720794,1.18336,5.4,1.8,0.00110774,18.8713
238000,8661.42,0.528651,28.966,28.972,0.0050708,4521.2,3458.14,247.216,12.3608,85.329,967.737,922.237,0,0,26.9019,151.33,1424.8,1472,0.195248,0.387939,7.48568,0.0285423,0.00799337,0.379766,0.300886,0.367218,0.0943198,1.49126,0.166343,0.158012,0.00554917,0.720216,1.18287,4.6,1.2,0.000692614,18.8698
238500,8679.5,0.529755,29.014,28.982,0.00442834,4526.41,3459.86,244.723,12.2362,84.9563,965.577,921.593,0,0,26.83,150.912,1427.38,1475.08,0.194704,0.386948,7.48567,0.0281947,0.00800871,0.380409,0.301541,0.367076,0.0937989,1.48996,0.166833,0.158756,0.00564282,0.71963,1.18741,5.2,1,0.000645297,18.8658
239000,8667.88,0.529045,28.97,29.036,0.00408654,4522.33,3459.82,245.948,12.2974,86.6388,966.736,924.261,0,0,26.9413,151.851,1430.05,1477.86,0.194718,0.386935,7.49581,0.0283748,0.00800591,0.381124,0.302025,0.36707,0.093613,1.4906,0.164533,0.156008,0.00558027,0.719379,1.18256,5,1.4,0.000831732,18.8339
239500,8681.14,0.529855,28.966,28.872,0.00412237,4527.09,3460.85,250.062,12.5031,86.0486,963.609,922.553,0,0,26.8577,150.911,1433.1,1480.48,0.194535,0.386506,7.49555,0.0288047,0.0079961,0.382084,0.302241,0.367509,0.092863,1.48994,0.165835,0.157763,0.00561466,0.719901,1.18446,4.4,0.4,0.000230774,18.8512
240000,8696.8,0.530811,29.082,29.08,0.00529843,4532.45,3463.82,249.242,12.4621,86.8847,968.481,923.42,0,0,26.8685,151.21,1435.93,1483.8,0.19398,0.385364,7.49185,0.0286596,0.00799572,0.381904,0.303417,0.367471,0.0932142,1.4889,0.176542,0.167693,0.00583166,0.719994,1.19929,4.8,1.2,0.000690595,16.6577
240500,8695.72,0.530745,29.094,29.088,0.00430565,4532.22,3465.18,246.468,12.3234,86.7803,969.43,925.636,0,0,26.9201,151.322,1438.82,1487.34,0.193889,0.385058,7.49697,0.0283431,0.00799383,0.381816,0.304075,0.367086,0.0929391,1.48921,0.172372,0.163053,0.00569197,0.720636,1.19329,5,1,0.00062117,18.223
241000,8689.96,0.530393,28.864,28.858,0.00459748,4530.58,3462.78,243.496,12.1748,86.453,965.728,925.449,0,0,26.9159,151.459,1441.8,1490.06,0.193653,0.384629,7.50388,0.0280204,0.00800566,0.381623,0.303906,0.366388,0.0932945,1.48948,0.168061,0.159538,0.00558843,0.721086,1.18849,5.4,2.2,0.0013104,27.9944
241500,8676,0.529541,29.064,29.064,0.0044585,4525.41,3453.42,247.047,12.3524,89.77,970.839,923.939,0,0,26.9302,151.129,1444.81,1493.18,0.193083,0.383525,7.4982,0.0284749,0.00800861,0.382424,0.304414,0.366583,0.0931518,1.49039,0.172392,0.16482,0.00570492,0.720925,1.18784,4.6,0.6,0.000345808,38.8723
242000,8698.06,0.530887,29.072,29.094,0.00485958,4533.5,3460.97,247.422,12.3711,89.7896,972.022,927.416,0,0,26.9653,151.587,1447.4,1496.5,0.19249,0.382367,7.50041,0.0284457,0.00799906,0.38364,0.305462,0.367846,0.0928193,1.48908,0.174117,0.165368,0.00588105,0.720623,1.19291,4.4,0.6,0.000344947,39.5246
242500,8668.04,0.529055,28.894,28.934,0.00552332,4522.49,3449.48,245.786,12.2893,91.2628,966.684,925.995,0,0,27.0091,151.161,1450.24,1499.08,0.192349,0.382044,7.50112,0.0283556,0.00800571,0.384102,0.305295,0.368545,0.0920226,1.49073,0.16789,0.159478,0.00578085,0.720688,1.18499,4.8,0.8,0.000484272,39.6656
243000,8686.32,0.530171,29.204,29.136,0.00518215,4529.26,3456.39,244.789,12.2395,92.3391,970.969,927.682,0,0,26.9837,151.085,1453.33,1502.2,0.192285,0.381845,7.5003,0.0281809,0.00801748,0.384072,0.305312,0.368915,0.0922583,1.48959,0.167106,0.159067,0.00568181,0.720049,1.1845,4.8,0.6,0.000367989,39.6053
243500,8703.02,0.53119,28.968,28.934,0.00492121,4534.8,3461.87,241.002,12.0501,90.2663,968.608,929.853,0,0,27.0251,151.695,1456.12,1504.26,0.192092,0.38165,7.50195,0.0276919,0.00803633,0.383013,0.304582,0.368817,0.0923567,1.4891,0.171803,0.163715,0.00563816,0.719941,1.19094,4.8,1,0.00059765,39.5541
244000,8713.02,0.531801,29.018,29.026,0.00454192,4538.87,3464.97,239.802,11.9901,90.9524,968.637,932.736,0,0,27.0738,151.564,1459.18,1507.62,0.191435,0.380478,7.50235,0.0275221,0.00805447,0.382675,0.304338,0.369436,0.0914876,1.48825,0.17128,0.162447,0.00562366,0.720285,1.19386,5.2,2,0.00117015,39.1996
244500,8712.36,0.53176,29.15,29.138,0.00594631,4538.07,3461.42,244.216,12.2108,90.2478,972.466,931.754,0,0,27.021,151.124,1462.26,1510.82,0.191125,0.380157,7.49709,0.0280311,0.00806209,0.382799,0.304772,0.36925,0.0914995,1.48821,0.16515,0.156581,0.00550375,0.720333,1.18993,5.8,2.4,0.00146984,39.2887
245000,8734.98,0.533141,29.274,29.22,0.00621614,4545.81,3469.51,239.1,11.955,90.4757,976.789,933.98,0,0,27.028,151.155,1464.98,1514.14,0.191028,0.379983,7.49401,0.0273733,0.00807407,0.383282,0.305686,0.368754,0.0917077,1.48686,0.16881,0.160011,0.00564396,0.721277,1.18892,5.2,1.8,0.00105274,39.5359
245500,8736.8,0.533252,29.126,29.11,0.00625288,4545.85,3470.15,238.286,11.9143,91.1964,970.536,934.385,0,0,27.0507,151.541,1467.85,1517.54,0.190927,0.379829,7.49523,0.0272735,0.00808276,0.38415,0.307426,0.369248,0.0918743,1.4866,0.171701,0.162256,0.0057632,0.721992,1.19372,5.4,1.8,0.00107626,39.4638
246000,8720,0.532227,29.082,29.164,0.00678377,4540.86,3466.33,240.626,12.0313,90.1482,971.791,932.957,0,0,27.0791,151.336,1470.86,1521.32,0.19129,0.380638,7.49658,0.027595,0.00809491,0.383759,0.30777,0.368802,0.0923879,1.48771,0.176044,0.166012,0.00603133,0.722363,1.20034,5.2,2.2,0.00128444,39.5919
246500,8713.4,0.531824,29.164,29.186,0.00614444,4538.63,3462.96,241.538,12.0769,90.806,975.564,932.071,0,0,27.0649,151.253,1473.66,1522.92,0.191296,0.380543,7.49344,0.0277204,0.00809806,0.383868,0.309126,0.368411,0.0926959,1.48824,0.175095,0.165147,0.00589402,0.722512,1.19679,4.8,1.4,0.000803608,39.5643
247000,8728.24,0.532729,29.122,29.046,0.0056472,4543.95,3468.12,241.437,12.0719,90.8893,968.175,933.769,0,0,27.0853,151.655,1476.47,1526.96,0.190959,0.379849,7.50142,0.0276618,0.00812253,0.38422,0.309095,0.366795,0.0930089,1.48731,0.175453,0.166154,0.0059798,0.723251,1.1972,6,1.6,0.00103136,39.7714
247500,8722.3,0.532367,29.05,29.112,0.00491562,4541.02,3466.08,241.207,12.0604,92.392,972.729,934.843,0,0,27.1474,151.795,1479.66,1529.4,0.19075,0.379612,7.50124,0.0276542,0.00814679,0.383264,0.308608,0.365899,0.0934892,1.48777,0.182228,0.172339,0.00615503,0.723749,1.2037,5,1.6,0.000940574,39.7635
248000,8716.8,0.532031,29.11,29.04,0.00599711,4538.81,3462.96,236.167,11.8083,90.3365,970.576,932.205,0,0,27.0891,151.088,1482.56,1531.82,0.19093,0.380063,7.50283,0.0270932,0.00816509,0.383605,0.308512,0.365555,0.0936627,1.48774,0.180062,0.169432,0.00604788,0.723146,1.20586,5.4,2.8,0.00167351,39.5298
248500,8729.22,0.532789,29.228,29.246,0.00506835,4543.42,3467.69,239.724,11.9862,90.7384,974.722,935.64,0,0,27.1217,151.416,1485.05,1534.36,0.190517,0.379277,7.50355,0.0274632,0.00815865,0.384943,0.309451,0.366596,0.09362,1.48718,0.173415,0.164392,0.00570561,0.72275,1.1955,5.2,2,0.00119255,39.4138
249000,8725.44,0.532559,28.954,28.944,0.00545294,4542.12,3466.04,235.409,11.7704,92.0821,968.388,935.255,0,0,27.1316,151.54,1487.98,1537.1,0.190444,0.379058,7.50864,0.0269801,0.00816979,0.384626,0.30836,0.366238,0.0938491,1.48749,0.172978,0.16325,0.00588868,0.722894,1.19335,4.8,1.4,0.000802479,39.4454
249500,8731.36,0.53292,29.376,29.412,0.00511066,4544.13,3469.09,235.317,11.7659,90.8817,980.865,932.889,0,0,27.0492,151.214,1490.88,1539.84,0.19095,0.38,7.51297,0.0269509,0.00818786,0.383831,0.307489,0.365667,0.0941253,1.48687,0.177208,0.166514,0.00597816,0.722928,1.20108,4.8,2,0.00114515,39.5738
250000,8716.56,0.532017,28.904,28.954,0.00623981,4539.88,3468.21,232.346,11.6173,88.3259,965.384,934.471,0,0,27.1501,151.438,1493.9,1542.06,0.191079,0.380262,7.52241,0.0266556,0.00819976,0.382761,0.308074,0.365263,0.0953223,1.48792,0.178511,0.168743,0.00603889,0.722484,1.20075,4.8,0.8,0.000481999,39.5133
250500,8714.06,0.531864,29.258,29.192,0.00480654,4538.88,3463.57,237.516,11.8758,89.9374,974.635,931.566,0,0,27.0822,150.896,1496.77,1544.76,0.191011,0.380248,7.51961,0.027257,0.00819132,0.382857,0.309576,0.365097,0.09501,1.48827,0.180735,0.169532,0.00616786,0.722229,1.20764,5,2,0.00114645,39.4941
251000,8703.54,0.531222,29.102,29.15,0.00522303,4535.62,3462.63,235.879,11.794,89.2909,974.615,931.368,0,0,27.0691,151.326,1499.45,1547.82,0.191307,0.380862,7.52486,0.0271019,0.00819149,0.382809,0.309476,0.365393,0.095523,1.48873,0.173076,0.163191,0.00583967,0.72221,1.19724,5.4,1.8,0.00108018,39.4996
251500,8688.16,0.530283,29.046,29.1,0.00478215,4530.28,3456.99,241.215,12.0607,89.8686,972.771,931.868,0,0,27.1273,151.181,1502.38,1551.34,0.191243,0.380632,7.51651,0.0277638,0.00818648,0.38279,0.310701,0.365888,0.0956106,1.48985,0.17008,0.160441,0.00582494,0.72177,1.1906,5.2,1.8,0.00108202,39.6123
252000,8699.72,0.530989,29.142,29.06,0.00614232,4533.36,3458.44,240.678,12.0339,90.6221,971.449,932.042,0,0,27.1161,151.365,1505.46,1554.84,0.190908,0.379845,7.51322,0.0276652,0.00819115,0.382974,0.311743,0.366827,0.0953134,1.48902,0.173561,0.162882,0.00596863,0.720528,1.20053,5.6,1.4,0.000896664,39.7084
252500,8699.76,0.530991,29.008,29.06,0.00597533,4533.97,3457.62,246.78,12.339,91.4512,972.477,931.358,0,0,27.0825,151.25,1508.39,1557.32,0.190864,0.379757,7.51013,0.0283657,0.00819983,0.383404,0.313004,0.367391,0.095615,1.48897,0.173122,0.163091,0.00583677,0.720432,1.1947,5.2,2.6,0.00153961,39.4849
253000,8706.98,0.531432,29.106,29.046,0.00596425,4535.57,3461.52,239.157,11.9578,91.6478,969.968,933.452,0,0,27.1097,151.425,1511.04,1560.5,0.190866,0.379841,7.50902,0.0274673,0.00819515,0.384031,0.313244,0.36855,0.0955474,1.48825,0.170193,0.160816,0.0058849,0.720562,1.19214,5.2,2,0.00119352,38.4012
253500,8690.44,0.530422,28.908,28.966,0.00563783,4530.23,3454.53,237.219,11.861,91.252,970.611,930.823,0,0,27.104,151.258,1514.09,1564.7,0.19091,0.380005,7.50891,0.0272968,0.00819453,0.384912,0.312608,0.369213,0.0960773,1.48934,0.174247,0.164457,0.00601089,0.720213,1.19673,4.8,2,0.00115022,38.9461
254000,8689.12,0.530342,29.136,29.156,0.00500516,4530.28,3452.9,236.402,11.8201,90.8109,976.986,931.743,0,0,27.1387,151.28,1517.05,1566.18,0.190431,0.379115,7.51094,0.0272073,0.00820395,0.384802,0.31189,0.369383,0.0960385,1.48956,0.178003,0.167502,0.00603997,0.719731,1.20214,5.4,1.8,0.00108215,39.5746
254500,8686.64,0.53019,29.066,29.022,0.00521351,4528.66,3454.94,234.133,11.7066,92.7176,970.095,933.782,0,0,27.2117,151.47,1519.61,1568.36,0.190507,0.37919,7.51774,0.0269535,0.00821513,0.385398,0.311305,0.370189,0.0972926,1.48972,0.179223,0.169005,0.00607613,0.719157,1.20555,5.4,3,0.00179692,39.4215
255000,8693.16,0.530588,29.022,29.008,0.00568493,4531.26,3457.16,237.377,11.8688,91.7515,969.474,932.421,0,0,27.1245,150.901,1522.32,1571.02,0.19084,0.379694,7.51851,0.0273063,0.00821788,0.38556,0.31148,0.37102,0.0972041,1.48931,0.170855,0.162546,0.00570156,0.718631,1.19018,4.4,0.6,0.000344881,37.8044
255500,8691.1,0.530463,29.122,29.174,0.0048865,4531.03,3456.59,236.538,11.8269,93.6081,972.613,932.784,0,0,27.1497,151.344,1525.24,1573.92,0.190733,0.379447,7.51818,0.0272164,0.00822624,0.385206,0.311158,0.370347,0.0977346,1.48955,0.172775,0.163382,0.00578306,0.718253,1.19343,5,1.8,0.00108149,37.1183
256000,8687.62,0.53025,28.886,28.918,0.00611502,4529.23,3454.61,235.287,11.7644,94.8228,964.726,932.206,0,0,27.1446,151.258,1528.19,1576.36,0.190568,0.379083,7.52364,0.027083,0.00823108,0.386375,0.31111,0.370094,0.0973248,1.48952,0.172227,0.162517,0.00577652,0.718681,1.19347,5.2,2.2,0.00131063,38.5361
256500,8702.9,0.531183,29.076,29,0.00541092,4535.41,3460.53,236.599,11.8299,90.6549,968.733,932.861,0,0,27.1055,151.227,1530.95,1579.28,0.190748,0.379365,7.52166,0.0271867,0.00822366,0.387552,0.310556,0.370715,0.0964089,1.48878,0.169376,0.16045,0.00571876,0.718405,1.18775,4.8,1.8,0.0010335,39.4963
257000,8696.12,0.530769,29.058,29.058,0.00458761,4532.67,3459.63,232.933,11.6466,91.1174,973.879,934.337,0,0,27.1544,151.594,1533.71,1582.82,0.190669,0.379091,7.52527,0.0267857,0.00821467,0.3878,0.309884,0.371358,0.0962915,1.48923,0.167764,0.15902,0.00552132,0.716887,1.18694,4.4,1,0.000574951,39.3051
257500,8700.86,0.531058,29.024,29.072,0.0043085,4534.49,3456.5,236.242,11.8121,91.6605,973.162,932.186,0,0,27.101,151.233,1536.37,1586.42,0.190269,0.378212,7.51836,0.0271513,0.0082086,0.38864,0.309051,0.371839,0.0958617,1.48902,0.174241,0.164267,0.00577402,0.71643,1.19871,5.4,2,0.00121803,39.6273
258000,8703.46,0.531217,29.088,29.04,0.00484144,4535.16,3457.32,235.895,11.7947,93.8769,972.969,932.411,0,0,27.1108,151.443,1539.27,1590.46,0.190262,0.378119,7.5202,0.0271036,0.00821074,0.389306,0.308522,0.372079,0.0951483,1.489,0.176987,0.166573,0.00594008,0.71667,1.20366,5.4,2.2,0.00133305,39.661
258500,8702.24,0.531143,29.054,29.066,0.00486049,4534.67,3457.09,238.982,11.9491,93.5134,972.563,933.847,0,0,27.1285,151.437,1541.99,1593.76,0.189947,0.377595,7.52589,0.0274622,0.00821523,0.38925,0.308058,0.371809,0.0954023,1.48884,0.166709,0.157529,0.00554474,0.716087,1.18863,5.8,2.4,0.00149353,39.5004
259000,8688.12,0.530281,28.94,28.942,0.00421812,4530.22,3449.94,235.354,11.7677,94.1453,967.882,933.594,0,0,27.2174,151.41,1544.93,1596.68,0.189254,0.376243,7.53015,0.0270893,0.00821563,0.388892,0.30747,0.371705,0.0953134,1.48987,0.180371,0.169126,0.00605832,0.715723,1.20982,5.8,2.6,0.00158688,39.5476
259500,8707.36,0.531455,29.266,29.216,0.00503447,4536.72,3458.8,229.825,11.4913,94.7255,977.904,934.481,0,0,27.1495,150.939,1548.09,1599.42,0.189703,0.377337,7.53491,0.0263945,0.00822859,0.3881,0.307346,0.371409,0.0960017,1.48872,0.173642,0.163701,0.00589334,0.715381,1.19769,5.2,2,0.00117022,39.4769
260000,8712.06,0.531742,28.976,29.032,0.00503891,4537.85,3461.79,229.093,11.4546,93.07,971.234,934.501,0,0,27.1688,151.819,1551.16,1600.72,0.189892,0.377805,7.53625,0.0262953,0.00823949,0.388111,0.307638,0.370878,0.096687,1.48821,0.181468,0.170528,0.00634174,0.715235,1.20755,5.6,2.6,0.00158488,33.5884
260500,8699.58,0.53098,29.018,28.974,0.00534618,4533.84,3456.4,225.269,11.2635,91.2653,972.093,934.438,0,0,27.1994,151.174,1554.25,1603.32,0.189569,0.377125,7.53717,0.0258941,0.00824325,0.38788,0.309654,0.370769,0.0957468,1.48899,0.178264,0.167986,0.00596325,0.714555,1.20355,5,2,0.00114986,36.9171
261000,8714.44,0.531887,29.258,29.262,0.00574766,4539,3462.56,229.087,11.4543,93.5077,977.096,936.863,0,0,27.21,151.379,1557.47,1606.6,0.189449,0.377109,7.53781,0.0262885,0.00825386,0.387209,0.309468,0.371022,0.09531,1.48814,0.176404,0.165805,0.00604804,0.714305,1.20315,5.6,1.4,0.000895863,39.4696
261500,8707.22,0.531447,29.062,29.044,0.00588818,4536.48,3457.66,226.412,11.3206,92.4268,970.552,937.658,0,0,27.2364,151.022,1560.19,1609.12,0.18883,0.376058,7.53706,0.0260021,0.00824167,0.388295,0.310866,0.371621,0.0948019,1.48856,0.170786,0.161278,0.00576842,0.714485,1.19221,5.2,2,0.00117055,39.6316
262000,8712.82,0.531788,29.11,29.17,0.00606011,4538.42,3457.95,229.272,11.4636,94.639,973.89,936.474,0,0,27.173,151.159,1563.11,1611.22,0.188894,0.376244,7.53487,0.0263143,0.00824364,0.38925,0.310351,0.372593,0.0952482,1.48816,0.166597,0.157319,0.00574503,0.714459,1.18928,5,2,0.00116994,39.6406
262500,8715.84,0.531973,29.148,29.1,0.00625072,4539.66,3459.62,226.411,11.3205,92.5967,975.44,938.922,0,0,27.2494,151.204,1566.07,1613.84,0.188516,0.375549,7.53539,0.0259768,0.00823769,0.389465,0.309908,0.37305,0.0949692,1.48809,0.173669,0.164121,0.00583772,0.713686,1.19433,4.8,0.6,0.000366725,39.6685
263000,8748.58,0.533971,29.246,29.214,0.00576046,4550.05,3467.39,229.682,11.4841,95.2578,978.252,940.606,0,0,27.1927,151.416,1568.94,1616.08,0.187983,0.374555,7.52939,0.026253,0.00822703,0.39018,0.311638,0.373486,0.0956929,1.48597,0.174153,0.164531,0.00602363,0.712151,1.19537,4.8,1.6,0.00091447,39.5028
263500,8726.9,0.532648,29.172,29.234,0.00596147,4543.56,3461.69,226.124,11.3062,91.705,977.932,938.272,0,0,27.2154,151.233,1571.73,1619.78,0.18842,0.375297,7.53088,0.0259114,0.00823306,0.390856,0.311873,0.374824,0.0959442,1.48731,0.177652,0.167489,0.00608004,0.712244,1.20108,5.2,2,0.0011701,39.4811
264000,8728.16,0.532725,29.202,29.114,0.00622913,4543.18,3462.66,228.422,11.4211,93.3475,974.889,940.585,0,0,27.275,151.445,1574.47,1624.06,0.188229,0.374997,7.53028,0.0261705,0.00823649,0.390931,0.312562,0.375595,0.096544,1.48731,0.17688,0.166877,0.00597841,0.712063,1.19986,5.2,1.4,0.000825161,39.6348
264500,8707.26,0.531449,29.044,29.128,0.00609594,4536.15,3458.84,224.538,11.2269,92.053,975.265,939.477,0,0,27.2781,151.217,1576.84,1627.74,0.188838,0.376193,7.52971,0.0257877,0.0082283,0.391876,0.312316,0.376294,0.0960135,1.48848,0.171893,0.161798,0.00582804,0.713156,1.19351,5.4,2.2,0.00130983,39.5894
265000,8713.82,0.531849,29.154,29.126,0.00581281,4538.36,3461.87,224.865,11.2433,88.4199,975.838,938.86,0,0,27.2364,151.211,1579.42,1630.1,0.189215,0.376896,7.52732,0.0258055,0.00822745,0.393234,0.312699,0.377063,0.09552,1.488,0.169628,0.160188,0.00569227,0.714175,1.19375,5.8,1.8,0.00112437,39.3954
265500,8714.52,0.531892,29.034,29.05,0.00556368,4538.77,3463.91,226.678,11.3339,90.6154,971.291,939.774,0,0,27.2615,151.332,1582.09,1632.42,0.189396,0.377226,7.52768,0.0260113,0.0082162,0.394632,0.313706,0.377582,0.0953834,1.48808,0.169001,0.160103,0.00578831,0.71432,1.18773,5,1.2,0.000733614,39.4845
266000,8723.82,0.53246,29.154,29.162,0.00522508,4542.07,3465.27,227.083,11.3541,89.7174,978.708,938.452,0,0,27.1587,151.515,1584.67,1634.84,0.189562,0.377581,7.52031,0.0260305,0.00821516,0.396137,0.314836,0.378896,0.0955876,1.48753,0.16031,0.151694,0.00546154,0.715082,1.1821,5,1.2,0.000712034,39.6481
266500,8732.74,0.533004,29.084,29.04,0.00690982,4545.17,3467.99,222.914,11.1457,87.9682,972.428,937.991,0,0,27.1782,151.115,1587.29,1638.36,0.189472,0.377596,7.52326,0.0255261,0.00822003,0.39648,0.315223,0.379304,0.0959301,1.48693,0.176078,0.16628,0.00590971,0.715307,1.19994,5.6,1.8,0.0010987,39.7068
267000,8722.18,0.53236,29.296,29.352,0.00631642,4541.12,3463.13,219.348,10.9674,89.8392,983.939,938.207,0,0,27.1631,151.433,1589.89,1640.28,0.189196,0.377108,7.52351,0.0251487,0.00822144,0.396096,0.315292,0.37917,0.0955579,1.4875,0.162843,0.154637,0.00529806,0.715757,1.17976,4.6,1,0.00057341,39.5783
267500,8745.02,0.533754,29.088,28.972,0.00573069,4549.13,3471.11,216.564,10.8282,89.397,971.707,942.924,0,0,27.2036,151.408,1592.57,1642.36,0.188596,0.376024,7.52614,0.024764,0.00822951,0.395969,0.316728,0.37933,0.0953271,1.48614,0.154633,0.147437,0.0051805,0.715913,1.17173,5,1.2,0.000708456,39.432
268000,8726.72,0.532637,29.198,29.282,0.00590972,4542.65,3462.6,220.662,11.0331,88.359,980.808,941.137,0,0,27.2358,151.197,1595.27,1646.48,0.188359,0.375599,7.52477,0.0252853,0.00823106,0.397118,0.318354,0.38,0.0955631,1.48735,0.161743,0.153219,0.00546603,0.716802,1.18314,4.8,1.4,0.000823776,39.4542
268500,8728.08,0.53272,29.226,29.232,0.00515152,4543.86,3462.45,215.512,10.7756,89.5082,983.474,942.522,0,0,27.2789,151.242,1597.88,1649.44,0.187922,0.374735,7.52621,0.0246918,0.00824281,0.396806,0.318461,0.380399,0.0956954,1.48743,0.163468,0.155184,0.00535135,0.71539,1.18166,5.2,1.6,0.000961951,39.6542
269000,8748.62,0.533973,29.126,29.056,0.00446866,4550.26,3470.46,212.706,10.6353,87.849,977.108,945.284,0,0,27.3089,151.517,1600.59,1652.04,0.187692,0.37446,7.53288,0.0243137,0.00825134,0.396131,0.318755,0.380141,0.0962965,1.48605,0.164325,0.15587,0.00545245,0.714616,1.18334,4.6,0.4,0.000251652,39.6395
269500,8751.32,0.534138,29.218,29.196,0.00509257,4551.46,3471.82,216.865,10.8432,89.7977,979.684,945.352,0,0,27.2812,151.507,1603.41,1654.04,0.187774,0.374525,7.53629,0.0247811,0.0082375,0.396624,0.318805,0.380932,0.0957899,1.48608,0.161868,0.153554,0.00538221,0.714014,1.18061,5,1.2,0.000708129,39.6092
270000,8751.24,0.534133,29.346,29.274,0.00604659,4551.34,3470.16,212.432,10.6216,87.2606,987.332,944.961,0,0,27.2634,151.263,1606.27,1657.6,0.187659,0.374273,7.53005,0.0242737,0.00822458,0.397866,0.319618,0.381726,0.095307,1.4861,0.160944,0.152919,0.00525175,0.714325,1.177,4.6,1,0.000593483,39.3094
270500,8762.26,0.534806,29.172,29.308,0.00492149,4554.44,3471.13,216.974,10.8487,89.2467,980.053,947.09,0,0,27.2941,151.375,1608.78,1661.22,0.186984,0.37287,7.52407,0.024762,0.00821294,0.400585,0.320433,0.382711,0.0945481,1.48523,0.156994,0.148761,0.0051884,0.713873,1.1758,4.4,0.8,0.00045725,39.5658
271000,8750.66,0.534098,29.314,29.232,0.00529441,4551.64,3465.19,218.679,10.9339,90.9213,985.847,944.501,0,0,27.2636,151.289,1611.94,1665.44,0.186838,0.372727,7.52231,0.0249901,0.00821071,0.400332,0.321167,0.381737,0.0938895,1.486,0.164957,0.156016,0.00544328,0.713737,1.18617,5.4,2.2,0.00130338,39.6558
271500,8763.58,0.534886,29.186,29.17,0.00545988,4555.49,3468.46,214.048,10.7024,91.591,982.851,946.994,0,0,27.3085,151.193,1614.88,1669.36,0.186249,0.371707,7.52188,0.0244247,0.00820188,0.40034,0.322946,0.380581,0.0930526,1.48498,0.167242,0.157652,0.00555943,0.714679,1.19151,5,1.2,0.000707441,39.4187
272000,8764.46,0.53494,29.272,29.356,0.00594561,4555.21,3469.44,215.615,10.7808,92.5759,984.239,948.709,0,0,27.3217,151.602,1617.74,1673.18,0.186236,0.371687,7.5226,0.0246017,0.00820318,0.40131,0.324308,0.380542,0.0934244,1.48493,0.155047,0.146903,0.00521005,0.71487,1.17107,4.6,0.6,0.000341829,39.5706
272500,8759.92,0.534663,29.168,29.08,0.00526432,4553.84,3466.81,215.334,10.7667,92.3702,978.936,948.735,0,0,27.3424,151.304,1620.63,1676.62,0.186001,0.371256,7.52278,0.0245823,0.00821245,0.400991,0.324722,0.380522,0.0931904,1.48525,0.15535,0.147113,0.0052027,0.714587,1.17415,4.8,1,0.000570479,39.4681
273000,8769.64,0.535256,29.392,29.438,0.00456575,4557.89,3469.53,214.743,10.7371,92.2363,988.655,948.312,0,0,27.3081,151.333,1623.72,1680.08,0.185964,0.371291,7.52567,0.0244869,0.00821199,0.400115,0.325822,0.379946,0.0924424,1.48482,0.157191,0.148663,0.00522053,0.713997,1.17772,5.4,2,0.00118616,39.4586
273500,8770.06,0.535282,29.202,29.218,0.00505745,4557.26,3470.49,213.484,10.6742,90.1504,985.631,948.779,0,0,27.3113,151.497,1626.45,1683.56,0.186106,0.371581,7.52741,0.0243419,0.00820934,0.400165,0.32671,0.379569,0.0932333,1.48483,0.155081,0.146739,0.00512483,0.714734,1.17641,5.2,1.2,0.000752569,39.6325
274000,8763.76,0.534897,29.394,29.372,0.00448457,4554.92,3464.34,216.502,10.8251,91.8751,989.238,947.608,0,0,27.3102,151.257,1628.99,1686.44,0.185489,0.370449,7.52468,0.0247043,0.0082155,0.400044,0.327383,0.378693,0.0926939,1.48498,0.15918,0.150398,0.00545056,0.714245,1.1778,4.8,1.2,0.000684893,39.4147
274500,8782.38,0.536034,29.37,29.274,0.00547865,4561.26,3471.78,220.519,11.0259,92.5517,984.82,952.408,0,0,27.3965,151.397,1631.77,1688.9,0.185063,0.369623,7.51914,0.0251089,0.00821318,0.401308,0.328363,0.379921,0.0927788,1.48393,0.161794,0.153057,0.00535795,0.714696,1.18173,4.8,1.4,0.000797684,39.3264
275000,8803.16,0.537302,29.246,29.296,0.00533532,4568.92,3477.88,215.003,10.7501,92.7001,984.849,951.503,0,0,27.3008,151.407,1634.67,1692.92,0.185183,0.37001,7.52105,0.0244232,0.00821825,0.401463,0.328381,0.379445,0.0931621,1.48267,0.159774,0.150282,0.00531958,0.714874,1.1834,5,2,0.00115825,39.4561
275500,8805.88,0.537468,29.528,29.488,0.00447824,4570.1,3475.94,218.511,10.9255,93.5784,990.159,950.991,0,0,27.2738,151.093,1637.72,1696.76,0.184795,0.369182,7.51912,0.0248143,0.00823314,0.402414,0.329575,0.379264,0.0930826,1.48271,0.161109,0.152531,0.00545737,0.714478,1.18103,4.8,0.8,0.000454148,39.7825
276000,8794.14,0.536752,29.306,29.314,0.00536473,4565.63,3471.92,217.1,10.855,95.6219,985.46,953.912,0,0,27.4177,151.448,1640.3,1699.74,0.184043,0.367742,7.52703,0.0246866,0.00823375,0.404534,0.331925,0.379223,0.0930454,1.48346,0.164766,0.155498,0.00553401,0.71382,1.18608,5.4,2.6,0.00152223,39.701
276500,8803.5,0.537323,29.3,29.302,0.0046648,4569.34,3472.94,217.13,10.8565,97.0956,987.278,955.943,0,0,27.4279,151.691,1642.56,1703.12,0.183323,0.366208,7.52671,0.0246638,0.00823618,0.406753,0.332669,0.379444,0.0930775,1.48286,0.160242,0.15178,0.00542535,0.713281,1.18203,5.4,1.8,0.00106852,39.4129
277000,8805.52,0.537446,29.524,29.54,0.0040563,4569.65,3467.06,215.417,10.7709,98.2159,997.457,955.281,0,0,27.4165,151.148,1645.04,1705.34,0.182232,0.364123,7.5278,0.0244642,0.00823294,0.407253,0.333163,0.380005,0.0931675,1.48277,0.165727,0.156245,0.0055084,0.712525,1.18888,5.6,2.8,0.00167963,39.1389
277500,8805.96,0.537473,29.35,29.304,0.00486942,4569.87,3470.59,213.698,10.6849,97.3688,986.775,958.286,0,0,27.4644,151.424,1648.23,1708.74,0.182232,0.364112,7.53288,0.0242676,0.00822808,0.408006,0.333341,0.380137,0.0934863,1.48254,0.156389,0.147708,0.00531237,0.71265,1.17356,4.6,0.8,0.00045412,39.475
278000,8809.44,0.537686,29.48,29.496,0.00456121,4570.84,3468.64,215.257,10.7629,96.3554,993.735,955.757,0,0,27.3907,151.189,1650.97,1712.06,0.182213,0.364061,7.52973,0.0244346,0.00822553,0.408857,0.333554,0.380729,0.0934589,1.48236,0.158972,0.150926,0.00538069,0.712375,1.17775,4.4,0.4,0.000226963,39.5413
278500,8817.52,0.538179,29.536,29.504,0.00440576,4573.66,3473.25,215.148,10.7574,99.3846,994.461,958.708,0,0,27.4591,151.2,1653.43,1715.52,0.182105,0.363821,7.52936,0.0243998,0.00823217,0.409662,0.332535,0.380748,0.093603,1.48197,0.159972,0.151411,0.00531495,0.711362,1.18117,5.4,2.6,0.00154095,39.5046
279000,8803.44,0.537319,29.26,29.336,0.00505049,4568.59,3469.83,211.261,10.563,99.9701,985.31,956.981,0,0,27.4722,151.464,1656.59,1718.54,0.182446,0.364553,7.53467,0.0239975,0.00823259,0.40995,0.331384,0.381461,0.0940247,1.4828,0.163634,0.154701,0.00531744,0.710824,1.18615,5.2,2.8,0.00163566,39.6308
279500,8788.6,0.536414,29.394,29.436,0.00506765,4563.69,3467.87,214.672,10.7336,99.0629,989.611,956.113,0,0,27.4732,151.42,1659.82,1722.42,0.183004,0.365767,7.53408,0.0244263,0.00824403,0.410385,0.331693,0.381173,0.0948546,1.48365,0.162483,0.153964,0.0053752,0.711551,1.184,5,1.6,0.000957621,39.6439
280000,8767.94,0.535153,29.378,29.35,0.00413103,4557.8,3463.21,211.967,10.5983,98.9551,986.453,955.289,0,0,27.5265,151.135,1662.36,1725.58,0.183289,0.366278,7.53542,0.0241749,0.00824416,0.410797,0.332653,0.381076,0.0948548,1.48504,0.166734,0.156684,0.00555969,0.711394,1.19077,6,2.8,0.00173335,33.3186
280500,8765.9,0.535028,29.228,29.258,0.00499723,4556.02,3459.82,213.424,10.6712,98.2941,984.288,954.483,0,0,27.5173,151.296,1665.2,1728.66,0.182963,0.365538,7.53337,0.024347,0.00822801,0.41194,0.332932,0.380912,0.0943446,1.48484,0.166052,0.156408,0.00552736,0.711707,1.19009,6,1.8,0.00114122,36.6825
281000,8776.34,0.535665,29.342,29.304,0.00548337,4559.81,3458.95,211.967,10.5983,100.238,990.918,954.485,0,0,27.5045,151.373,1667.88,1731.64,0.182276,0.364025,7.53282,0.0241521,0.00822888,0.412818,0.332827,0.381288,0.0945526,1.48442,0.169574,0.15957,0.00566422,0.711972,1.19021,4.6,1,0.000569736,39.4904
281500,8772.48,0.53543,29.232,29.198,0.00488424,4558.41,3459.22,210.503,10.5252,98.025,986.644,956.885,0,0,27.5805,151.432,1670.74,1733.78,0.182149,0.363823,7.53113,0.0239958,0.00823076,0.413574,0.331822,0.381079,0.0947669,1.48471,0.167066,0.157426,0.0055246,0.711511,1.18894,4.6,1.2,0.000683255,39.6103
282000,8796.52,0.536897,29.438,29.464,0.00478363,4566.55,3465.63,213.857,10.6928,99.3835,994.127,957.368,0,0,27.4961,151.372,1673.34,1736.68,0.182021,0.363673,7.52889,0.0243114,0.00823588,0.413892,0.329702,0.381155,0.0946667,1.48321,0.163891,0.154182,0.00547664,0.710837,1.18705,5.4,2.6,0.00152296,39.4456
282500,8804.1,0.53736,29.404,29.364,0.00438604,4568.99,3468.3,212.594,10.6297,99.4153,990.938,958.49,0,0,27.4857,151.533,1676.18,1739.42,0.181983,0.36364,7.53,0.0241472,0.00824341,0.415221,0.329687,0.381448,0.0956951,1.4829,0.157119,0.148456,0.00519459,0.710543,1.17938,5.8,2,0.00127254,39.5223
283000,8813.96,0.537961,29.322,29.362,0.00499214,4572.25,3470.44,214.167,10.7083,97.8199,989.415,956.071,0,0,27.3711,150.908,1679.22,1741.72,0.182314,0.364351,7.52774,0.0242985,0.00825384,0.416136,0.32951,0.381635,0.0954883,1.48211,0.156067,0.147837,0.00517516,0.710062,1.17593,4.6,1,0.00056638,39.4503
283500,8800.68,0.537151,29.492,29.466,0.00456462,4567.36,3468.74,216.073,10.8037,96.8302,994.84,955.182,0,0,27.4183,151.41,1682.26,1744.1,0.182703,0.365165,7.52875,0.0245519,0.00826416,0.415743,0.329705,0.381733,0.0962037,1.48269,0.164155,0.155747,0.0053484,0.709075,1.18436,5.6,1.8,0.00115858,39.5007
284000,8813.68,0.537944,29.472,29.464,0.00593779,4572.28,3471.69,215.21,10.7605,98.1017,991.617,956.939,0,0,27.4198,151.518,1685.03,1746.66,0.182156,0.363996,7.53568,0.0244178,0.00827657,0.416032,0.330027,0.381596,0.0959201,1.48209,0.159258,0.15038,0.00535605,0.708589,1.17755,5.2,2.6,0.00149847,39.4612
284500,8813.22,0.537916,29.346,29.33,0.00453019,4571.7,3469.42,212.601,10.6301,96.6504,988.894,956.653,0,0,27.4249,151.018,1687.98,1749.8,0.181881,0.363411,7.53036,0.0241232,0.00827505,0.416835,0.33018,0.381571,0.0950678,1.48217,0.165125,0.156245,0.00546652,0.709274,1.18667,5,1,0.000590456,39.4417
285000,8821.56,0.538425,29.59,29.608,0.00478821,4574.74,3475.29,214.13,10.7065,99.3268,997.062,959.45,0,0,27.4461,151.502,1690.92,1752.5,0.182121,0.363985,7.52487,0.0242736,0.00827898,0.417994,0.33058,0.382662,0.0964365,1.48165,0.158309,0.150687,0.00510403,0.709163,1.17514,4.2,0.2,0.000113327,39.5244
285500,8834.34,0.539205,29.452,29.436,0.00459306,4578.13,3477,217.399,10.87,98.2495,990.702,958.422,0,0,27.3997,151.49,1693.65,1755.26,0.182063,0.363984,7.51979,0.0246082,0.00826986,0.417872,0.332771,0.383258,0.0969702,1.48069,0.160477,0.151613,0.00539755,0.708294,1.18143,5,1.2,0.000701601,39.6279
286000,8812.62,0.53788,29.468,29.48,0.00603725,4571.52,3471.6,215.099,10.7549,95.9356,991.531,958.153,0,0,27.464,151.201,1696.28,1758.42,0.182266,0.364379,7.51441,0.0244082,0.00825984,0.418539,0.334315,0.383337,0.0966467,1.48194,0.161878,0.153678,0.00533607,0.708782,1.17873,4.8,0.8,0.000499825,39.5629
286500,8808.52,0.537629,29.418,29.448,0.00565144,4569.89,3467.97,217.817,10.8909,97.844,993.257,956.829,0,0,27.4196,150.866,1698.75,1762.16,0.182166,0.364074,7.50695,0.0247281,0.00826377,0.419195,0.335531,0.383842,0.0967912,1.48202,0.159101,0.150936,0.00524311,0.708334,1.17652,4.4,0.6,0.000340342,39.5282
287000,8815.74,0.53807,29.552,29.468,0.00611296,4571.75,3470.37,216.753,10.8376,99.2209,993.846,961.044,0,0,27.5078,151.632,1701.86,1764.86,0.181553,0.362954,7.50884,0.0245865,0.00827322,0.418835,0.337237,0.38382,0.0973803,1.48175,0.156054,0.148151,0.00518329,0.707362,1.17404,5,1,0.000613372,39.3434
287500,8835.56,0.53928,29.476,29.49,0.00553413,4579.33,3475.84,214.857,10.7428,99.2748,993.999,962.005,0,0,27.4803,151.53,1705.04,1766.36,0.181214,0.362315,7.51011,0.0243167,0.00827892,0.418985,0.337829,0.384214,0.0966688,1.48066,0.158123,0.150178,0.00518225,0.706828,1.17634,4.6,0.8,0.000476302,39.6038
288000,8833.76,0.53917,29.452,29.434,0.00563698,4577.89,3474.7,218.098,10.9049,98.8536,988.371,958.816,0,0,27.3778,151.151,1708.28,1768.56,0.181778,0.363556,7.50949,0.0246892,0.00828223,0.418905,0.338072,0.384237,0.0963113,1.48052,0.150778,0.143539,0.00495723,0.706787,1.16835,4.6,1,0.000588799,39.6141
288500,8829.96,0.538938,29.516,29.564,0.00601086,4576.44,3473.01,216.592,10.8296,98.6599,997.194,958.817,0,0,27.3693,151.297,1710.68,1770.96,0.181727,0.36336,7.50816,0.0245294,0.0082808,0.419147,0.339084,0.384373,0.0966908,1.48085,0.150025,0.143006,0.00489302,0.706633,1.16655,4.8,1,0.000566624,38.5369
289000,8816.92,0.538142,29.426,29.416,0.00564348,4572.04,3471.13,213.513,10.6756,97.1685,989.402,960.491,0,0,27.4857,151.332,1713.01,1773.04,0.181706,0.363224,7.50584,0.0242164,0.00828556,0.420413,0.341359,0.384797,0.0971292,1.48153,0.156126,0.148624,0.00505128,0.70749,1.17264,4.4,0.4,0.000226655,38.8032
289500,8846.32,0.539937,29.532,29.504,0.00500578,4581.57,3479.24,214.095,10.7048,95.8926,995.93,963.245,0,0,27.4621,151.417,1715.4,1763.46,0.181383,0.362568,7.50267,0.0242025,0.00829307,0.421516,0.342588,0.385254,0.0969841,1.48002,0.150597,0.142395,0.00498314,0.708717,1.16945,5.6,1.2,0.000746278,39.4006
290000,8814.54,0.537997,29.484,29.468,0.00513645,4571.8,3470.25,216.009,10.8005,97.7475,993.946,962.497,0,0,27.5356,151.239,1718.6,1763.32,0.181422,0.362589,7.50558,0.0245059,0.00830876,0.421235,0.342281,0.385344,0.0964713,1.48202,0.151466,0.144381,0.00485451,0.70925,1.16771,4.6,0.6,0.000363167,39.6836
290500,8825.78,0.538683,29.384,29.432,0.00582813,4575.35,3475.37,221.601,11.0801,97.4261,989.945,961.107,0,0,27.4856,151.492,1721.51,1767.16,0.181922,0.363706,7.50926,0.0251083,0.00830837,0.421924,0.342316,0.386486,0.0975023,1.48122,0.157415,0.149649,0.00524532,0.71046,1.17488,4.6,1.2,0.000679015,39.5114
291000,8826.46,0.538724,29.602,29.586,0.00550086,4575.45,3477.19,213.553,10.6777,95.1313,995.444,959.73,0,0,27.4245,151.252,1724.39,1770.3,0.18249,0.364777,7.50737,0.0241939,0.00829966,0.422878,0.342864,0.386462,0.0983076,1.4811,0.15401,0.146541,0.00506548,0.710777,1.17271,4.8,1.2,0.000679746,39.5419
291500,8782.82,0.536061,29.254,29.334,0.00541346,4562.25,3465.73,212.547,10.6273,97.1089,989.622,959.953,0,0,27.5616,151.401,1727.18,1772.98,0.182612,0.365059,7.50648,0.0242002,0.00829502,0.422835,0.34491,0.38672,0.0986941,1.48396,0.148711,0.142128,0.00480606,0.710373,1.16663,4.8,1,0.00059167,39.3964
292000,8791.18,0.536571,29.446,29.408,0.00556699,4564.46,3462.45,215.318,10.7659,96.3722,991.949,957.337,0,0,27.4693,150.905,1730.09,1775.9,0.182232,0.364221,7.49877,0.0244926,0.00829362,0.422853,0.346979,0.386642,0.0982615,1.48354,0.150783,0.143304,0.00496015,0.710193,1.16832,4.8,1.2,0.000682905,39.5188
292500,8801.92,0.537227,29.42,29.468,0.00642151,4567.59,3468.92,216.471,10.8236,98.6647,992.896,962.059,0,0,27.5648,151.554,1732.84,1779.32,0.181995,0.363721,7.49539,0.0245936,0.00828922,0.422796,0.349129,0.386479,0.098039,1.48258,0.150108,0.142737,0.00501267,0.709067,1.16844,5,1.2,0.000704568,39.6779
293000,8801.72,0.537214,29.392,29.274,0.00605906,4567.81,3467.97,215.002,10.7501,97.7717,988.416,960.698,0,0,27.5029,151.201,1735.34,1781.92,0.182111,0.363932,7.4972,0.0244271,0.00828228,0.424925,0.352132,0.387422,0.0978448,1.48268,0.145077,0.137834,0.00478345,0.709287,1.16366,5.2,1.8,0.00104508,39.6454
293500,8796.62,0.536903,29.32,29.41,0.00565829,4565.7,3466.55,215.568,10.7784,96.8503,991.497,958.866,0,0,27.4906,151.399,1737.9,1785.42,0.182498,0.364744,7.49451,0.0245052,0.00827529,0.426651,0.353748,0.388204,0.0981538,1.48299,0.147715,0.140435,0.0049381,0.708978,1.16339,5.2,1.2,0.000705041,39.6154
294000,8798.4,0.537012,29.554,29.51,0.0058032,4566.33,3466.15,211.175,10.5587,95.8112,997.805,960.176,0,0,27.5165,151.397,1740.03,1788.44,0.182067,0.363695,7.49377,0.0240017,0.00826128,0.428754,0.355338,0.388959,0.098494,1.48282,0.148071,0.14022,0.00485508,0.709277,1.16655,5.2,1.4,0.000840818,39.4237
294500,8803.46,0.537321,29.258,29.248,0.00505745,4568.21,3468.14,210.384,10.5192,95.2586,989.338,963.791,0,0,27.6016,151.629,1742.84,1792.2,0.181597,0.362498,7.48701,0.023897,0.00825205,0.430439,0.357566,0.38926,0.0985951,1.48253,0.146219,0.139206,0.00483562,0.709298,1.15985,5.4,0.8,0.000567829,39.6623
295000,8818.44,0.538235,29.412,29.376,0.00480659,4573.8,3471.58,212.614,10.6307,95.6648,994.262,961.769,0,0,27.4754,151.112,1745.84,1796.1,0.181973,0.363034,7.4817,0.0241107,0.00825704,0.43187,0.359134,0.389177,0.0979301,1.48184,0.140398,0.134354,0.00457539,0.709568,1.15253,4.8,0.8,0.000453438,39.6832
295500,8812.32,0.537861,29.366,29.436,0.00450771,4571.55,3467.7,214.235,10.7118,95.6394,998.974,960.381,0,0,27.4965,151.6,1748.13,1800.62,0.181722,0.362259,7.48155,0.0243109,0.00825497,0.43266,0.360027,0.389635,0.0989559,1.48226,0.152611,0.144808,0.00508756,0.708788,1.17002,5.4,2,0.00118052,39.4651
296000,8805.92,0.537471,29.452,29.416,0.0049,4569.77,3464.99,215.409,10.7705,99.2233,996.617,963.147,0,0,27.5626,151.531,1750.71,1803.26,0.181022,0.360781,7.4801,0.0244617,0.00824912,0.433336,0.362076,0.389536,0.0989311,1.48238,0.146037,0.139673,0.00485257,0.70881,1.15923,4.8,0.8,0.000454533,39.3691
296500,8816.8,0.538135,29.466,29.438,0.00574012,4572.23,3467.57,216.951,10.8476,96.7971,996.514,962.293,0,0,27.4907,151.362,1753.79,1806.18,0.181234,0.361027,7.47887,0.0246062,0.00823993,0.434752,0.363389,0.390379,0.0977807,1.48159,0.140405,0.13418,0.00479748,0.709322,1.15472,5,1,0.000590006,39.3438
297000,8816.38,0.538109,29.438,29.496,0.00591797,4572.8,3465.52,214.508,10.7254,99.3126,998.904,963.713,0,0,27.5482,151.377,1756.11,1809.4,0.180506,0.359537,7.47716,0.0243306,0.00823176,0.436139,0.364065,0.390888,0.0979531,1.48166,0.145693,0.139121,0.00486348,0.708589,1.16324,5.2,1.2,0.000703249,39.4614
297500,8791.6,0.536597,29.388,29.384,0.00436679,4564.06,3458.06,216.853,10.8426,98.0667,995.387,963.62,0,0,27.638,151.295,1758.79,1813.06,0.180409,0.359348,7.48105,0.0246658,0.00822886,0.437285,0.364111,0.390914,0.0981585,1.48315,0.150295,0.14323,0.00500385,0.709423,1.16788,4.4,0.6,0.000341077,39.5321
298000,8805.34,0.537435,29.334,29.372,0.00472725,4568.36,3460.7,217.243,10.8622,98.8667,996.367,964.615,0,0,27.6314,151.366,1761.97,1815.9,0.180134,0.358708,7.47732,0.0246708,0.00823836,0.437299,0.36469,0.390729,0.0982045,1.48252,0.150147,0.142747,0.00497625,0.709009,1.16839,5.2,1.2,0.000704178,39.4812
298500,8797.56,0.53696,29.328,29.306,0.00486754,4566.2,3458.25,222.162,11.1081,100.476,997.088,963.445,0,0,27.608,151.531,1764.69,1819.48,0.180293,0.35893,7.47652,0.0252525,0.00824829,0.437462,0.365861,0.391149,0.0985178,1.48295,0.147194,0.139824,0.00498232,0.708135,1.16676,5,1.2,0.00070482,39.2458
299000,8798.58,0.537023,29.422,29.386,0.00554179,4566.31,3456,225.459,11.2729,101.022,997.398,963.088,0,0,27.5935,151.162,1767.51,1823.62,0.179987,0.358455,7.47492,0.0256245,0.00825033,0.43704,0.365052,0.390594,0.0977533,1.48302,0.147153,0.140527,0.00488298,0.707766,1.1625,4.4,0.4,0.000227583,39.602
299500,8795.36,0.536826,29.464,29.486,0.00561414,4565.59,3453.17,222.415,11.1207,103.454,1000.43,961.634,0,0,27.5727,151.264,1770.24,1828.18,0.179764,0.35805,7.47213,0.0252877,0.00824545,0.438588,0.365217,0.39047,0.097637,1.48289,0.15113,0.143353,0.00507855,0.708526,1.16896,5,1.8,0.00104642,39.7316
300000,8813.77,0.53795,29.4615,29.4269,0.0048945,4572.16,3458.39,232.581,11.629,104.141,998.364,961.676,0,0,27.5474,151.385,1772.49,1830,0.179698,0.357892,7.47206,0.0263876,0.00824985,0.43976,0.366381,0.390729,0.0973397,1.48214,0.162432,0.153416,0.00536729,0.709026,1.18486,6,3,0.00185312,39.7261
