tick,population,occupancy,births_per_tick,deaths_per_tick,starved_share,inflow_in,cost_out,transfer,transit_loss,overflow,death_loss,leak,washed_per_tick,extinct,energy_mean,age_mean,generation_mean,generation_max,active_params_frac,expressed_hidden_frac,msg_bandwidth,transfer_per_cell,eta_mean,div_weights,div_learning,div_masks,weight_drift,habitat_match,bonds_per_cell,bonded_frac,bond_flow_per_cell,reward_gate_mean,adhesion_mean,splits_per_tick,attached_birth_share,group_size_mean,group_size_max,groups_5plus,in_groups_5plus,ticks_per_s
500,8545.6,0.521582,31.992,32.038,0.00294446,4463.9,2760.58,16910.2,845.509,2.26896,871.51,0,0,0,27.625,152.913,3.83405,13.38,0.267039,0.508451,5.9238,1.9777,0.0055292,0.0270378,0.0269995,0.0826731,0.0383105,1.4927,0.573298,0.487054,0.0253582,0.597879,0.499945,0.092,0.506182,1.8423,9.8,55.8,0.0370958,40.3711
1000,8650.34,0.527975,27.266,27.238,0,4500.84,2786.2,17965.1,898.256,4.7128,782.856,0,0,0,28.9581,153.679,7.00025,17.66,0.266519,0.508123,5.90888,2.07693,0.00552838,0.0369848,0.0369365,0.111642,0.039017,1.48692,0.526898,0.456373,0.0237507,0.597862,0.499904,0.076,0.507107,1.73463,8,38.2,0.0243646,24.6806
1500,8685.76,0.530137,28.812,28.722,0,4514.38,2777.17,17676.5,883.825,2.82882,827.034,0,0,0,28.5595,149.332,10.2154,21.74,0.263984,0.503846,5.82881,2.0351,0.00552937,0.0449316,0.0443469,0.133967,0.0379405,1.48506,0.516377,0.449581,0.024638,0.597859,0.500098,0.07,0.496153,1.69614,7.6,29.6,0.0184652,19.2774
2000,8721.32,0.532307,29.906,29.774,0,4525.55,2776.81,17834,891.699,4.03612,872.627,0,0,0,28.7669,151.904,13.3517,24.68,0.262962,0.502291,5.75087,2.04489,0.00553277,0.0516314,0.0514941,0.151863,0.0389572,1.48269,0.520507,0.449355,0.0257576,0.597426,0.500067,0.11,0.501957,1.72766,8.8,36.4,0.0229803,19.1072
2500,8794.62,0.536781,29.062,28.908,0,4551.4,2793.66,18014.4,900.722,4.4797,844.623,0,0,0,28.7776,151.851,16.5756,29,0.262401,0.501476,5.71761,2.04834,0.00553165,0.0576522,0.0590194,0.167047,0.03918,1.47867,0.505192,0.43834,0.0248134,0.597198,0.499639,0.052,0.496936,1.69214,7.2,34.4,0.0210284,19.1621
3000,8851.92,0.540278,29.49,29.36,0,4571.96,2802.07,18035.3,901.763,4.37844,855.371,0,0,0,28.6573,150.726,19.7981,32.62,0.261573,0.500221,5.65661,2.03743,0.00553604,0.0627935,0.065047,0.180601,0.0389757,1.47576,0.507844,0.441813,0.0255944,0.596822,0.499295,0.066,0.502366,1.68855,7.4,33.6,0.0200116,19.2682
3500,8929.54,0.545016,30.026,29.88,6.84932e-05,4598.92,2816.17,18148.6,907.43,6.57526,868.662,0,0,0,28.6459,151.484,23.0767,39.38,0.260715,0.498919,5.5903,2.03243,0.00554782,0.067821,0.0709312,0.192345,0.0395194,1.47136,0.500191,0.436049,0.0254846,0.596675,0.499509,0.068,0.49777,1.67845,8.4,34,0.0205324,19.193
4000,9015.88,0.550286,29.978,29.816,6.71141e-05,4627.13,2831.34,18266.9,913.345,5.88944,867.982,0,0,0,28.7007,151.341,26.259,41.16,0.260081,0.497938,5.50637,2.0261,0.00555822,0.072348,0.0765524,0.204099,0.0401757,1.46662,0.498183,0.435835,0.0258056,0.596474,0.499356,0.068,0.499663,1.66551,6.8,25.8,0.0152524,19.2544
4500,9074.96,0.553892,30.412,30.318,0,4646.07,2837.3,18286.3,914.316,7.89574,883.248,0,0,0,28.7047,151.167,29.466,43.58,0.258938,0.495986,5.43053,2.01503,0.00554881,0.076636,0.0807549,0.21476,0.0402656,1.46287,0.499619,0.433847,0.0258989,0.596145,0.498882,0.07,0.499628,1.68781,8,34.2,0.020672,19.2392
5000,9125.88,0.557,30.442,30.366,0,4662.7,2841.8,18399.2,919.962,8.46593,891.73,0,0,0,28.8031,151.653,32.5406,46.54,0.257951,0.49424,5.36454,2.01616,0.00553915,0.0803332,0.0847411,0.223519,0.0404726,1.45978,0.494911,0.431006,0.0258765,0.596103,0.498666,0.054,0.492639,1.67035,8,32.8,0.019327,19.2373
5500,9146.68,0.558269,30.544,30.48,0,4669.87,2841.94,18431.8,921.591,11.3812,891.368,0,0,0,28.8582,151.39,35.629,49.74,0.257571,0.493534,5.31756,2.01515,0.00553858,0.0838937,0.0891371,0.23283,0.0405863,1.45861,0.494613,0.430382,0.0257817,0.596368,0.498261,0.068,0.501396,1.67041,7,29.2,0.0173305,19.1021
6000,9192.94,0.561093,30.71,30.646,0,4684.04,2850.46,18450.5,922.527,13.6056,895.116,0,0,0,28.8267,151.325,38.7842,53.86,0.257286,0.493138,5.27492,2.00704,0.00553602,0.0875913,0.0935389,0.241238,0.0405102,1.45574,0.485387,0.424096,0.0257539,0.596429,0.497604,0.072,0.499315,1.65421,7.4,30.8,0.0179294,19.2077
6500,9218.48,0.562651,30.73,30.662,6.75676e-05,4692.2,2851.55,18438.8,921.941,14.4598,901.75,0,0,0,28.8949,151.491,41.9071,58.52,0.257227,0.493286,5.19966,2.0002,0.00552345,0.0913858,0.0977962,0.248212,0.0404923,1.4543,0.498192,0.433473,0.026355,0.596256,0.497839,0.056,0.498204,1.68058,8.4,30.2,0.0177987,19.2675
7000,9238.82,0.563893,30.866,30.814,0,4698.56,2849.3,18465.3,923.265,15.9056,908.383,0,0,0,29.0107,151.642,45.1201,62.76,0.256839,0.492769,5.13063,1.99866,0.0055167,0.0949905,0.100893,0.254585,0.0411439,1.45294,0.491799,0.428576,0.0264065,0.595879,0.498345,0.076,0.507261,1.66428,7.4,32,0.0185634,19.2125
7500,9289.48,0.566985,30.94,30.808,0,4713.12,2854.31,18478.8,923.942,16.3344,912.165,0,0,0,29.009,151.319,48.3088,65.6,0.256169,0.491523,5.05737,1.98922,0.00551793,0.0981954,0.10475,0.260019,0.0415519,1.44957,0.499844,0.433308,0.0267127,0.595424,0.49885,0.062,0.505546,1.68868,7.2,36.8,0.0213225,19.271
8000,9346.44,0.570461,31.224,31.128,0.000193496,4730.72,2867.42,18496.3,924.818,15.7882,921.511,0,0,0,28.9328,151.257,51.5476,67.52,0.256009,0.49131,5.02321,1.97898,0.00551248,0.101314,0.108429,0.264161,0.0413815,1.44628,0.496351,0.430658,0.02671,0.59513,0.498731,0.07,0.503119,1.67844,7.2,35.6,0.0202208,19.1652
8500,9362.06,0.571415,31.198,31.204,0.000129988,4736.53,2866.71,18530.1,926.505,17.5047,926.026,0,0,0,29.0203,151.705,54.7048,71.04,0.256002,0.491289,4.97041,1.97928,0.00552633,0.104551,0.110984,0.269208,0.0421702,1.44551,0.484923,0.423909,0.0264238,0.595175,0.49856,0.072,0.496021,1.65764,7.6,31.4,0.0176661,19.2514
9000,9370.06,0.571903,31.244,31.226,0.00013516,4739.13,2867.08,18519.2,925.961,16.5027,925.52,0,0,0,29.0058,151.271,58.0156,74.44,0.256094,0.49164,4.94361,1.97643,0.00552221,0.107587,0.113945,0.273917,0.0425963,1.44513,0.484585,0.421986,0.0265316,0.59518,0.499357,0.1,0.497471,1.65971,7.6,30.8,0.0177142,19.1758
9500,9418.22,0.574843,31.45,31.37,0,4753.87,2872.79,18562.2,928.113,16.9936,934.517,0,0,0,29.0652,151.631,61.2644,78.06,0.255505,0.490661,4.87737,1.9709,0.00552413,0.110588,0.117733,0.279044,0.04306,1.44197,0.49104,0.425063,0.0267253,0.594261,0.499837,0.082,0.499775,1.67601,7.8,33.6,0.0195945,19.2098
10000,9442.14,0.576302,31.486,31.388,0.000123897,4761.08,2871.92,18584,929.201,17.8458,935.633,0,0,0,29.1234,151.294,64.4442,81.58,0.254863,0.48965,4.83395,1.9682,0.0055172,0.113563,0.121394,0.28254,0.0432878,1.4407,0.488232,0.42318,0.0269652,0.59408,0.498861,0.066,0.508881,1.6725,7.8,37,0.0213135,19.2031
10500,9474.94,0.578304,31.724,31.734,0.000368671,4769.12,2872.3,18625.2,931.26,19.8152,948.718,0,0,0,29.1961,151.542,67.6423,84.04,0.25411,0.488343,4.77608,1.96573,0.0055208,0.116188,0.124191,0.287724,0.0435087,1.43805,0.491093,0.42747,0.0271615,0.594229,0.499107,0.086,0.505131,1.6649,7.2,33.4,0.0187876,19.124
11000,9491.94,0.579342,31.556,31.498,6.38978e-05,4774.6,2869.93,18679.7,933.987,21.9515,942.938,0,0,0,29.2445,151.721,70.8644,87.36,0.253311,0.486879,4.74375,1.96796,0.00552778,0.118342,0.125549,0.291072,0.0435314,1.43704,0.491133,0.425242,0.0270217,0.594619,0.499889,0.06,0.505506,1.67242,8,34,0.0196727,19.267
11500,9501.88,0.579949,31.668,31.584,0.000128827,4777.65,2865.42,18704.2,935.21,22.5191,951.856,0,0,0,29.3639,151.386,74.1355,90.84,0.252743,0.486059,4.70304,1.96847,0.00552763,0.120447,0.127654,0.295874,0.0438878,1.43656,0.487662,0.424731,0.0267547,0.594184,0.499765,0.072,0.504258,1.65758,7.4,32.2,0.01813,19.057
12000,9514.26,0.580704,31.77,31.782,0,4780.76,2863.05,18661.3,933.067,26.7415,958.534,0,0,0,29.4176,151.785,77.3943,94.1,0.252692,0.485989,4.64455,1.96141,0.00553212,0.123273,0.129658,0.299319,0.04425,1.43569,0.486461,0.422079,0.026635,0.594225,0.499797,0.076,0.506165,1.66607,7,34.4,0.0192168,19.2226
12500,9528.44,0.58157,31.704,31.662,0.000440342,4783.94,2857.11,18680.6,934.032,24.2725,961.86,0,0,0,29.5522,151.313,80.6797,98,0.252342,0.485328,4.56746,1.96052,0.00552753,0.125592,0.132451,0.301976,0.0449751,1.43486,0.480827,0.41686,0.0262388,0.593751,0.499148,0.074,0.49648,1.65845,8.4,33.8,0.0194433,19.0897
13000,9562.8,0.583667,32.046,31.992,0.000251019,4795.18,2858.3,18728.2,936.412,24.0748,977.923,0,0,0,29.6648,151.567,83.8765,100.96,0.251562,0.484031,4.51214,1.95845,0.0055192,0.127776,0.135361,0.304988,0.045598,1.43252,0.480548,0.419073,0.026537,0.593576,0.49804,0.068,0.500037,1.64798,8.4,26.8,0.0152602,19.2234
13500,9615.96,0.586912,31.97,31.826,0.000130509,4810.67,2868.05,18760.6,938.03,23.3516,973.575,0,0,0,29.6409,151.359,87.0527,104.76,0.251314,0.483638,4.46673,1.95099,0.00552973,0.130299,0.13799,0.307626,0.0456054,1.42952,0.48767,0.424098,0.026857,0.593583,0.498164,0.072,0.502954,1.66972,8.8,35.8,0.0203027,19.1385
14000,9676.3,0.590594,32.346,32.268,0.000362914,4833.31,2883,18801.4,940.068,26.135,982.897,0,0,0,29.5598,151.372,90.2136,108.5,0.251337,0.483755,4.43106,1.94303,0.00553496,0.132235,0.140514,0.310867,0.0463984,1.42714,0.483132,0.421104,0.0262286,0.594054,0.498298,0.082,0.494036,1.65628,7.6,34.2,0.0189715,19.0424
14500,9729.04,0.593813,32.464,32.396,0.000605729,4848.24,2892.39,18861.8,943.089,26.7367,984.97,0,0,0,29.5432,151.593,93.3745,112.08,0.250826,0.482977,4.3989,1.93872,0.00553893,0.134179,0.142714,0.314656,0.0470893,1.42385,0.477139,0.416257,0.0260768,0.594405,0.498036,0.078,0.503549,1.64619,7,33.8,0.0187568,19.052
15000,9748.52,0.595002,32.424,32.364,0.000417623,4854.78,2882.71,18840.5,942.026,31.4606,991.1,0,0,0,29.7487,151.659,96.4229,113.7,0.249926,0.48151,4.29183,1.93265,0.00555209,0.136404,0.144313,0.317834,0.0480118,1.42286,0.47823,0.417871,0.025887,0.594207,0.498312,0.062,0.499121,1.63819,7,27.6,0.0150344,19.1453
15500,9778.62,0.59684,32.696,32.638,0.000381193,4863.23,2882.17,18882.6,944.133,31.6416,1006.08,0,0,0,29.8231,151.552,99.4947,117.54,0.249241,0.480271,4.2402,1.93102,0.00555582,0.138423,0.145802,0.320188,0.049053,1.42109,0.479864,0.416999,0.0261041,0.594042,0.498121,0.072,0.499676,1.65827,8,38,0.0209056,18.9637
16000,9810.18,0.598766,32.686,32.646,0.000355867,4870.46,2885.69,18874.9,943.744,30.2893,1006.51,0,0,0,29.846,151.348,102.609,123.04,0.249036,0.479918,4.19655,1.92401,0.00554955,0.140741,0.146691,0.322961,0.049555,1.41852,0.469384,0.409894,0.0258877,0.594197,0.497623,0.088,0.492089,1.63564,7.4,29.4,0.0161589,18.985
16500,9808.4,0.598657,32.59,32.53,0.000305192,4870.52,2883.45,18882.4,944.118,31.4751,1005.85,0,0,0,29.9258,151.708,105.73,127.84,0.249059,0.480155,4.17448,1.92512,0.00555104,0.14326,0.148203,0.32564,0.050598,1.41863,0.471944,0.412373,0.0257171,0.593992,0.49794,0.102,0.493644,1.63209,7,26.6,0.0145486,19.0139
17000,9820.84,0.599417,32.84,32.822,0.000249932,4873.31,2878.02,18878.1,943.906,30.6275,1021,0,0,0,30.0126,151.402,108.863,128.96,0.248425,0.478962,4.12449,1.92225,0.00557037,0.145483,0.149644,0.32867,0.0511377,1.41787,0.472946,0.412169,0.0257132,0.593529,0.497201,0.1,0.495033,1.64023,7.4,32.6,0.0177587,18.9477
17500,9838.98,0.600524,32.782,32.842,0.000178472,4878.54,2878.44,18874.7,943.734,36.3702,1020.42,0,0,0,30.102,151.565,112.042,131.5,0.24852,0.479372,4.07032,1.91836,0.00558329,0.14781,0.151473,0.331313,0.0515677,1.41666,0.469871,0.410195,0.0253856,0.592842,0.496791,0.08,0.490885,1.63103,7.2,28,0.0152389,18.9811
18000,9841.72,0.600691,32.734,32.662,0.000258095,4880.09,2875.82,18843,942.153,37.2287,1017.17,0,0,0,30.1465,151.44,115.108,133.76,0.248239,0.479036,4.04569,1.91461,0.00560327,0.149949,0.153079,0.333241,0.0520247,1.41673,0.478275,0.418151,0.0257457,0.592837,0.496971,0.058,0.503284,1.64204,7.4,30,0.0162836,19.1508
18500,9879.48,0.602996,33.124,33.04,0.000302696,4890.33,2874.92,18848.4,942.421,40.0927,1032.34,0,0,0,30.1497,151.224,118.175,137.2,0.247162,0.477093,3.99194,1.90783,0.00561549,0.151797,0.154183,0.336419,0.0527029,1.41427,0.478299,0.419088,0.025772,0.592538,0.497674,0.092,0.499167,1.64111,7.2,28.6,0.0157125,19.1117
19000,9895.72,0.603987,32.976,32.948,0.000293308,4895.2,2874.27,18924.1,946.206,39.8581,1034.14,0,0,0,30.2715,151.617,121.223,141.74,0.246879,0.476811,3.95451,1.91236,0.00561924,0.153883,0.155652,0.339817,0.05348,1.41337,0.479389,0.417134,0.0256981,0.591922,0.497958,0.074,0.50397,1.65724,7.6,36.6,0.0199044,18.9796
19500,9892.72,0.603804,32.996,33.082,0.000362866,4894.03,2870.58,18867.5,943.375,41.6819,1038.9,0,0,0,30.2647,151.259,124.595,147.38,0.246672,0.476615,3.93666,1.90721,0.00562258,0.155897,0.157381,0.342272,0.0533966,1.41317,0.4709,0.410761,0.0250106,0.591554,0.498046,0.066,0.490702,1.64283,8.4,33,0.0181589,19.4239
20000,9884.76,0.603318,32.9,32.876,0.000175452,4891.93,2864.94,18874.3,943.717,41.323,1037.67,0,0,0,30.3828,151.646,127.657,151,0.246517,0.47639,3.91428,1.90944,0.00563147,0.15773,0.158505,0.344738,0.0536777,1.41383,0.472883,0.41248,0.0251218,0.591341,0.497249,0.062,0.497043,1.63857,7.6,30.8,0.0168593,17.9325
20500,9887.36,0.603477,33.044,33.03,0.000125358,4891.82,2854.3,18831.8,941.588,45.1357,1046.66,0,0,0,30.5333,151.251,130.935,154.48,0.246039,0.475777,3.82632,1.90463,0.00563944,0.159787,0.15975,0.346942,0.0546197,1.41359,0.479254,0.417605,0.0255205,0.59174,0.49827,0.082,0.494661,1.64879,8.6,29.2,0.0160068,19.4238
21000,9893.92,0.603877,32.978,32.958,0.000487298,4893.61,2847.24,18799.7,939.987,52.2199,1054.76,0,0,0,30.6415,151.492,134.015,156.68,0.245753,0.475536,3.76125,1.90013,0.00563419,0.1615,0.160478,0.348683,0.0550788,1.41316,0.46625,0.406424,0.0248359,0.591946,0.497999,0.07,0.49277,1.63294,7.8,33,0.0181274,20.6124
21500,9893.28,0.603838,33.046,33.028,0.000297983,4893.23,2840.91,18783.5,939.174,56.2798,1057.21,0,0,0,30.7106,151.474,137.082,159.78,0.245396,0.475024,3.71673,1.89861,0.0056425,0.163374,0.161678,0.350708,0.0557736,1.41308,0.475634,0.416742,0.0252755,0.591991,0.497743,0.06,0.496846,1.63673,7.8,26.2,0.0141649,19.4626
22000,9893.5,0.603851,32.988,32.964,0.000113052,4893.06,2837.52,18732.7,936.636,62.4296,1055.96,0,0,0,30.7348,151.529,140.265,163.36,0.245415,0.475135,3.67893,1.89344,0.00565126,0.165357,0.163557,0.353624,0.0566228,1.41299,0.481352,0.41852,0.0255196,0.591792,0.497908,0.074,0.502981,1.65396,7.2,35.2,0.0187382,19.1354
22500,9890.24,0.603652,32.926,32.97,0.000238022,4891.6,2837.02,18714.5,935.723,63.1252,1052.59,0,0,0,30.6725,151.228,143.341,166.24,0.245517,0.475219,3.68433,1.89222,0.00565601,0.167034,0.1652,0.355303,0.0567986,1.41328,0.473378,0.413259,0.0252838,0.591637,0.498282,0.08,0.500104,1.64206,8.4,35.8,0.0196589,19.0508
23000,9896.54,0.604037,33.094,33.028,0.000369518,4893.97,2836.41,18711.8,935.588,66.1701,1057.44,0,0,0,30.7033,151.312,146.515,170.12,0.245289,0.474742,3.66586,1.89074,0.00566429,0.168884,0.166353,0.355957,0.0571258,1.41275,0.479007,0.417582,0.0255466,0.592397,0.498426,0.09,0.500475,1.64459,7.4,31.6,0.0172146,19.1512
23500,9909.28,0.604814,33.138,33.146,0.000570434,4897.11,2841.01,18714,935.7,66.242,1058.41,0,0,0,30.656,151.558,149.676,172.92,0.245341,0.475084,3.66945,1.88854,0.00566149,0.17107,0.16823,0.356041,0.0571151,1.41192,0.481936,0.420612,0.0259775,0.59213,0.498094,0.062,0.508055,1.65231,8.6,32,0.0176172,19.1783
24000,9917.74,0.605331,32.982,32.998,0.000535392,4900.06,2840.83,18697,934.849,67.5929,1054.58,0,0,0,30.7067,151.616,152.932,174.9,0.245481,0.47537,3.64136,1.88521,0.00566247,0.173041,0.168994,0.356661,0.0577511,1.41154,0.465865,0.408832,0.0250397,0.591889,0.496347,0.08,0.492416,1.62215,7.6,26.6,0.0145816,18.9914
24500,9922.34,0.605612,33.002,33.016,0.000559051,4900.44,2839.31,18652.5,932.624,69.3972,1054.95,0,0,0,30.7204,151.375,156.133,178.58,0.245287,0.474953,3.6259,1.87985,0.00566161,0.174878,0.170606,0.357947,0.0578491,1.41102,0.464717,0.40686,0.0248304,0.59164,0.495643,0.05,0.492299,1.62631,8.2,30.6,0.0167278,19.0288
25000,9882.5,0.60318,32.99,33.052,0.000772269,4889.21,2828.08,18606.9,930.345,73.6728,1062.05,0,0,0,30.855,151.861,159.34,182.04,0.245081,0.474807,3.63653,1.88281,0.00564503,0.177076,0.172035,0.359153,0.0576377,1.41344,0.473144,0.412735,0.0255239,0.591819,0.495109,0.076,0.489755,1.64443,7.8,30.2,0.016431,19.1922
25500,9884.84,0.603323,32.914,32.936,0.000478658,4888.14,2824.16,18548.5,927.427,75.7568,1059.38,0,0,0,30.8683,151.391,162.544,186.04,0.244494,0.47384,3.62907,1.87646,0.00564073,0.178945,0.173885,0.361292,0.0574539,1.41292,0.471444,0.410766,0.0253063,0.592819,0.495232,0.082,0.49461,1.63957,7.2,34.2,0.018508,19.2259
26000,9874.1,0.602667,32.938,32.872,0.000247421,4885.37,2823.08,18493.8,924.691,79.5426,1053.03,0,0,0,30.7737,151.202,165.533,189.52,0.244378,0.473629,3.65322,1.87297,0.00563781,0.180516,0.174803,0.362581,0.0578695,1.41364,0.477934,0.416695,0.0253906,0.593413,0.495167,0.094,0.499321,1.65059,8.2,33.6,0.0185159,19.1333
26500,9907.52,0.604707,33.024,32.996,0.0005482,4894.75,2829.6,18558.2,927.91,75.6522,1060.34,0,0,0,30.8193,151.398,168.715,193.22,0.244206,0.473492,3.6408,1.87315,0.00564681,0.182176,0.176551,0.363797,0.0582726,1.41161,0.468083,0.407635,0.0252775,0.594085,0.495196,0.05,0.493776,1.63169,7.4,31.4,0.0168516,19.0039
27000,9913.42,0.605067,33.178,33.13,0.000838736,4897.18,2830.17,18545.8,927.288,75.4241,1066.58,0,0,0,30.8637,151.566,172.064,197.28,0.244143,0.473419,3.62724,1.87078,0.00564445,0.18409,0.177633,0.366004,0.0584474,1.4114,0.47288,0.41153,0.0253166,0.594215,0.495241,0.06,0.49691,1.64462,7.6,32.6,0.0178742,19.196
27500,9916.04,0.605227,32.994,33,0.000621067,4897.77,2825.9,18506.4,925.32,78.6132,1065.11,0,0,0,30.8806,151.275,175.375,201.02,0.243621,0.47233,3.6087,1.86631,0.00565564,0.186349,0.179773,0.367756,0.0584467,1.41109,0.471246,0.410538,0.0254337,0.5937,0.494576,0.082,0.49007,1.64163,7.6,34.8,0.0187324,19.1543
28000,9912.64,0.60502,33.078,33.106,0.000417415,4896.23,2820.07,18540.7,927.033,78.4858,1070.15,0,0,0,30.926,151.338,178.517,203.94,0.242728,0.470661,3.61309,1.87041,0.00566271,0.188106,0.181065,0.369837,0.0584314,1.41131,0.478929,0.416669,0.0256697,0.593612,0.494656,0.066,0.498705,1.64739,8,30,0.0162278,19.1602
28500,9926.26,0.605851,33.032,32.99,0.000528648,4900.87,2817.73,18519.7,925.986,86.8507,1067.13,0,0,0,30.9626,151.57,181.602,207.3,0.242286,0.469742,3.57275,1.86573,0.0056631,0.189783,0.182753,0.372224,0.0580788,1.41054,0.480672,0.417934,0.0257918,0.59368,0.494536,0.076,0.497901,1.65646,7.6,35.6,0.0192951,19.0677
29000,9933.16,0.606272,33.182,33.178,0.000978877,4900.98,2817.94,18473.8,923.692,92.1823,1072.21,0,0,0,30.9463,151.814,184.698,211.26,0.242463,0.470029,3.55528,1.85981,0.00566412,0.191306,0.184624,0.374409,0.0584107,1.40984,0.469846,0.408742,0.0252237,0.593008,0.494046,0.078,0.494394,1.6332,7.8,28.4,0.0152413,19.1573
29500,9941.82,0.606801,33.092,33.07,0.000664265,4904.08,2818.96,18452.3,922.616,90.6161,1070.14,0,0,0,30.9434,151.763,187.949,215.3,0.242371,0.469746,3.54639,1.85603,0.00565384,0.19327,0.186871,0.37579,0.0582517,1.4096,0.471119,0.411157,0.025563,0.592283,0.494062,0.066,0.495466,1.63883,8,34,0.0185613,19.2277
30000,9951,0.607361,33.206,33.224,0.00104271,4907.86,2819.07,18410.9,920.544,91.2437,1075.91,0,0,0,30.975,151.359,191.075,219.1,0.242366,0.469809,3.51794,1.85015,0.00566297,0.194623,0.187432,0.376448,0.0587046,1.40911,0.466183,0.405235,0.0253388,0.592338,0.49468,0.064,0.488444,1.637,8.2,36.4,0.0200167,19.1562
30500,9951.88,0.607415,33.068,33.028,0.000426697,4907.64,2812.69,18404.3,920.215,92.9037,1077.17,0,0,0,31.1146,151.732,194.151,221.52,0.241833,0.469122,3.48406,1.84933,0.00565902,0.196595,0.188367,0.377959,0.0594572,1.40897,0.467289,0.408539,0.0252935,0.593031,0.495665,0.074,0.494231,1.62714,7.4,32,0.0172234,19.1184
31000,9941.98,0.60681,33.236,33.256,0.000485081,4903.69,2806.01,18348.3,917.417,97.8989,1086.12,0,0,0,31.1265,151.387,197.179,225.04,0.241698,0.468844,3.45675,1.84555,0.00567016,0.198662,0.190004,0.378639,0.0599133,1.40931,0.466557,0.408743,0.025305,0.593321,0.495286,0.08,0.495507,1.62264,7,27,0.0145043,18.791
31500,9944.32,0.606953,33.02,33.036,0.00129621,4904.38,2807.77,18294.6,914.732,98.4877,1078.68,0,0,0,31.1436,151.701,199.983,227.52,0.241709,0.468846,3.46374,1.83971,0.00567091,0.200361,0.190876,0.378876,0.0599989,1.40908,0.467797,0.407906,0.0255462,0.59306,0.494808,0.066,0.48941,1.63484,8,33.8,0.0185651,19.1552
32000,9938.5,0.606598,33.166,33.19,0.000113961,4902.04,2809.23,18202.1,910.108,95.1393,1087.2,0,0,0,31.1304,151.272,202.961,230.98,0.241823,0.469161,3.48544,1.83148,0.00566511,0.201568,0.193194,0.380292,0.0601007,1.40922,0.469592,0.409997,0.025408,0.592601,0.493358,0.072,0.493184,1.63755,7.2,33.2,0.0178467,19.3095
32500,9915.74,0.605209,33.112,33.14,0.000174354,4894.84,2796.51,18181,909.049,102.308,1088.19,0,0,0,31.2761,151.48,206.011,235.7,0.241195,0.468071,3.46662,1.83355,0.00565709,0.203189,0.195711,0.381413,0.061095,1.41046,0.462662,0.404792,0.0248223,0.59344,0.492323,0.072,0.485943,1.62196,7.4,33,0.0176719,19.1535
33000,9921.46,0.605558,32.966,33.088,0.000544307,4895.9,2799.36,18137.5,906.877,102.072,1088.55,0,0,0,31.2758,151.572,209.004,238.66,0.241223,0.468179,3.46938,1.82812,0.00564042,0.204644,0.196872,0.383551,0.0612387,1.40965,0.468143,0.409459,0.0252791,0.593138,0.491957,0.066,0.491945,1.63848,8.2,32.6,0.0181105,19.2078
33500,9881.74,0.603134,33.044,32.974,0.000618543,4882.23,2785.9,18096.2,904.808,104.23,1087.48,0,0,0,31.3797,151.714,212.277,241.06,0.240768,0.467535,3.47763,1.83128,0.00564748,0.205663,0.199684,0.385489,0.0625952,1.41179,0.475379,0.414952,0.025946,0.593184,0.492549,0.064,0.494771,1.64513,7,34.4,0.0187203,19.0884
34000,9872.26,0.602555,32.84,32.9,0.000966149,4877.69,2781.51,18128.2,906.409,102.395,1088.13,0,0,0,31.4406,151.61,215.472,244.4,0.240213,0.466559,3.49604,1.83627,0.00565199,0.207299,0.202386,0.387097,0.063302,1.41183,0.470377,0.410007,0.0257648,0.593696,0.493479,0.07,0.500755,1.63787,7.4,33.2,0.018164,19.4061
34500,9847.76,0.60106,32.744,32.79,0.000879611,4868.97,2778.92,18059.5,902.977,103.561,1081.84,0,0,0,31.3885,151.311,218.751,247.84,0.240109,0.466485,3.5354,1.83387,0.00563365,0.208774,0.203188,0.388885,0.0631698,1.4126,0.479237,0.416616,0.0260532,0.594385,0.492962,0.108,0.489588,1.65835,7.4,37.4,0.0205571,19.2185
35000,9838.26,0.60048,32.934,32.88,0.000674747,4865.48,2777.58,18014.9,900.743,104.519,1084.92,0,0,0,31.3748,151.418,222.037,250.52,0.240287,0.466693,3.54175,1.83111,0.00563471,0.210166,0.205411,0.390002,0.0633331,1.41283,0.471303,0.410618,0.025719,0.594598,0.492176,0.096,0.493723,1.64033,7.6,34.2,0.0185433,19.2896
35500,9869.2,0.602368,32.978,32.988,0.00125944,4874.88,2785.77,17934.1,896.704,112.912,1083.48,0,0,0,31.2786,151.516,225.182,254.6,0.240329,0.466486,3.54418,1.81718,0.0056456,0.211932,0.207221,0.391253,0.0639964,1.41136,0.463699,0.405036,0.0250908,0.594775,0.490737,0.076,0.481618,1.62409,6.6,31.2,0.0167857,19.1794
36000,9871.88,0.602532,32.734,32.704,0.000632432,4877.84,2792.79,17868.5,893.428,116.515,1072.39,0,0,0,31.2221,151.603,228.418,258.92,0.240483,0.466831,3.59605,1.81005,0.0056647,0.213581,0.20819,0.391842,0.0653613,1.41166,0.461444,0.403769,0.0253572,0.594769,0.48994,0.072,0.485421,1.62254,7.2,30,0.0161349,19.2097
36500,9873.64,0.602639,32.99,33.034,0.000775828,4879.24,2798.99,17729.1,886.457,116.947,1079.98,0,0,0,31.1015,151.394,231.529,265.08,0.240953,0.467812,3.61868,1.7956,0.00566898,0.2147,0.209411,0.391462,0.0663729,1.41163,0.466654,0.406367,0.025436,0.594914,0.487648,0.074,0.488674,1.6352,7.4,35,0.0189057,19.332
37000,9875.66,0.602762,32.956,32.852,0.00100163,4880.02,2801.06,17675.8,883.789,117.768,1073.79,0,0,0,31.1125,151.337,234.585,268.4,0.240983,0.467958,3.63875,1.78984,0.00566164,0.216013,0.210969,0.39222,0.0665915,1.41194,0.468194,0.408154,0.0254545,0.594688,0.486617,0.072,0.486959,1.63321,7.8,31.8,0.0172164,19.2413
37500,9892.82,0.60381,33.04,33.108,0.00145919,4885.46,2803.11,17619.7,880.988,121.479,1081.14,0,0,0,31.1221,151.381,237.698,271.76,0.240423,0.466837,3.64656,1.78106,0.0056728,0.217366,0.212732,0.392407,0.0668383,1.41095,0.456105,0.399497,0.0252556,0.595456,0.486608,0.072,0.48318,1.61221,8,31.6,0.017302,19.1941
38000,9889.02,0.603578,33.038,32.968,0.00090504,4885.07,2802.5,17606.6,880.332,122.201,1081.48,0,0,0,31.1449,151.507,240.756,275.16,0.240323,0.466675,3.65484,1.78042,0.00566668,0.218906,0.213895,0.393766,0.0665344,1.41117,0.454119,0.398803,0.0252013,0.596079,0.485083,0.098,0.482684,1.60627,7.4,29.4,0.0158606,19.342
38500,9905.72,0.604597,32.832,32.862,0.00151872,4889.25,2805.29,17497.9,874.898,129.003,1075.26,0,0,0,31.1274,151.715,243.728,278.22,0.239981,0.466302,3.65714,1.76645,0.00566922,0.22056,0.21477,0.395393,0.0666947,1.41017,0.454122,0.39695,0.0252774,0.596304,0.48363,0.044,0.485122,1.61113,7,30,0.0160608,19.2992
39000,9868.92,0.602351,32.98,33.02,0.0010215,4880.16,2794.96,17282.5,864.123,137.727,1084.68,0,0,0,31.1567,151.338,246.626,280.5,0.2398,0.466005,3.67143,1.7512,0.00565252,0.222482,0.214914,0.396444,0.0660514,1.4128,0.454325,0.397912,0.0249717,0.595521,0.482815,0.068,0.480577,1.61409,7.8,27.4,0.0154193,19.622
39500,9878.78,0.602953,32.994,33.008,0.00128171,4883.18,2793.22,17218.6,860.928,141.295,1089.53,0,0,0,31.1933,151.511,249.618,284.4,0.239547,0.465521,3.64109,1.74299,0.00563079,0.224077,0.216537,0.397688,0.065965,1.41231,0.455735,0.398376,0.0248959,0.595819,0.482917,0.052,0.480186,1.61134,7,28,0.0150239,20.0086
40000,9901.98,0.604369,33.12,33.018,0.000904155,4889.56,2794.86,17147.8,857.388,143.166,1093.61,0,0,0,31.1846,151.404,252.548,285.68,0.239143,0.464685,3.61273,1.73175,0.00563824,0.225273,0.218979,0.397679,0.065594,1.41077,0.460864,0.403268,0.0251165,0.595385,0.481482,0.066,0.479928,1.62174,7.6,29.6,0.0159702,18.2476
40500,9918.2,0.605359,33.082,33.096,0.00109097,4894.6,2800.2,17051.4,852.568,146.866,1095.13,0,0,0,31.1593,151.255,255.43,288.02,0.239127,0.464332,3.62381,1.7192,0.00563129,0.225849,0.221727,0.397656,0.0654455,1.40997,0.455703,0.399505,0.0247635,0.595013,0.478953,0.064,0.486825,1.61539,8,30.6,0.0169011,19.2781
41000,9895.56,0.603977,32.956,33.012,0.00103034,4887.63,2797.63,16830.4,841.518,158.796,1092.06,0,0,0,31.1164,151.451,258.239,291.6,0.239415,0.464762,3.65148,1.70079,0.00562889,0.226814,0.223717,0.397852,0.0651032,1.41135,0.449356,0.394104,0.0244541,0.594738,0.477393,0.08,0.476674,1.59811,7,28,0.0149759,20.1189
41500,9883.48,0.60324,33.014,32.952,0.00152099,4883.48,2796.15,16663.5,833.174,164.944,1088.22,0,0,0,31.0244,151.341,260.937,293.26,0.239288,0.464534,3.68095,1.686,0.0056388,0.227726,0.224184,0.39846,0.0650746,1.41199,0.451358,0.395562,0.0247031,0.594685,0.476898,0.046,0.477112,1.60945,7.2,32.4,0.0175604,19.6526
42000,9882.7,0.603192,32.974,33.028,0.00119703,4883.46,2795.23,16612.6,830.628,169.313,1093,0,0,0,31.0827,151.704,263.638,295.42,0.238734,0.463468,3.69946,1.68098,0.00563814,0.228488,0.225522,0.398718,0.0661017,1.41192,0.46041,0.401323,0.0250441,0.595062,0.476715,0.068,0.481071,1.62786,7.6,33.2,0.0179558,19.5798
42500,9870.58,0.602452,32.898,32.946,0.00190041,4880.3,2792.47,16506.2,825.308,170.307,1087.47,0,0,0,31.0796,150.996,266.422,297.48,0.2386,0.463139,3.71664,1.67226,0.00563817,0.22963,0.227887,0.399386,0.0676414,1.41256,0.449004,0.393421,0.0248118,0.595871,0.475918,0.076,0.477629,1.59785,7.4,27.4,0.0147024,19.5494
43000,9876.82,0.602833,33.036,33,0.00219672,4881.62,2791.38,16383.3,819.168,179.751,1094.22,0,0,0,31.1159,151.354,269.212,299.12,0.238287,0.462556,3.70787,1.65877,0.00563597,0.231475,0.228997,0.400261,0.0693599,1.41218,0.451121,0.394324,0.0245908,0.595976,0.474935,0.072,0.472087,1.60936,7.2,33,0.0179703,19.6166
43500,9890.84,0.603689,32.966,32.928,0.00353302,4885.76,2801.54,16221.4,811.07,187.416,1085.4,0,0,0,30.9255,151.356,272.046,301.72,0.238425,0.462784,3.7628,1.64005,0.00561811,0.233311,0.230678,0.400535,0.0693335,1.41136,0.448381,0.393197,0.0246831,0.596141,0.475841,0.072,0.474145,1.60402,8.4,31.8,0.0174918,19.5666
44000,9906.36,0.604636,33.018,32.96,0.00267458,4891.1,2803.43,16128.6,806.431,188.017,1089.63,0,0,0,30.9594,151.621,274.945,305.44,0.237838,0.461867,3.77205,1.62811,0.00562721,0.23523,0.232559,0.401417,0.0695163,1.41073,0.450404,0.396614,0.0248887,0.596811,0.476353,0.074,0.476246,1.59184,7.4,28.2,0.0149957,19.5847
44500,9915.06,0.605167,33.224,33.232,0.00319899,4891.59,2800.57,15989.8,799.491,194.044,1101.35,0,0,0,30.9526,151.299,277.798,308.36,0.237304,0.460935,3.7517,1.61268,0.00561892,0.236592,0.233683,0.402027,0.069192,1.40963,0.446397,0.391597,0.0247059,0.596961,0.47706,0.086,0.474387,1.60022,6.6,28.4,0.0150614,19.2113
45000,9905.48,0.604583,32.998,33.042,0.00497987,4890.01,2800.94,15812.3,790.614,202.1,1093.98,0,0,0,30.9358,151.204,280.65,313.16,0.237373,0.461078,3.77851,1.59632,0.00558605,0.237998,0.235109,0.402252,0.0677002,1.41051,0.44729,0.393121,0.0247191,0.596452,0.476083,0.062,0.475258,1.59697,8.2,26.6,0.01478,18.7979
45500,9895.8,0.603992,33.05,33.144,0.00478056,4888.27,2804.8,15586,779.298,209.179,1097.65,0,0,0,30.8982,151.259,283.533,316.3,0.237499,0.461182,3.83452,1.57501,0.00556209,0.239318,0.236986,0.402501,0.0663277,1.41119,0.448299,0.393417,0.0249279,0.596398,0.475901,0.072,0.474369,1.60059,7.2,28.4,0.0156026,18.1605
46000,9883.1,0.603217,33.17,33.06,0.00360799,4885.37,2809,15413.9,770.697,219.786,1093.1,0,0,0,30.7991,151.4,286.559,319.9,0.237929,0.461868,3.88985,1.55963,0.0055625,0.240462,0.237181,0.40358,0.064661,1.41224,0.444229,0.390267,0.0250995,0.596273,0.475921,0.06,0.475858,1.59114,7.4,27.4,0.0146311,17.6022
46500,9892.2,0.603772,32.88,32.962,0.00385616,4887.53,2816.35,15284.6,764.231,214.742,1088.57,0,0,0,30.6864,151.333,289.439,323.4,0.238188,0.46217,3.92204,1.54512,0.00555352,0.241237,0.237302,0.405131,0.0638324,1.41164,0.446473,0.390787,0.0252261,0.595728,0.475723,0.072,0.482846,1.60663,8.4,30,0.016577,17.96
47000,9885.74,0.603378,33.04,33.002,0.00339598,4885.97,2817.53,15191.8,759.592,218.325,1094.07,0,0,0,30.6986,151.611,292.468,326.66,0.2383,0.462352,3.94676,1.53675,0.00554749,0.24184,0.238634,0.406876,0.0639387,1.41222,0.448527,0.394915,0.0252031,0.595155,0.475907,0.068,0.479689,1.59686,8.4,25.8,0.0142257,17.4148
47500,9901.86,0.604362,33.052,33.008,0.00508159,4890.51,2830.62,14902.2,745.111,229.61,1085.75,0,0,0,30.5292,151.354,295.139,332.16,0.238666,0.462936,4.01136,1.505,0.00553241,0.242853,0.241411,0.407878,0.0644018,1.41121,0.442394,0.388977,0.0249371,0.59435,0.476231,0.044,0.472016,1.59152,7.8,25.4,0.0139575,17.5414
48000,9900.3,0.604266,33.192,33.236,0.00422827,4888.8,2830,14593.6,729.68,235.762,1095.93,0,0,0,30.4942,151.288,297.787,335.2,0.238208,0.461888,4.03844,1.47405,0.00551966,0.243649,0.243139,0.408857,0.0651966,1.41089,0.441316,0.388077,0.0249658,0.594519,0.476046,0.07,0.472992,1.58626,7.2,28.2,0.0148685,17.5381
48500,9897.98,0.604125,32.942,32.866,0.00430325,4890.18,2836.23,14267.2,713.358,244.692,1093.68,0,0,0,30.4466,151.262,300.164,337.22,0.238035,0.461358,4.11821,1.44144,0.00548761,0.24452,0.243598,0.409763,0.0640711,1.41157,0.441202,0.389596,0.0254426,0.593902,0.475524,0.062,0.475891,1.58289,7.4,23.6,0.0129361,17.6224
49000,9883.66,0.603251,32.948,33.004,0.00531211,4885.31,2839.27,13903.5,695.176,261.101,1092.16,0,0,0,30.3616,151.503,302.869,339.04,0.237895,0.460989,4.19918,1.40672,0.00546029,0.245078,0.245032,0.409354,0.0635539,1.41216,0.442517,0.388013,0.0252774,0.593648,0.474933,0.068,0.47743,1.59499,8.6,26.4,0.0144362,17.5157
49500,9861.68,0.601909,33.134,33.204,0.00501051,4879.12,2837.07,13674.8,683.739,264.289,1102,0,0,0,30.2912,151.452,305.596,341.88,0.23761,0.460433,4.25992,1.38665,0.00542884,0.245824,0.24656,0.407742,0.0628953,1.41359,0.438588,0.385721,0.0255468,0.59366,0.473153,0.052,0.468115,1.58389,7,27.6,0.0151103,17.3619
50000,9871.72,0.602522,32.924,32.858,0.00593265,4882.27,2842.85,13424.8,671.239,274.509,1091.42,0,0,0,30.1891,151.125,307.948,343.36,0.236839,0.458902,4.33634,1.35993,0.00538232,0.246569,0.249276,0.406518,0.0615773,1.41285,0.436813,0.385512,0.0253573,0.593357,0.471852,0.056,0.465085,1.58145,8.6,26.4,0.0148475,17.4046
50500,9894.04,0.603884,33.09,33.092,0.00569713,4887.82,2852.89,13157.1,657.855,281.625,1097.01,0,0,0,30.1228,151.176,310.763,345.32,0.236108,0.45749,4.42635,1.3298,0.00535067,0.247817,0.252552,0.406021,0.0615556,1.41159,0.430293,0.379213,0.0249823,0.593237,0.470186,0.054,0.465434,1.56847,7.6,26.2,0.01415,17.5304
51000,9891.6,0.603735,33.018,33.01,0.00536835,4887.23,2852.21,12928.2,646.411,293.595,1094.45,0,0,0,30.1777,151.421,313.285,348.78,0.235105,0.455674,4.48286,1.30699,0.00531796,0.247952,0.254221,0.406209,0.0612551,1.41173,0.437422,0.385849,0.0255081,0.592998,0.468413,0.044,0.472386,1.57201,7.4,23.2,0.0125004,17.5589
51500,9887.28,0.603472,32.972,33.014,0.00666461,4885.96,2850.08,12649.6,632.479,302.733,1098.39,0,0,0,30.1647,151.419,315.842,351.82,0.234394,0.45429,4.52125,1.27938,0.00529483,0.24844,0.25515,0.406229,0.0602016,1.41188,0.428864,0.378981,0.0255587,0.592556,0.467041,0.06,0.463423,1.56389,7.6,26,0.014219,17.5745
52000,9884.06,0.603275,33.162,33.158,0.00619653,4885.79,2852.71,12423.7,621.186,307.96,1104.63,0,0,0,30.1168,151.028,318.562,353.6,0.234018,0.453719,4.58014,1.25694,0.00528028,0.249423,0.257007,0.405793,0.0589389,1.41231,0.430347,0.378915,0.0254855,0.591841,0.465519,0.076,0.463844,1.56917,7.4,26,0.0142912,17.6604
52500,9882.74,0.603195,32.898,32.954,0.00660268,4885.56,2857.35,12195,609.753,322.561,1098.13,0,0,0,30.1087,151.526,321.238,357.96,0.233806,0.453337,4.6478,1.23397,0.00524862,0.250432,0.257664,0.404851,0.0586241,1.41248,0.425992,0.377801,0.0254514,0.590443,0.464864,0.062,0.46755,1.55772,7.8,23.8,0.0130124,17.6818
53000,9852,0.601318,33.024,33.01,0.00622784,4877.34,2854.26,11844.8,592.242,330.002,1101.16,0,0,0,30.002,151.168,323.815,361.6,0.233345,0.45245,4.7341,1.20228,0.00521161,0.251434,0.258515,0.404197,0.0572738,1.4145,0.424357,0.373813,0.0257365,0.589627,0.462937,0.052,0.462033,1.56586,7.4,24.6,0.0133799,17.5536
53500,9832.38,0.600121,32.93,32.998,0.00683346,4871.91,2850.37,11642.1,582.105,335.513,1105.11,0,0,0,30.0549,151.145,326.395,363.6,0.23269,0.451286,4.7929,1.18405,0.00518658,0.251673,0.259957,0.403381,0.0553153,1.4156,0.417467,0.368973,0.0253695,0.588352,0.461424,0.03,0.457134,1.54624,7.6,22.8,0.0126197,17.5753
54000,9825.64,0.599709,32.834,32.852,0.00662599,4869.83,2852.11,11347.1,567.354,350.658,1106.25,0,0,0,30.0462,151.388,329.012,367.14,0.232264,0.450326,4.86849,1.15484,0.00515907,0.252356,0.260301,0.402852,0.0531365,1.41625,0.410883,0.364539,0.0250042,0.587452,0.46081,0.07,0.450762,1.53668,7.6,23.6,0.0129469,17.5992
54500,9826.4,0.599756,32.718,32.686,0.00625552,4871.01,2855.16,11099.3,554.964,358.221,1097.59,0,0,0,29.9166,151.248,331.744,370.1,0.231541,0.448871,4.93392,1.12953,0.00512746,0.25276,0.261933,0.403606,0.0517882,1.41629,0.416425,0.370621,0.0251654,0.586888,0.459143,0.058,0.458004,1.54287,7.6,22.2,0.0122542,17.5379
55000,9828.28,0.599871,32.894,32.928,0.00744537,4871.63,2857.1,10888.5,544.427,365.521,1107.75,0,0,0,29.8976,151.519,334.369,373.52,0.230771,0.447405,4.99603,1.10788,0.00510644,0.252973,0.264043,0.403047,0.0505103,1.41635,0.419521,0.372194,0.0259068,0.585779,0.458361,0.078,0.458877,1.54542,7.4,21.8,0.0120444,17.4028
55500,9816.72,0.599165,32.94,32.924,0.00797665,4868.88,2860.03,10616.5,530.827,375.47,1103.6,0,0,0,29.869,151.037,337.302,376.94,0.230779,0.447388,5.06143,1.08148,0.00508649,0.25319,0.265611,0.402243,0.0494776,1.41707,0.413305,0.367823,0.0255329,0.584891,0.457748,0.07,0.458852,1.52913,7.4,20,0.0109648,17.4337
56000,9800,0.598145,32.814,32.876,0.00849556,4864.7,2862.8,10166.3,508.315,394.555,1107.04,0,0,0,29.7883,151.189,339.628,380.32,0.230639,0.446945,5.14807,1.03737,0.00505541,0.252719,0.265239,0.400118,0.0486924,1.4183,0.412456,0.368916,0.0252917,0.584027,0.455952,0.064,0.454302,1.53045,8,20.6,0.0115665,17.292
56500,9760.48,0.595732,32.456,32.54,0.0064011,4853.83,2860.09,9854.66,492.733,397.581,1098.89,0,0,0,29.7887,151.302,342.2,383.38,0.230168,0.446078,5.26529,1.00965,0.00502308,0.252448,0.265044,0.398349,0.047583,1.42069,0.41469,0.370242,0.025695,0.582648,0.453842,0.062,0.454949,1.53524,7.8,16.6,0.0093665,16.9882
57000,9766.46,0.596097,32.694,32.696,0.00642028,4855.36,2860.59,9601.55,480.078,406.324,1111.12,0,0,0,29.813,151.403,344.536,386.04,0.229233,0.444254,5.31872,0.983116,0.00499291,0.25188,0.266526,0.397063,0.0461576,1.4204,0.405144,0.361914,0.0255688,0.581477,0.449929,0.056,0.448802,1.51922,7.4,18.2,0.0101173,17.0745
57500,9781.5,0.597015,32.744,32.69,0.00803481,4859.16,2869.03,9344.08,467.204,413.704,1111.63,0,0,0,29.6822,151.321,347.208,388.38,0.229068,0.443899,5.37653,0.955276,0.00497371,0.251802,0.268616,0.395641,0.0447096,1.41959,0.402102,0.357772,0.0251373,0.581249,0.448961,0.068,0.447782,1.52602,7.2,21.8,0.0118757,17.1281
58000,9772.32,0.596455,32.61,32.602,0.00850043,4856.09,2868.57,9084.32,454.216,416.658,1110.79,0,0,0,29.7163,151.026,349.732,391.12,0.228412,0.442656,5.44381,0.929604,0.00495203,0.25128,0.267285,0.394516,0.0430071,1.41993,0.391963,0.351994,0.0245976,0.580699,0.447834,0.05,0.443661,1.49536,6.6,17.2,0.00918824,17.0958
58500,9770.38,0.596337,32.744,32.826,0.0108962,4856.21,2874.64,8736.54,436.827,431.271,1121.31,0,0,0,29.6301,151.446,352.048,394.78,0.227931,0.441672,5.53928,0.89417,0.00492907,0.250829,0.265341,0.392975,0.0416219,1.42018,0.393227,0.352155,0.0249686,0.580199,0.445689,0.05,0.440306,1.50165,6.6,18.4,0.0100907,17.0659
59000,9747.4,0.594934,32.496,32.542,0.00991602,4850.29,2873.01,8330.36,416.518,446.525,1111.85,0,0,0,29.6061,151.035,354.445,398.64,0.227412,0.440772,5.6218,0.854611,0.0048975,0.250298,0.265351,0.391105,0.0405975,1.42169,0.392856,0.352107,0.0253187,0.580009,0.444254,0.04,0.443299,1.49905,7,18,0.00984339,17.035
59500,9744.84,0.594778,32.762,32.702,0.00960928,4849.77,2875.13,8009.95,400.498,458.975,1120.88,0,0,0,29.426,151.19,356.997,403.64,0.226713,0.439471,5.69367,0.821963,0.00488622,0.249947,0.266523,0.39078,0.0399311,1.42177,0.387459,0.346607,0.0247023,0.579264,0.442222,0.062,0.437745,1.49461,7,15.6,0.00876248,17.1503
60000,9724.86,0.593558,32.502,32.528,0.00954408,4844.07,2872.18,7764.95,388.248,466.301,1118.98,0,0,0,29.4398,151.39,359.511,406.26,0.226419,0.439105,5.74191,0.798464,0.00487819,0.250392,0.268036,0.390506,0.0392226,1.42325,0.393962,0.352295,0.0255094,0.578731,0.440984,0.04,0.446443,1.50136,6.2,15.4,0.00824711,15.1792
60500,9734.24,0.594131,32.596,32.606,0.0106987,4848.47,2876.44,7514.06,375.703,476.263,1117.24,0,0,0,29.4435,150.92,361.927,407.44,0.225703,0.437895,5.79685,0.771922,0.00485743,0.250111,0.266834,0.389508,0.0377052,1.42271,0.38778,0.346311,0.0251644,0.57741,0.43963,0.056,0.436957,1.50656,9.2,17.2,0.00992295,16.5157
61000,9708.82,0.592579,32.494,32.512,0.00981433,4840.68,2874.19,7140.8,357.04,491.133,1121.31,0,0,0,29.4828,151.617,364.378,410.32,0.225203,0.436983,5.88805,0.735493,0.00482056,0.249345,0.264273,0.387635,0.0366798,1.4245,0.389027,0.348116,0.0250568,0.575532,0.4389,0.036,0.439698,1.49969,7.4,21.4,0.011851,17.2264
61500,9708.76,0.592576,32.394,32.474,0.0103788,4839.83,2872.93,6877.06,343.853,497.815,1124.95,0,0,0,29.4476,151.457,366.86,412.82,0.224777,0.436139,5.89965,0.708336,0.00479589,0.249028,0.263244,0.385434,0.0371887,1.42427,0.392208,0.352579,0.0250803,0.574242,0.437108,0.05,0.441093,1.49595,7,17,0.00941202,16.7863
62000,9703.66,0.592264,32.472,32.374,0.0115003,4837.67,2872.76,6579.56,328.978,512.116,1122.17,0,0,0,29.4165,151.27,369.519,415.34,0.224148,0.434928,5.96476,0.678063,0.00477086,0.249188,0.260968,0.384591,0.0364336,1.42455,0.379459,0.342543,0.0245159,0.573901,0.436687,0.054,0.430322,1.47769,7,13.8,0.00750231,16.7143
62500,9689.86,0.591422,32.562,32.64,0.012576,4832.9,2872.38,6191.09,309.555,524.768,1131.34,0,0,0,29.2481,150.964,372.031,419.06,0.223257,0.433112,6.05861,0.638914,0.00474164,0.248738,0.257243,0.383091,0.034118,1.42523,0.375576,0.33817,0.0243946,0.573275,0.434905,0.034,0.432023,1.47361,7.2,13.8,0.00765808,16.959
63000,9670.04,0.590212,32.262,32.352,0.012342,4828.12,2874.54,5826.28,291.314,542.885,1125.04,0,0,0,29.2407,151.42,374.45,422.42,0.222968,0.432474,6.15618,0.602491,0.0047007,0.247473,0.253801,0.380704,0.0322672,1.42648,0.374002,0.338533,0.0244924,0.572059,0.433145,0.064,0.430315,1.46913,7.6,12.6,0.00699304,16.9587
63500,9670.92,0.590266,32.436,32.38,0.0130499,4829.58,2881.16,5480.26,274.013,547.713,1122.36,0,0,0,29.0991,151.023,376.972,425.18,0.222555,0.431695,6.24935,0.566672,0.00468107,0.246806,0.251123,0.37928,0.0316976,1.42691,0.377183,0.340308,0.0248237,0.57146,0.432605,0.048,0.433081,1.47256,6.6,14.2,0.00779569,16.9927
64000,9643.18,0.588573,32.392,32.464,0.0131355,4820.21,2876.78,5218.39,260.92,559.768,1132.31,0,0,0,29.1479,151.334,379.584,428.38,0.222169,0.430861,6.31157,0.54115,0.00467894,0.24654,0.25034,0.379345,0.0306781,1.42817,0.380251,0.342468,0.024864,0.571236,0.431647,0.038,0.435019,1.4771,6.4,15.8,0.00866433,16.7123
64500,9623.24,0.587356,32.106,32.086,0.0135637,4815.41,2875.65,4914.4,245.72,569.643,1120.87,0,0,0,29.0432,151.283,381.94,431.48,0.221867,0.430294,6.3832,0.510674,0.00465079,0.24583,0.248779,0.377207,0.0291061,1.42967,0.372215,0.335362,0.0244,0.570413,0.429697,0.044,0.426555,1.46418,6.2,12.6,0.00683933,16.6265
65000,9626.4,0.587549,32.398,32.508,0.0129386,4817.49,2878.91,4659.68,232.984,573.807,1135.61,0,0,0,29.019,150.88,384.211,434.38,0.221375,0.429478,6.43583,0.484037,0.00461387,0.245464,0.246405,0.376476,0.0271449,1.42971,0.369157,0.334048,0.0246703,0.569954,0.428652,0.044,0.435378,1.46117,6.6,14,0.00768846,16.7215
65500,9612.14,0.586678,32.212,32.164,0.0119282,4813.11,2875.46,4432.29,221.614,583.221,1131.93,0,0,0,29.0431,151.026,386.704,437.5,0.220827,0.428476,6.47962,0.461113,0.00459297,0.245631,0.245435,0.375887,0.0267518,1.43067,0.374914,0.338598,0.0244559,0.569586,0.428512,0.036,0.429487,1.46657,7,11.6,0.00634896,16.9761
66000,9618.54,0.587069,32.25,32.262,0.0141676,4815.39,2881.34,4112.73,205.637,598.427,1128.38,0,0,0,29.0358,150.953,389.275,439.54,0.220447,0.427751,6.54184,0.427581,0.00455679,0.245029,0.244002,0.373798,0.0258045,1.43016,0.372293,0.336496,0.0245122,0.567949,0.428514,0.036,0.431405,1.46193,6.4,11.8,0.00644342,17.126
66500,9626.6,0.587561,32.426,32.384,0.0149896,4818.31,2885.43,3881.58,194.079,600.774,1137.73,0,0,0,28.9397,150.752,391.881,442.62,0.220079,0.426987,6.58355,0.403219,0.00453489,0.244663,0.241868,0.373002,0.0248539,1.42998,0.370833,0.335901,0.0242623,0.566955,0.428358,0.04,0.428088,1.46024,7,10.8,0.00609101,17.0061
67000,9635.42,0.588099,32.368,32.332,0.0135107,4822.11,2889.8,3712.28,185.614,606.176,1144.34,0,0,0,29.0681,151.496,394.476,445.24,0.219545,0.425967,6.63527,0.38527,0.00451589,0.244645,0.238806,0.37285,0.0242273,1.42976,0.368741,0.333676,0.024227,0.566655,0.427882,0.048,0.430094,1.4615,6.6,13.4,0.00735077,17.087
67500,9617.92,0.587031,32.128,32.16,0.0136929,4817.17,2884.53,3547.98,177.399,607.837,1142.01,0,0,0,29.1546,150.858,397.14,448.54,0.218967,0.424864,6.67633,0.368898,0.00450572,0.243949,0.236163,0.370895,0.0243645,1.43088,0.360154,0.327931,0.0233969,0.565924,0.426615,0.044,0.421449,1.44435,7,9.8,0.00542808,16.8391
68000,9630.98,0.587828,32.436,32.404,0.0143685,4820.8,2890.61,3329.02,166.451,611.832,1152.15,0,0,0,29.1176,150.945,399.768,452.38,0.218503,0.423974,6.72052,0.34566,0.00449188,0.24263,0.235035,0.367995,0.0246375,1.42997,0.366895,0.332151,0.0240477,0.565357,0.425425,0.068,0.424843,1.45799,6,11.8,0.00637658,16.8056
68500,9617.46,0.587003,32.18,32.254,0.0156234,4817.14,2892.33,3052.41,152.62,621.038,1149.49,0,0,0,29.1546,151.332,402.364,456.28,0.218355,0.423526,6.79313,0.317383,0.00447027,0.241528,0.233227,0.365845,0.0247614,1.43091,0.359761,0.328241,0.0230386,0.564358,0.423379,0.042,0.42327,1.43843,6.2,9.8,0.00532255,16.8287
69000,9631.42,0.587855,32.344,32.302,0.0147173,4821.45,2898.49,2871.45,143.572,624.015,1157.81,0,0,0,29.1206,151.178,404.876,459.12,0.217895,0.422502,6.84435,0.298136,0.00445825,0.240122,0.231241,0.36343,0.0242371,1.43036,0.36667,0.333981,0.0235296,0.562588,0.421651,0.04,0.431531,1.44981,5.8,8,0.00432199,16.757
69500,9622.32,0.5873,32.234,32.272,0.0143727,4819.05,2900.62,2736.67,136.833,628.365,1156.79,0,0,0,29.172,151.335,407.579,462.32,0.218208,0.423194,6.87698,0.284408,0.00445559,0.240141,0.229775,0.363058,0.0246179,1.43091,0.361716,0.329049,0.0230629,0.562978,0.421538,0.052,0.420109,1.44253,6,11.4,0.00621481,16.7162
70000,9625.64,0.587502,32.144,32.092,0.0131912,4819.91,2902.08,2605.89,130.294,628.46,1149.58,0,0,0,29.1027,150.964,410.336,465.36,0.217967,0.422784,6.89914,0.270727,0.00445111,0.2402,0.228335,0.362272,0.0243131,1.4307,0.36003,0.327637,0.0228271,0.563371,0.420878,0.044,0.420826,1.44244,7,9.6,0.00529809,16.8508
70500,9630.9,0.587823,32.514,32.52,0.0149564,4821.02,2904.52,2508.41,125.421,635.391,1163.44,0,0,0,29.069,151.044,413.127,469.02,0.217993,0.422803,6.90638,0.260457,0.00444849,0.23991,0.228087,0.360556,0.0243772,1.43028,0.35927,0.326676,0.0227558,0.562891,0.419866,0.054,0.419594,1.44435,6.4,11.4,0.00618727,17.1589
71000,9621.84,0.587271,32.224,32.308,0.0165078,4820.09,2903.5,2398.3,119.915,641.379,1155.26,0,0,0,29.2084,151.178,415.963,472.4,0.217764,0.422418,6.93424,0.249255,0.00445729,0.239833,0.227515,0.35956,0.024684,1.43099,0.352084,0.320567,0.0225213,0.562317,0.418953,0.058,0.41656,1.434,8,9.4,0.00538215,17.3023
71500,9597.58,0.58579,32.104,32.15,0.0135904,4812.33,2896.68,2269.44,113.472,643.148,1156.85,0,0,0,29.2043,151.117,418.78,476.86,0.217453,0.421817,6.96266,0.236457,0.00445919,0.239639,0.227542,0.358527,0.0246498,1.43239,0.347433,0.317176,0.0221821,0.561229,0.418098,0.044,0.410214,1.42219,6.8,7.6,0.00425113,17.274
72000,9609.06,0.58649,32.314,32.23,0.0145784,4815.29,2902.46,2161.78,108.089,649.367,1157.12,0,0,0,29.133,150.826,421.563,481.44,0.217399,0.421791,6.99189,0.224974,0.00445153,0.239916,0.227496,0.357787,0.0246776,1.43177,0.352288,0.320903,0.0225888,0.561039,0.417219,0.042,0.414025,1.42984,6.6,7.8,0.00435231,17.2384
72500,9588.1,0.585211,32.05,32.136,0.0153282,4809.61,2894.04,2070.07,103.503,651.777,1154.13,0,0,0,29.1533,150.958,424.277,483.38,0.216699,0.420748,7.01903,0.215899,0.00445858,0.240251,0.227227,0.357458,0.0249782,1.43338,0.344021,0.314413,0.0219107,0.561192,0.416307,0.054,0.412969,1.42168,6.2,8.8,0.00484521,17.2814
73000,9594.62,0.585609,32.354,32.238,0.0134096,4810.72,2897.93,1988.82,99.441,653.113,1164.2,0,0,0,29.2061,150.937,427.128,486.34,0.216756,0.420961,7.02629,0.207292,0.00446396,0.240312,0.226857,0.35753,0.0252196,1.43251,0.353273,0.323425,0.0221832,0.561831,0.415379,0.054,0.417417,1.42632,6.6,9.6,0.00531762,17.3078
73500,9606.36,0.586326,32.16,32.168,0.0145394,4814.19,2902.73,1909.61,95.4807,651.171,1162.38,0,0,0,29.2267,151.272,429.835,487.42,0.216736,0.420997,7.04721,0.198785,0.00446447,0.239257,0.226139,0.356728,0.025339,1.43193,0.344926,0.316524,0.0216097,0.561235,0.413832,0.038,0.410938,1.41143,5.4,6.6,0.00349769,17.3989
74000,9617.78,0.587023,32.39,32.396,0.0156975,4818.11,2906.88,1857.13,92.8564,650.58,1169.16,0,0,0,29.1718,150.691,432.492,488.42,0.216581,0.420633,7.05956,0.193094,0.0044602,0.239177,0.225662,0.356147,0.0253339,1.4313,0.352299,0.322401,0.0219982,0.559957,0.41254,0.052,0.414072,1.42673,5.8,7.8,0.0041992,17.4169
74500,9621.4,0.587244,32.408,32.418,0.0161198,4819.34,2907.85,1787.09,89.3545,653.708,1172.62,0,0,0,29.244,151.161,435.201,492.8,0.21618,0.419858,7.07365,0.185741,0.0044637,0.240433,0.225969,0.356852,0.0252745,1.43083,0.356254,0.325541,0.0222828,0.559023,0.413024,0.05,0.418157,1.43165,6.2,7.4,0.00405367,17.4579
75000,9628.04,0.587649,32.166,32.122,0.0148893,4820.01,2908.89,1714.65,85.7325,655.312,1162.67,0,0,0,29.198,150.85,438.038,495.32,0.215847,0.419276,7.09172,0.17809,0.00447228,0.240663,0.225623,0.35725,0.0254019,1.43039,0.352328,0.322917,0.0218586,0.558409,0.413131,0.038,0.419587,1.42305,6.4,6.8,0.00367987,17.4038
75500,9620.1,0.587164,32.39,32.372,0.0151063,4816.95,2906.43,1664.59,83.2297,656.402,1171.15,0,0,0,29.1749,150.608,440.846,496.24,0.215749,0.41927,7.10282,0.173033,0.00448853,0.241163,0.226436,0.357782,0.026109,1.43085,0.350788,0.320976,0.0218458,0.558376,0.413139,0.048,0.415832,1.4249,6.2,9,0.00503106,17.4305
76000,9631.32,0.587849,32.454,32.578,0.0189118,4820.11,2917.36,1598.49,79.9247,660.201,1169.07,0,0,0,29.169,150.992,443.6,498.92,0.2164,0.420573,7.13389,0.165959,0.00448524,0.241454,0.226027,0.356827,0.0257496,1.42991,0.35632,0.326083,0.0219434,0.557415,0.412698,0.06,0.418571,1.43364,5.8,9,0.00481042,17.3544
76500,9590.32,0.585347,32.092,32.048,0.0157758,4808.89,2907.94,1482.59,74.1297,657.258,1165.6,0,0,0,29.2555,150.882,446.288,501.98,0.216611,0.421048,7.15899,0.154595,0.00448925,0.241133,0.226209,0.355451,0.0257416,1.43278,0.351406,0.320255,0.0217281,0.556534,0.41228,0.02,0.411582,1.42795,6.6,8.8,0.00485939,17.3409
77000,9596.32,0.585713,32.236,32.314,0.0155303,4811.12,2911.9,1405.38,70.2688,656.99,1174.08,0,0,0,29.1522,151.047,449.025,506.44,0.216578,0.421177,7.18051,0.146444,0.00448624,0.241309,0.226203,0.353916,0.0251668,1.43232,0.345434,0.316062,0.0213991,0.556891,0.411417,0.034,0.404135,1.41588,6.6,8.4,0.00460882,17.3068
77500,9577.56,0.584568,32.338,32.32,0.0158913,4805.05,2911.31,1268.92,63.4462,665.016,1172.68,0,0,0,29.2573,150.96,451.449,510.42,0.216729,0.421428,7.22872,0.132486,0.00447519,0.240511,0.223862,0.352248,0.0242303,1.43342,0.343041,0.314224,0.0213086,0.556356,0.408511,0.034,0.406998,1.41467,6.4,7.6,0.00419779,17.3348
78000,9557.64,0.583352,31.79,31.87,0.0174432,4800.25,2911.72,1149.74,57.4869,664.812,1156.39,0,0,0,29.2884,151.167,453.937,513.04,0.217034,0.422156,7.27953,0.120293,0.00446834,0.239202,0.221565,0.350432,0.0237911,1.43505,0.339867,0.311593,0.0209314,0.555802,0.406154,0.038,0.404068,1.41041,6,6.4,0.00349354,17.4699
78500,9548.14,0.582772,32.258,32.202,0.0172742,4797.65,2911.15,1078.57,53.9287,664.848,1171.43,0,0,0,29.2348,150.755,456.722,516.78,0.217098,0.422433,7.30005,0.112962,0.00446658,0.23846,0.221888,0.348128,0.0237391,1.43552,0.33777,0.311316,0.0208341,0.554929,0.404969,0.04,0.39721,1.40349,6,5,0.00278581,17.4466
79000,9540.72,0.582319,32.094,32.146,0.0167007,4795.21,2912.77,989.386,49.4693,669.88,1169.36,0,0,0,29.2903,151.192,459.369,520.32,0.217233,0.422586,7.33325,0.1037,0.00446503,0.238166,0.221052,0.346279,0.0238932,1.43608,0.337767,0.309718,0.0207985,0.553745,0.403546,0.028,0.402409,1.40563,5.8,7,0.00377567,17.3372
79500,9507.32,0.580281,31.824,31.892,0.0173418,4785,2906.39,924.277,46.2139,667.059,1161.32,0,0,0,29.3198,150.917,461.968,523.24,0.217279,0.422566,7.36772,0.0972147,0.00445526,0.237308,0.218994,0.343591,0.0234596,1.43795,0.34269,0.315579,0.0209027,0.552911,0.402403,0.038,0.403679,1.41013,6.4,8.2,0.00452395,17.3322
80000,9511.14,0.580514,31.998,31.994,0.0184386,4787.77,2912.13,843.756,42.1878,669.016,1165.17,0,0,0,29.3105,151.039,464.301,525.54,0.217383,0.42286,7.40854,0.0887164,0.0044387,0.236228,0.215497,0.342199,0.0225146,1.43796,0.336527,0.311262,0.0204981,0.552546,0.400822,0.044,0.402181,1.39338,5.4,4.8,0.00256599,15.7512
80500,9493.1,0.579413,31.886,31.876,0.0145751,4782.16,2905,805.528,40.2764,669.964,1168.18,0,0,0,29.3974,151.01,466.964,508.54,0.217044,0.422256,7.42143,0.0848549,0.00444599,0.236423,0.214007,0.342301,0.0225297,1.43946,0.336938,0.310005,0.0205416,0.552466,0.400217,0.042,0.402224,1.39713,5.8,4.8,0.00267807,17.1307
81000,9495.52,0.579561,31.846,31.882,0.0164543,4783.2,2902.62,791.25,39.5625,667.659,1170.81,0,0,0,29.4883,150.964,469.858,499.58,0.216313,0.420908,7.42767,0.0833282,0.00446045,0.236759,0.214792,0.343506,0.0230874,1.4391,0.338454,0.311657,0.0206395,0.552902,0.400637,0.028,0.401657,1.40621,5.8,6,0.00326479,17.8615
81500,9493.98,0.579467,31.85,31.802,0.0160431,4781.36,2898.23,787.411,39.3706,672.287,1168.75,0,0,0,29.462,150.877,472.703,498.78,0.215692,0.419713,7.42487,0.0829392,0.00446774,0.237427,0.215814,0.344218,0.02333,1.43878,0.33752,0.310658,0.0206907,0.552198,0.401351,0.024,0.402179,1.4009,6.6,7.2,0.0040465,17.7041
82000,9519.92,0.58105,32.05,32.076,0.0159569,4789.24,2904.97,770.597,38.5299,674.501,1172.48,0,0,0,29.3813,150.763,475.513,501.4,0.215502,0.419341,7.42868,0.080945,0.00447898,0.237728,0.217061,0.344124,0.0237142,1.43731,0.332443,0.304593,0.0204189,0.551097,0.401384,0.068,0.396184,1.3983,5.6,5.8,0.00313147,17.6807
82500,9513.16,0.580637,31.948,31.864,0.0154311,4787.56,2903.42,760.474,38.0237,674.85,1171.01,0,0,0,29.4971,151.044,478.352,504.4,0.215577,0.419389,7.43196,0.0799387,0.00448874,0.238517,0.217678,0.344324,0.0242146,1.43805,0.337409,0.308988,0.0204409,0.550556,0.401191,0.022,0.401858,1.41077,6.6,8.6,0.0048329,17.4003
83000,9536.16,0.582041,31.986,31.974,0.0164664,4794.83,2910.69,752.106,37.6053,671.241,1169.03,0,0,0,29.4897,150.974,481.163,508.02,0.215456,0.419294,7.43434,0.0788692,0.00448801,0.238972,0.217722,0.345552,0.0242522,1.43647,0.340284,0.312536,0.0202168,0.549992,0.401512,0.03,0.405684,1.40805,5.8,7.6,0.00413264,17.429
83500,9540.88,0.582329,32.09,32.132,0.0169211,4796.06,2911.59,747.786,37.3893,676.819,1176.08,0,0,0,29.499,151.098,484.04,510.98,0.215353,0.41925,7.4355,0.078377,0.00449276,0.239707,0.218344,0.345122,0.0244489,1.43615,0.343504,0.31478,0.0207331,0.548893,0.401698,0.026,0.403965,1.41651,6,8.6,0.00465609,17.6738
84000,9515.68,0.580791,31.894,31.986,0.0192114,4786.78,2902.96,724.445,36.2223,673.387,1172.61,0,0,0,29.55,151.063,486.958,515.2,0.215033,0.418711,7.44719,0.0761306,0.00449886,0.240602,0.218634,0.344295,0.0248108,1.43717,0.337291,0.310291,0.0199387,0.548567,0.402401,0.03,0.402655,1.40148,6,7,0.0038039,17.7497
84500,9511,0.580505,31.89,31.84,0.0168459,4787.02,2899.07,710.76,35.538,676.972,1169.73,0,0,0,29.5908,150.753,489.888,518.34,0.214489,0.417797,7.45106,0.0747305,0.00450845,0.241768,0.219594,0.343636,0.0250388,1.43784,0.341211,0.312659,0.020241,0.548278,0.403219,0.054,0.402362,1.40821,5.8,7,0.00378663,17.6556
85000,9525.82,0.58141,32.166,32.126,0.0188941,4790.74,2900.9,705.173,35.2586,681.929,1176.21,0,0,0,29.5827,150.893,492.881,520.42,0.214073,0.417239,7.45523,0.0740285,0.00452485,0.242404,0.220589,0.343119,0.0258504,1.43681,0.332721,0.306561,0.0199337,0.547847,0.403546,0.036,0.39541,1.39477,5.8,5.4,0.00291704,17.5857
85500,9518.96,0.580991,31.948,31.942,0.0173869,4789.04,2898.79,695.665,34.7833,684.635,1168.28,0,0,0,29.6247,151.029,495.805,523.5,0.213981,0.417237,7.45818,0.0730828,0.00452795,0.243314,0.220544,0.343138,0.025921,1.43742,0.344068,0.317447,0.0204494,0.546814,0.40311,0.038,0.411265,1.40975,5.6,7.4,0.00401377,17.7315
86000,9518.16,0.580942,32.046,32.122,0.0179389,4788.06,2897.34,690.444,34.5222,682.271,1178.1,0,0,0,29.666,151.059,498.766,523.74,0.21368,0.416658,7.4646,0.07254,0.0045241,0.244225,0.221534,0.344487,0.0254847,1.43735,0.344871,0.317144,0.0204123,0.546412,0.403709,0.046,0.406926,1.41213,5.4,5,0.00266871,17.7414
86500,9538.2,0.582166,32.05,31.99,0.0174262,4794.89,2904.54,682.377,34.1189,682.995,1170.63,0,0,0,29.5948,150.617,501.714,527.54,0.213772,0.416735,7.47092,0.0715424,0.00452896,0.245169,0.222901,0.344586,0.0258799,1.43623,0.346145,0.317316,0.0202047,0.545548,0.404267,0.052,0.409132,1.41657,5.2,5,0.00264393,17.6237
87000,9512.52,0.580598,32.118,32.05,0.0176098,4787.95,2896.75,675.538,33.7769,680.892,1175.44,0,0,0,29.6925,150.762,504.648,530.64,0.213685,0.416258,7.47663,0.0710149,0.004541,0.246229,0.224344,0.345001,0.0267607,1.4381,0.342308,0.315453,0.0200311,0.54563,0.405054,0.03,0.405175,1.40329,5.4,6.4,0.00342612,17.569
87500,9540.58,0.582311,31.966,32.026,0.0186601,4796.72,2907.01,664.452,33.2226,687.354,1170.79,0,0,0,29.6591,151.205,507.64,533,0.213884,0.416478,7.47934,0.069645,0.00453828,0.247827,0.225086,0.346163,0.0267939,1.43635,0.341128,0.313557,0.0198428,0.545368,0.406546,0.026,0.404432,1.40757,6,6.8,0.00373153,17.6332
88000,9521.72,0.58116,32.07,32.044,0.0185616,4791.22,2901.74,665.81,33.2905,682.437,1173.29,0,0,0,29.6186,150.723,510.521,536.1,0.213977,0.416673,7.47859,0.0699256,0.00454475,0.248875,0.226094,0.347531,0.0270281,1.43753,0.345791,0.317306,0.0199534,0.545138,0.407326,0.036,0.409036,1.41093,6.2,5.4,0.00300406,17.7867
88500,9550.82,0.582936,32.098,32.108,0.0184562,4799.98,2910.68,667.48,33.374,682.903,1174.48,0,0,0,29.6268,150.876,513.601,539.16,0.213859,0.41648,7.48567,0.069888,0.00454814,0.249874,0.227126,0.347938,0.0275476,1.43571,0.34612,0.317586,0.0198969,0.544609,0.407157,0.032,0.405964,1.41436,5.8,5.4,0.00297468,17.836
89000,9512.2,0.580579,31.9,31.94,0.0192601,4788.54,2899.14,662.293,33.1147,680.192,1169.69,0,0,0,29.716,150.982,516.625,543.36,0.213792,0.416384,7.49055,0.0696251,0.00455533,0.250794,0.22831,0.348423,0.0283321,1.43826,0.352205,0.321148,0.0204536,0.543943,0.407624,0.034,0.410629,1.42743,6.2,8.6,0.00477537,17.6815
89500,9534.48,0.581938,32.124,32.106,0.0180923,4795.38,2906.4,655.409,32.7704,679.819,1180.19,0,0,0,29.6757,150.836,519.538,546.22,0.213815,0.416411,7.49181,0.0687411,0.00456691,0.252072,0.228642,0.348801,0.0288411,1.43683,0.355648,0.325931,0.0204765,0.543817,0.408274,0.036,0.414612,1.43089,6,6.4,0.00358585,17.8849
90000,9535.4,0.581995,32.042,32.03,0.0183758,4796.33,2907.37,656.666,32.8333,679.81,1172.35,0,0,0,29.6957,150.89,522.441,548.44,0.213943,0.41647,7.48935,0.0688657,0.00456716,0.253056,0.229061,0.349414,0.0291901,1.43693,0.3545,0.324417,0.020243,0.543482,0.409344,0.034,0.411608,1.42722,6.2,7.6,0.00423726,17.7483
90500,9570.6,0.584143,32.208,32.164,0.0183724,4806.81,2918.87,645.822,32.2911,678.696,1177.17,0,0,0,29.6855,150.907,525.275,551.44,0.21412,0.41666,7.49768,0.0674798,0.00458886,0.253739,0.23026,0.350444,0.030349,1.43506,0.348484,0.318573,0.0199368,0.54332,0.410291,0.036,0.406607,1.42512,6,7,0.0038025,17.7876
91000,9581.56,0.584812,32.268,32.204,0.0190421,4809.87,2921.67,640.89,32.0445,683.79,1173.17,0,0,0,29.6697,150.998,528.323,554.96,0.213907,0.416316,7.5003,0.0668869,0.0046045,0.254426,0.230439,0.351066,0.0308319,1.43416,0.349167,0.320443,0.0199135,0.543291,0.409545,0.05,0.416017,1.41936,6.2,7,0.00379796,17.7172
91500,9585.12,0.585029,32.116,32.132,0.0181365,4811.62,2923.9,631.361,31.5681,679.999,1174.6,0,0,0,29.711,151.06,531.248,556.94,0.213992,0.416408,7.50385,0.0658687,0.0046071,0.255467,0.231445,0.353046,0.0307508,1.43401,0.349551,0.321243,0.0198562,0.54314,0.409271,0.032,0.406228,1.42088,6.2,5.8,0.00321308,17.7781
92000,9582.1,0.584845,32.402,32.392,0.0188475,4809.48,2921.15,623.729,31.1864,674.598,1183.37,0,0,0,29.6252,150.318,534.328,559.4,0.213877,0.416284,7.50235,0.0650938,0.0046243,0.256281,0.232325,0.354241,0.031059,1.43418,0.344227,0.316429,0.019406,0.543206,0.408189,0.058,0.402993,1.41346,5.8,6.4,0.00344536,17.7626
92500,9573.34,0.58431,32.144,32.178,0.018367,4808.25,2918.67,624.384,31.2192,682.523,1175.64,0,0,0,29.6992,151.035,537.25,562.1,0.213732,0.416052,7.50816,0.0652211,0.00463442,0.256722,0.232595,0.355831,0.0314527,1.43483,0.342255,0.313785,0.0193783,0.543596,0.40705,0.034,0.404074,1.41257,6,7.6,0.00409402,17.7298
93000,9562,0.583618,32.19,32.184,0.017658,4804.49,2912.94,624.276,31.2138,685.174,1176.05,0,0,0,29.7699,150.919,540.275,565.42,0.213425,0.415599,7.5055,0.0652872,0.00464612,0.257937,0.233575,0.356737,0.0316615,1.43556,0.344197,0.315604,0.019729,0.543398,0.406184,0.024,0.406827,1.41505,5.8,6.2,0.0034089,17.5896
93500,9565.58,0.583837,32.272,32.306,0.0184311,4805.62,2913.4,620.506,31.0253,679.799,1184.42,0,0,0,29.7467,150.688,543.289,570.34,0.213267,0.41534,7.50405,0.0648685,0.00464116,0.259145,0.235148,0.35699,0.0309656,1.43523,0.347486,0.319045,0.0195614,0.543736,0.40632,0.036,0.403228,1.41464,6.2,5.6,0.00309438,17.6265
94000,9554.7,0.583173,31.934,31.956,0.0177003,4802.36,2912.5,610.419,30.521,678.782,1175.79,0,0,0,29.8247,151.244,546.305,573.3,0.213611,0.416115,7.50948,0.0638866,0.00465886,0.260305,0.236511,0.357263,0.0313944,1.43598,0.350902,0.321843,0.0194871,0.5437,0.405232,0.028,0.409365,1.4204,5.4,4.6,0.00246748,17.6461
94500,9547,0.582703,32.1,32.116,0.0180802,4799.86,2910.68,608.453,30.4227,680.221,1179.04,0,0,0,29.8554,150.884,549.355,576.74,0.213814,0.416555,7.50734,0.0637326,0.00468123,0.261292,0.237383,0.357111,0.0319361,1.43648,0.346783,0.317447,0.0195733,0.543378,0.405226,0.04,0.406095,1.42192,6.4,9.2,0.00513473,17.6622
95000,9569.14,0.584054,32.344,32.258,0.0169115,4805.6,2916.07,609.48,30.474,680.426,1184.61,0,0,0,29.8259,151,552.507,580.34,0.21367,0.416405,7.50597,0.0636922,0.0046964,0.262664,0.239196,0.356727,0.0320171,1.43498,0.344853,0.317251,0.0192767,0.54259,0.404747,0.062,0.398877,1.41238,6.2,5.6,0.00313402,17.5897
95500,9565.48,0.583831,31.958,31.96,0.0179047,4806.34,2916.81,598.728,29.9364,677.192,1173.28,0,0,0,29.7725,150.931,555.529,583.4,0.213792,0.416461,7.51162,0.0625923,0.00470147,0.263866,0.239489,0.356832,0.0319875,1.43542,0.341778,0.31432,0.0189476,0.542402,0.404202,0.042,0.400974,1.40733,5.6,6.4,0.00340894,17.7649
96000,9577.86,0.584586,32.258,32.272,0.0189556,4808.65,2919.49,594.289,29.7145,682.488,1182.5,0,0,0,29.7998,151.121,558.637,586.8,0.213684,0.416216,7.51175,0.0620487,0.00470826,0.264761,0.240559,0.356456,0.0325583,1.43451,0.341489,0.312695,0.0189913,0.542233,0.403708,0.018,0.400951,1.40985,6,6.2,0.00342344,17.7383
96500,9565.96,0.58386,32.17,32.16,0.0184239,4805.56,2917.87,593.365,29.6683,680.22,1180.29,0,0,0,29.8755,151.199,561.65,588.84,0.213873,0.41666,7.51573,0.0620287,0.00470532,0.266026,0.243045,0.356237,0.0323059,1.4354,0.353446,0.323212,0.0197068,0.541605,0.40325,0.056,0.40324,1.42746,6.4,8.4,0.00461828,17.581
97000,9556.28,0.583269,31.94,31.932,0.0165493,4803.48,2917.56,573.533,28.6767,673.009,1172.49,0,0,0,29.8941,150.666,564.556,590.52,0.214127,0.417181,7.52859,0.0600162,0.00471804,0.267452,0.244455,0.356867,0.0326108,1.43599,0.343305,0.315512,0.0189119,0.541145,0.402608,0.044,0.402206,1.41044,5.8,6.6,0.0035356,17.6304
97500,9552.84,0.583059,32.156,32.27,0.0166491,4801.91,2920.11,574.088,28.7044,673.939,1188.95,0,0,0,29.8762,151.222,567.444,593.32,0.214636,0.418107,7.52914,0.0600957,0.0047279,0.268939,0.244809,0.357902,0.0330616,1.4359,0.348951,0.320103,0.0190597,0.541853,0.402434,0.048,0.399619,1.42037,6,6.4,0.00349673,17.5451
98000,9536.4,0.582056,32.066,32.004,0.0169029,4795.8,2915.6,573.021,28.651,675.511,1176.1,0,0,0,29.9469,150.926,570.385,596.56,0.214985,0.418867,7.52577,0.060087,0.00471086,0.270349,0.245766,0.358497,0.0319244,1.43697,0.34399,0.315236,0.0188841,0.542205,0.401809,0.046,0.405455,1.41333,5.8,6.6,0.00366757,17.5857
98500,9568.98,0.584044,31.998,31.99,0.0191943,4806.03,2925.36,574.486,28.7243,673.343,1169.92,0,0,0,29.8667,150.858,573.415,599.32,0.214943,0.418804,7.52213,0.0600367,0.00470782,0.271605,0.246966,0.358439,0.0310521,1.43494,0.34119,0.313549,0.0187552,0.542225,0.40131,0.044,0.39938,1.40729,5.6,6.6,0.0035113,17.6832
99000,9563.78,0.583727,32.316,32.342,0.0175247,4805.1,2924.04,573.915,28.6958,675.57,1183.85,0,0,0,29.8845,150.8,576.386,601.96,0.215015,0.418934,7.51908,0.0600092,0.00471319,0.27233,0.247651,0.359448,0.0313427,1.43531,0.339563,0.312561,0.0184862,0.542535,0.402221,0.028,0.398802,1.40148,5.6,5.8,0.00311571,17.7904
99500,9559.72,0.583479,32,32.002,0.017394,4803.38,2924.85,562.383,28.1192,673.044,1172,0,0,0,29.9176,151.252,579.308,605.48,0.215268,0.419331,7.52391,0.0588288,0.00472717,0.273515,0.248911,0.360067,0.0322694,1.43556,0.350543,0.321086,0.0191119,0.542839,0.402306,0.038,0.407866,1.42171,6.4,6.2,0.00340911,17.6365
100000,9567.5,0.583954,32.348,32.264,0.0193139,4805.66,2925.68,561.236,28.0618,673.829,1184.29,0,0,0,29.9288,150.962,582.548,610.72,0.215101,0.419081,7.5198,0.0586615,0.00474639,0.27557,0.249918,0.360616,0.0327531,1.43508,0.345367,0.31597,0.0188947,0.54238,0.402856,0.042,0.400072,1.41256,5.6,5.8,0.00313665,15.7454
100500,9597.4,0.585779,32.162,32.198,0.0200724,4814.18,2933.66,562.297,28.1149,673.458,1177.13,0,0,0,29.8508,150.982,585.645,615.32,0.214913,0.418709,7.51799,0.0585887,0.00475344,0.277201,0.250196,0.361011,0.0333315,1.43325,0.350724,0.319871,0.0188376,0.542141,0.403968,0.048,0.406485,1.42682,5.6,8,0.0042708,16.6788
101000,9574.2,0.584363,32.15,32.08,0.0191228,4808.06,2927.38,554.704,27.7352,671.518,1178.1,0,0,0,29.9506,151.161,588.503,617.7,0.215004,0.418967,7.52101,0.0579372,0.00475745,0.278095,0.250543,0.362133,0.0330821,1.43475,0.346553,0.317677,0.0187969,0.542003,0.40359,0.046,0.400013,1.41745,5.8,6.6,0.00357526,17.89
101500,9592.84,0.5855,32.22,32.296,0.0197115,4813.19,2934.67,554.987,27.7494,672.929,1178.81,0,0,0,29.9103,150.965,591.403,619.7,0.215215,0.419478,7.52234,0.0578546,0.00477163,0.279106,0.252002,0.362814,0.0334198,1.43349,0.349957,0.320413,0.0189231,0.541875,0.403557,0.05,0.407971,1.42336,5.4,8,0.00427396,18.0066
102000,9563.42,0.583705,32.046,32.012,0.0162926,4805.08,2925.53,562.833,28.1416,675.843,1173.93,0,0,0,29.9628,151.232,594.425,624.18,0.215259,0.419567,7.51718,0.058853,0.00476923,0.280576,0.253325,0.363854,0.0336683,1.43531,0.347463,0.318943,0.0188388,0.54144,0.404746,0.04,0.401619,1.41387,5.8,7.6,0.00416207,17.9326
102500,9566.5,0.583893,32.19,32.158,0.018149,4805.39,2925.74,552.021,27.6011,671.593,1180.04,0,0,0,29.9431,150.916,597.537,627.04,0.215228,0.419449,7.516,0.0577035,0.00477614,0.281977,0.255033,0.365329,0.0335923,1.4352,0.348255,0.318292,0.0185562,0.541282,0.404152,0.02,0.402177,1.42301,6.2,9,0.00497456,17.9468
103000,9569.74,0.584091,32.156,32.21,0.0214057,4805.97,2924.49,552.781,27.6391,679.587,1177.07,0,0,0,30.0151,151.114,600.36,629.5,0.214777,0.418713,7.51411,0.0577632,0.00479348,0.283205,0.256179,0.366683,0.0342796,1.43472,0.350155,0.321336,0.0187199,0.540691,0.403592,0.036,0.406344,1.42249,6.8,7.2,0.00401128,18.0845
103500,9563.88,0.583733,32.056,32.056,0.0183781,4804.36,2922.18,555.983,27.7992,676.874,1172.82,0,0,0,29.9594,150.841,603.179,631.58,0.214649,0.418449,7.51528,0.0581335,0.00479424,0.284422,0.257698,0.368495,0.0342127,1.43509,0.352335,0.323077,0.0188517,0.540462,0.403509,0.04,0.404435,1.4223,6,6,0.00323925,18.1706
104000,9572.84,0.58428,32.346,32.304,0.0195299,4806.72,2922.49,557.013,27.8507,679.757,1180.83,0,0,0,30.0086,150.826,606.213,632.66,0.214394,0.418034,7.51343,0.0581872,0.00479281,0.285306,0.257861,0.369327,0.0344591,1.43473,0.349479,0.320941,0.0186365,0.540346,0.403627,0.062,0.404635,1.42002,6,6,0.00323936,18.0863
104500,9567.42,0.583949,31.958,31.992,0.0164813,4805.92,2919.19,550.817,27.5409,677.183,1176.46,0,0,0,30.0192,151.116,609.311,636.8,0.213945,0.417193,7.51794,0.0575718,0.00479628,0.286378,0.25807,0.37102,0.0347774,1.43507,0.351383,0.322022,0.0188401,0.540029,0.403479,0.048,0.406963,1.4237,6.4,6.2,0.00338698,18.0365
105000,9573.06,0.584293,32.3,32.278,0.017428,4807.51,2918.52,556.324,27.8162,679.395,1184.63,0,0,0,30.0327,150.964,612.259,640.32,0.213624,0.416632,7.51443,0.0581131,0.00479707,0.287372,0.257612,0.372077,0.0343983,1.43469,0.347054,0.317163,0.0188335,0.540022,0.403396,0.044,0.40123,1.41829,6.4,6.6,0.00363707,17.9781
105500,9579.12,0.584663,32.144,32.138,0.0176226,4808.85,2920.18,558.199,27.9099,682.191,1178.31,0,0,0,30.051,150.928,615.187,643.1,0.213612,0.41674,7.51331,0.0582729,0.00479064,0.287781,0.257451,0.372486,0.0339773,1.43431,0.353145,0.322595,0.0190338,0.540633,0.403562,0.052,0.408545,1.42732,5.4,8.2,0.00436733,18.0563
106000,9580.36,0.584739,32.212,32.24,0.018619,4809.15,2921.7,545.27,27.2635,676.651,1180.95,0,0,0,30.0344,150.589,618.139,646.02,0.213824,0.417095,7.51783,0.0569157,0.00479943,0.289129,0.258991,0.372777,0.0341144,1.43423,0.346213,0.317071,0.0186234,0.541162,0.403114,0.05,0.405362,1.4169,6.4,8,0.00444497,18.1884
106500,9581.78,0.584825,32.154,32.184,0.0184515,4810.04,2924.76,539.176,26.9588,678.884,1179.9,0,0,0,30.1052,151.189,621.025,649.96,0.214139,0.417718,7.52042,0.0562714,0.0048206,0.290362,0.260222,0.373002,0.0348783,1.43424,0.353804,0.323476,0.0187192,0.541118,0.401671,0.04,0.404667,1.42726,6.2,7,0.00388163,18.1626
107000,9558,0.583374,32.222,32.156,0.0163826,4803.45,2919.23,537.623,26.8811,677.565,1182.62,0,0,0,30.0642,150.803,623.882,651.94,0.214503,0.418535,7.51983,0.0562483,0.00483927,0.291261,0.260937,0.372887,0.0353822,1.43562,0.341237,0.31218,0.0180891,0.541406,0.400544,0.048,0.397036,1.41274,6.4,7.8,0.00426858,18.0947
107500,9580.92,0.584773,32.118,32.13,0.0180369,4809.25,2924.12,532.557,26.6278,680.199,1175.41,0,0,0,30.1109,151.144,626.726,655.1,0.21416,0.417976,7.52173,0.0555855,0.0048352,0.291821,0.260906,0.37382,0.0347986,1.43412,0.343443,0.315587,0.0181159,0.540764,0.399569,0.038,0.402246,1.40887,5.6,8.2,0.00434287,18.0608
108000,9589.1,0.585272,32.224,32.198,0.0182073,4812.87,2927.6,535.443,26.7722,678.757,1180.71,0,0,0,30.0664,151.072,629.628,658.62,0.214233,0.418222,7.52419,0.0558384,0.00484584,0.29157,0.262797,0.374853,0.0348876,1.43384,0.342533,0.314581,0.0179916,0.541492,0.399632,0.036,0.396618,1.40582,5.6,4.6,0.00246232,18.1517
108500,9588.18,0.585216,32.206,32.198,0.01872,4811.39,2927.26,534.211,26.7106,673.998,1180.95,0,0,0,30.0225,150.588,632.429,662.62,0.214319,0.418425,7.52253,0.0557158,0.00486058,0.292015,0.264438,0.375468,0.0357123,1.43384,0.343848,0.316273,0.0179908,0.541286,0.399918,0.028,0.395479,1.4142,5.6,7.2,0.00381729,18.1002
109000,9603.36,0.586143,32.498,32.51,0.0182901,4816.52,2929.44,542.468,27.1234,677.026,1189.49,0,0,0,30.0182,150.796,635.58,666.68,0.213873,0.417679,7.51856,0.0564871,0.00487521,0.292902,0.265575,0.375752,0.0362494,1.43297,0.349667,0.321521,0.0183739,0.540418,0.399756,0.04,0.402423,1.41434,6.2,5.6,0.00308322,18.1066
109500,9587.56,0.585178,32.048,32.038,0.018176,4812.4,2922.62,531.726,26.5863,684.398,1174.1,0,0,0,30.1847,151.312,638.581,668.86,0.213521,0.416906,7.52307,0.0554597,0.00487868,0.294077,0.264249,0.375972,0.0360554,1.43407,0.344506,0.316496,0.0179754,0.539284,0.398578,0.034,0.395188,1.41052,6.6,5,0.00279622,18.1038
110000,9578.54,0.584628,32.204,32.2,0.0184338,4810.71,2917.87,535.445,26.7723,680.874,1182.85,0,0,0,30.1255,150.867,641.276,670.14,0.213235,0.416448,7.51409,0.0559003,0.00486818,0.294508,0.264182,0.375961,0.035258,1.4348,0.347907,0.318634,0.0182043,0.538051,0.397463,0.032,0.402263,1.42334,7,9,0.00504989,18.1413
110500,9596.76,0.58574,32.252,32.27,0.0178042,4814.28,2918.69,529.835,26.4918,685.945,1182.77,0,0,0,30.1904,150.923,644.049,673.92,0.212528,0.41516,7.51336,0.0552097,0.00487106,0.295323,0.264007,0.375948,0.0348481,1.43331,0.345781,0.317549,0.0181035,0.535694,0.3963,0.04,0.397573,1.41327,5.6,6.4,0.00341868,18.1028
111000,9596.98,0.585753,32.26,32.288,0.017893,4814.51,2919.79,531.953,26.5976,684.193,1183.83,0,0,0,30.1402,150.724,646.786,677.26,0.212823,0.415836,7.51045,0.0554294,0.00488012,0.296317,0.264009,0.376958,0.0349983,1.43349,0.343486,0.315572,0.0180219,0.534505,0.395724,0.052,0.396394,1.41265,5.8,6.6,0.00356295,18.0544
111500,9595.6,0.585669,32.188,32.184,0.0182342,4814.57,2918.06,519.997,25.9998,688.262,1180.79,0,0,0,30.2316,151.139,649.619,681.52,0.212545,0.415439,7.51433,0.054191,0.00489266,0.297628,0.264929,0.377827,0.0349465,1.43363,0.338794,0.312081,0.0175496,0.534287,0.395442,0.028,0.394203,1.40166,6,5.8,0.00316795,18.1212
112000,9573.52,0.584321,32.162,32.17,0.0180056,4808.35,2910.93,514.851,25.7426,685.152,1187.33,0,0,0,30.2539,150.841,652.652,684.2,0.212412,0.415231,7.50794,0.0537783,0.00489678,0.299033,0.265248,0.378738,0.0350137,1.43483,0.347928,0.317916,0.0181539,0.534508,0.39575,0.052,0.401777,1.42185,6.4,8.2,0.0044867,18.0541
112500,9587.84,0.585195,32.294,32.3,0.0179007,4812.37,2914.88,518.976,25.9488,686.454,1188.57,0,0,0,30.2418,151.176,655.879,685.92,0.212491,0.415369,7.5043,0.054129,0.00490754,0.299642,0.266036,0.379398,0.0352371,1.4341,0.346358,0.317383,0.0180581,0.535144,0.396243,0.042,0.397821,1.41956,5.8,8.4,0.0045695,18.1043
113000,9571,0.584167,32.126,32.176,0.0176569,4807.49,2906.86,527.888,26.3944,687.491,1186.56,0,0,0,30.2668,150.736,658.995,688.7,0.212017,0.414252,7.5027,0.055154,0.0049094,0.300183,0.266786,0.379746,0.035123,1.43511,0.344329,0.315054,0.0179784,0.535148,0.397807,0.046,0.398088,1.41616,6,8.8,0.00476187,18.1276
113500,9575.28,0.584429,32.322,32.2,0.0186952,4808.43,2906.86,528.772,26.4386,685.084,1186.87,0,0,0,30.2736,150.63,661.756,691.52,0.21191,0.41411,7.49971,0.0552219,0.00490713,0.30087,0.268061,0.380531,0.0348592,1.4349,0.347958,0.319104,0.0181384,0.534947,0.398684,0.042,0.401086,1.4162,5.4,5.6,0.00298693,18.1163
114000,9615.98,0.586913,32.24,32.18,0.0182188,4820.68,2913.66,527.972,26.3986,695.007,1180.49,0,0,0,30.3052,151.02,664.74,695.5,0.210927,0.412237,7.49822,0.0549059,0.00492372,0.302126,0.268803,0.381788,0.0357313,1.43234,0.345173,0.317248,0.0180645,0.533973,0.398126,0.036,0.400197,1.41551,6,10,0.00538563,18.1349
114500,9617.46,0.587003,32.4,32.468,0.0191627,4822.05,2913.19,525.17,26.2585,694.272,1194.82,0,0,0,30.3029,151.074,667.614,699.68,0.210797,0.411952,7.49479,0.0546061,0.00493158,0.303501,0.268561,0.382704,0.0363398,1.4324,0.339727,0.311833,0.0175672,0.533979,0.397508,0.028,0.386519,1.40967,6,6.4,0.0034508,18.1571
115000,9612.94,0.586727,32.278,32.278,0.0200888,4819.72,2909.25,517.528,25.8764,691.317,1189.66,0,0,0,30.3691,150.943,670.456,702.88,0.210467,0.41134,7.49022,0.0538371,0.00493953,0.304881,0.269548,0.383601,0.0368098,1.43253,0.345512,0.315544,0.0180138,0.534539,0.397697,0.036,0.395549,1.41635,6,7.4,0.00395096,18.095
115500,9610.2,0.58656,32.38,32.342,0.0176609,4818.82,2907.06,530.524,26.5262,694.445,1190.1,0,0,0,30.3461,150.654,673.466,706.7,0.210398,0.411209,7.47849,0.0552042,0.00494837,0.305773,0.270416,0.38455,0.0369091,1.43271,0.350772,0.320184,0.0181153,0.535354,0.397892,0.034,0.399147,1.42624,6.2,8.8,0.00476612,18.0664
116000,9640.52,0.588411,32.458,32.47,0.0191564,4827.27,2915.17,535.978,26.7989,691.398,1194.66,0,0,0,30.282,150.732,676.307,710.32,0.210193,0.410916,7.47813,0.0555965,0.00494894,0.306486,0.271438,0.384846,0.0362613,1.43064,0.348142,0.318285,0.0179859,0.535722,0.397584,0.034,0.397388,1.42103,6,6.6,0.00361053,18.0606
116500,9630.66,0.587809,32.418,32.396,0.0173495,4823.16,2909.61,532.021,26.6011,693.875,1192.72,0,0,0,30.3641,150.985,679.31,713.86,0.209845,0.410364,7.47917,0.0552424,0.00496923,0.307751,0.27233,0.384864,0.0369939,1.431,0.342827,0.313579,0.017595,0.535221,0.396554,0.052,0.391289,1.4113,6.2,5.2,0.0030109,18.0135
117000,9650.98,0.589049,32.352,32.302,0.017772,4829.81,2912.63,526.991,26.3496,698.107,1186.47,0,0,0,30.3947,150.527,682.194,718.12,0.209224,0.409115,7.47805,0.054605,0.00497742,0.308174,0.272023,0.385818,0.0369851,1.42977,0.34581,0.316848,0.0176714,0.534961,0.396725,0.03,0.400188,1.41723,5.4,6.8,0.00358984,18.0743
117500,9618.52,0.587068,32.408,32.498,0.0190072,4820.87,2903.94,532.078,26.6039,700.104,1191.59,0,0,0,30.4431,150.911,685.258,722.66,0.209307,0.409216,7.47792,0.0553186,0.00499393,0.30872,0.27242,0.386789,0.0377776,1.43167,0.346167,0.317574,0.0179254,0.535201,0.396767,0.03,0.398967,1.41813,6.8,5.8,0.00326361,18.1422
118000,9652.78,0.589159,32.556,32.54,0.0196548,4830.68,2913.2,528.734,26.4367,703.466,1196.59,0,0,0,30.4156,151.176,688.332,725.94,0.209313,0.409445,7.47621,0.0547753,0.00500491,0.30925,0.273063,0.387175,0.0381165,1.42995,0.343351,0.315169,0.0177245,0.534463,0.395972,0.04,0.389129,1.41294,5.8,8.2,0.00439097,18.1375
118500,9659.36,0.589561,32.51,32.372,0.0190731,4831.88,2915.3,540.797,27.0399,697.169,1187.75,0,0,0,30.3204,150.843,691.139,728.56,0.209324,0.409542,7.4753,0.0559862,0.00501364,0.310025,0.273489,0.38755,0.0385786,1.42932,0.349337,0.320435,0.0182738,0.534279,0.395736,0.05,0.397087,1.42025,5.2,6.4,0.00335391,18.1388
119000,9653.3,0.589191,32.334,32.424,0.0194061,4830.94,2915.15,525.662,26.2831,692.856,1189.36,0,0,0,30.3447,150.636,694.24,731.96,0.20953,0.409924,7.47809,0.0544538,0.00502165,0.310802,0.273325,0.387827,0.0391286,1.42978,0.344184,0.315391,0.0176371,0.535081,0.395371,0.042,0.397555,1.41882,5.6,9.4,0.00501194,18.0163
119500,9656.8,0.589404,32.534,32.452,0.0187476,4831.83,2915.42,526.952,26.3476,696.881,1197.86,0,0,0,30.4364,151.345,697.144,735.74,0.209181,0.409223,7.48567,0.0545677,0.00502895,0.311896,0.27426,0.388687,0.040141,1.42943,0.351328,0.321472,0.0180705,0.535402,0.39578,0.052,0.404132,1.42296,5.6,6.8,0.00368852,18.1365
120000,9673.64,0.590432,32.586,32.6,0.0192458,4836.73,2918.32,531.634,26.5817,696.13,1197.82,0,0,0,30.3691,150.703,700.054,739.82,0.209039,0.408939,7.48224,0.0549569,0.0050345,0.312636,0.275579,0.388939,0.0401967,1.42876,0.344118,0.315234,0.0177771,0.53448,0.397168,0.026,0.396644,1.41592,5.8,9.4,0.0050232,16.0963
120500,9655.48,0.589324,32.384,32.418,0.0187551,4831.96,2913.87,515.336,25.7668,701.231,1191.59,0,0,0,30.506,151.215,703.156,742.76,0.208983,0.408879,7.4894,0.0533729,0.00505273,0.313813,0.276482,0.389041,0.0408571,1.42975,0.34374,0.31521,0.0175653,0.53396,0.397744,0.036,0.395787,1.41091,5.6,4.8,0.00260946,17.4653
121000,9667.82,0.590077,32.464,32.416,0.0215611,4834.58,2920.14,518.165,25.9082,688.981,1190.36,0,0,0,30.337,150.526,706.301,745.18,0.209375,0.409567,7.49265,0.053597,0.00506221,0.314734,0.277043,0.389744,0.0411493,1.42883,0.351076,0.320783,0.0180969,0.534542,0.398838,0.042,0.398218,1.42251,5.8,9.8,0.00531651,18.2163
121500,9662.98,0.589781,32.52,32.602,0.0187854,4833.81,2915.27,511.793,25.5897,700.746,1200.96,0,0,0,30.4388,151.457,709.408,748.72,0.208786,0.408542,7.49009,0.0529647,0.00506944,0.315095,0.276963,0.38963,0.0411953,1.42906,0.347252,0.318693,0.0176518,0.533531,0.399184,0.024,0.398626,1.41647,6.6,8,0.00436911,18.0611
122000,9661.6,0.589697,32.42,32.424,0.019846,4832.44,2912.62,509.676,25.4838,703.514,1190.53,0,0,0,30.4928,150.924,712.501,751.86,0.208552,0.408147,7.48862,0.0527528,0.00508037,0.315184,0.278253,0.389747,0.0410608,1.42916,0.344157,0.315719,0.0173655,0.533755,0.398778,0.04,0.395834,1.41693,6.2,9.2,0.00501012,18.1002
122500,9662.34,0.589742,32.392,32.32,0.0181866,4832.86,2910.91,508.146,25.4073,702.846,1188.31,0,0,0,30.4985,151.203,715.574,754.6,0.208267,0.407752,7.4846,0.0525898,0.00508177,0.31581,0.279123,0.390702,0.0406979,1.42925,0.350222,0.320641,0.0175007,0.534248,0.399065,0.046,0.39775,1.42417,6.4,8,0.00428452,18.0657
123000,9671.78,0.590319,32.59,32.518,0.0175732,4835.56,2912.98,506.473,25.3237,697.637,1197.05,0,0,0,30.4336,150.656,718.691,756.34,0.208002,0.40742,7.48074,0.0523662,0.00509283,0.315733,0.279887,0.391444,0.0407444,1.4284,0.360324,0.328397,0.0181302,0.53517,0.399395,0.04,0.407965,1.43869,6.2,8.2,0.00438263,18.0742
123500,9692.76,0.591599,32.66,32.718,0.0200128,4841.86,2919.52,500.349,25.0175,704.312,1198.62,0,0,0,30.5126,150.884,721.78,757.78,0.207915,0.407466,7.48731,0.051621,0.00511319,0.315904,0.279316,0.391682,0.0416242,1.42708,0.356375,0.325317,0.0180279,0.535882,0.399547,0.044,0.406636,1.43029,6,7.2,0.00392093,18.0259
124000,9691.36,0.591514,32.548,32.542,0.0191741,4841,2917.66,484.175,24.2088,701.296,1194.63,0,0,0,30.4886,151.052,724.851,760.2,0.207623,0.406966,7.49474,0.0499607,0.00511325,0.317486,0.279282,0.392591,0.0413363,1.42701,0.346793,0.31798,0.0171435,0.535796,0.400322,0.068,0.393909,1.41692,6,7,0.00375904,18.0025
124500,9695.48,0.591765,32.674,32.624,0.0181763,4842.42,2916.61,487.354,24.3677,699.463,1201.8,0,0,0,30.5122,150.656,727.822,764.36,0.207394,0.406625,7.48676,0.050266,0.0051161,0.31812,0.280094,0.393088,0.0406618,1.42693,0.348425,0.319355,0.0173754,0.535918,0.400303,0.056,0.400726,1.42074,5.8,6.6,0.00352666,18.1015
125000,9684.94,0.591122,32.52,32.626,0.0174604,4839.65,2912.94,487.245,24.3623,707.915,1201.05,0,0,0,30.5205,151.085,730.823,769.3,0.207308,0.406703,7.48641,0.0503095,0.00510766,0.318452,0.280948,0.392715,0.0405626,1.42777,0.348965,0.318869,0.0172483,0.535854,0.400242,0.038,0.403095,1.42953,5.8,9.2,0.0049184,18.1194
125500,9672.82,0.590382,32.404,32.3,0.0175961,4835.4,2909.73,487.42,24.371,702.454,1192.02,0,0,0,30.5608,150.929,733.627,772.74,0.207406,0.407045,7.48985,0.0503905,0.00511365,0.318295,0.280824,0.393102,0.0405079,1.42846,0.349199,0.319529,0.017385,0.536868,0.40013,0.058,0.394952,1.42492,6.2,7,0.00388839,18.0319
126000,9689.78,0.591417,32.618,32.646,0.0183124,4840.75,2916.24,487.654,24.3827,700.472,1200.47,0,0,0,30.5213,151.048,736.463,776.66,0.20738,0.406934,7.49693,0.0503267,0.0051381,0.318634,0.280275,0.393882,0.0416352,1.42711,0.348383,0.319727,0.0175188,0.537185,0.400411,0.05,0.40033,1.42014,5.8,7.6,0.00404249,17.9678
126500,9696.7,0.59184,32.558,32.592,0.0211987,4842.65,2919.19,480.166,24.0083,703.266,1199.59,0,0,0,30.4919,151.078,739.549,780.46,0.207442,0.406874,7.50696,0.0495185,0.005158,0.318891,0.279951,0.394062,0.0424474,1.42692,0.34854,0.319517,0.017311,0.537961,0.400718,0.036,0.399542,1.41801,6.4,5.8,0.00328019,17.9899
127000,9678.76,0.590745,32.502,32.468,0.019106,4838.12,2915.6,470.721,23.536,699.616,1193.13,0,0,0,30.5517,150.664,742.548,781.94,0.207702,0.407375,7.51211,0.0486347,0.00519192,0.319019,0.280761,0.395175,0.0436541,1.42821,0.344464,0.317456,0.0168509,0.540205,0.402132,0.028,0.397207,1.40766,6,5.6,0.00303889,18.0398
127500,9685.7,0.591168,32.702,32.7,0.0208687,4839.93,2920.49,471.677,23.5838,694.12,1206.42,0,0,0,30.4872,150.849,745.476,784.52,0.208092,0.408105,7.5128,0.0486981,0.00521266,0.319851,0.281752,0.396504,0.0447957,1.42779,0.355179,0.324844,0.0173347,0.540992,0.402536,0.056,0.403868,1.43044,6.4,7.8,0.00425676,17.9576
128000,9690.84,0.591482,32.538,32.506,0.0197866,4841.57,2923.55,465.354,23.2677,699.047,1190.44,0,0,0,30.6078,151.138,748.428,788.54,0.208209,0.408336,7.51913,0.0480194,0.00522338,0.321224,0.282078,0.397378,0.0456873,1.4274,0.353635,0.322336,0.0172143,0.542152,0.40084,0.05,0.402313,1.43071,6,9.6,0.00509789,18.0068
128500,9680.4,0.590845,32.462,32.494,0.0183209,4840.08,2919.43,466.283,23.3141,696.478,1198.04,0,0,0,30.6152,150.93,751.4,791.64,0.208066,0.408027,7.51712,0.0481681,0.00522805,0.321781,0.283626,0.397932,0.0457973,1.42821,0.343178,0.314019,0.0166886,0.54283,0.40051,0.03,0.390416,1.41459,5.8,6.6,0.00351344,17.9428
129000,9692.68,0.591594,32.622,32.648,0.0201115,4842.3,2925.32,465.657,23.2828,696.663,1201.18,0,0,0,30.5155,150.848,754.388,794.6,0.20854,0.408943,7.51484,0.0480419,0.00523873,0.322395,0.284587,0.397862,0.0465162,1.42733,0.346926,0.316745,0.0168003,0.543076,0.399599,0.036,0.396231,1.42262,7,10.2,0.00557511,18.0279
129500,9676.6,0.590613,32.504,32.498,0.0186533,4837.92,2919.29,458.875,22.9437,698.728,1194.75,0,0,0,30.6347,150.966,757.373,797.94,0.208262,0.408411,7.51651,0.0474202,0.00526052,0.323319,0.284014,0.398363,0.0479239,1.42825,0.347246,0.318353,0.0168938,0.543585,0.399718,0.05,0.399975,1.41897,6.2,6.2,0.00340922,18.0547
130000,9681.56,0.590916,32.744,32.732,0.0181074,4839.48,2918.7,466.992,23.3496,696.779,1205.17,0,0,0,30.6284,150.751,760.55,799.72,0.207954,0.407946,7.51023,0.0482354,0.00526278,0.323349,0.284553,0.398582,0.0474196,1.4281,0.356617,0.326083,0.0175645,0.543534,0.399889,0.048,0.404993,1.43077,6,7.6,0.00409477,18.1106
130500,9711.86,0.592765,32.658,32.572,0.0197259,4847.86,2926.86,466.025,23.3013,701.886,1196.08,0,0,0,30.66,150.901,763.575,801.7,0.20783,0.4077,7.5151,0.0479836,0.00526751,0.324152,0.284513,0.399226,0.047546,1.42624,0.350747,0.322051,0.0172142,0.543238,0.400366,0.042,0.402843,1.41923,5.8,5.6,0.00296567,18.3975
131000,9699.12,0.591987,32.432,32.49,0.0200234,4844.47,2921.07,473.974,23.6987,698.132,1195.46,0,0,0,30.637,151.02,766.756,804.94,0.207398,0.406866,7.51413,0.0488683,0.00527379,0.325193,0.285071,0.399814,0.0478081,1.42693,0.356112,0.326103,0.0174605,0.543036,0.400845,0.032,0.405201,1.4275,6.2,6.4,0.0034638,18.1991
131500,9711.26,0.592728,32.838,32.838,0.0186836,4847.72,2923.53,473.896,23.6948,697.346,1209.01,0,0,0,30.6001,150.865,770.02,808.06,0.207278,0.406755,7.50996,0.0487983,0.00527675,0.325459,0.285641,0.400009,0.04749,1.42624,0.358546,0.326688,0.017882,0.543557,0.401375,0.042,0.401613,1.43906,6.6,10.2,0.00553616,18.0874
132000,9708.02,0.592531,32.462,32.512,0.018835,4847.6,2922.14,478.72,23.936,705.752,1195.64,0,0,0,30.6252,151.027,773.116,812.26,0.207128,0.406527,7.51514,0.0493122,0.00528899,0.326159,0.286635,0.400125,0.0479212,1.42659,0.352348,0.322694,0.0174846,0.544305,0.4007,0.046,0.404765,1.42701,5.4,6.8,0.00356513,18.1587
132500,9697.3,0.591876,32.594,32.594,0.0203011,4844.08,2920.49,482.358,24.1179,700.974,1192.53,0,0,0,30.5507,150.705,776.019,815.44,0.207437,0.407211,7.51253,0.0497407,0.00529676,0.326892,0.287019,0.400926,0.0480929,1.42731,0.362615,0.332008,0.017659,0.544505,0.400732,0.042,0.411361,1.43888,6.2,8.6,0.00462035,18.2688
133000,9682.78,0.59099,32.716,32.714,0.0193575,4839.16,2916.86,479.42,23.971,700.503,1206.36,0,0,0,30.6064,150.864,779.041,818.56,0.207624,0.407621,7.51242,0.0495127,0.00531245,0.327373,0.287228,0.401694,0.0482262,1.42807,0.357991,0.328184,0.0174488,0.543673,0.400773,0.034,0.403235,1.42864,6.2,6.8,0.00371628,18.1794
133500,9670.24,0.590225,32.53,32.504,0.0180731,4836.27,2911.96,473.648,23.6824,699.244,1197.98,0,0,0,30.6481,150.7,782.069,822.96,0.207443,0.407205,7.5097,0.0489796,0.00532115,0.327721,0.28735,0.402296,0.0488362,1.42888,0.352934,0.323127,0.0169618,0.543081,0.400668,0.042,0.395562,1.42242,5.6,5,0.00264732,18.1516
134000,9714.6,0.592932,32.63,32.542,0.020782,4848.47,2923.82,465.703,23.2851,703.273,1193.87,0,0,0,30.6358,150.816,785.003,826.02,0.207182,0.406845,7.5157,0.0479389,0.00533874,0.32768,0.288543,0.402004,0.0490333,1.42607,0.348253,0.319374,0.0168993,0.542849,0.401015,0.036,0.400229,1.41869,5.6,6.8,0.00358285,17.9925
134500,9712.72,0.592817,32.834,32.886,0.0201362,4847.92,2923.78,477.714,23.8857,694.259,1208.47,0,0,0,30.5301,150.625,787.907,829.12,0.20732,0.407317,7.51022,0.049185,0.00535637,0.328097,0.28911,0.402191,0.0497564,1.42623,0.351903,0.322411,0.0171587,0.54377,0.402345,0.042,0.398441,1.42535,6,8.6,0.00459286,18.0135
135000,9716.66,0.593058,32.626,32.608,0.0203186,4848.96,2925.65,476.777,23.8389,705.173,1194.11,0,0,0,30.6191,151.067,791.017,833.4,0.207345,0.40749,7.51344,0.0490675,0.00537091,0.328696,0.289085,0.402494,0.0505682,1.4258,0.351899,0.322288,0.0172662,0.543514,0.401971,0.04,0.401769,1.42315,6,8.2,0.00434241,18.0871
135500,9702.62,0.592201,32.588,32.606,0.0201948,4845.1,2921.38,466.159,23.308,701.497,1198.61,0,0,0,30.6462,150.942,794.165,836.36,0.207225,0.407144,7.51439,0.0480447,0.005378,0.329102,0.288628,0.402558,0.0509393,1.42655,0.354112,0.323693,0.0172407,0.544329,0.400934,0.066,0.400227,1.43269,6.2,8.4,0.00455471,17.995
136000,9688.14,0.591317,32.588,32.586,0.020244,4840.78,2916.77,458.789,22.9395,704.557,1195.63,0,0,0,30.6291,151.02,797.03,839.9,0.20731,0.407275,7.51284,0.0473552,0.00538633,0.329268,0.288293,0.402881,0.0515398,1.42773,0.352561,0.322796,0.0170866,0.545405,0.399211,0.03,0.403126,1.42449,5.6,7,0.00367405,18.0417
136500,9692.44,0.59158,32.592,32.648,0.020214,4841.61,2916.34,448.36,22.418,699.342,1202.39,0,0,0,30.6663,150.716,800.029,844.08,0.207018,0.406744,7.50977,0.0462584,0.00539005,0.329505,0.289099,0.402961,0.0518001,1.42721,0.35501,0.325238,0.0172177,0.546005,0.39946,0.028,0.399369,1.42587,5.8,7,0.00373483,17.9154
137000,9687.44,0.591274,32.544,32.528,0.0196899,4839.94,2913.54,447.602,22.3801,704.8,1198.75,0,0,0,30.7028,151.035,802.859,847.26,0.206892,0.4066,7.5056,0.046204,0.00539535,0.330465,0.291888,0.402881,0.0522004,1.42761,0.357384,0.324491,0.0172621,0.545588,0.399482,0.036,0.401302,1.43996,6,9,0.00481443,17.9995
137500,9679.06,0.590763,32.612,32.602,0.0205465,4838.05,2911.61,454.736,22.7368,708.145,1197.96,0,0,0,30.7102,150.665,805.628,850.68,0.207093,0.407142,7.5003,0.046982,0.00539632,0.331526,0.292845,0.402654,0.0519499,1.42818,0.351372,0.321979,0.0169668,0.545278,0.39861,0.028,0.398174,1.42233,5.8,5.4,0.00291231,17.8754
138000,9690.4,0.591455,32.638,32.698,0.0204424,4841.35,2913.88,459.015,22.9507,703.716,1200.17,0,0,0,30.6388,150.886,808.488,854.02,0.206948,0.406933,7.49791,0.0473674,0.00538499,0.33227,0.294605,0.402382,0.0512694,1.42749,0.345726,0.315903,0.0166877,0.546171,0.398761,0.026,0.393098,1.41744,5.6,6.8,0.00356939,17.9701
138500,9671.04,0.590273,32.526,32.522,0.0213223,4836.12,2907.36,451.424,22.5712,707.072,1201.79,0,0,0,30.7942,150.883,811.579,857.04,0.20679,0.406632,7.49516,0.0466791,0.00537861,0.33273,0.295723,0.402927,0.0506161,1.42876,0.356563,0.325356,0.0171618,0.545664,0.398423,0.036,0.40238,1.43608,6.6,9.6,0.00531447,18.072
139000,9686.74,0.591232,32.598,32.506,0.0192643,4839.83,2909.42,447.369,22.3685,704.612,1198.6,0,0,0,30.7148,150.595,814.534,860.3,0.206467,0.406047,7.49009,0.0461846,0.00538418,0.333453,0.295778,0.40423,0.0512239,1.42754,0.354317,0.322772,0.0170064,0.544483,0.398165,0.056,0.401533,1.4301,6,7.8,0.00419298,17.982
139500,9709.74,0.592635,32.692,32.692,0.0195028,4845.53,2912.35,448.901,22.4451,708.709,1205.21,0,0,0,30.772,150.959,817.292,862.64,0.205816,0.404848,7.48886,0.0462313,0.00540202,0.33419,0.296364,0.404536,0.0519596,1.42599,0.359082,0.327639,0.0172122,0.543285,0.399887,0.034,0.404649,1.43848,5.6,9,0.00480035,17.9742
140000,9695.06,0.59174,32.576,32.586,0.0205652,4841.98,2908.14,454.724,22.7362,709.605,1197.56,0,0,0,30.7727,150.894,820.204,866.06,0.205802,0.404839,7.48899,0.0469025,0.00542652,0.335001,0.297124,0.405021,0.0530315,1.42674,0.352598,0.322964,0.0169779,0.542026,0.400118,0.038,0.396917,1.42264,5.4,5.8,0.00305373,15.9562
140500,9689.46,0.591398,32.59,32.62,0.0192571,4840.57,2904.13,455.478,22.7739,713.251,1202.59,0,0,0,30.7924,150.689,822.992,868.62,0.205475,0.404208,7.48753,0.0470077,0.00544238,0.335324,0.298519,0.405511,0.0534956,1.42717,0.348036,0.319592,0.0167963,0.54195,0.400437,0.034,0.395547,1.41973,5.4,5.4,0.0028261,17.426
141000,9700.32,0.592061,32.71,32.742,0.0194401,4843.57,2907.96,450.723,22.5361,705.699,1206.48,0,0,0,30.7966,150.685,825.944,871.56,0.205564,0.404335,7.48933,0.046465,0.00544557,0.336099,0.297499,0.405993,0.0531581,1.4266,0.351989,0.322188,0.0169412,0.541896,0.401424,0.06,0.401095,1.42658,6.2,8.4,0.00455773,18.1549
141500,9680.44,0.590847,32.62,32.548,0.0182922,4838.12,2902.27,454.279,22.714,709.029,1203.01,0,0,0,30.8469,150.645,828.835,876.08,0.205595,0.404475,7.48706,0.0469277,0.005445,0.337455,0.296844,0.406322,0.0529346,1.4279,0.356377,0.325799,0.0170351,0.542079,0.402176,0.044,0.402777,1.42991,6.6,8.4,0.00462918,18.0586
142000,9715.86,0.593009,32.672,32.682,0.0199428,4848.18,2912.51,448.228,22.4114,708.649,1205.72,0,0,0,30.7856,150.88,831.771,879.24,0.205461,0.404183,7.48926,0.0461331,0.00546225,0.337951,0.297319,0.407102,0.0539651,1.42558,0.358532,0.326982,0.0171195,0.541787,0.402641,0.036,0.408134,1.43706,6.2,9.8,0.00525133,17.9223
142500,9695.8,0.591785,32.512,32.502,0.0208201,4842.29,2904.12,450.806,22.5403,710.675,1198.33,0,0,0,30.8062,150.64,834.887,883.02,0.205121,0.403417,7.48858,0.0464954,0.00548295,0.338709,0.298786,0.407429,0.0549419,1.42698,0.359842,0.328881,0.0171901,0.540723,0.403818,0.036,0.40365,1.43716,6.6,9.6,0.00521412,17.9005
143000,9731.64,0.593972,32.936,32.954,0.0201011,4851.95,2910.47,456.469,22.8235,715.445,1210.35,0,0,0,30.7705,150.938,837.899,886.16,0.204366,0.402021,7.49028,0.0469058,0.00549633,0.339458,0.299713,0.407336,0.0554366,1.42446,0.353167,0.323396,0.0169548,0.540905,0.404416,0.024,0.396464,1.42828,6,7.8,0.00419248,17.9174
143500,9697.46,0.591886,32.626,32.62,0.0202946,4843.04,2901.02,443.214,22.1607,715.691,1204.16,0,0,0,30.8769,150.749,840.848,888.38,0.204287,0.401964,7.4953,0.0457037,0.00551548,0.340389,0.301154,0.407712,0.0560783,1.4267,0.362557,0.330918,0.0171246,0.540842,0.404695,0.048,0.405411,1.43924,5.8,9,0.0048094,17.8509
144000,9718.36,0.593162,32.59,32.606,0.0198658,4848.08,2907.29,445.596,22.2798,711.789,1203.37,0,0,0,30.8128,150.8,843.963,891.14,0.204315,0.402088,7.49881,0.0458507,0.00552642,0.341004,0.301099,0.407611,0.0566708,1.42526,0.361896,0.330005,0.0172596,0.539965,0.404674,0.054,0.408947,1.43925,6.4,9.8,0.00524669,17.8786
144500,9726.96,0.593687,32.924,32.846,0.0211783,4851.18,2910.02,446.238,22.3119,713.619,1210.06,0,0,0,30.7233,150.566,847.109,895.58,0.204503,0.402515,7.49424,0.045876,0.00553772,0.341924,0.301546,0.407458,0.056677,1.42506,0.355995,0.324512,0.0170409,0.538977,0.40478,0.054,0.40285,1.43727,6.4,9.4,0.00505554,17.9753
145000,9719.68,0.593242,32.514,32.592,0.0215923,4850.58,2908.79,441.766,22.0883,718.849,1195.66,0,0,0,30.8376,151.004,850.11,899.54,0.204527,0.402621,7.49856,0.0454505,0.0055588,0.342398,0.301444,0.407652,0.0572139,1.42582,0.352312,0.322355,0.0169001,0.538956,0.404308,0.046,0.398124,1.42709,6.6,6.6,0.00357965,18
145500,9723.76,0.593491,32.76,32.754,0.0205326,4850.97,2907.78,443.819,22.1909,713.804,1206.54,0,0,0,30.7766,150.568,853.04,903.16,0.204237,0.402164,7.49658,0.0456426,0.00556782,0.343052,0.301474,0.407547,0.0575612,1.4255,0.3564,0.326116,0.0169309,0.538384,0.405349,0.052,0.405401,1.43246,6,7.4,0.00399117,17.8893
146000,9716.18,0.593029,32.812,32.766,0.0195715,4849.24,2902.89,441.912,22.0956,716.615,1206.55,0,0,0,30.8351,150.671,855.979,906.46,0.203662,0.401041,7.50005,0.0454828,0.00558162,0.344033,0.301481,0.408268,0.0583833,1.42583,0.355908,0.325512,0.0171161,0.538683,0.405437,0.042,0.406647,1.43269,6.2,7.8,0.00421733,17.921
146500,9731.6,0.59397,32.668,32.65,0.0205505,4852.39,2909.51,434.173,21.7087,716.659,1205.73,0,0,0,30.7913,151.011,858.853,909.92,0.203862,0.401373,7.50968,0.0446143,0.00556379,0.345041,0.300509,0.409607,0.0581817,1.4247,0.361239,0.329236,0.0171821,0.539403,0.406169,0.046,0.405759,1.44097,6,10,0.00534546,18.0236
147000,9703.38,0.592247,32.706,32.72,0.0188961,4845.35,2897.29,441.99,22.0995,715.812,1208.87,0,0,0,30.845,150.682,861.803,913.24,0.203307,0.400499,7.50651,0.0455504,0.00555191,0.345876,0.300804,0.409382,0.0573964,1.42688,0.360493,0.329533,0.0171862,0.539785,0.407646,0.046,0.408487,1.43498,6,9,0.0048051,18.0836
147500,9711.72,0.592756,32.67,32.706,0.0203862,4848.7,2897.23,445.689,22.2844,720.659,1212.7,0,0,0,30.8745,151.115,864.471,916.7,0.202886,0.399741,7.50012,0.045892,0.00553938,0.346319,0.300674,0.408309,0.0572714,1.42623,0.352716,0.322409,0.0170087,0.539488,0.408724,0.032,0.399964,1.43072,6.2,9,0.00481543,17.964
148000,9722.48,0.593413,32.652,32.624,0.0203516,4851.29,2900.03,443.31,22.1655,717.614,1207.04,0,0,0,30.8846,150.606,867.153,918.82,0.20295,0.39988,7.49763,0.0455967,0.00554318,0.347834,0.300322,0.408471,0.057608,1.42573,0.356054,0.324617,0.0170777,0.538934,0.409127,0.036,0.404307,1.43334,6.6,8.4,0.0045676,17.8869
148500,9749.9,0.595087,33.006,32.92,0.0200257,4857.59,2906.75,445.03,22.2515,714.283,1217.95,0,0,0,30.8005,150.718,870.067,922.58,0.202693,0.399501,7.49589,0.0456437,0.00554571,0.348757,0.300915,0.40863,0.0580439,1.42366,0.36655,0.333802,0.0177329,0.538208,0.410473,0.06,0.41569,1.44398,6.2,7.4,0.00399851,17.9544
149000,9738.06,0.594364,32.588,32.664,0.0204955,4855.04,2906.43,450.056,22.5028,717.838,1204.12,0,0,0,30.8655,150.891,873.046,926.02,0.203072,0.400327,7.49522,0.0462168,0.00553766,0.349965,0.30225,0.408269,0.0580986,1.4241,0.364762,0.331689,0.0175587,0.537268,0.411457,0.056,0.408437,1.44483,5.4,6,0.00318479,18.0176
149500,9742.56,0.594639,32.9,32.892,0.0205312,4855.92,2907.56,452.308,22.6154,713.367,1214.03,0,0,0,30.8381,150.701,876.085,929.04,0.203247,0.400822,7.48915,0.0464261,0.00555563,0.350445,0.30318,0.408656,0.0593343,1.42406,0.366234,0.333525,0.0177382,0.536501,0.412149,0.03,0.412618,1.44559,6,9.2,0.00484616,18.0309
150000,9736.4,0.594263,32.886,32.842,0.0206631,4853.72,2906.5,451.665,22.5833,715.93,1212.89,0,0,0,30.8466,150.827,879.315,932.24,0.203424,0.40117,7.49058,0.0463889,0.00557866,0.351127,0.303486,0.409242,0.061128,1.42453,0.366643,0.333673,0.0177599,0.53497,0.411038,0.034,0.418281,1.45162,6.6,9.6,0.00532013,17.9443
150500,9728.92,0.593806,32.52,32.596,0.0200079,4852.59,2908.32,444.978,22.2489,714.691,1202.74,0,0,0,30.8454,151.085,882.453,936.18,0.20386,0.40182,7.49757,0.0457376,0.00558052,0.351879,0.304258,0.409333,0.061493,1.42501,0.367482,0.334212,0.0176869,0.535232,0.409077,0.04,0.413021,1.44972,6.8,9.4,0.00518213,17.9354
151000,9717.32,0.593098,32.742,32.668,0.0187261,4848.89,2904.81,453.636,22.6818,712.969,1210.59,0,0,0,30.8102,150.787,885.486,939.72,0.204084,0.402288,7.49061,0.0466832,0.00559534,0.352378,0.304045,0.409265,0.0623171,1.42581,0.366569,0.334074,0.0178122,0.535024,0.408864,0.032,0.41431,1.44104,5.8,7.8,0.00411587,17.9533
151500,9722.2,0.593396,32.64,32.784,0.0239486,4850.47,2907.48,453.245,22.6623,715.589,1204.87,0,0,0,30.8278,151.002,888.686,942.44,0.204132,0.402401,7.49425,0.0466194,0.00558795,0.352824,0.304418,0.409129,0.0619753,1.42545,0.372342,0.337728,0.0180147,0.534824,0.409639,0.048,0.412084,1.45905,6,9.6,0.00512586,18.0281
152000,9709.5,0.592621,32.728,32.674,0.0194453,4847.08,2902.85,449.36,22.468,715.497,1208.33,0,0,0,30.8814,150.866,891.68,945.1,0.204144,0.402449,7.49443,0.04628,0.00558602,0.352913,0.304837,0.409389,0.0615863,1.42643,0.360174,0.329164,0.0173426,0.534044,0.40986,0.038,0.407489,1.43383,5.6,8,0.00424138,17.9062
152500,9720.7,0.593304,32.754,32.696,0.0206966,4850.11,2906.81,453.768,22.6884,709.233,1213.14,0,0,0,30.7731,150.76,894.573,948.16,0.204282,0.402911,7.48695,0.046681,0.00557021,0.353699,0.305411,0.409946,0.0602302,1.42562,0.366096,0.33355,0.0177965,0.534525,0.409399,0.046,0.411416,1.44658,6.2,9,0.00487442,18.0267
153000,9729.98,0.593871,32.676,32.652,0.0209498,4852.75,2910.42,452.112,22.6056,712.262,1200.72,0,0,0,30.7907,150.818,897.238,951.32,0.204381,0.403219,7.48908,0.0464661,0.00556757,0.355001,0.305058,0.409808,0.0605291,1.42494,0.368233,0.335115,0.0178014,0.535062,0.410345,0.04,0.417575,1.45045,5.8,9,0.00479009,18.0848
153500,9744.7,0.594769,32.902,32.886,0.0202031,4857.38,2913.08,457.993,22.8997,712.356,1213.98,0,0,0,30.7367,150.769,900.345,954.26,0.204197,0.402848,7.47997,0.0469987,0.00556716,0.355847,0.305839,0.410024,0.0608667,1.42413,0.36902,0.334706,0.0179443,0.534773,0.41131,0.04,0.414122,1.45545,7,9.8,0.00537838,17.9501
154000,9714.28,0.592913,32.544,32.692,0.0196708,4848.44,2907.2,457.639,22.8819,716.692,1202.2,0,0,0,30.7573,150.949,903.782,957.98,0.204817,0.403927,7.48277,0.0471097,0.00554749,0.356417,0.305479,0.410401,0.0598498,1.42612,0.362281,0.329106,0.0174784,0.533966,0.413061,0.036,0.409472,1.44336,5.8,7.8,0.00413871,17.9596
154500,9721.88,0.593376,32.642,32.612,0.0203005,4849.94,2912.47,454.252,22.7126,709.517,1204.01,0,0,0,30.7404,150.953,907.204,959.42,0.205175,0.404644,7.48947,0.0467243,0.00553429,0.356894,0.30527,0.411151,0.0594252,1.42534,0.364457,0.331922,0.0175873,0.534059,0.413052,0.058,0.415467,1.4459,6.6,10.8,0.00590237,18.0006
155000,9703.68,0.592266,32.67,32.62,0.0200392,4844.84,2907.35,445.505,22.2753,711.706,1203.13,0,0,0,30.777,151.033,910.457,962.34,0.20512,0.404642,7.49516,0.0459114,0.00553952,0.357471,0.305803,0.411879,0.0601487,1.42654,0.368445,0.335863,0.0174266,0.534181,0.413221,0.04,0.418356,1.44849,5.8,8.8,0.00465713,17.9586
155500,9713.54,0.592867,32.65,32.666,0.0182853,4848.97,2909.67,448.39,22.4195,707.227,1207.97,0,0,0,30.7434,150.843,913.43,965.86,0.204856,0.404111,7.5023,0.0461612,0.00553225,0.357946,0.306299,0.412028,0.0598813,1.42614,0.360676,0.328998,0.017453,0.533997,0.413653,0.036,0.407153,1.43813,5.8,9.2,0.00489772,18.0084
156000,9714.72,0.592939,32.724,32.618,0.0185196,4848.59,2907.16,444.917,22.2458,713.432,1208.48,0,0,0,30.7946,151.091,917.021,968.68,0.204521,0.40356,7.50211,0.0457982,0.00553581,0.358711,0.30707,0.412475,0.0605251,1.42595,0.355479,0.324747,0.0170903,0.53383,0.413346,0.048,0.407035,1.43108,6,8.4,0.00454656,18.0007
156500,9737.62,0.594337,32.666,32.718,0.0214378,4854.66,2913.17,444.108,22.2054,712.02,1205.69,0,0,0,30.7365,150.928,920.286,972.46,0.20427,0.403189,7.50053,0.0456077,0.00554445,0.359171,0.308384,0.41303,0.0608371,1.42444,0.371065,0.338482,0.0176215,0.533961,0.413604,0.034,0.41527,1.44956,5.4,8.4,0.00435024,17.9978
157000,9740.62,0.59452,32.726,32.806,0.0204579,4855.67,2913.23,449.952,22.4976,708.85,1207.33,0,0,0,30.805,151.072,923.395,975.68,0.204159,0.402924,7.50278,0.0461939,0.00554482,0.359985,0.309304,0.413267,0.0608703,1.42434,0.363553,0.331337,0.0177833,0.533689,0.413369,0.038,0.412005,1.44523,6.2,9.4,0.00500931,18.0336
157500,9722.2,0.593396,32.702,32.632,0.0201473,4851.22,2908.71,454.423,22.7212,715.963,1206.7,0,0,0,30.8206,150.91,926.577,976.74,0.204155,0.402986,7.50802,0.046741,0.00554263,0.360439,0.309817,0.41288,0.0609935,1.4255,0.365901,0.332967,0.017729,0.532777,0.41167,0.042,0.413533,1.44886,6.2,12.6,0.00677017,18.0135
158000,9730.72,0.593916,32.75,32.788,0.0186574,4853.15,2907.77,458.322,22.9161,711.603,1214.43,0,0,0,30.7749,150.887,929.343,979.72,0.203648,0.402162,7.50631,0.047101,0.0055438,0.360267,0.3102,0.41257,0.0604671,1.42503,0.365479,0.33271,0.0179516,0.532519,0.412518,0.064,0.408449,1.44769,5.8,9.4,0.00503836,17.9412
158500,9706.8,0.592456,32.672,32.666,0.0201294,4846.12,2902.52,458.516,22.9258,713.022,1205.68,0,0,0,30.8512,150.779,932.231,982.88,0.203989,0.402848,7.50509,0.0472366,0.00554023,0.361099,0.310277,0.412683,0.0597556,1.42638,0.36424,0.331102,0.0178702,0.53274,0.412342,0.032,0.410156,1.44778,7,10.2,0.00568453,17.941
159000,9729.14,0.59382,32.674,32.702,0.0213467,4851.93,2907.81,460.742,23.0371,712.099,1203.82,0,0,0,30.7656,150.829,935.128,985.94,0.203887,0.402683,7.50043,0.0473573,0.00555276,0.361716,0.309673,0.412823,0.0602746,1.42497,0.363137,0.330789,0.0177237,0.53232,0.412707,0.04,0.410369,1.44502,6.2,10,0.00542661,17.9366
159500,9728.16,0.59376,32.896,32.88,0.0214658,4851.53,2907.15,453.39,22.6695,717.441,1211.5,0,0,0,30.8443,150.781,938.033,989.54,0.203779,0.402489,7.50206,0.0466059,0.00555886,0.36259,0.310663,0.413298,0.0603586,1.42482,0.35708,0.32627,0.0174593,0.531699,0.413544,0.036,0.405882,1.43182,6,7,0.00380344,17.9572
160000,9721.26,0.593339,32.638,32.692,0.0210526,4850.09,2906.28,441.135,22.0567,711.695,1207.39,0,0,0,30.9541,150.955,941.286,994.72,0.203708,0.402448,7.50526,0.0453784,0.00556158,0.36354,0.311347,0.413653,0.0609939,1.42524,0.374964,0.341205,0.0178941,0.530766,0.412659,0.044,0.414695,1.46026,6,11,0.00586329,15.9661
160500,9739.62,0.594459,32.866,32.792,0.0203719,4855.4,2910.93,453.941,22.6971,713.788,1206.12,0,0,0,30.7669,150.629,944.054,998.94,0.203809,0.402601,7.50016,0.0466077,0.00556802,0.364316,0.311973,0.413887,0.0611651,1.42411,0.359139,0.327075,0.0172493,0.530995,0.41241,0.034,0.403231,1.43531,6.6,9,0.00492871,17.4451
161000,9730.06,0.593876,32.74,32.784,0.0229035,4851.82,2906.49,446.12,22.306,716.497,1210.35,0,0,0,30.8339,151.019,947.025,1001.52,0.203625,0.402202,7.49824,0.0458496,0.0055837,0.364931,0.312426,0.41493,0.0616463,1.42463,0.35719,0.325681,0.0172119,0.530935,0.41108,0.044,0.401303,1.43781,5.8,8.2,0.00433783,18.0383
161500,9711.36,0.592734,32.72,32.734,0.0217371,4846.25,2900.15,445.459,22.273,711.092,1210.25,0,0,0,30.883,150.695,950.029,1004.3,0.203607,0.402106,7.49346,0.04587,0.00558245,0.366079,0.312444,0.415935,0.0613086,1.42599,0.365046,0.331512,0.0176236,0.531287,0.410115,0.06,0.409384,1.44669,6.4,9.4,0.00504644,17.8951
162000,9735.16,0.594187,32.662,32.676,0.0204933,4853.79,2907.42,445.62,22.281,712.278,1210.14,0,0,0,30.8668,150.847,952.905,1007.76,0.203488,0.401763,7.49917,0.0457739,0.00557671,0.366617,0.311779,0.416212,0.0608678,1.42444,0.364452,0.331412,0.0178159,0.530026,0.41017,0.044,0.412744,1.44841,6.6,10.8,0.00583429,17.9931
162500,9732.02,0.593995,32.922,32.862,0.0180489,4852.4,2909.36,444.493,22.2247,711.375,1214.12,0,0,0,30.7916,150.523,956.032,1011.72,0.204049,0.402918,7.4981,0.0456732,0.0055904,0.36721,0.312329,0.417463,0.0610678,1.42464,0.360231,0.328282,0.0172748,0.530072,0.409455,0.054,0.406609,1.44323,6.6,9.8,0.00534201,17.995
163000,9719,0.593201,32.596,32.684,0.0209955,4848.89,2909.13,434.878,21.7439,714.528,1202.5,0,0,0,30.8929,151.058,959.231,1014.66,0.204448,0.40356,7.50796,0.0447435,0.00560161,0.368646,0.313028,0.418295,0.0623338,1.42533,0.356573,0.325141,0.016893,0.530051,0.407976,0.04,0.401382,1.43474,5.8,7.4,0.00393073,18.0191
163500,9705.62,0.592384,32.546,32.514,0.0198464,4844.49,2907.82,437.94,21.897,707.262,1202.45,0,0,0,30.9142,150.917,962.799,1018,0.204866,0.404546,7.5122,0.0451216,0.00560907,0.369465,0.314515,0.418603,0.0636317,1.42625,0.365047,0.330674,0.0176038,0.529352,0.405826,0.036,0.409927,1.44634,6,8.2,0.00434823,17.9773
164000,9694.4,0.591699,32.638,32.682,0.0201867,4840.79,2906.82,436.93,21.8465,708.057,1208.38,0,0,0,30.8861,150.9,965.786,1021.6,0.205268,0.405367,7.50933,0.0450706,0.00561985,0.369931,0.315162,0.418192,0.0639765,1.42662,0.362203,0.330149,0.0172436,0.529569,0.405248,0.044,0.410011,1.43909,6.4,8,0.00435262,17.8977
164500,9684.56,0.591099,32.718,32.678,0.0199257,4838.58,2903.6,437.987,21.8993,705.777,1208.7,0,0,0,30.881,150.602,968.821,1025.5,0.205224,0.405297,7.51028,0.0452253,0.00564076,0.370688,0.31712,0.41805,0.0650487,1.42743,0.358283,0.328302,0.017052,0.530482,0.403994,0.044,0.404229,1.43179,5.8,7.6,0.00402343,17.9321
165000,9691.94,0.591549,32.554,32.566,0.0205977,4840.38,2905.42,443.314,22.1657,708.144,1202.79,0,0,0,30.9787,150.846,972.035,1028.14,0.205227,0.405404,7.50591,0.045741,0.00564193,0.371172,0.318071,0.418424,0.0652699,1.42683,0.358952,0.326545,0.0173699,0.53133,0.403589,0.052,0.404615,1.43766,6.2,7.4,0.00402496,17.9329
165500,9675.7,0.590558,32.482,32.494,0.0214456,4834.96,2901.15,439.351,21.9675,709.106,1202.13,0,0,0,30.9375,151.047,975.355,1032.18,0.205473,0.406061,7.49932,0.0454077,0.0056514,0.371536,0.318827,0.417963,0.065418,1.42773,0.355662,0.323184,0.0169095,0.53242,0.402657,0.044,0.403974,1.4343,6.2,8.2,0.00444516,17.9727
166000,9676.56,0.59061,32.48,32.536,0.0222338,4835.11,2899.76,435.702,21.7851,709.161,1205.47,0,0,0,30.9769,151.093,978.743,1036.28,0.205233,0.405765,7.49817,0.0450261,0.00565419,0.372395,0.319841,0.417827,0.0663483,1.42763,0.355023,0.323967,0.0168704,0.532783,0.401277,0.048,0.39958,1.43535,6,8.6,0.00460826,17.9858
166500,9656.66,0.589396,32.586,32.552,0.0196295,4828.65,2890.96,428.412,21.4206,706.482,1206.69,0,0,0,31.0124,150.625,981.435,1039.92,0.204793,0.404912,7.49591,0.044365,0.00568058,0.373753,0.3206,0.418268,0.0674228,1.42871,0.359298,0.326542,0.0170995,0.532762,0.401569,0.052,0.406853,1.43885,6.6,8.2,0.00457949,17.799
167000,9676.8,0.590625,32.628,32.628,0.0198571,4833.48,2892.73,421.156,21.0578,711.002,1214.71,0,0,0,30.9822,150.975,984.389,1043.04,0.204003,0.403276,7.49588,0.0435226,0.00569663,0.374735,0.320358,0.418646,0.0684739,1.42719,0.364645,0.330728,0.0172784,0.533395,0.401099,0.032,0.402602,1.44653,6.6,9.4,0.00514542,17.6243
167500,9690.84,0.591482,32.512,32.49,0.0226142,4837.54,2898.43,424.07,21.2035,707.278,1203.8,0,0,0,30.9867,150.529,987.518,1045.9,0.204194,0.403537,7.49582,0.0437597,0.00570723,0.375613,0.32087,0.418873,0.0690686,1.42606,0.363352,0.330676,0.0170847,0.533569,0.400215,0.04,0.402808,1.44618,6.2,10.2,0.0055107,17.6042
168000,9686.2,0.591199,32.724,32.678,0.0202357,4837,2894.98,435.232,21.7616,709.771,1210.51,0,0,0,30.9669,150.732,990.485,1050.48,0.204023,0.403337,7.49273,0.0449331,0.00571266,0.376728,0.320843,0.419312,0.0686765,1.42685,0.360765,0.327709,0.0171413,0.533801,0.399177,0.036,0.408243,1.44274,6,9,0.00479085,17.6586
168500,9720.24,0.593276,32.73,32.758,0.0237782,4847.85,2903.55,427.042,21.3521,712.187,1213.17,0,0,0,30.912,150.694,993.356,1054.8,0.203696,0.402713,7.49427,0.0439332,0.00572335,0.377156,0.321445,0.419876,0.0685303,1.4249,0.356934,0.32568,0.0169462,0.534473,0.400505,0.056,0.401262,1.42997,6.6,8.2,0.00446428,17.6236
169000,9694.42,0.5917,32.736,32.682,0.020929,4840.91,2892.65,421.193,21.0597,712.332,1213.77,0,0,0,31.0051,150.681,996.242,1059.16,0.203119,0.401629,7.49783,0.0434465,0.00573532,0.377571,0.32194,0.419636,0.0698971,1.42675,0.359428,0.327504,0.0167338,0.535112,0.39995,0.064,0.399886,1.43957,6.4,8.2,0.00441574,17.6169
169500,9709.44,0.592617,32.63,32.648,0.0211537,4844.93,2898.83,418.053,20.9027,712.431,1212.12,0,0,0,31.0112,150.867,999.143,1062.96,0.203312,0.402118,7.50253,0.0430568,0.00573885,0.378142,0.321577,0.419794,0.0696914,1.42566,0.357793,0.325661,0.0167382,0.534802,0.399216,0.038,0.40012,1.43807,5.8,8,0.0042814,17.6512
170000,9712.2,0.592786,32.706,32.714,0.0200663,4844.14,2901.26,419.811,20.9905,710.861,1211.24,0,0,0,30.9667,150.74,1002.31,1066.1,0.20361,0.402635,7.50709,0.0432249,0.00572286,0.378885,0.321151,0.419556,0.0691257,1.42531,0.357026,0.324581,0.0168908,0.53337,0.398979,0.066,0.403197,1.4418,7.6,11.8,0.00668941,17.7068
170500,9707.84,0.59252,32.748,32.738,0.0203285,4844.1,2899.67,421.885,21.0943,712.977,1214.07,0,0,0,31.0144,150.906,1005.39,1068.48,0.203345,0.402093,7.51092,0.0434585,0.0057205,0.379344,0.320595,0.419589,0.069224,1.42563,0.362123,0.329361,0.0171857,0.533238,0.398585,0.04,0.402273,1.44282,6.2,8.8,0.00488264,17.7101
171000,9710.24,0.592666,32.574,32.536,0.019863,4845.09,2898.45,418.423,20.9211,715.127,1208.02,0,0,0,30.9852,150.641,1008.5,1069.96,0.203166,0.401686,7.5093,0.043091,0.00570673,0.379295,0.321425,0.419533,0.0686604,1.42576,0.356579,0.324866,0.0166177,0.533745,0.398224,0.042,0.398212,1.43682,6.6,8.6,0.00471946,17.6856
171500,9714.78,0.592943,32.734,32.75,0.0189162,4846.38,2897.9,421.282,21.0641,706.559,1216.63,0,0,0,30.95,150.495,1011.85,1071.9,0.202929,0.40113,7.50396,0.0433651,0.00568754,0.379772,0.321318,0.419902,0.067574,1.42552,0.354478,0.322085,0.0165161,0.533237,0.397408,0.038,0.394264,1.43196,6,8.6,0.00469215,17.7058
172000,9736,0.594238,32.826,32.822,0.0183132,4853.56,2901.24,428.799,21.44,714.861,1220.08,0,0,0,30.9639,150.869,1014.96,1074.54,0.202339,0.399969,7.5023,0.0440423,0.00569474,0.380401,0.322348,0.420174,0.0671433,1.42421,0.357173,0.326079,0.0165932,0.533724,0.398785,0.04,0.400532,1.43232,6.8,9.2,0.00501124,17.6604
172500,9746.92,0.594905,32.772,32.67,0.0195465,4856.21,2901.72,430.402,21.5201,720.685,1210.1,0,0,0,30.9988,150.952,1018.09,1078.26,0.202014,0.399316,7.50195,0.0441578,0.00570363,0.38096,0.323158,0.420561,0.0676977,1.42373,0.354502,0.322112,0.0168165,0.533828,0.398315,0.024,0.397543,1.43814,6.8,10.8,0.00583087,17.185
173000,9759.24,0.595657,32.778,32.854,0.0197404,4861.14,2905.32,434.668,21.7334,719.847,1216.24,0,0,0,30.9206,151.11,1021.42,1083.14,0.201927,0.3992,7.50338,0.04454,0.00571769,0.381236,0.323862,0.42077,0.0683333,1.42308,0.350474,0.319868,0.0165863,0.534842,0.397085,0.048,0.394691,1.42592,6,10.2,0.00547705,16.9232
173500,9760.1,0.595709,32.834,32.748,0.0192279,4861.27,2907.43,440.131,22.0065,718.998,1209.83,0,0,0,30.924,150.617,1024.58,1086.92,0.202236,0.399786,7.50429,0.0450952,0.00571741,0.38195,0.323981,0.420751,0.0685586,1.42313,0.356942,0.325633,0.0169576,0.535737,0.397087,0.038,0.400508,1.43402,6.8,10.8,0.00592052,17.1838
174000,9764.18,0.595958,32.95,32.95,0.0203633,4862.01,2906.95,428.447,21.4223,716.631,1217.03,0,0,0,30.93,150.727,1027.43,1090,0.201902,0.39919,7.50504,0.0438794,0.00572593,0.382935,0.32388,0.421057,0.0685371,1.42283,0.359049,0.326875,0.0167603,0.536185,0.397798,0.034,0.399658,1.44273,6,10.6,0.00565342,16.9352
174500,9758.04,0.595583,32.66,32.69,0.0192583,4861.66,2907.19,429.491,21.4746,720.504,1213.27,0,0,0,30.9206,151.049,1030.72,1094.36,0.202116,0.39972,7.51289,0.0440146,0.00573824,0.382873,0.323816,0.42091,0.0695734,1.42332,0.350621,0.319652,0.0164834,0.536506,0.398106,0.046,0.391101,1.42808,6.2,9.4,0.00502064,16.8934
175000,9762.7,0.595868,32.874,32.842,0.0216447,4862.12,2909.97,429.107,21.4554,715.168,1213.58,0,0,0,30.8955,150.898,1033.74,1098.5,0.202387,0.400385,7.50994,0.0439536,0.00575365,0.382859,0.324151,0.420852,0.0701323,1.42294,0.357028,0.325297,0.0165772,0.537089,0.397441,0.068,0.399571,1.43396,5.8,7.4,0.00395419,17.0467
175500,9741.86,0.594596,32.768,32.836,0.019276,4856.08,2907.07,424.743,21.2372,716.79,1216.5,0,0,0,30.9282,150.945,1037.04,1101.18,0.202785,0.401134,7.51937,0.0436001,0.00577285,0.383448,0.325256,0.421144,0.0713509,1.42428,0.35791,0.324145,0.0167799,0.537249,0.39592,0.038,0.396496,1.44631,6.4,10.6,0.00578985,17.1141
176000,9733.86,0.594108,32.722,32.678,0.0195867,4854.03,2906.97,420.26,21.013,714.071,1209.32,0,0,0,30.9431,150.977,1040.44,1103.32,0.203012,0.401812,7.52339,0.0431747,0.00579043,0.383999,0.325985,0.420924,0.0730442,1.42459,0.359257,0.327599,0.017056,0.537322,0.394715,0.056,0.401855,1.43588,5.8,9.2,0.00489229,17.0687
176500,9739.42,0.594447,32.754,32.802,0.019286,4856.09,2910.32,421.078,21.0539,712.669,1212.67,0,0,0,30.8629,150.83,1043.78,1104.42,0.203285,0.402511,7.52455,0.0432345,0.00580179,0.38458,0.327507,0.421168,0.0737765,1.42444,0.355244,0.324175,0.0164236,0.538112,0.395702,0.052,0.395462,1.43372,6.2,8.2,0.00447789,16.9487
177000,9711.58,0.592748,32.608,32.688,0.0191386,4848.54,2903.25,411.712,20.5856,716.327,1209.95,0,0,0,30.9686,151.141,1046.97,1107.86,0.203475,0.402974,7.52873,0.0423938,0.00582267,0.385372,0.327526,0.420921,0.0755959,1.4263,0.350653,0.319758,0.0165135,0.537921,0.394623,0.044,0.389672,1.42549,6.8,7.2,0.00410092,16.8563
177500,9718.1,0.593146,32.684,32.654,0.0188153,4850.17,2901.69,418.096,20.9048,715.242,1211.21,0,0,0,30.9906,151.076,1049.82,1110.7,0.202944,0.401837,7.5216,0.0430221,0.00582733,0.386151,0.326915,0.420813,0.0762483,1.42572,0.357018,0.325213,0.0165677,0.53788,0.394262,0.052,0.398953,1.44042,6,9.4,0.00506372,16.6681
178000,9735.08,0.594182,32.704,32.674,0.0200435,4853.43,2902.97,416.599,20.83,718.009,1210.59,0,0,0,30.9848,150.953,1052.86,1114.12,0.202361,0.400766,7.51879,0.0427944,0.00582299,0.386489,0.326274,0.420997,0.0753945,1.42422,0.357394,0.325221,0.016614,0.537945,0.393529,0.062,0.39613,1.43909,6.6,9.8,0.00544343,16.7882
178500,9711.04,0.592715,32.63,32.644,0.0197996,4847.2,2895.16,418.987,20.9494,718.704,1209.15,0,0,0,31.061,150.953,1055.97,1116.88,0.202492,0.401115,7.51494,0.0431455,0.00581731,0.386711,0.329546,0.420491,0.0748654,1.42618,0.34412,0.314961,0.0160358,0.538198,0.393618,0.042,0.386114,1.41764,6.8,10,0.005621,15.8377
179000,9701.88,0.592156,32.604,32.686,0.0177477,4845.46,2893.74,406.93,20.3465,713.132,1219.6,0,0,0,31.0292,150.719,1058.79,1120.92,0.202528,0.401381,7.51899,0.0419435,0.00584631,0.387507,0.332662,0.420639,0.076297,1.42677,0.353123,0.320224,0.0163121,0.539532,0.394242,0.036,0.390783,1.43759,6.6,11.6,0.00626982,16.4452
179500,9710.1,0.592657,32.63,32.548,0.0179689,4846.54,2895.67,406.873,20.3437,714.497,1213.92,0,0,0,31.0382,150.871,1062.16,1124.4,0.202519,0.401599,7.52062,0.0419023,0.00585095,0.388498,0.333527,0.419902,0.0766406,1.42622,0.353498,0.322541,0.0163855,0.538922,0.394142,0.038,0.395967,1.43121,6.2,9.4,0.00504493,16.9386
180000,9727.54,0.593722,32.77,32.75,0.0207283,4851.08,2898.93,406.722,20.3361,718.327,1218.14,0,0,0,31.0444,151.063,1065.12,1127.96,0.202183,0.400856,7.52318,0.0418111,0.00586059,0.389148,0.332452,0.419709,0.0777808,1.42497,0.350773,0.319365,0.0163436,0.539436,0.394809,0.034,0.390248,1.43121,6,11.4,0.00600288,15.107
180500,9734.74,0.594161,32.624,32.632,0.0175364,4854,2900.87,414.557,20.7279,715.731,1212.37,0,0,0,31.0275,151.155,1068.57,1130.54,0.202036,0.400587,7.52368,0.0425853,0.00586894,0.390042,0.332871,0.419822,0.0782316,1.4246,0.353905,0.322821,0.0164957,0.54037,0.394871,0.03,0.390229,1.43317,6,10.6,0.00564799,16.7839
181000,9757.1,0.595526,32.966,32.91,0.0198006,4859.9,2907.62,415.507,20.7754,719.707,1218.31,0,0,0,30.9738,150.937,1071.82,1134,0.202094,0.400623,7.52464,0.0425844,0.0058896,0.390862,0.333204,0.419876,0.0790023,1.42324,0.353436,0.321322,0.0165282,0.541583,0.394059,0.046,0.393959,1.43677,6.8,11.8,0.00639431,17.9794
181500,9727.42,0.593715,32.572,32.624,0.020212,4851.75,2900.22,410.683,20.5342,711.907,1212.42,0,0,0,31.0185,150.855,1074.85,1136.96,0.202192,0.400746,7.52915,0.04222,0.00589419,0.391854,0.333751,0.419937,0.0793546,1.42504,0.356305,0.32331,0.0165065,0.542952,0.394289,0.04,0.394296,1.43841,6,8.4,0.00450532,17.6304
182000,9709.52,0.592622,32.592,32.61,0.019817,4847.35,2894.53,415.746,20.7873,716.804,1215.85,0,0,0,31.0542,150.835,1077.88,1140.2,0.202141,0.400653,7.52733,0.0428184,0.00590496,0.392806,0.334856,0.420199,0.0801977,1.42619,0.349749,0.319449,0.0163689,0.543448,0.394117,0.048,0.387932,1.423,6.2,7.6,0.00414327,17.5718
182500,9719.6,0.593237,32.75,32.696,0.0182175,4849.58,2895.68,417.113,20.8556,720.377,1213.67,0,0,0,31.0514,150.987,1080.49,1141.92,0.201928,0.400189,7.5292,0.0429147,0.00591853,0.393702,0.336844,0.420231,0.0814175,1.42555,0.345537,0.314533,0.0162272,0.543973,0.395147,0.06,0.388089,1.42612,5.8,10.8,0.00571996,17.6115
183000,9765.68,0.59605,32.832,32.84,0.0209126,4862.08,2905.63,421.023,21.0511,720.172,1213.23,0,0,0,31.0141,150.866,1083.21,1145.82,0.201302,0.398859,7.52451,0.0431119,0.00594197,0.393767,0.338007,0.419848,0.0826998,1.42263,0.353464,0.322074,0.0165684,0.543201,0.395174,0.052,0.399828,1.43195,6.4,10.4,0.00559014,17.5769
183500,9732.6,0.594031,32.672,32.71,0.0212524,4853.06,2896.39,416.296,20.8148,720.166,1214.52,0,0,0,31.1057,150.952,1086.52,1148.16,0.201383,0.399172,7.52782,0.0427731,0.00596674,0.394024,0.339192,0.419875,0.0844398,1.42477,0.348086,0.318156,0.0159994,0.543478,0.395169,0.042,0.38928,1.42392,6.2,9.6,0.00515758,17.5897
184000,9734.4,0.594141,32.664,32.63,0.0188866,4853.44,2897.14,410.042,20.5021,717.873,1216.13,0,0,0,31.1522,151.143,1089.68,1151.66,0.201159,0.398794,7.53425,0.0421229,0.0059727,0.394063,0.338649,0.419795,0.0844641,1.42451,0.363082,0.32877,0.016952,0.544489,0.396475,0.034,0.401278,1.4502,5.6,12.4,0.0065533,17.5323
184500,9729.56,0.593845,32.778,32.858,0.0206645,4852.49,2894.13,405.848,20.2924,719.558,1220.37,0,0,0,31.1479,150.766,1092.88,1152.24,0.20085,0.398162,7.53586,0.0417128,0.00597226,0.394459,0.339903,0.419504,0.0845248,1.42484,0.362162,0.32888,0.0169908,0.544829,0.397187,0.052,0.399871,1.44866,6.2,11,0.00598238,17.5059
185000,9739.56,0.594456,32.826,32.744,0.0200731,4854.82,2894.88,401.622,20.0811,722.52,1220.56,0,0,0,31.19,151.116,1095.73,1154.68,0.200517,0.39743,7.53711,0.0412356,0.00598899,0.3948,0.340515,0.419144,0.0860971,1.42426,0.359674,0.32643,0.0165119,0.545092,0.397666,0.054,0.397854,1.44416,6.4,9.6,0.00521649,17.5781
185500,9747.44,0.594937,32.754,32.726,0.0205487,4857.3,2896.29,403.06,20.153,722.303,1216.83,0,0,0,31.1581,150.765,1098.34,1157.3,0.200303,0.396786,7.53979,0.041351,0.00600025,0.395559,0.340055,0.419186,0.0865132,1.42379,0.360928,0.328243,0.0166671,0.545587,0.398008,0.028,0.398579,1.44695,7.2,11.6,0.0065265,17.5412
186000,9759.36,0.595664,32.904,32.912,0.021481,4860.95,2896.08,411.552,20.5776,725.603,1221.04,0,0,0,31.063,150.697,1100.8,1159.38,0.199733,0.395731,7.53214,0.0421702,0.0060116,0.396697,0.341275,0.419253,0.0858681,1.42292,0.359215,0.326888,0.0166943,0.546322,0.398597,0.034,0.399372,1.43676,6.2,8.4,0.0045266,17.4966
186500,9734.3,0.594135,32.668,32.702,0.0198422,4853.83,2886.6,412.436,20.6218,729.785,1215.13,0,0,0,31.174,151.182,1103.66,1163.76,0.199352,0.394991,7.53242,0.0423698,0.00602382,0.397928,0.341309,0.418817,0.086224,1.42448,0.362038,0.329184,0.0166768,0.547022,0.397993,0.05,0.400887,1.44385,6,10.4,0.00552533,17.4201
187000,9747.54,0.594943,32.824,32.82,0.0201452,4857.55,2889.73,412.461,20.623,729.734,1217.54,0,0,0,31.1748,150.88,1106.34,1166.1,0.199296,0.394886,7.53014,0.0423144,0.00602367,0.398679,0.340062,0.419432,0.0860162,1.4238,0.363161,0.328785,0.0169426,0.547134,0.400033,0.05,0.400172,1.45221,7.2,12.6,0.00701516,17.5167
187500,9750.2,0.595105,32.77,32.708,0.0182486,4858.45,2887.44,412.643,20.6322,729.76,1216.87,0,0,0,31.2113,150.791,1109.19,1169.34,0.198812,0.393934,7.53058,0.0423218,0.00601538,0.399272,0.340595,0.419745,0.0853748,1.42368,0.362125,0.328935,0.0167254,0.547804,0.402575,0.044,0.400497,1.44999,6.4,13.4,0.00705667,17.4375
188000,9760.3,0.595721,32.738,32.802,0.0186827,4861.46,2889.24,410.036,20.5018,738.305,1217.09,0,0,0,31.1987,151.092,1112.41,1172.68,0.198609,0.393521,7.52865,0.0420105,0.00600545,0.399987,0.340838,0.419065,0.0859205,1.42308,0.35983,0.326686,0.0167026,0.547518,0.403692,0.048,0.402924,1.44345,6.6,12.6,0.00673796,17.4941
188500,9753.86,0.595328,32.778,32.784,0.0179262,4860.09,2886.97,409.239,20.4619,733.745,1219.3,0,0,0,31.2074,150.92,1115.35,1176.9,0.198408,0.393081,7.53277,0.0419568,0.00600798,0.400644,0.341951,0.419002,0.0855136,1.42352,0.370795,0.335409,0.0169707,0.549094,0.404947,0.046,0.408172,1.45968,6,11.8,0.00619224,17.3796
189000,9772.84,0.596487,32.88,32.822,0.0198147,4864.68,2889.78,416.329,20.8165,731.832,1217.7,0,0,0,31.1347,150.739,1118.06,1179.88,0.198015,0.392377,7.53163,0.0426011,0.00601281,0.401277,0.342926,0.41898,0.0856686,1.42215,0.368961,0.33312,0.01721,0.549535,0.407224,0.062,0.406992,1.45643,6,10.8,0.00564935,17.4554
189500,9747.74,0.594955,32.848,32.896,0.0200666,4857.52,2883.41,423.943,21.1971,738.227,1223.18,0,0,0,31.2464,150.998,1120.96,1183.76,0.198041,0.392547,7.53621,0.0434915,0.00604108,0.40185,0.343498,0.419149,0.0870643,1.42365,0.370814,0.334073,0.0173266,0.549842,0.407731,0.044,0.407673,1.46673,6.8,15,0.00808494,17.4478
190000,9779.08,0.596868,32.798,32.722,0.0207521,4866.02,2890.59,424.612,21.2306,739.388,1207.62,0,0,0,31.1675,150.777,1123.91,1186.46,0.197853,0.392266,7.53067,0.0434208,0.00606161,0.402315,0.345635,0.418711,0.0872775,1.42169,0.366531,0.329657,0.017005,0.550105,0.407562,0.028,0.405565,1.45576,6.8,12.4,0.00672797,17.5623
190500,9774.98,0.596617,32.902,32.926,0.0210901,4864.76,2886.87,431.72,21.586,734.292,1217.4,0,0,0,31.1296,150.751,1126.89,1188.74,0.197385,0.391353,7.52864,0.0441659,0.0060686,0.402675,0.347772,0.418458,0.0874117,1.42179,0.371116,0.334488,0.017493,0.549486,0.407366,0.064,0.406711,1.46586,6.6,15.4,0.00834674,17.4391
191000,9764.36,0.595969,32.914,32.92,0.0202598,4862.06,2883.26,432.952,21.6476,739.352,1223.21,0,0,0,31.1714,150.796,1129.87,1192.62,0.197276,0.391209,7.53083,0.0443405,0.00605676,0.402715,0.348718,0.41788,0.0876763,1.42271,0.37437,0.337447,0.0175896,0.548425,0.408247,0.046,0.415462,1.47138,7.4,13,0.00716617,17.5562
191500,9771.84,0.596426,32.768,32.754,0.0204287,4864.5,2886.29,434.95,21.7475,741.654,1213.09,0,0,0,31.221,151.038,1133.08,1196.64,0.197312,0.391319,7.5353,0.0445111,0.00604518,0.402862,0.348225,0.418136,0.0879567,1.4221,0.369782,0.333164,0.0171613,0.547848,0.409221,0.048,0.404213,1.46345,6.2,14,0.00744857,17.4145
192000,9800.92,0.598201,33.046,32.966,0.0196608,4871.96,2893.91,434.688,21.7344,735.973,1218.66,0,0,0,31.1294,150.8,1136.3,1200.6,0.197366,0.391431,7.53002,0.0443521,0.00603987,0.403014,0.348016,0.418505,0.0879536,1.4204,0.364332,0.328746,0.0169936,0.546264,0.408509,0.034,0.400573,1.45789,7.6,16.2,0.00885883,17.4659
192500,9784.2,0.59718,32.98,32.998,0.0173372,4867.53,2888.4,429.393,21.4697,735.32,1226.2,0,0,0,31.1561,150.627,1139.75,1202.48,0.197245,0.391288,7.52917,0.0438853,0.00605407,0.403108,0.348018,0.418019,0.0885015,1.42153,0.371654,0.334761,0.0173625,0.545174,0.408156,0.054,0.407064,1.47046,6.2,15.6,0.0082755,17.4415
193000,9804.86,0.598441,32.922,33.006,0.0209344,4871.77,2897.04,418.099,20.905,734.062,1217.78,0,0,0,31.0975,150.919,1143.34,1204.6,0.197532,0.391873,7.53812,0.0426411,0.00606328,0.404316,0.348517,0.417253,0.0898837,1.41977,0.369374,0.334553,0.0171025,0.544644,0.407821,0.052,0.402747,1.45937,7.2,10.2,0.00557373,17.4564
193500,9759.88,0.595696,32.778,32.764,0.020222,4860.08,2884.75,405.577,20.2789,732.974,1217.76,0,0,0,31.2423,150.744,1146.81,1208.08,0.197597,0.392144,7.54237,0.0415552,0.00607546,0.405178,0.347521,0.417492,0.0911669,1.42289,0.374598,0.339344,0.0170526,0.543524,0.408145,0.048,0.411975,1.46502,6.4,14.6,0.00774561,17.4228
194000,9779.34,0.596884,33.022,32.986,0.0195488,4865.11,2890.01,410.225,20.5112,734.377,1224.25,0,0,0,31.1975,150.924,1150.31,1210.12,0.197449,0.392029,7.54656,0.041948,0.00607128,0.405516,0.349037,0.417427,0.0912868,1.42168,0.380126,0.343119,0.0176603,0.543823,0.409529,0.046,0.417009,1.4754,6.6,13.8,0.00750639,17.5018
194500,9798.84,0.598074,32.862,32.79,0.0189071,4871.29,2894.15,405.296,20.2648,739.275,1215.06,0,0,0,31.2326,150.974,1153.46,1213.82,0.197146,0.391467,7.55028,0.0413627,0.00606681,0.40553,0.350005,0.41721,0.0912944,1.42041,0.373917,0.338241,0.0171885,0.543606,0.411224,0.05,0.408206,1.46248,6,12,0.00647169,17.4956
195000,9789.28,0.59749,32.898,33.04,0.0184856,4869.71,2891.7,405.012,20.2506,738.836,1223.02,0,0,0,31.1644,150.943,1156.38,1214.68,0.197144,0.391745,7.55105,0.0413733,0.00608298,0.406037,0.351352,0.417155,0.0927946,1.42116,0.365983,0.33063,0.0168734,0.543324,0.41094,0.032,0.407098,1.45472,6.4,11.6,0.00621164,17.4676
195500,9783.9,0.597162,32.786,32.692,0.0179738,4867.29,2888,403.974,20.1987,739.634,1213.34,0,0,0,31.2461,150.973,1159.62,1217.54,0.196851,0.391223,7.55618,0.0412895,0.00609537,0.405639,0.351661,0.416599,0.0934138,1.42144,0.362611,0.328157,0.0167596,0.542341,0.40838,0.058,0.402705,1.45237,6.4,10.6,0.00578162,17.5352
196000,9787.22,0.597365,33.048,33.036,0.0200986,4868.05,2886.71,401.217,20.0609,736.135,1225.48,0,0,0,31.2038,150.73,1162.82,1220,0.196451,0.390415,7.55675,0.0409939,0.00610815,0.405608,0.351393,0.416187,0.094124,1.42128,0.367923,0.333111,0.0170698,0.541714,0.40758,0.044,0.406014,1.45962,6.6,14.4,0.00766047,16.9897
196500,9796.1,0.597906,33.044,33.042,0.0194806,4870.32,2889.96,400.934,20.0467,743.681,1223.89,0,0,0,31.2316,150.898,1165.97,1216.36,0.19635,0.390193,7.56113,0.0409276,0.00613237,0.40549,0.350972,0.415809,0.0955224,1.42046,0.375276,0.338751,0.0172428,0.541076,0.407291,0.046,0.410868,1.46771,6.4,14.4,0.00777963,17.9363
197000,9806.3,0.598529,32.856,32.862,0.020584,4872.39,2891.42,396.595,19.8298,738.25,1216.35,0,0,0,31.1942,150.488,1169.5,1208.96,0.196134,0.389644,7.56285,0.0404424,0.00615513,0.404969,0.35002,0.414681,0.0971354,1.41974,0.3739,0.33772,0.0170582,0.53973,0.405654,0.048,0.408728,1.46719,6.6,12.4,0.00666886,18.3221
197500,9778.78,0.596849,32.912,32.97,0.0192312,4865.51,2886.5,392.437,19.6219,739.383,1222.96,0,0,0,31.2969,151.213,1172.67,1211.56,0.196656,0.390429,7.56414,0.0401314,0.0061392,0.404968,0.349285,0.41416,0.0978057,1.42162,0.370037,0.334495,0.0170524,0.539823,0.405642,0.054,0.406403,1.46066,6.6,11.6,0.00625755,18.2906
198000,9781.6,0.597021,32.89,32.868,0.0203811,4866.03,2887.15,385.678,19.2839,738.662,1222.23,0,0,0,31.2907,150.888,1175.66,1215.54,0.196692,0.39023,7.56669,0.0394289,0.00612149,0.404417,0.350996,0.413697,0.0975385,1.42153,0.364415,0.329108,0.0167109,0.540372,0.406836,0.04,0.398035,1.45094,6.2,11.2,0.00593007,18.2391
198500,9779.8,0.596912,32.792,32.818,0.019311,4866.92,2883.58,387.757,19.3879,737.265,1218.98,0,0,0,31.2378,150.706,1178.67,1218.2,0.196023,0.388848,7.56354,0.0396484,0.00612321,0.404463,0.352065,0.413292,0.0977145,1.42157,0.370847,0.334234,0.0168831,0.541146,0.407804,0.042,0.405987,1.46932,7.6,14.8,0.00814177,18.3134
199000,9789.16,0.597483,32.984,32.934,0.0197644,4868.46,2885.54,389.638,19.4819,739.061,1228.81,0,0,0,31.3327,151.028,1182.32,1221.98,0.19594,0.388668,7.56648,0.0398033,0.00613478,0.404891,0.351228,0.412315,0.0996903,1.42097,0.369779,0.333882,0.0170008,0.539941,0.405138,0.064,0.401583,1.46042,6.4,12.8,0.00681942,18.3975
199500,9795.16,0.597849,32.904,32.94,0.020838,4870.03,2886.23,389.93,19.4965,741.727,1220.4,0,0,0,31.3006,150.687,1185.76,1224.26,0.195894,0.388601,7.56404,0.0398083,0.0061466,0.40512,0.351332,0.41228,0.0997753,1.42056,0.358526,0.324191,0.0163466,0.53884,0.403562,0.052,0.399374,1.44231,6.2,10.2,0.0054327,18.2522
200000,9778.14,0.59681,32.972,32.938,0.0175806,4865.86,2879.52,393.821,19.691,741.853,1226.6,0,0,0,31.3916,150.923,1189.2,1227.62,0.195507,0.38787,7.56691,0.0402756,0.00614824,0.405137,0.351867,0.411945,0.100094,1.4218,0.365563,0.329517,0.0170522,0.537864,0.401391,0.064,0.401506,1.46151,7,13,0.00701706,16.1934
200500,9782.38,0.597069,32.76,32.808,0.0217034,4866.8,2879.71,401.549,20.0775,741.804,1220.55,0,0,0,31.3313,150.923,1192.41,1230.42,0.195438,0.387804,7.5619,0.0410482,0.00615974,0.405968,0.352364,0.411343,0.100096,1.4215,0.36409,0.329857,0.0165989,0.536997,0.400337,0.044,0.397802,1.45028,6.2,13.6,0.00719972,17.6808
201000,9776.2,0.596692,32.96,32.972,0.0202402,4865.18,2877.34,397.775,19.8887,753.409,1224.08,0,0,0,31.4082,151.012,1195.44,1233.72,0.195371,0.387653,7.56242,0.0406876,0.00617245,0.405982,0.354055,0.410502,0.100908,1.42182,0.357567,0.322525,0.0165212,0.536711,0.3994,0.046,0.401554,1.44965,7,13.6,0.00773752,20.4866
201500,9771.58,0.59641,32.82,32.85,0.0205102,4863.74,2874.48,401.79,20.0895,746.524,1220.42,0,0,0,31.3479,150.993,1198.37,1237.88,0.195067,0.387063,7.56052,0.0411181,0.00615606,0.406343,0.356199,0.410605,0.0995523,1.4221,0.367256,0.331787,0.0167895,0.537155,0.400966,0.028,0.403416,1.45706,6.6,11.6,0.00628367,18.9133
202000,9764.14,0.595956,32.856,32.876,0.0212651,4861.25,2870.47,397.966,19.8983,745.021,1223.58,0,0,0,31.3521,150.758,1201.48,1240.6,0.194812,0.38654,7.56055,0.0407581,0.00616572,0.407259,0.356077,0.410574,0.0997209,1.42257,0.365754,0.331254,0.0167096,0.537414,0.402282,0.05,0.40028,1.45228,6.4,10.8,0.00577706,18.4099
202500,9771.18,0.596385,32.786,32.716,0.0198774,4864.6,2872.28,385.8,19.29,747.521,1221.55,0,0,0,31.4625,150.976,1204.34,1243.92,0.194538,0.385919,7.56865,0.0394837,0.00617393,0.407578,0.355948,0.410338,0.0997776,1.42231,0.37165,0.335701,0.016812,0.538969,0.401405,0.042,0.40332,1.46062,7,12.8,0.00686044,18.3074
203000,9786.52,0.597322,32.952,32.866,0.0190168,4868.95,2875.96,389.19,19.4595,746.183,1225.75,0,0,0,31.3904,150.741,1207.32,1247.42,0.19446,0.385676,7.56489,0.0397677,0.00620074,0.407622,0.354414,0.410595,0.100577,1.42127,0.368476,0.332423,0.0168084,0.538306,0.400058,0.034,0.405579,1.46203,6.2,12.6,0.00666392,18.226
203500,9797.64,0.598,32.988,33.016,0.0187934,4871.77,2877.64,395.293,19.7647,748.118,1232.51,0,0,0,31.3219,150.935,1210.34,1250.06,0.194242,0.385184,7.56384,0.0403453,0.00619226,0.408707,0.353855,0.410047,0.0997071,1.42051,0.361324,0.327183,0.0166634,0.537839,0.400821,0.05,0.399712,1.44645,6.4,10,0.0054315,18.3732
204000,9797,0.597961,32.972,33.016,0.0224542,4870.89,2878.45,398.73,19.9365,747.227,1223.17,0,0,0,31.3406,150.735,1213.7,1253.42,0.194349,0.38541,7.56469,0.0406989,0.00618807,0.409732,0.353693,0.409831,0.0992154,1.42039,0.368057,0.333941,0.0167872,0.537544,0.398457,0.066,0.404418,1.45887,7,13.6,0.00745207,18.3723
204500,9789.78,0.597521,32.986,32.956,0.0216352,4868.9,2871.9,403.534,20.1767,750.39,1227.87,0,0,0,31.3593,150.643,1216.72,1256.78,0.193778,0.384455,7.5628,0.0412202,0.00620612,0.411219,0.354664,0.410275,0.0990935,1.42102,0.36025,0.325509,0.0167931,0.538423,0.397397,0.052,0.397259,1.45034,7.6,15.6,0.0084248,18.2914
205000,9808.68,0.598674,33.096,33.024,0.0191681,4874.24,2872.68,401.872,20.0936,751.542,1228.28,0,0,0,31.3305,150.876,1219.52,1260.12,0.192943,0.382862,7.55862,0.0409711,0.00619413,0.41206,0.356059,0.411001,0.0978472,1.41985,0.370135,0.333141,0.0172244,0.538622,0.399447,0.03,0.40202,1.46886,7.2,14.6,0.00795725,18.2044
205500,9808.94,0.59869,32.876,32.936,0.0204701,4874.2,2870.4,406.791,20.3395,753.997,1225.73,0,0,0,31.375,150.675,1222.8,1264.78,0.192599,0.382214,7.55772,0.0414717,0.00622036,0.412388,0.356815,0.410754,0.097993,1.41969,0.359895,0.326494,0.0166204,0.539697,0.400046,0.056,0.394887,1.44924,7.6,14,0.00771066,18.2981
206000,9811.8,0.598865,33.166,33.1,0.0216201,4874.74,2868.34,404.04,20.202,754.513,1231.55,0,0,0,31.3578,150.487,1225.61,1269.04,0.192131,0.381407,7.55828,0.0411796,0.00625033,0.413736,0.358684,0.411351,0.0984826,1.41954,0.363583,0.328328,0.0168021,0.54099,0.400676,0.052,0.401851,1.45218,6.2,12.6,0.00669029,18.3491
206500,9822.58,0.599523,33.094,33.114,0.0208895,4878.29,2869.36,396.663,19.8331,762.037,1231.3,0,0,0,31.4354,151.145,1228.36,1272.6,0.191692,0.380563,7.55888,0.0403833,0.00626583,0.414342,0.361413,0.412839,0.0992349,1.41887,0.366816,0.331232,0.0171646,0.542441,0.401871,0.054,0.405147,1.45703,6.4,12,0.0063945,18.3203
207000,9835.22,0.600294,33.03,32.976,0.0211423,4881.14,2869.87,397.959,19.8979,758.428,1227.98,0,0,0,31.3899,150.761,1231.59,1274.58,0.191235,0.379723,7.55975,0.0404625,0.00627704,0.415622,0.362447,0.41319,0.0988938,1.41823,0.369896,0.333775,0.0169947,0.542307,0.401348,0.042,0.40353,1.45995,6.4,13.2,0.00703503,18.368
207500,9838.1,0.60047,33.088,33.134,0.0224807,4881.66,2869.91,399.742,19.9871,762.968,1229.92,0,0,0,31.3746,150.918,1234.49,1277.48,0.191047,0.379362,7.55873,0.0406323,0.00629183,0.417212,0.363714,0.413587,0.0994367,1.41778,0.369166,0.332093,0.0173112,0.542353,0.403964,0.052,0.409028,1.46806,7,17.4,0.00941087,18.3663
208000,9838.66,0.600504,33.096,33.088,0.0207522,4881.43,2871.3,405.45,20.2725,758.72,1231.6,0,0,0,31.3793,150.851,1236.8,1281.26,0.191284,0.379596,7.55696,0.04121,0.00628334,0.418321,0.364948,0.414583,0.0991166,1.41771,0.374294,0.33842,0.0173564,0.543508,0.407104,0.048,0.411612,1.46232,7.2,11,0.00595224,18.3124
208500,9816.46,0.599149,32.934,32.97,0.0192,4875.88,2865.03,413.363,20.6681,762.514,1225.21,0,0,0,31.4219,150.949,1239.53,1284.9,0.191297,0.379513,7.55736,0.0421093,0.00626919,0.419312,0.365956,0.415255,0.0983027,1.41917,0.365967,0.329732,0.0171512,0.544503,0.409134,0.058,0.405837,1.46338,6.6,13.4,0.00731389,18.2732
209000,9814.52,0.599031,33.104,33.104,0.0192952,4875.71,2864.73,410.943,20.5472,762.165,1232.08,0,0,0,31.4626,151.075,1242.39,1287.98,0.19126,0.379459,7.55951,0.0418709,0.00628009,0.420475,0.366306,0.415867,0.0982887,1.41935,0.370948,0.335327,0.0174426,0.544833,0.408474,0.066,0.40831,1.46547,6.4,13.6,0.00739592,18.3081
209500,9835.64,0.60032,32.968,32.976,0.0204229,4881.59,2871.01,407.674,20.3837,760.305,1226.54,0,0,0,31.4319,150.769,1245.75,1292.16,0.191368,0.379775,7.5589,0.0414485,0.00628462,0.420571,0.366993,0.415869,0.0985866,1.41805,0.363619,0.329291,0.0169821,0.543819,0.406053,0.048,0.39841,1.45326,6.2,12.2,0.00650436,18.2682
210000,9834.6,0.600256,33.222,33.156,0.0196633,4881.48,2872.6,398.317,19.9158,753.928,1237.74,0,0,0,31.3854,150.785,1248.88,1294.76,0.191671,0.38034,7.55895,0.0405022,0.0062657,0.420997,0.36853,0.416104,0.0978229,1.41812,0.367562,0.332619,0.0172199,0.542779,0.406299,0.038,0.406313,1.45798,6.2,14.2,0.00762497,18.3473
210500,9820.72,0.599409,32.92,32.984,0.0217084,4876.68,2870.35,397.505,19.8753,755.77,1226.74,0,0,0,31.4539,150.952,1252.32,1297.88,0.191887,0.380861,7.56029,0.0404767,0.00624338,0.421193,0.370036,0.416639,0.0973296,1.41878,0.375806,0.338805,0.0174451,0.54129,0.407033,0.036,0.410777,1.46992,6,12,0.00633011,18.3556
211000,9825.02,0.599672,33.108,33.076,0.021484,4878.19,2872.16,392.42,19.621,756.829,1230.43,0,0,0,31.4293,150.705,1255.32,1301.26,0.191982,0.381261,7.55891,0.0399411,0.00623269,0.421226,0.369438,0.417265,0.0962554,1.41861,0.375261,0.339166,0.0172831,0.540644,0.407338,0.052,0.408853,1.46654,6.4,14.2,0.00759331,17.9826
211500,9819.02,0.599305,33.138,33.108,0.0192422,4876.88,2871.86,389.905,19.4953,755.976,1235.93,0,0,0,31.4085,151.019,1258.37,1304.1,0.192278,0.382046,7.56182,0.039709,0.00623659,0.42117,0.369085,0.417368,0.0966093,1.41914,0.367328,0.330824,0.0170707,0.539671,0.406832,0.038,0.404501,1.46356,7,15.2,0.00825257,18.0399
212000,9828.84,0.599905,32.89,32.936,0.0194272,4879.82,2875.14,392.858,19.6429,755.111,1223.51,0,0,0,31.4267,150.943,1261.51,1306.04,0.192187,0.38184,7.56482,0.0399699,0.00624644,0.421439,0.36948,0.417013,0.0968932,1.41842,0.372711,0.336336,0.0171345,0.539451,0.40699,0.062,0.414262,1.46953,6.2,15,0.00795009,18.267
212500,9834.46,0.600248,33.1,33.06,0.0197126,4880.85,2879.16,398.972,19.9486,750.877,1231.91,0,0,0,31.3454,150.778,1264.63,1309.42,0.192626,0.382696,7.56242,0.0405685,0.00621546,0.421648,0.370743,0.416801,0.0955327,1.41812,0.378031,0.341544,0.0174448,0.539652,0.408888,0.046,0.412684,1.47147,7.2,13.2,0.00719712,18.2116
213000,9833.52,0.60019,33.024,33.052,0.0207216,4881.29,2879.16,395.541,19.777,749.973,1231.34,0,0,0,31.4218,150.88,1267.66,1313.86,0.192592,0.382689,7.56109,0.0402236,0.00622228,0.422108,0.372579,0.417168,0.0961301,1.41806,0.375655,0.338577,0.0174412,0.54017,0.411108,0.052,0.414428,1.47055,7,14.4,0.00767111,18.3032
213500,9821.94,0.599484,33.046,33.062,0.0201278,4877.3,2874.79,393.038,19.6519,754.761,1229.17,0,0,0,31.5019,151.069,1270.35,1315.22,0.192485,0.382407,7.56209,0.0400159,0.00621831,0.423251,0.372188,0.417477,0.0961996,1.41871,0.374321,0.337343,0.0172846,0.54045,0.411133,0.036,0.410385,1.47053,6.8,13.8,0.007439,18.3413
214000,9815.7,0.599103,33.004,32.992,0.0190865,4875.38,2875.93,391.257,19.5628,752.36,1226.9,0,0,0,31.4485,150.927,1273.23,1319,0.192876,0.383237,7.56443,0.0398603,0.00623961,0.423742,0.373943,0.417972,0.0974989,1.41896,0.378733,0.342114,0.0171539,0.540706,0.412635,0.056,0.416228,1.47028,6.2,11,0.00591154,18.4185
214500,9814.36,0.599021,32.976,33.018,0.0202188,4874.95,2877.18,394.383,19.7192,750.601,1229.08,0,0,0,31.3988,150.802,1276.41,1322.62,0.193285,0.384047,7.56362,0.040184,0.00623728,0.423721,0.373452,0.417236,0.097898,1.41911,0.366989,0.331335,0.0168817,0.539396,0.411024,0.046,0.406372,1.46039,6.2,12,0.00643811,18.3696
215000,9816.38,0.599144,33.106,33.098,0.0217605,4876.01,2876.88,391.053,19.5527,750.302,1230.6,0,0,0,31.4507,150.94,1279.4,1326.82,0.1931,0.383708,7.56279,0.0398368,0.00623676,0.424911,0.374707,0.417321,0.0976229,1.41913,0.373291,0.336069,0.0173313,0.539284,0.409792,0.044,0.407934,1.47095,6.8,15.2,0.00818927,18.3128
215500,9820.12,0.599373,33.022,32.992,0.0196262,4876.18,2876.52,388.349,19.4174,748.997,1230.08,0,0,0,31.4943,151.079,1282.43,1330.58,0.193016,0.383467,7.56164,0.0395462,0.00624026,0.425451,0.37566,0.417282,0.0975937,1.41895,0.370574,0.334375,0.0171559,0.539472,0.409972,0.066,0.406875,1.46035,6,9.8,0.00519055,18.2866
216000,9825.92,0.599727,32.964,32.93,0.0192837,4877.59,2878.24,383.128,19.1564,750.395,1229.7,0,0,0,31.4481,150.844,1285.51,1333.94,0.192969,0.383521,7.56397,0.0389915,0.00623852,0.426562,0.375874,0.417415,0.0977265,1.41848,0.369583,0.334086,0.0169124,0.538545,0.410331,0.064,0.410054,1.46368,6.4,13.2,0.00712681,18.33
216500,9820.5,0.599396,33.122,33.136,0.0206085,4877.63,2876.63,385.497,19.2749,751.125,1229.43,0,0,0,31.515,150.896,1288.79,1335.76,0.19281,0.383273,7.56617,0.0392551,0.00624864,0.427405,0.376042,0.417221,0.098026,1.41893,0.37209,0.337207,0.0169837,0.536332,0.407663,0.062,0.407586,1.4648,7.2,15,0.00808474,18.3216
217000,9833.1,0.600165,33.056,33.034,0.0191067,4881.04,2882.24,388.116,19.4058,751.117,1231.63,0,0,0,31.5394,151.074,1291.8,1336.66,0.193161,0.383978,7.56091,0.0394698,0.0062386,0.427677,0.37628,0.417036,0.0977681,1.41803,0.375003,0.337783,0.017096,0.534915,0.406817,0.048,0.411379,1.47206,7,16.4,0.00884851,18.3462
217500,9831.02,0.600038,33.106,33.116,0.0216648,4880.43,2879.98,392.989,19.6494,752.289,1226.27,0,0,0,31.5052,150.565,1294.61,1339.88,0.192972,0.383618,7.55533,0.0399744,0.00622408,0.428885,0.375835,0.417097,0.0966814,1.41824,0.379249,0.340765,0.0174562,0.533573,0.406468,0.044,0.41353,1.48102,7.4,16.8,0.00905487,18.3253
218000,9838.32,0.600483,33.012,33.008,0.0202544,4882.52,2879.74,388.038,19.4019,753.702,1226.61,0,0,0,31.5422,150.881,1297.36,1343.82,0.192688,0.38315,7.55585,0.0394417,0.00620541,0.430219,0.374989,0.417959,0.0956149,1.41778,0.368514,0.332787,0.0166765,0.532528,0.406931,0.048,0.403531,1.45947,6.6,13,0.00693429,18.2607
218500,9845.6,0.600928,33.062,33.058,0.0195459,4884.94,2882.94,389.178,19.4589,752.531,1225.55,0,0,0,31.5238,150.934,1300.28,1346.92,0.192769,0.383294,7.55843,0.0395282,0.00620951,0.431778,0.37506,0.418431,0.0957885,1.41733,0.370987,0.334898,0.0171034,0.531621,0.40802,0.068,0.417771,1.4627,6.4,13.8,0.00733561,18.2329
219000,9843.76,0.600815,33.162,33.152,0.0210189,4883.98,2885.79,394.647,19.7324,749.264,1235.57,0,0,0,31.4577,150.924,1303.4,1350.68,0.193408,0.384503,7.55397,0.0400914,0.00621058,0.432483,0.375863,0.418665,0.0960886,1.41735,0.374648,0.336604,0.0171294,0.531012,0.408859,0.046,0.412656,1.47382,6.4,15.2,0.00814722,18.2665
219500,9834.08,0.600225,33.124,33.112,0.018929,4881.44,2883.28,385.277,19.2638,749.928,1229.12,0,0,0,31.4868,150.797,1306.13,1355.18,0.19344,0.384546,7.55529,0.039178,0.00621392,0.433654,0.376299,0.418953,0.0954099,1.41814,0.376295,0.339818,0.0169317,0.532221,0.411048,0.052,0.412286,1.46693,6.4,12.2,0.00658609,18.3061
220000,9840.66,0.600626,33.2,33.222,0.0202434,4883.06,2887.08,384.768,19.2384,748.813,1232.13,0,0,0,31.4699,151.026,1309.01,1359.56,0.193758,0.385195,7.55851,0.0391004,0.00623084,0.434202,0.376635,0.41961,0.0973087,1.41768,0.368641,0.333057,0.0167031,0.531744,0.41149,0.032,0.406957,1.46108,7,13.6,0.00745802,16.2711
220500,9826.98,0.599791,32.974,33.004,0.0193728,4878.56,2885.16,375.919,18.796,742.708,1230.51,0,0,0,31.4912,150.682,1312.14,1364.4,0.193941,0.385642,7.5664,0.0382538,0.00625408,0.434518,0.377165,0.419979,0.0983522,1.41838,0.376809,0.340166,0.0169238,0.529327,0.409887,0.072,0.411729,1.47183,6.8,14.6,0.00781215,17.8872
221000,9823,0.599548,33.102,33.15,0.0209374,4877.35,2884.52,368.127,18.4064,746.337,1231.79,0,0,0,31.4627,150.878,1315.71,1365.66,0.194065,0.385946,7.56892,0.0374756,0.00627238,0.43489,0.377167,0.420243,0.099248,1.41884,0.376049,0.340624,0.0165954,0.52787,0.408281,0.038,0.409118,1.46291,6,11.4,0.00610986,20.4708
221500,9801.26,0.598221,32.864,32.888,0.0200122,4872.53,2881.41,369.311,18.4656,744.737,1222.96,0,0,0,31.5505,150.828,1319.18,1369.82,0.19458,0.387004,7.57169,0.03768,0.00627591,0.435539,0.377352,0.420109,0.100084,1.42039,0.367022,0.333012,0.0163512,0.526714,0.40775,0.054,0.406818,1.45214,6,10.2,0.00536417,18.9561
222000,9818.02,0.599244,33.1,33.052,0.0204725,4876.6,2888.48,365.656,18.2828,737.242,1232.28,0,0,0,31.4682,150.662,1322.31,1373.62,0.194959,0.387765,7.56912,0.0372431,0.00627248,0.435938,0.377357,0.420279,0.0999945,1.41917,0.374944,0.337992,0.0167264,0.526569,0.41003,0.048,0.407277,1.47106,6,12.8,0.00676087,18.3302
222500,9832.48,0.600127,32.986,32.916,0.0217582,4880.79,2894.52,357.395,17.8698,742.395,1220.22,0,0,0,31.4864,150.843,1325.51,1376.22,0.195164,0.388197,7.57197,0.0363488,0.00626851,0.436893,0.374778,0.420474,0.0999282,1.41819,0.372102,0.334963,0.0163118,0.525418,0.410208,0.056,0.40942,1.47084,6.2,17.4,0.00915283,18.2779
223000,9814.16,0.599009,33.028,33.116,0.0198702,4875.69,2887.1,357.805,17.8902,745.214,1230.11,0,0,0,31.5441,151.014,1328.58,1379.08,0.194833,0.387626,7.57022,0.0364579,0.00627997,0.437927,0.372362,0.420368,0.100437,1.41937,0.371456,0.335735,0.0163027,0.524427,0.409913,0.08,0.408201,1.47044,7.4,13.2,0.00725237,18.3061
223500,9800.58,0.59818,32.966,33.026,0.0203748,4872.24,2883.38,352.027,17.6013,745.619,1227.67,0,0,0,31.5202,150.797,1331.65,1381.64,0.194861,0.387681,7.56926,0.0359188,0.00627933,0.438295,0.370066,0.420499,0.100583,1.42008,0.368755,0.334312,0.0163195,0.523501,0.4083,0.048,0.404768,1.45257,6.8,10.6,0.00577776,18.2505
224000,9792.36,0.597678,33.004,32.974,0.0211473,4869.24,2880.92,348.55,17.4275,744.458,1227.74,0,0,0,31.5464,150.995,1335.02,1384.4,0.195039,0.387996,7.56641,0.0355941,0.00627288,0.439283,0.369849,0.421219,0.100275,1.42076,0.368292,0.334449,0.0161062,0.523129,0.409106,0.042,0.407648,1.4536,7,11.2,0.00624829,18.3078
224500,9799.82,0.598134,32.906,32.924,0.0208226,4871.4,2884.57,345.942,17.2971,743.08,1223.98,0,0,0,31.5429,150.773,1338.03,1383.66,0.195406,0.388743,7.56398,0.0353006,0.0062567,0.439902,0.368611,0.422027,0.09898,1.42052,0.364282,0.329069,0.016039,0.522883,0.409361,0.046,0.399943,1.45195,6.6,8,0.00430784,18.3244
225000,9797.34,0.597982,33.042,32.976,0.020177,4870.59,2884.01,349.97,17.4985,743.239,1227.82,0,0,0,31.5522,150.777,1341.12,1386.66,0.195431,0.388924,7.55913,0.0357206,0.0062595,0.440431,0.3688,0.422518,0.0993334,1.42052,0.370619,0.33407,0.0161726,0.522124,0.408652,0.056,0.406643,1.46818,6.6,15,0.00814552,18.3282
225500,9809.58,0.598729,32.898,33,0.0207779,4874.27,2889.28,349.83,17.4915,743.094,1223.99,0,0,0,31.5596,150.814,1344.11,1392.18,0.195599,0.389101,7.55991,0.0356622,0.00625771,0.440832,0.370706,0.423098,0.0998742,1.41948,0.367889,0.330546,0.0162237,0.522454,0.409959,0.04,0.405431,1.4642,7,14.8,0.00810958,18.224
226000,9810.94,0.598812,33.018,32.908,0.0203066,4874.51,2889,351.874,17.5937,744.303,1220.11,0,0,0,31.4929,150.831,1347,1394.3,0.195525,0.388889,7.56017,0.0358654,0.00626441,0.441469,0.371071,0.423384,0.100838,1.4197,0.372854,0.336867,0.016194,0.523327,0.411625,0.044,0.410655,1.46289,6.2,13,0.00679059,18.2506
226500,9819.34,0.599325,33,33.052,0.0214744,4876.6,2892.65,350.71,17.5355,739.943,1225.41,0,0,0,31.4832,150.65,1350.12,1397.82,0.195662,0.389286,7.55934,0.035716,0.00626569,0.44252,0.372236,0.423882,0.101082,1.41894,0.37618,0.338919,0.016559,0.523045,0.415149,0.07,0.416853,1.47443,6.4,14.4,0.00773957,18.2832
227000,9807.1,0.598578,33.122,33.118,0.0218554,4873.94,2890.92,347.377,17.3689,741.756,1229.6,0,0,0,31.4783,150.767,1352.78,1399.48,0.195883,0.389634,7.55968,0.0354211,0.00627675,0.442921,0.375061,0.424556,0.101908,1.4198,0.383339,0.344034,0.0167831,0.52357,0.417864,0.066,0.418095,1.48587,6.2,15.8,0.00850176,18.3388
227500,9803.5,0.598358,32.988,32.994,0.0192936,4872.89,2892.21,346.372,17.3186,739.613,1225.92,0,0,0,31.5045,151.198,1355.76,1402,0.19618,0.390119,7.56155,0.0353314,0.00628384,0.443138,0.373946,0.424123,0.102379,1.42,0.383806,0.345108,0.0167435,0.522641,0.417554,0.04,0.420471,1.4828,6.8,15.4,0.00832703,18.3121
228000,9808.9,0.598688,32.872,32.858,0.0205166,4874.95,2893.3,344.217,17.2109,737.66,1220.15,0,0,0,31.5288,150.921,1359.24,1404.98,0.196094,0.389945,7.56045,0.0350921,0.0062911,0.443782,0.374411,0.424079,0.102507,1.41982,0.387445,0.349429,0.0168869,0.522111,0.416666,0.072,0.420969,1.48478,6.6,12.6,0.00672486,18.3257
228500,9824.62,0.599647,33.12,33.102,0.0189725,4878.72,2895.91,343.954,17.1977,732.027,1235.58,0,0,0,31.5274,150.771,1362.51,1408.22,0.195955,0.389626,7.55525,0.0350094,0.00628654,0.444192,0.374534,0.423884,0.101928,1.41885,0.382328,0.343227,0.0168232,0.521615,0.416481,0.052,0.417744,1.48146,6.2,12.2,0.00665917,18.3617
229000,9841.96,0.600706,33.102,33.026,0.0219043,4883.39,2900.27,339.421,16.9711,738.625,1226.91,0,0,0,31.5584,150.957,1365.69,1411.18,0.195788,0.389449,7.55842,0.0344871,0.00628971,0.444877,0.374961,0.423564,0.101415,1.41781,0.385306,0.345313,0.0166352,0.520355,0.416267,0.058,0.415956,1.49497,8.2,18.4,0.0103859,18.3014
229500,9833.14,0.600167,32.998,33.06,0.0190938,4882,2899.1,342.528,17.1264,736.438,1228.5,0,0,0,31.539,151.058,1368.75,1413.44,0.196078,0.390034,7.55529,0.0348339,0.00629611,0.445506,0.373915,0.422905,0.102387,1.41847,0.374522,0.336527,0.0163712,0.520002,0.414419,0.062,0.410441,1.4775,6.8,15.4,0.00848288,18.3459
230000,9834.1,0.600226,33.074,33.022,0.0204964,4881.53,2899.89,340.515,17.0258,737.585,1227.4,0,0,0,31.4949,151.059,1371.58,1415.7,0.196187,0.390346,7.55512,0.0346254,0.00629859,0.445678,0.374202,0.423134,0.102463,1.4183,0.377769,0.339766,0.0164249,0.519618,0.413851,0.054,0.409953,1.47527,6.6,14.4,0.00768945,18.3574
230500,9835.94,0.600338,33.016,33.038,0.0207843,4882.5,2900.27,339.135,16.9568,740.333,1225.96,0,0,0,31.5142,151.001,1374.52,1419.46,0.196145,0.390266,7.55659,0.0344799,0.00630318,0.446262,0.374066,0.423844,0.102012,1.41827,0.374611,0.338418,0.0160897,0.519643,0.413548,0.038,0.416663,1.46426,5.8,11,0.00573536,18.3589
231000,9830.26,0.599991,32.998,32.982,0.0209052,4880.4,2897.42,340.699,17.0349,735.69,1226.63,0,0,0,31.4875,150.841,1377.49,1423.32,0.195885,0.389731,7.55511,0.034658,0.00631258,0.447241,0.37352,0.42464,0.103037,1.41838,0.380803,0.342712,0.0163951,0.520158,0.414599,0.056,0.413446,1.47866,6.2,16,0.00834406,18.3514
231500,9827.4,0.599817,33.212,33.206,0.0212965,4879.33,2893.56,341.425,17.0713,740.816,1230.94,0,0,0,31.56,150.957,1380.26,1426.72,0.195405,0.388759,7.5565,0.0347419,0.00630411,0.4475,0.373205,0.424973,0.102748,1.41859,0.380311,0.343706,0.0165808,0.520901,0.416563,0.064,0.417072,1.47269,6.6,13.4,0.00718545,18.4215
232000,9853.96,0.601438,33.108,33.064,0.0216845,4886.48,2898.77,341.958,17.0979,739.676,1229.39,0,0,0,31.5459,150.937,1383.2,1429.84,0.194895,0.387753,7.55607,0.0347023,0.00631021,0.448479,0.373748,0.425038,0.103079,1.4168,0.388661,0.347953,0.0167679,0.520586,0.419887,0.042,0.418089,1.49623,6.8,17.6,0.00929703,18.3963
232500,9842.46,0.600736,33.166,33.214,0.0212679,4883.23,2895.98,338.34,16.917,736.573,1235.77,0,0,0,31.5322,150.648,1386.02,1434.32,0.195114,0.388188,7.55664,0.0343756,0.00631448,0.448918,0.373724,0.424613,0.103137,1.41768,0.380518,0.341889,0.0165399,0.520637,0.42036,0.044,0.411776,1.4805,6.6,14.6,0.00789004,18.3296
233000,9844.42,0.600856,33.134,33.072,0.0209182,4884.07,2894.35,334.85,16.7425,736.857,1235.12,0,0,0,31.5882,150.857,1389.21,1439,0.194676,0.38727,7.55657,0.0340144,0.00633281,0.448943,0.376414,0.423813,0.103807,1.4176,0.386339,0.346539,0.0167707,0.52016,0.421089,0.05,0.418665,1.49494,7.6,17.4,0.00965018,18.2527
233500,9863.4,0.602014,32.972,32.978,0.0200436,4889.38,2899.33,336.22,16.811,742.176,1225.01,0,0,0,31.5963,150.917,1392.39,1441.9,0.194569,0.387087,7.5581,0.0340874,0.00634345,0.448768,0.379563,0.423178,0.103878,1.41629,0.380687,0.342677,0.0162206,0.518688,0.422241,0.066,0.416406,1.48266,7.4,16.4,0.00890274,18.2825
234000,9850.66,0.601237,33.256,33.306,0.0204052,4885.64,2898.49,341.02,17.051,738.164,1235.5,0,0,0,31.5595,150.7,1395.02,1446.06,0.195033,0.388132,7.55492,0.0346188,0.00632676,0.449733,0.379993,0.422839,0.102577,1.417,0.388052,0.349816,0.0168263,0.518512,0.423289,0.064,0.425131,1.48442,6.6,12.2,0.00651598,18.2097
234500,9862.44,0.601956,33.21,33.19,0.0213735,4888.92,2901.8,331.918,16.5959,739.87,1231.57,0,0,0,31.5467,150.644,1397.7,1448.34,0.1951,0.388317,7.55611,0.0336547,0.00633301,0.450166,0.382595,0.422241,0.102744,1.41642,0.380628,0.342604,0.0163079,0.518105,0.423106,0.046,0.418587,1.48071,6.8,17.4,0.00937116,18.3143
235000,9833.16,0.600168,33.196,33.224,0.0214384,4881.08,2894.06,332.071,16.6036,741.81,1236,0,0,0,31.6386,151.076,1400.8,1451.74,0.195145,0.388405,7.55617,0.0337709,0.00633757,0.450249,0.384293,0.421714,0.103019,1.41832,0.389408,0.350155,0.0164949,0.517664,0.422179,0.062,0.425494,1.48919,6.6,11.8,0.0063123,18.3352
235500,9835.28,0.600298,32.918,32.9,0.0225387,4882.08,2893,333.393,16.6697,741.387,1222.81,0,0,0,31.5993,150.818,1403.35,1455.32,0.194887,0.3879,7.55471,0.0338985,0.00633866,0.450183,0.384938,0.421468,0.102098,1.41827,0.39095,0.350961,0.0165273,0.518623,0.421511,0.066,0.42355,1.49672,7,15.4,0.00854163,18.225
236000,9837.38,0.600426,33.104,33.136,0.0203466,4882.24,2890.35,340.548,17.0274,747.275,1225.85,0,0,0,31.6141,150.834,1406.21,1459.96,0.194354,0.386934,7.55282,0.0346177,0.00634,0.451226,0.384793,0.420621,0.101732,1.41801,0.388214,0.34909,0.0166438,0.519435,0.419858,0.056,0.421938,1.49465,7.8,15.2,0.00833427,18.2297
236500,9831.34,0.600057,33.172,33.154,0.0207445,4880.98,2885.61,338.679,16.9339,751.704,1231.1,0,0,0,31.6333,150.887,1408.99,1463.58,0.194075,0.386442,7.54938,0.034449,0.00632878,0.452784,0.384907,0.420831,0.10041,1.41867,0.375974,0.338574,0.0161578,0.51895,0.419393,0.064,0.413967,1.4715,6.8,11.8,0.00640697,18.1964
237000,9865.38,0.602135,33.106,33.044,0.0220766,4890.02,2896.16,339.488,16.9744,744.998,1226.43,0,0,0,31.5993,150.811,1411.73,1466.22,0.194035,0.386302,7.55092,0.0344123,0.00632348,0.452596,0.385631,0.421414,0.0987771,1.41618,0.380519,0.342886,0.0162521,0.518513,0.419131,0.066,0.415781,1.47805,7.6,13,0.0071546,18.2645
237500,9838.12,0.600471,33.238,33.25,0.0212068,4882.72,2887.75,341.876,17.0938,746.503,1235.75,0,0,0,31.5947,150.788,1414.36,1466,0.193956,0.386065,7.54531,0.0347505,0.00630247,0.453243,0.384675,0.422415,0.0974517,1.41803,0.395335,0.35425,0.016978,0.519429,0.419906,0.046,0.426451,1.50207,6.6,16.4,0.00880392,18.2658
238000,9860.62,0.601844,33.144,33.198,0.0230496,4889.84,2893.51,346.464,17.3232,743.888,1231.6,0,0,0,31.5656,150.563,1417.16,1466.92,0.193776,0.385591,7.54406,0.0351363,0.00629986,0.454202,0.385751,0.422803,0.0967948,1.41653,0.388407,0.348603,0.0168642,0.520821,0.421503,0.064,0.420088,1.48995,6.2,16.8,0.00886159,18.273
238500,9850.02,0.601198,33.27,33.272,0.0196055,4886.85,2887.92,351.877,17.5939,749.491,1238.86,0,0,0,31.6015,150.937,1420.21,1470.38,0.193548,0.385034,7.54248,0.0357236,0.00629911,0.454567,0.386301,0.422216,0.0959637,1.41763,0.385451,0.345316,0.0169051,0.520708,0.41959,0.06,0.417016,1.49227,7,17.4,0.00930294,18.0829
239000,9840.6,0.600623,33.078,33.04,0.0197434,4883.7,2886.09,356.178,17.8089,750.469,1226.47,0,0,0,31.6217,150.731,1423.34,1472.64,0.193674,0.385347,7.54288,0.0361949,0.00630682,0.453376,0.385542,0.421264,0.0952844,1.41803,0.386855,0.347518,0.0168422,0.520333,0.418647,0.036,0.422037,1.48531,6.6,12.8,0.00701264,18.2113
239500,9862.14,0.601937,33.052,32.988,0.0221782,4889.15,2890.81,349.08,17.454,749.66,1225.1,0,0,0,31.5576,150.827,1426.59,1475.72,0.193491,0.385179,7.54023,0.0353965,0.00629576,0.453544,0.384887,0.421356,0.095358,1.41639,0.377843,0.341435,0.0162798,0.518227,0.417471,0.05,0.41095,1.47222,6.2,13.6,0.0071799,18.3348
240000,9857.74,0.601669,33.232,33.304,0.0205818,4888.53,2888.93,348.378,17.4189,748.562,1237.33,0,0,0,31.5871,150.685,1429.67,1479.68,0.193268,0.384901,7.54245,0.0353407,0.00629299,0.453884,0.383834,0.421079,0.0952519,1.41668,0.382982,0.344841,0.0168292,0.518812,0.418189,0.062,0.418846,1.48382,6.8,14.6,0.00790879,16.2686
240500,9857.84,0.601675,33.192,33.17,0.0199291,4887.89,2887.3,348.735,17.4368,753.834,1231.71,0,0,0,31.6214,150.935,1432.78,1483.74,0.193086,0.384694,7.5476,0.0353763,0.0062935,0.453881,0.384615,0.421795,0.0961128,1.41682,0.375418,0.339347,0.0162441,0.519398,0.418822,0.068,0.41338,1.46668,6.2,11.2,0.00590658,17.4985
241000,9858.84,0.601736,33.248,33.292,0.0240483,4888.67,2885.73,342.656,17.1328,750.744,1232.94,0,0,0,31.6137,150.446,1435.97,1487.86,0.192652,0.383928,7.54723,0.034756,0.00630002,0.454291,0.384699,0.421559,0.0961015,1.41658,0.377054,0.339638,0.0162265,0.519387,0.418721,0.058,0.415287,1.47246,7.2,12.6,0.00689425,20.3199
241500,9863.7,0.602032,33.156,33.132,0.0202639,4890.18,2888.28,343.356,17.1678,749.983,1233.72,0,0,0,31.6795,150.946,1439,1491.94,0.192779,0.384211,7.54851,0.0348102,0.00631144,0.455384,0.383163,0.421275,0.097306,1.41651,0.389549,0.348106,0.016873,0.519456,0.418146,0.06,0.421759,1.50098,7.6,18.2,0.0098895,18.8995
242000,9860.28,0.601824,33.112,33.184,0.0207264,4888.89,2890.28,342.705,17.1353,752.135,1230.98,0,0,0,31.64,151.054,1442.1,1495.1,0.193237,0.385092,7.55017,0.0347562,0.00633613,0.456748,0.383349,0.420874,0.0992028,1.41657,0.386545,0.346168,0.0169082,0.520035,0.41934,0.062,0.423936,1.49271,6.6,18.2,0.00975991,18.2924
242500,9853.66,0.60142,33.124,33.098,0.0196186,4887.77,2887.51,339.383,16.9692,749.085,1232.33,0,0,0,31.6664,150.877,1444.75,1497.86,0.193218,0.385073,7.54098,0.0344422,0.00634707,0.457264,0.384072,0.420768,0.0983228,1.41701,0.385135,0.344589,0.0165755,0.520695,0.419495,0.046,0.416576,1.49649,7.6,18.2,0.0101496,18.3166
243000,9853.94,0.601437,33.202,33.188,0.0204554,4887.19,2888.37,345.878,17.2939,748.36,1235.91,0,0,0,31.6078,150.621,1447.75,1500.78,0.193494,0.385574,7.53783,0.0351002,0.00635893,0.456978,0.383766,0.421171,0.0982314,1.41724,0.389496,0.349558,0.0169976,0.522305,0.419839,0.054,0.422744,1.49561,6.8,14.8,0.00802723,18.2789
243500,9842.94,0.600765,33.18,33.15,0.0209977,4884.84,2886.7,344.34,17.217,748.344,1233.12,0,0,0,31.6557,150.939,1450.44,1503.36,0.193649,0.385625,7.54119,0.0349834,0.00635637,0.457,0.383605,0.420857,0.097577,1.41796,0.387632,0.347662,0.0167164,0.523239,0.419706,0.054,0.415255,1.49384,6.8,15.2,0.0083385,18.2455
244000,9872.2,0.602551,33.054,33.056,0.0223805,4891.59,2894.7,346.124,17.3062,744.931,1225.32,0,0,0,31.6413,150.591,1453.13,1506.54,0.19356,0.385337,7.54413,0.0350605,0.00636104,0.458146,0.384169,0.419899,0.097236,1.41592,0.391066,0.351188,0.0169013,0.524148,0.419403,0.064,0.428419,1.49886,6.8,15.4,0.00834384,18.2879
244500,9853.14,0.601388,33.268,33.276,0.0208497,4886.97,2891.45,349.699,17.4849,748.832,1234.89,0,0,0,31.6851,150.889,1455.82,1509.3,0.193937,0.386023,7.5459,0.0354913,0.00636354,0.458674,0.384621,0.419746,0.0984991,1.41696,0.37816,0.340007,0.0166253,0.526356,0.418239,0.058,0.411392,1.47881,7,17.4,0.00935785,18.2806
245000,9850.38,0.601219,33.154,33.218,0.0215047,4886.46,2892.21,352.864,17.6432,747.09,1233.83,0,0,0,31.6303,150.971,1458.42,1511.36,0.194149,0.386399,7.54493,0.0358226,0.0063519,0.458599,0.383011,0.418974,0.0991613,1.41724,0.386772,0.345456,0.0169574,0.52879,0.420385,0.05,0.42345,1.49938,6.8,18.4,0.00996973,18.3299
245500,9864.24,0.602065,33.006,32.936,0.0204885,4890,2893.93,351.244,17.5622,751.495,1222.5,0,0,0,31.62,150.908,1461.57,1516.1,0.193781,0.385632,7.544,0.0356083,0.00633812,0.458863,0.383726,0.418864,0.098528,1.41633,0.388347,0.348398,0.0168896,0.528739,0.422183,0.058,0.422012,1.49205,6.4,14.6,0.00781872,18.3659
246000,9861.6,0.601904,33.264,33.25,0.0190984,4889.58,2888.45,356.865,17.8432,752.151,1233.26,0,0,0,31.6014,150.985,1464.37,1519.32,0.193012,0.38427,7.54204,0.0361875,0.00635065,0.458355,0.382288,0.418154,0.0994356,1.41655,0.387354,0.346401,0.0170825,0.529424,0.421414,0.066,0.418758,1.49079,6.4,16,0.00861557,18.2792
246500,9844.22,0.600844,33.104,33.136,0.0221487,4884.27,2882.62,366.816,18.3408,756.535,1227.79,0,0,0,31.6629,151.043,1467.32,1522.52,0.193039,0.384305,7.53711,0.037262,0.00636187,0.457875,0.384062,0.417625,0.100373,1.4177,0.388177,0.348464,0.0171922,0.530997,0.422278,0.062,0.423951,1.49111,7,13.8,0.00741681,18.3191
247000,9857.14,0.601632,33.106,33.062,0.0194391,4889.4,2889.88,369.319,18.4659,749.8,1227.05,0,0,0,31.6383,150.777,1470.52,1526.14,0.193562,0.385369,7.53264,0.0374672,0.00635087,0.458365,0.386958,0.417473,0.0987728,1.41698,0.392728,0.351841,0.0174826,0.532887,0.425918,0.038,0.427409,1.50446,7.4,18,0.00983881,18.3379
247500,9869.72,0.6024,33.394,33.376,0.0216601,4892.02,2892.9,375.816,18.7908,749.146,1236.6,0,0,0,31.5989,150.746,1473.65,1529.66,0.193562,0.385305,7.52613,0.0380774,0.00634349,0.459388,0.387582,0.417909,0.0986235,1.41622,0.396417,0.355661,0.0176664,0.534066,0.428389,0.064,0.4321,1.49958,6,14.2,0.00753686,18.3374
248000,9878.46,0.602933,33.06,33.032,0.0202816,4894.24,2895.64,367.987,18.3994,750.645,1225.62,0,0,0,31.6003,150.981,1476.6,1532,0.193522,0.385051,7.53026,0.0372518,0.00631049,0.459953,0.386175,0.418309,0.0975413,1.41553,0.395238,0.354825,0.0175821,0.534733,0.42975,0.058,0.429781,1.50262,7.2,15.4,0.00838532,18.323
248500,9875.02,0.602723,33.336,33.34,0.021287,4892.87,2897.5,363.368,18.1684,742.602,1232.68,0,0,0,31.5445,150.6,1479.38,1534.58,0.193978,0.385819,7.53067,0.0367968,0.00628926,0.460034,0.384715,0.418013,0.0974695,1.41573,0.399706,0.357872,0.0174799,0.535527,0.429615,0.054,0.433791,1.51024,6.4,19.2,0.0102333,18.2943
249000,9869.9,0.602411,33.19,33.2,0.0200541,4892.12,2895.03,358.51,17.9255,752.699,1231.65,0,0,0,31.6667,151.057,1482.42,1537.04,0.193874,0.385517,7.52986,0.0363231,0.00627482,0.460527,0.386909,0.418263,0.0981372,1.4163,0.395072,0.354052,0.017289,0.534855,0.430954,0.078,0.428059,1.50461,6.8,19.6,0.0106411,18.1861
249500,9885.44,0.603359,33.28,33.234,0.0236325,4895.72,2899.32,361.025,18.0513,743.649,1229.05,0,0,0,31.5681,150.54,1485.18,1539.06,0.193979,0.385744,7.52445,0.0365208,0.00623931,0.460582,0.387794,0.418272,0.095966,1.41513,0.391545,0.351195,0.017365,0.534181,0.431958,0.052,0.430117,1.49579,8,14.8,0.00817569,18.209
250000,9887.48,0.603484,33.268,33.33,0.0210854,4895.77,2899.69,359.868,17.9934,748.098,1231.67,0,0,0,31.56,150.692,1488.29,1541.76,0.193943,0.38568,7.52176,0.0363963,0.00624671,0.462019,0.388035,0.418548,0.0956676,1.41492,0.398353,0.35579,0.0175313,0.53362,0.432784,0.054,0.4304,1.51178,7.2,17.6,0.00961171,18.2766
250500,9876.78,0.602831,33.296,33.32,0.0212037,4893.1,2898.01,355.987,17.7994,747.311,1232.16,0,0,0,31.5928,150.793,1491.73,1545.72,0.19417,0.386247,7.51581,0.0360425,0.0062479,0.463347,0.387796,0.418441,0.0956466,1.41536,0.399635,0.357134,0.0172667,0.533998,0.434088,0.062,0.434783,1.511,7,18.8,0.00998955,18.3878
251000,9873.12,0.602607,33.1,33.082,0.0201883,4892.78,2897.67,355.007,17.7503,748.493,1227.05,0,0,0,31.6654,150.929,1494.67,1549.48,0.194285,0.386563,7.51554,0.0359566,0.00625203,0.464765,0.387388,0.418495,0.0954239,1.41588,0.403927,0.36018,0.0173003,0.53356,0.435383,0.052,0.435531,1.51946,7.6,15.8,0.00859211,18.371
251500,9860.7,0.601849,33.076,33.104,0.01959,4889.36,2895.14,353.909,17.6955,749.499,1228.05,0,0,0,31.6346,151.167,1497.71,1553.22,0.194444,0.386853,7.51857,0.0358908,0.0062725,0.464911,0.389505,0.417987,0.0962261,1.41665,0.398699,0.357025,0.0171769,0.53302,0.436749,0.056,0.429253,1.50496,6.4,17.2,0.00915281,18.296
252000,9851.16,0.601267,33.22,33.18,0.0199828,4885.97,2891.46,356.463,17.8232,749.639,1228.62,0,0,0,31.6237,150.903,1500.88,1556.18,0.194351,0.386792,7.51883,0.0361848,0.00627964,0.464891,0.390632,0.417656,0.096652,1.41714,0.397914,0.357844,0.0172438,0.533742,0.436804,0.046,0.435692,1.50121,6.8,14.6,0.00781252,18.3561
252500,9862.46,0.601957,33.096,33.168,0.0208813,4888.62,2897.68,351.019,17.5509,747.061,1226.22,0,0,0,31.6298,150.954,1503.94,1557.98,0.194832,0.387775,7.518,0.0355916,0.00625746,0.466354,0.391361,0.419084,0.0956815,1.41634,0.399262,0.358965,0.0171926,0.533003,0.43815,0.05,0.437808,1.50535,7.2,15.2,0.00818935,18.321
253000,9843.08,0.600774,33.156,33.188,0.0222997,4884.27,2895.48,354.102,17.7051,743.894,1228.78,0,0,0,31.7013,150.912,1507.22,1561.26,0.195324,0.388652,7.52057,0.0359746,0.00626346,0.467158,0.392004,0.419121,0.0953273,1.41762,0.399067,0.357328,0.0173945,0.531532,0.43913,0.072,0.438652,1.50923,7.6,16.2,0.00895965,18.3091
253500,9835.22,0.600294,32.856,32.81,0.0193372,4881.98,2894.78,350.997,17.5499,741.402,1221.04,0,0,0,31.7201,151.232,1510.39,1564.06,0.195578,0.389103,7.52188,0.0356873,0.00626038,0.468129,0.392155,0.419332,0.0956708,1.41815,0.396904,0.354919,0.0170255,0.530941,0.439774,0.06,0.436127,1.50042,6.4,14.4,0.00773634,18.2265
254000,9839.88,0.600579,33.248,33.224,0.0204228,4883.25,2896.38,355.298,17.7649,742.355,1231.31,0,0,0,31.6313,150.684,1513.42,1567.2,0.195636,0.389142,7.51979,0.0361081,0.00625853,0.469587,0.393138,0.419841,0.0951693,1.41787,0.403169,0.361912,0.0173931,0.531211,0.440751,0.054,0.439212,1.51444,6.6,18,0.00969306,18.1713
254500,9849.66,0.601176,33.11,33.15,0.0220712,4885.33,2901.88,358.451,17.9226,741.931,1224.95,0,0,0,31.5921,150.816,1516.22,1569.72,0.1961,0.389959,7.51725,0.0363924,0.00622518,0.470995,0.390046,0.42017,0.0939626,1.41698,0.39857,0.355955,0.0172882,0.532787,0.442067,0.068,0.436153,1.50811,6.8,16,0.00863372,18.2982
255000,9857.64,0.601663,33.202,33.146,0.0199013,4887.71,2903.16,360.176,18.0088,736.99,1225.5,0,0,0,31.5671,150.665,1519.17,1572.56,0.196001,0.389744,7.51184,0.0365376,0.00621842,0.471629,0.389363,0.419823,0.093857,1.41676,0.410872,0.366776,0.0177987,0.532989,0.442094,0.06,0.450236,1.52948,7.4,18.4,0.00989824,18.2895
255500,9841.54,0.60068,33.104,33.11,0.0202827,4883.9,2901.92,362.753,18.1377,740.165,1226.34,0,0,0,31.6438,150.918,1522.28,1576.38,0.196544,0.390674,7.511,0.0368591,0.00621178,0.472825,0.391364,0.420008,0.0932523,1.41774,0.410107,0.365376,0.0180207,0.532057,0.442691,0.058,0.444268,1.53133,7.2,19,0.0103448,18.2487
256000,9851.32,0.601277,33.12,33.172,0.0216384,4886.62,2903.01,364.748,18.2374,741.717,1227.32,0,0,0,31.6031,151.148,1525.27,1579.3,0.196282,0.390085,7.51208,0.0370253,0.00620269,0.474091,0.393255,0.420819,0.0926288,1.4172,0.403456,0.362094,0.0174577,0.530791,0.443831,0.052,0.437031,1.51074,6.4,19.2,0.010167,18.322
256500,9848.44,0.601101,33.152,33.144,0.0200854,4886.15,2903.27,367.024,18.3512,739.101,1224.83,0,0,0,31.5052,150.459,1528.11,1582.56,0.196475,0.390481,7.50992,0.0372678,0.0062015,0.474506,0.394164,0.421304,0.0920956,1.41738,0.407521,0.364838,0.0177136,0.53172,0.444772,0.042,0.447094,1.51809,6.6,20,0.0106596,18.2995
257000,9844.48,0.600859,33.036,32.998,0.019662,4883.73,2902.34,369.603,18.4801,735.695,1221.23,0,0,0,31.5791,151.014,1531.02,1584.98,0.196627,0.390928,7.50842,0.0375443,0.0062043,0.474931,0.395224,0.421842,0.0922939,1.41756,0.409825,0.365208,0.0179744,0.533689,0.445316,0.04,0.443775,1.53013,7.2,19.2,0.0103424,18.3228
257500,9852.94,0.601376,33.17,33.224,0.0192444,4887.22,2905.96,376.413,18.8206,742.453,1226.64,0,0,0,31.5231,151.077,1533.97,1587.82,0.196733,0.391273,7.50789,0.0382028,0.00622844,0.475155,0.396979,0.421961,0.0934555,1.41719,0.409698,0.365118,0.0180515,0.535167,0.445887,0.056,0.447861,1.53135,8,20,0.0111218,18.256
258000,9824.02,0.599611,33.092,33.124,0.0215766,4879.19,2896.54,372.296,18.6148,739.274,1224.66,0,0,0,31.5516,150.787,1536.78,1592.72,0.19661,0.391093,7.50424,0.0378966,0.00623273,0.47539,0.397087,0.421933,0.0935904,1.41883,0.409158,0.366663,0.0178369,0.535477,0.447014,0.052,0.444302,1.51615,7,17.2,0.00916233,18.3006
258500,9846.04,0.600955,32.998,33,0.0218112,4885.33,2902.06,369.781,18.4891,739.075,1223.31,0,0,0,31.5602,150.854,1539.7,1596.26,0.196512,0.390985,7.50358,0.0375566,0.00623565,0.475853,0.397508,0.421544,0.0944052,1.4176,0.409481,0.365758,0.0179967,0.535847,0.446239,0.066,0.446196,1.52313,7,17.8,0.00979423,18.2889
259000,9837.76,0.600449,33.154,33.126,0.0195887,4882.28,2898.8,374.468,18.7234,739.684,1225.41,0,0,0,31.4604,150.783,1542.82,1599.94,0.196649,0.39136,7.49709,0.0380651,0.00623191,0.475687,0.396683,0.421219,0.0949784,1.41808,0.399731,0.357049,0.0174549,0.536908,0.443162,0.058,0.437563,1.51272,6.8,18.4,0.00985534,18.3376
259500,9848.66,0.601115,33.26,33.248,0.0231854,4884.96,2902.12,375.059,18.7529,741.444,1227.88,0,0,0,31.5306,151.063,1545.57,1600.56,0.196649,0.391485,7.49121,0.0380828,0.00620753,0.476169,0.397053,0.420767,0.0942619,1.41714,0.402743,0.359776,0.0176932,0.53858,0.441694,0.06,0.438117,1.51887,6.8,19.4,0.010563,18.3461
260000,9862.36,0.601951,33.144,33.076,0.0201259,4888.35,2902.19,371.7,18.585,740.151,1223.12,0,0,0,31.553,150.858,1547.98,1603.5,0.196047,0.390289,7.49109,0.0376886,0.0062157,0.475342,0.399504,0.420351,0.0935893,1.41629,0.405535,0.361705,0.0177197,0.540983,0.442221,0.06,0.442054,1.52089,7.6,17,0.00944674,16.1786
260500,9864.08,0.602056,33.124,33.106,0.0216507,4888.72,2902.5,367.622,18.3811,741.162,1226.33,0,0,0,31.5816,150.908,1550.52,1606.2,0.196049,0.390327,7.49165,0.0372684,0.00622558,0.475512,0.399878,0.420354,0.0936037,1.41624,0.400308,0.358457,0.0173351,0.540834,0.442869,0.044,0.438301,1.50868,7.6,16.6,0.00908241,17.7851
261000,9848.64,0.601113,33.084,33.13,0.020845,4885.14,2897.33,364.904,18.2452,746.143,1226.02,0,0,0,31.6864,151.145,1553.44,1609.88,0.195936,0.390135,7.4912,0.0370512,0.00622972,0.47546,0.400935,0.42002,0.0943991,1.41746,0.404646,0.360402,0.0176194,0.541409,0.443879,0.046,0.444045,1.52841,8.4,19.8,0.0109288,20.5633
261500,9868.18,0.602306,33.168,33.146,0.0209768,4890.34,2903.43,363.652,18.1826,741.492,1223.35,0,0,0,31.6175,150.916,1556.7,1613.18,0.19582,0.390059,7.49409,0.0368507,0.00624717,0.476673,0.40382,0.420244,0.0951295,1.4158,0.410248,0.366714,0.017954,0.542136,0.44451,0.046,0.447345,1.52094,7,16,0.00875437,18.9596
262000,9852.26,0.601334,33.146,33.17,0.0212257,4886.41,2902.36,365.922,18.2961,738.65,1228.02,0,0,0,31.5578,150.693,1559.57,1616.2,0.196511,0.391518,7.48926,0.0371409,0.00621637,0.477991,0.404583,0.421156,0.0939354,1.41708,0.410524,0.365629,0.0181085,0.543401,0.447416,0.068,0.450383,1.52768,7.2,19.8,0.010615,18.2633
262500,9837.18,0.600414,33.206,33.186,0.0209905,4881.5,2897.32,369.2,18.46,739.503,1229.91,0,0,0,31.5778,150.961,1562.62,1619.56,0.196481,0.391435,7.48642,0.0375313,0.00619549,0.478482,0.40319,0.421435,0.0928132,1.41781,0.406407,0.363579,0.0177002,0.543339,0.44846,0.044,0.442561,1.51317,7.2,15.8,0.00856211,18.3172
263000,9839.92,0.600581,33.052,33.116,0.022983,4881.81,2901.65,367.648,18.3824,738.414,1221.71,0,0,0,31.5432,150.59,1565.92,1623.62,0.196854,0.392192,7.49241,0.0373629,0.00620959,0.479636,0.402344,0.421415,0.0934778,1.41733,0.413426,0.368131,0.0182651,0.542629,0.448755,0.056,0.450868,1.5283,7,18.4,0.0098636,18.2827
263500,9839.4,0.600549,33.192,33.15,0.0214893,4881.69,2904.13,363.822,18.1911,738.082,1223.02,0,0,0,31.5045,150.786,1569.18,1627.46,0.197344,0.393323,7.4969,0.0369762,0.00621189,0.480513,0.400644,0.42091,0.0942623,1.41776,0.413944,0.367762,0.0181621,0.542293,0.449042,0.054,0.447906,1.53705,6.8,19.2,0.0105079,18.3767
264000,9834.24,0.600234,33.12,33.146,0.0188126,4881.56,2903.67,365.461,18.2731,734.527,1226.69,0,0,0,31.5379,150.754,1571.81,1629.8,0.197353,0.39347,7.50192,0.0371623,0.00621328,0.480857,0.399251,0.42042,0.0943351,1.41804,0.406735,0.362516,0.0180059,0.542668,0.4506,0.042,0.446509,1.5222,7,16.6,0.00898715,18.3973
264500,9826.16,0.599741,32.972,33.03,0.0204495,4878.71,2900.29,361.659,18.083,738.517,1219.82,0,0,0,31.5451,150.734,1574.76,1633.34,0.197227,0.393364,7.49905,0.036806,0.00623438,0.481437,0.400246,0.42086,0.0952936,1.41854,0.415387,0.369935,0.0181252,0.543174,0.452409,0.068,0.450111,1.53926,7.2,21.2,0.0116587,18.3552
265000,9825.12,0.599678,33.14,33.044,0.0215989,4878.21,2897.65,368.006,18.4003,737.845,1220.78,0,0,0,31.5275,150.539,1577.87,1637.58,0.197036,0.39312,7.49446,0.0374551,0.00625154,0.481281,0.402986,0.420847,0.0948862,1.41861,0.409436,0.365078,0.0180803,0.542621,0.451209,0.056,0.452764,1.52131,6.8,16.4,0.00883302,18.3353
265500,9846.2,0.600964,33.17,33.178,0.021232,4883.93,2902.77,364.807,18.2404,738.787,1226.16,0,0,0,31.6072,151.284,1580.82,1641.08,0.196748,0.3927,7.49293,0.0370504,0.00625964,0.483087,0.405485,0.421123,0.0948635,1.41727,0.42289,0.376386,0.0186097,0.542907,0.45198,0.05,0.456986,1.54673,7,21.2,0.0112892,18.2918
266000,9842.5,0.600739,32.884,32.868,0.0203454,4883.07,2900.48,362.003,18.1002,743.546,1215.49,0,0,0,31.5924,150.941,1583.85,1644.88,0.196601,0.392383,7.49365,0.0367793,0.00626322,0.484242,0.407838,0.421284,0.093971,1.41756,0.417234,0.370191,0.0184158,0.542475,0.454499,0.074,0.4573,1.54278,7.4,20.6,0.0114436,18.3401
266500,9841.7,0.60069,33.316,33.404,0.0208619,4882.67,2902.6,372.94,18.647,738.214,1231.25,0,0,0,31.5494,150.769,1586.65,1647.88,0.196956,0.393134,7.49254,0.0378942,0.00625556,0.484197,0.40874,0.421572,0.0932144,1.41735,0.417566,0.371665,0.0186258,0.544154,0.45557,0.072,0.457227,1.54363,7.4,23.2,0.0126609,18.2933
267000,9830.04,0.599978,32.948,32.928,0.0205456,4879.09,2901.09,369.173,18.4587,739.304,1219.97,0,0,0,31.6199,151.05,1589.25,1650.98,0.197245,0.393759,7.49639,0.0375554,0.00623559,0.483471,0.409269,0.421256,0.0923857,1.41829,0.423851,0.376751,0.0187619,0.547786,0.456463,0.056,0.458431,1.54503,7,21.2,0.0113614,18.3858
267500,9829.36,0.599937,33.026,33.004,0.0231043,4878.85,2896.84,360.457,18.0229,735.071,1221.56,0,0,0,31.617,150.537,1591.79,1653.34,0.196594,0.392698,7.49554,0.0366718,0.00624297,0.483878,0.408628,0.421,0.0925692,1.41832,0.423388,0.37494,0.0185552,0.547022,0.456239,0.074,0.455111,1.5551,7.6,25.8,0.0141629,18.3151
268000,9825.52,0.599702,33.318,33.354,0.0205409,4878.56,2892.73,361.871,18.0935,742.9,1234.26,0,0,0,31.6064,150.689,1594.19,1654.7,0.196042,0.391712,7.49707,0.0368299,0.00624796,0.484024,0.40834,0.420727,0.0929938,1.41852,0.415767,0.371162,0.0181991,0.547901,0.457419,0.064,0.458437,1.53354,7.6,18.8,0.0103413,18.2776
268500,9849.62,0.601173,33.084,33.016,0.020835,4884.39,2899.84,365.423,18.2711,736.058,1224.77,0,0,0,31.5578,150.766,1597.05,1657.9,0.196032,0.39168,7.49753,0.0370999,0.00624509,0.48412,0.407926,0.420392,0.0925467,1.41685,0.42487,0.376803,0.0186897,0.547294,0.458341,0.062,0.458725,1.55279,7,20.2,0.0110661,18.2042
269000,9842.98,0.600768,33.02,33.064,0.0210356,4883.07,2899.35,363.658,18.1829,742.275,1224.03,0,0,0,31.6456,151.022,1600.19,1661.4,0.196246,0.39192,7.49676,0.0369461,0.00622197,0.485143,0.405284,0.420031,0.0913938,1.41737,0.426649,0.378738,0.0189785,0.545963,0.459001,0.05,0.461494,1.55113,7.2,20.8,0.0112979,18.3104
269500,9838.04,0.600466,33.122,33.11,0.0207833,4881.98,2898.36,364.133,18.2067,739.671,1221.32,0,0,0,31.6105,150.767,1603.27,1664.74,0.19641,0.392328,7.49344,0.0370127,0.00622194,0.485542,0.406331,0.419283,0.0911556,1.41774,0.42269,0.374742,0.0188598,0.546749,0.458202,0.066,0.459184,1.54959,7,23,0.0124747,18.3902
270000,9833.96,0.600217,33.202,33.204,0.019604,4879.9,2898.56,368.449,18.4224,741.184,1228.73,0,0,0,31.5212,150.795,1606.4,1669.18,0.196699,0.392975,7.49051,0.0374676,0.00623673,0.486337,0.408378,0.418288,0.0917311,1.41763,0.423098,0.376191,0.018746,0.547704,0.460107,0.07,0.460069,1.54794,7,20.4,0.0110635,18.4219
270500,9855.76,0.601548,32.98,32.998,0.0201742,4886.74,2905.65,362.104,18.1052,738.963,1217.55,0,0,0,31.5772,150.803,1609.55,1673.62,0.196769,0.393153,7.49145,0.0367403,0.00623622,0.487621,0.409122,0.417742,0.0917657,1.4164,0.419074,0.372594,0.0187291,0.548029,0.462118,0.062,0.460558,1.54065,6.8,21.8,0.0116104,18.2954
271000,9842.18,0.600719,33.306,33.252,0.0204812,4881.66,2901.41,369.309,18.4655,733.822,1233.12,0,0,0,31.5186,150.603,1612.29,1676.16,0.196833,0.39332,7.4889,0.0375228,0.00623054,0.487678,0.409871,0.417656,0.0913757,1.41717,0.423983,0.375876,0.0190756,0.549086,0.464707,0.08,0.456676,1.55313,7.2,22,0.0119645,18.1384
271500,9834.4,0.600244,32.962,33.002,0.0213788,4880.4,2899.97,364.027,18.2013,737.529,1220.8,0,0,0,31.608,151.203,1614.98,1678.84,0.196862,0.393388,7.49255,0.037016,0.00623103,0.487166,0.410362,0.417493,0.0922457,1.41785,0.427425,0.378334,0.0190657,0.5498,0.467155,0.068,0.467528,1.55878,7.4,24,0.0130607,18.2934
272000,9855.38,0.601525,33.182,33.192,0.0199091,4886.18,2908.07,370.984,18.5492,738.152,1225.88,0,0,0,31.5145,150.873,1617.99,1681.44,0.197124,0.393817,7.49261,0.0376434,0.00622444,0.487004,0.409541,0.417368,0.0914669,1.41636,0.429284,0.379701,0.0192585,0.550701,0.469082,0.054,0.466736,1.56259,6.6,24.2,0.0130893,18.3517
272500,9844.04,0.600833,33.152,33.038,0.0196216,4882.96,2905.75,369.505,18.4753,734.488,1221.03,0,0,0,31.5024,150.65,1621.33,1685.26,0.197452,0.394509,7.49105,0.0375356,0.00621924,0.486426,0.410458,0.417263,0.0911326,1.4175,0.432042,0.38166,0.019137,0.55274,0.470075,0.062,0.469816,1.56611,7.2,24.4,0.0132916,18.3152
273000,9858.78,0.601732,33.156,33.29,0.0241476,4887.63,2914.29,367.451,18.3725,735.351,1223.74,0,0,0,31.5181,150.891,1624.55,1688.36,0.198008,0.395455,7.49134,0.0372705,0.00621217,0.485938,0.41236,0.417214,0.0902185,1.41639,0.429258,0.381272,0.0189475,0.555049,0.472978,0.076,0.469727,1.55631,7.2,21,0.0112977,18.2868
273500,9842.44,0.600735,33.034,33.01,0.018544,4882.49,2912.22,362.178,18.1089,731.544,1219.52,0,0,0,31.4891,150.906,1627.88,1692,0.198481,0.396486,7.49132,0.0367978,0.0062248,0.485317,0.414647,0.417062,0.0908922,1.41742,0.439641,0.388701,0.019692,0.555215,0.473559,0.036,0.47858,1.57294,7,21.2,0.0114645,18.3106
274000,9819.4,0.599329,33.158,33.218,0.0215759,4876.09,2905.68,361.368,18.0684,732.83,1226.27,0,0,0,31.5072,150.866,1630.98,1694.48,0.198447,0.396437,7.49302,0.0368014,0.00624026,0.485647,0.417572,0.416626,0.0916732,1.41879,0.437459,0.387084,0.0193302,0.556778,0.473236,0.06,0.470422,1.56877,7,21.2,0.0114301,18.304
274500,9831.12,0.600044,33.068,33.012,0.0216209,4879.56,2910.66,361.954,18.0977,730.013,1216.64,0,0,0,31.4636,150.841,1634.37,1697.04,0.198699,0.396889,7.49394,0.0368169,0.00623571,0.486072,0.417914,0.416571,0.0923082,1.41827,0.440477,0.389245,0.0194978,0.558926,0.474417,0.046,0.474118,1.5816,7.4,26.4,0.0143589,18.3853
275000,9839.06,0.600529,33.028,33.052,0.0209799,4881.75,2913.71,364.331,18.2166,729.72,1216.3,0,0,0,31.4702,150.792,1637.19,1700.74,0.198774,0.397055,7.49578,0.0370292,0.00623917,0.485719,0.418065,0.416457,0.0927621,1.41772,0.438763,0.387439,0.0197178,0.560321,0.476566,0.06,0.480277,1.58036,7.8,24.8,0.0136436,18.33
275500,9840.28,0.600603,33.18,33.156,0.0215815,4881.07,2913.2,366.752,18.3376,733.165,1222.03,0,0,0,31.4509,150.884,1640.27,1704.6,0.198689,0.396806,7.49317,0.0372707,0.00624708,0.486458,0.417718,0.416636,0.0935424,1.41745,0.444828,0.393551,0.0198958,0.560505,0.477345,0.076,0.477424,1.5826,7,21.2,0.0115235,18.318
276000,9829.64,0.599954,33.092,33.06,0.0216356,4879.22,2911.35,365.502,18.2751,731.62,1215.34,0,0,0,31.4692,150.801,1643.15,1707.72,0.198756,0.396946,7.49399,0.037184,0.0062582,0.485929,0.417042,0.415898,0.0939168,1.41813,0.450505,0.395697,0.020046,0.562306,0.478151,0.088,0.482679,1.60032,7.4,27.6,0.0149608,18.3517
276500,9830.54,0.600009,33.054,33.086,0.0207431,4879.31,2909.57,361.893,18.0947,731.973,1219.53,0,0,0,31.505,150.963,1645.37,1710.18,0.198395,0.396209,7.4963,0.0368134,0.00626404,0.486656,0.41608,0.416325,0.0942313,1.41803,0.441991,0.389727,0.0195528,0.563151,0.480957,0.068,0.479805,1.58478,7.2,26.2,0.0141746,18.3152
277000,9832.7,0.60014,33.102,33.16,0.0242755,4879.7,2910.84,359.623,17.9811,731.638,1219.47,0,0,0,31.4859,150.476,1648.31,1711.7,0.198514,0.39634,7.49568,0.0365742,0.00625364,0.487176,0.414563,0.415917,0.094472,1.41788,0.443989,0.392993,0.0197414,0.563152,0.482489,0.076,0.483036,1.5824,7.6,25,0.0136015,18.322
277500,9816.22,0.599135,33.024,33.01,0.0212037,4875.66,2905.93,358.821,17.9411,733.735,1218.11,0,0,0,31.5332,150.75,1651.18,1714.1,0.198428,0.396249,7.49835,0.0365535,0.00624259,0.487312,0.4135,0.41538,0.0942084,1.41907,0.447068,0.393819,0.0199221,0.563696,0.482988,0.066,0.479562,1.5977,8.4,23.2,0.0128557,18.2626
278000,9839.08,0.60053,33.216,33.214,0.0223752,4881.59,2912.48,362.403,18.1201,734.159,1220.57,0,0,0,31.453,150.949,1653.95,1717.8,0.198449,0.396296,7.49751,0.0368334,0.00623548,0.486446,0.412289,0.415026,0.0943555,1.41756,0.446155,0.39363,0.0198212,0.565021,0.487498,0.086,0.486155,1.58779,7,24.2,0.0131242,18.1351
278500,9824.04,0.599612,32.94,32.944,0.0204028,4876.88,2908.17,372.646,18.6323,730.473,1211.27,0,0,0,31.501,150.735,1656.49,1720.68,0.198384,0.396024,7.4979,0.0379321,0.0062195,0.485509,0.411975,0.414778,0.0931187,1.41836,0.458612,0.402412,0.0203956,0.565918,0.491536,0.052,0.488052,1.60802,7.6,26.6,0.0146949,18.1954
279000,9816.24,0.599136,33.094,33.048,0.020658,4874.51,2905.34,359.822,17.9911,733.982,1218.19,0,0,0,31.5479,150.687,1659.26,1723.68,0.1983,0.395734,7.49356,0.0366557,0.00621811,0.484345,0.413748,0.41545,0.0928681,1.41873,0.462103,0.406267,0.0205043,0.567124,0.493974,0.074,0.498482,1.61511,7.8,28.8,0.0157438,18.2934
279500,9842.48,0.600737,33.162,33.214,0.020942,4881.29,2915.19,362.423,18.1212,738.605,1214.12,0,0,0,31.5521,150.916,1662.61,1724.6,0.19873,0.396443,7.49171,0.0368228,0.00619365,0.484315,0.416254,0.415523,0.0919988,1.41709,0.459636,0.404454,0.0205049,0.567708,0.494535,0.094,0.498004,1.6131,7.6,29,0.0158311,18.2521
280000,9821.28,0.599443,32.87,32.816,0.0215103,4875.05,2910.89,359.532,17.9766,730.974,1205.88,0,0,0,31.5359,150.509,1665.78,1726.3,0.199116,0.397095,7.49201,0.0366079,0.00617541,0.485087,0.417409,0.415652,0.0906945,1.41832,0.457292,0.401909,0.0202949,0.568422,0.494587,0.07,0.496219,1.60819,7.2,26.4,0.0144748,16.2461
280500,9827.5,0.599823,33.328,33.334,0.0199937,4877.43,2912.96,360.093,18.0046,731.866,1225.81,0,0,0,31.5065,150.757,1669.29,1728.64,0.199107,0.397055,7.49174,0.0366407,0.00616297,0.485504,0.420145,0.415931,0.0896339,1.41806,0.458239,0.403502,0.0202305,0.569247,0.496072,0.066,0.496067,1.60781,8,24.6,0.0134517,17.7389
281000,9797.28,0.597979,32.914,32.99,0.0228072,4869.47,2904.29,365.297,18.2648,734.96,1210.66,0,0,0,31.5832,151.05,1672.8,1732,0.199096,0.396978,7.49556,0.0372856,0.00615831,0.485568,0.420789,0.415617,0.0901629,1.42013,0.456795,0.403102,0.0203293,0.569956,0.498094,0.05,0.4947,1.6034,6.8,26,0.0142371,20.4447
281500,9828.48,0.599883,33.004,32.938,0.0219629,4877.8,2915.01,363.666,18.1833,731.463,1210.38,0,0,0,31.4486,150.603,1675.83,1735.82,0.19921,0.39731,7.49629,0.0370014,0.00617725,0.486185,0.42224,0.415292,0.0915704,1.41803,0.470777,0.41067,0.0211043,0.570104,0.500145,0.06,0.500164,1.63793,7.4,31.4,0.0171985,18.9577
282000,9825.08,0.599675,33.152,33.104,0.0214103,4876.74,2915.48,368.701,18.4351,726.92,1216.25,0,0,0,31.4629,150.687,1679.13,1740.34,0.199506,0.397816,7.4944,0.0375265,0.00619251,0.487132,0.422443,0.415495,0.0929142,1.41821,0.465219,0.407768,0.0207991,0.570155,0.500575,0.08,0.502063,1.62498,7.2,31.2,0.016993,18.3568
282500,9824.9,0.599664,33.026,33.074,0.0214768,4877.14,2917.97,370.093,18.5046,732.525,1212.33,0,0,0,31.4664,151.091,1682.23,1742.92,0.19988,0.398595,7.49697,0.037669,0.00618621,0.486661,0.422085,0.415954,0.0936962,1.41833,0.464201,0.408819,0.0206678,0.571281,0.502376,0.066,0.499789,1.61236,6.8,27.6,0.0150882,18.3473
283000,9829.94,0.599972,33.066,33.06,0.0200837,4879.13,2920.86,369.435,18.4717,726.952,1211.77,0,0,0,31.424,150.776,1685.25,1746.56,0.199993,0.398966,7.49543,0.0375828,0.00617685,0.485817,0.424452,0.416401,0.0929074,1.41803,0.479873,0.420057,0.0214286,0.572771,0.503171,0.076,0.510028,1.64682,7.6,32.2,0.0176137,18.1414
283500,9828.74,0.599899,32.964,32.97,0.019351,4879,2920.85,364.965,18.2482,723.744,1213.13,0,0,0,31.4218,150.72,1688.23,1750.32,0.200163,0.399393,7.49633,0.0371323,0.00617301,0.486784,0.425121,0.416769,0.0927063,1.41839,0.472558,0.415338,0.0209207,0.573272,0.504871,0.09,0.50938,1.62762,7.2,30,0.0161894,18.3561
284000,9836.5,0.600372,33.086,33.078,0.0223139,4880.79,2922.37,364.964,18.2482,729.784,1209.63,0,0,0,31.4367,150.812,1691.07,1753.06,0.200124,0.399363,7.49399,0.0371029,0.00618507,0.487275,0.428325,0.416753,0.0935916,1.41766,0.457967,0.404461,0.0202061,0.573877,0.504228,0.034,0.500128,1.60079,7.4,25,0.0137881,18.3825
284500,9820.92,0.599421,33.206,33.176,0.0210391,4876.81,2918.61,363.136,18.1568,728.069,1217.68,0,0,0,31.4501,150.851,1694,1757.38,0.200201,0.399498,7.49409,0.0369757,0.00619204,0.486333,0.431067,0.415455,0.0936951,1.41879,0.468408,0.411521,0.0208051,0.575044,0.503707,0.076,0.504455,1.62414,7.4,28.6,0.0156795,18.316
285000,9840.12,0.600593,32.95,32.958,0.0199556,4882.11,2925.57,369.496,18.4748,725.866,1206.66,0,0,0,31.4022,150.914,1696.91,1761.22,0.200413,0.399917,7.49858,0.0375499,0.0062118,0.486952,0.432226,0.415804,0.0946663,1.41757,0.462256,0.405953,0.0205504,0.574781,0.504153,0.088,0.498618,1.61777,8.8,25.6,0.0141286,18.3089
285500,9833.84,0.60021,33.082,33.066,0.0191006,4879.85,2923.93,372.649,18.6325,726.281,1211.24,0,0,0,31.3995,150.693,1700.02,1765.12,0.200367,0.399821,7.50007,0.0378945,0.00620961,0.487446,0.432714,0.415942,0.0942642,1.41774,0.468138,0.410379,0.0211339,0.575306,0.504908,0.064,0.506686,1.62855,7.2,30.6,0.0166842,18.3731
286000,9827.8,0.599841,32.992,33.008,0.0207385,4877.69,2922.37,372.735,18.6368,732.266,1204.43,0,0,0,31.4416,151.108,1703.38,1767.18,0.200452,0.400074,7.50122,0.0379269,0.00622084,0.488761,0.432447,0.416168,0.0951358,1.41826,0.467331,0.411092,0.0210028,0.574368,0.50483,0.07,0.504829,1.62149,7.4,28,0.0153913,18.3425
286500,9831.14,0.600045,33.01,33.058,0.0202604,4879.05,2925.09,375.313,18.7657,725.627,1208.04,0,0,0,31.4364,150.976,1706.42,1769.04,0.200763,0.400939,7.49967,0.0381763,0.00622573,0.489,0.432491,0.416429,0.0959297,1.4181,0.466028,0.409139,0.0209776,0.574464,0.506219,0.054,0.502807,1.62254,7.2,32.4,0.017383,18.3257
287000,9829.9,0.599969,33.018,33.026,0.0210185,4879.23,2925.58,382.861,19.1431,728.544,1206.98,0,0,0,31.4288,150.864,1709.32,1769.64,0.200863,0.401336,7.49617,0.038948,0.00621803,0.489135,0.431745,0.415977,0.0958037,1.41812,0.465456,0.407994,0.0209642,0.574878,0.505868,0.06,0.500141,1.62357,8.2,29.8,0.0165081,18.4032
287500,9814.8,0.599048,33.162,33.122,0.0207903,4874.93,2917.03,403.382,20.1691,730.337,1210.91,0,0,0,31.4335,150.81,1711.84,1772.9,0.200352,0.400463,7.48871,0.0410995,0.0062203,0.488112,0.431086,0.416095,0.0957961,1.41907,0.461366,0.40581,0.0211033,0.575555,0.507106,0.066,0.502949,1.62069,7.6,29.2,0.0158899,18.4311
288000,9851.48,0.601287,33.102,33.06,0.0201109,4885.38,2926.49,423.707,21.1853,733.479,1205.64,0,0,0,31.3296,151.035,1714.54,1776.58,0.200086,0.399938,7.48784,0.0430089,0.00620257,0.487589,0.430839,0.415797,0.0954361,1.4169,0.470987,0.412897,0.0216125,0.576344,0.507899,0.07,0.50825,1.6335,7,33.4,0.0181906,18.4036
288500,9838.98,0.600524,32.988,33.016,0.0203932,4882.76,2922.93,425.702,21.2851,732.049,1201.16,0,0,0,31.347,150.791,1717.16,1780.42,0.199983,0.399677,7.4887,0.0432665,0.00618085,0.486702,0.431445,0.415312,0.095008,1.41765,0.470301,0.413378,0.0215579,0.577393,0.508002,0.066,0.509434,1.62068,7.2,28.6,0.0155538,18.2943
289000,9837.22,0.600416,33.16,33.206,0.0227079,4881.5,2923.67,416.757,20.8379,728.15,1208.58,0,0,0,31.3809,150.746,1720.04,1784.58,0.200148,0.40004,7.48853,0.0423651,0.0061728,0.487279,0.432191,0.414875,0.0946882,1.4177,0.482809,0.424089,0.0223291,0.577322,0.510068,0.064,0.518464,1.639,7.8,27.2,0.0148217,18.3381
289500,9816.54,0.599154,33.08,33.124,0.0211925,4875.89,2918.02,416.799,20.84,736.445,1209.05,0,0,0,31.4044,151.041,1723.32,1787.98,0.200304,0.400285,7.49021,0.042459,0.00615831,0.487989,0.432759,0.414923,0.0949876,1.41911,0.473187,0.415787,0.0216616,0.576579,0.509869,0.074,0.508107,1.63395,7,31,0.0169823,18.3259
290000,9841.92,0.600703,33.102,33.028,0.0225767,4881.77,2923.47,427.463,21.3731,734.506,1198.42,0,0,0,31.317,150.699,1726.35,1790.26,0.200081,0.399829,7.48724,0.0434329,0.00614189,0.487297,0.433533,0.414802,0.0939225,1.41732,0.467625,0.413928,0.0216437,0.577359,0.509209,0.07,0.505754,1.61132,7,26.4,0.0141758,18.3457
290500,9838.06,0.600468,33.138,33.084,0.0217391,4881.62,2922.17,441.984,22.0992,735.319,1200.75,0,0,0,31.3698,150.822,1729.72,1792.46,0.199922,0.399424,7.48835,0.0449262,0.00613083,0.48791,0.434072,0.414863,0.0930639,1.41762,0.473806,0.41665,0.0220987,0.577472,0.507955,0.086,0.510534,1.63133,8.2,28.2,0.0157338,18.2694
291000,9839.48,0.600554,33.156,33.26,0.0223776,4882.4,2921.52,436.868,21.8434,732.407,1208.66,0,0,0,31.298,150.535,1732.75,1794.98,0.199742,0.398917,7.48469,0.0443993,0.00611301,0.488738,0.434506,0.414834,0.0920922,1.41754,0.474941,0.418763,0.0218783,0.577852,0.508188,0.078,0.511031,1.63085,8,27.6,0.0150545,18.3938
291500,9827.94,0.59985,32.946,32.85,0.0187414,4879.16,2915.22,418.417,20.9209,737.101,1199.4,0,0,0,31.4838,150.999,1736.2,1798.08,0.199303,0.398013,7.49083,0.0425746,0.00610368,0.489196,0.434106,0.414426,0.0920509,1.41863,0.476719,0.419446,0.0219186,0.577525,0.508182,0.06,0.509905,1.63535,8,30.6,0.0166969,18.2658
292000,9854.58,0.601476,33.19,33.226,0.0205918,4886.53,2922.53,401.615,20.0807,734.432,1212.56,0,0,0,31.4241,150.901,1739.1,1800.54,0.199104,0.397464,7.49327,0.0407541,0.00610159,0.489823,0.434212,0.414356,0.0918304,1.41665,0.471139,0.412027,0.0213688,0.577361,0.508307,0.052,0.505506,1.63436,8,31,0.0169835,18.2919
292500,9845.02,0.600892,33.044,33.004,0.0224761,4883.44,2917.98,403.68,20.184,739.637,1205.77,0,0,0,31.5574,151.237,1742.04,1804.32,0.198844,0.3967,7.49553,0.0410042,0.00607923,0.487882,0.432825,0.413227,0.0907941,1.41736,0.47268,0.414142,0.0216745,0.579693,0.507824,0.064,0.513259,1.63275,7.4,29.8,0.0162686,18.3435
293000,9839.56,0.600559,33.106,33.118,0.0202542,4882.3,2917.55,400.246,20.0123,736.358,1210.37,0,0,0,31.4761,151.01,1745.54,1805.6,0.19896,0.396863,7.49681,0.0406772,0.00608314,0.48649,0.43271,0.411941,0.0911137,1.4175,0.467968,0.412013,0.0210449,0.580366,0.506372,0.078,0.506689,1.61727,7.6,27.8,0.015093,18.2755
293500,9830.18,0.599987,33.02,33.098,0.0236436,4879.14,2915.24,389.827,19.4914,735.202,1206.59,0,0,0,31.4223,150.676,1748.58,1808.68,0.198893,0.396611,7.50249,0.0396558,0.00607838,0.485076,0.431531,0.410853,0.0906132,1.41794,0.471352,0.413267,0.0212108,0.580569,0.505237,0.082,0.504381,1.63136,7.4,27.2,0.0149791,18.2806
294000,9841.4,0.600671,33.308,33.282,0.0216897,4883,2917.28,389.756,19.4878,731.995,1217.43,0,0,0,31.4487,150.67,1751.41,1813.22,0.198753,0.396244,7.49816,0.0396039,0.00607253,0.484817,0.428995,0.411231,0.0907467,1.41742,0.472438,0.414094,0.0214119,0.580802,0.504694,0.068,0.509234,1.63136,7.6,28,0.0153076,18.2981
294500,9853.18,0.60139,32.848,32.874,0.0213821,4885.55,2918.71,380.972,19.0486,740.688,1199.42,0,0,0,31.6084,151.255,1754.1,1815.96,0.198436,0.395471,7.50045,0.0386637,0.0060568,0.484111,0.425878,0.411102,0.0912462,1.41669,0.471756,0.415568,0.0208653,0.580315,0.50492,0.06,0.507873,1.62375,7.2,29.8,0.0161003,18.3629
295000,9832.52,0.600129,33.26,33.208,0.0216503,4879.96,2912.25,376.003,18.8002,733.915,1218.37,0,0,0,31.5412,150.682,1756.86,1819.5,0.198497,0.395474,7.50035,0.0382407,0.00602511,0.483221,0.424485,0.410196,0.0899199,1.41812,0.467434,0.410929,0.0207555,0.580055,0.504987,0.07,0.503569,1.6261,8,30.4,0.0167225,18.3483
295500,9849.2,0.601147,32.928,32.92,0.0215654,4885.41,2915.9,381.3,19.065,743.711,1205.27,0,0,0,31.5797,151.404,1759.96,1821.74,0.198107,0.394839,7.50402,0.0387136,0.0060121,0.482511,0.424805,0.409557,0.0896199,1.4171,0.468079,0.412301,0.0208837,0.580739,0.507908,0.084,0.50947,1.61757,8,26.2,0.0145234,18.3151
296000,9840.82,0.600636,33.188,33.16,0.0207432,4882.84,2913.46,389.268,19.4634,737.381,1212.94,0,0,0,31.5593,150.398,1762.95,1825.4,0.198211,0.39496,7.49682,0.0395572,0.00598983,0.483137,0.423039,0.409781,0.0880729,1.41758,0.471807,0.414884,0.0213061,0.581204,0.509522,0.074,0.510052,1.62924,7.2,29.6,0.0161527,18.3462
296500,9843.2,0.600781,33.182,33.234,0.0221279,4883.02,2913.58,387.258,19.3629,735.689,1215.9,0,0,0,31.5075,150.948,1766.09,1828.24,0.198153,0.394891,7.4944,0.0393427,0.00598131,0.485025,0.423213,0.410544,0.0885681,1.41735,0.471181,0.414297,0.0208416,0.581071,0.508651,0.062,0.506539,1.62708,7.6,27.8,0.0153336,18.33
297000,9842.48,0.600737,32.99,32.948,0.0218381,4883.31,2912.87,380.703,19.0352,736.062,1210.7,0,0,0,31.5016,150.74,1769.07,1831.64,0.197913,0.394606,7.49508,0.0386794,0.0059716,0.485751,0.422657,0.410606,0.088537,1.41727,0.480844,0.421115,0.0212774,0.58012,0.510105,0.088,0.509168,1.6514,8,34.8,0.018981,18.2506
297500,9845.18,0.600902,33.306,33.338,0.0213497,4884.09,2910.63,386.302,19.3151,735.665,1220.35,0,0,0,31.526,150.505,1771.96,1835.12,0.197498,0.393904,7.49153,0.0392379,0.00595887,0.485289,0.423623,0.410658,0.0883382,1.41726,0.478594,0.419368,0.0213463,0.579477,0.511816,0.068,0.51683,1.63842,7.8,27.4,0.0148955,18.2334
298000,9837.9,0.600458,33.21,33.238,0.0207458,4881.5,2906.23,394.788,19.7394,744.196,1216.58,0,0,0,31.6191,151.038,1775.04,1838.04,0.197097,0.393219,7.49351,0.0401284,0.0059565,0.486092,0.423438,0.411414,0.0880846,1.41766,0.482307,0.422425,0.0216043,0.578847,0.512927,0.082,0.513216,1.64407,7,34,0.0182448,18.2587
298500,9854.2,0.601453,33.008,32.974,0.0189262,4885.62,2908.48,388.468,19.4234,746.707,1207.97,0,0,0,31.6094,150.912,1777.8,1840.96,0.196732,0.392558,7.49567,0.0394218,0.00596981,0.486189,0.420709,0.4104,0.0893466,1.41676,0.478499,0.419503,0.0210686,0.577553,0.513618,0.064,0.519039,1.64164,8.8,30,0.0164938,18.3383
299000,9860.56,0.601841,33.228,33.148,0.0201931,4887.25,2908.47,385.661,19.2831,741.798,1215.26,0,0,0,31.5548,150.576,1780.63,1844.04,0.19646,0.391762,7.49441,0.0391114,0.00597115,0.485263,0.419171,0.409049,0.0892556,1.41622,0.479286,0.419838,0.0212623,0.577482,0.514123,0.072,0.515419,1.64844,7.4,33.2,0.0183566,18.2367
299500,9874.12,0.602668,33.186,33.27,0.0224872,4890.39,2910.73,387.052,19.3526,743.859,1218.86,0,0,0,31.5736,151.061,1783.19,1848.9,0.196107,0.391054,7.49743,0.0391976,0.00598,0.484156,0.421042,0.408191,0.0895735,1.41501,0.468015,0.41148,0.0209355,0.57748,0.512974,0.086,0.504953,1.61606,7.6,23.4,0.0128878,18.3632
300000,9858.12,0.601692,33.0769,32.9269,0.019394,4885.37,2906.61,382.076,19.1038,743.818,1213.65,0,0,0,31.6273,150.999,1785.59,1852.42,0.196281,0.391347,7.50343,0.0387575,0.00600465,0.483042,0.421873,0.406831,0.0902498,1.41638,0.477168,0.418955,0.0212493,0.577056,0.512018,0.0730769,0.515359,1.63934,7.66667,32.6667,0.0179419,18.381
