tick,population,occupancy,births_per_tick,deaths_per_tick,starved_share,inflow_in,cost_out,transfer,transit_loss,overflow,death_loss,leak,washed_per_tick,extinct,energy_mean,age_mean,generation_mean,generation_max,active_params_frac,expressed_hidden_frac,msg_bandwidth,transfer_per_cell,eta_mean,div_weights,div_learning,div_masks,weight_drift,habitat_match,bonds_per_cell,bonded_frac,bond_flow_per_cell,reward_gate_mean,adhesion_mean,splits_per_tick,attached_birth_share,group_size_mean,group_size_max,groups_5plus,in_groups_5plus,ticks_per_s
500,7379.66,0.450419,27.406,29.096,0.174769,3724.49,2387.03,13645.9,682.297,224.627,574.11,0,0,0,25.496,149.08,3.88668,14.36,0.265652,0.505995,5.96394,1.84258,0.0055311,0.0273979,0.0273267,0.0842998,0.036678,1.46522,0.651137,0.530276,0.0275343,0.597923,0.499748,0.178,0.506229,2.1216,12.8,96.2,0.0801246,18.9928
1000,7885.94,0.48132,27.218,26.504,0.14802,4064.16,2533.14,14966.5,748.325,307.062,535.523,0,0,0,26.2663,145.862,7.39013,18.74,0.264321,0.504055,5.90985,1.89424,0.00553556,0.0387758,0.03867,0.115187,0.0359719,1.48101,0.618231,0.509854,0.0246181,0.597634,0.499467,0.124,0.498566,1.99644,11.6,80.8,0.0595231,19.1072
1500,7970.44,0.486477,28.48,27.456,0.135814,4224.96,2531.15,15189.5,759.477,338.786,585.845,0,0,0,26.9299,146.893,10.5731,24.06,0.262285,0.500542,5.67486,1.90144,0.00554302,0.0463317,0.0480059,0.136729,0.0369752,1.49902,0.620038,0.511535,0.0249238,0.59771,0.499382,0.124,0.510395,1.99203,9.8,84.4,0.0616316,19.3034
2000,7991.66,0.487772,27.708,26.936,0.144783,4277.15,2515.09,14761,738.052,380.096,554.749,0,0,0,26.6401,146.555,13.8437,28.72,0.260946,0.498327,5.47351,1.83941,0.00554013,0.0527521,0.0559719,0.15716,0.0373284,1.50329,0.614417,0.506406,0.0238079,0.597901,0.499473,0.136,0.507442,2.00127,11.6,78.6,0.0587377,19.2382
2500,8043.2,0.490918,28.26,27.99,0.135537,4227.16,2495.94,14098.8,704.938,353.231,590.129,0,0,0,25.9658,146.274,17.1343,30.6,0.258208,0.493285,5.20401,1.74766,0.00554575,0.0587828,0.0635255,0.173858,0.0377657,1.48923,0.586647,0.490511,0.0230244,0.598123,0.500186,0.09,0.497397,1.91951,12.4,67.2,0.049797,19.2344
3000,8205.04,0.500796,28.878,29.112,0.120843,4179.3,2511.38,13888.3,694.416,333.824,632.77,0,0,0,25.6537,148.977,20.3225,37.56,0.255784,0.488859,4.91442,1.69017,0.00555273,0.0638805,0.0685341,0.184765,0.0389938,1.46985,0.584358,0.489013,0.0234606,0.598799,0.50043,0.112,0.506895,1.91502,11.2,69,0.0495493,19.4037
3500,8342.42,0.509181,28.16,28.796,0.122107,4183.68,2525.41,14217.4,710.869,371.979,647.421,0,0,0,26.1445,148.76,23.6033,40.12,0.253914,0.485811,4.70247,1.701,0.00555555,0.0687418,0.0737787,0.197188,0.0395029,1.4579,0.569235,0.477769,0.0227047,0.598746,0.500603,0.096,0.503898,1.86905,11.4,63.6,0.0439924,19.2919
4000,8511.12,0.519478,29.244,28.906,0.101228,4311.48,2541.33,14792.2,739.61,403.966,690.665,0,0,0,27.0643,146.872,27.1041,44.18,0.251298,0.481345,4.47234,1.73739,0.00555173,0.0741885,0.0790087,0.208533,0.0392959,1.45564,0.570132,0.477596,0.0229639,0.598749,0.500445,0.142,0.497714,1.88475,11.4,68.2,0.0464423,19.1561
4500,8546.46,0.521635,29.866,29.26,0.108392,4456.54,2519.98,15098.2,754.913,445.181,722.283,0,0,0,28.0246,148.757,30.2256,45.94,0.249285,0.477652,4.23042,1.76469,0.00556822,0.0784974,0.0824867,0.218629,0.0402298,1.47312,0.553505,0.468188,0.0226458,0.59881,0.500401,0.098,0.497752,1.84033,10.8,62.4,0.0420045,19.2485
5000,8602.7,0.525067,29.62,28.978,0.102781,4524.55,2514.58,14874.7,743.737,481.764,706.24,0,0,0,27.7552,148.47,33.3117,50.58,0.247729,0.474848,4.07918,1.72591,0.00557142,0.0828488,0.0863042,0.227639,0.040028,1.47663,0.544518,0.463891,0.0222239,0.599043,0.501079,0.1,0.499452,1.7944,10,52,0.034601,19.2396
5500,8668.58,0.529088,29.978,29.774,0.0952598,4467.78,2505.93,14462.6,723.129,442.88,722.951,0,0,0,27.1644,147.679,36.559,53.38,0.245099,0.470258,3.90785,1.6662,0.00558319,0.0865648,0.0905023,0.234669,0.0403987,1.46033,0.548361,0.464061,0.0228989,0.599038,0.502053,0.094,0.504032,1.81632,9,61.6,0.0398061,19.2544
6000,8767.02,0.535096,30.346,30.58,0.0902069,4388.64,2508.16,14231.2,711.562,402.046,750.993,0,0,0,26.766,149.434,39.7345,56.78,0.242852,0.466182,3.73944,1.6222,0.00559729,0.0899804,0.0948983,0.240617,0.0415742,1.44421,0.547527,0.463118,0.022381,0.598687,0.50147,0.132,0.505547,1.81814,10.2,63.4,0.0413244,19.2025
6500,8865.1,0.541083,29.996,30.29,0.0925327,4372.76,2516.48,14509.5,725.473,446.157,756.071,0,0,0,27.1209,149.504,42.8985,58.66,0.241284,0.463504,3.6088,1.63508,0.00562076,0.0938649,0.0987942,0.247904,0.0426894,1.43332,0.549813,0.464603,0.0224687,0.598032,0.500974,0.106,0.509319,1.82155,8.6,64.2,0.0405405,19.074
7000,8976.06,0.547855,30.42,30.332,0.0757631,4480.76,2531.37,15073.3,753.664,472.776,793.45,0,0,0,27.9732,148.647,46.0649,61.9,0.240139,0.461511,3.50076,1.67884,0.00562669,0.0973779,0.10196,0.253655,0.0427488,1.43338,0.543011,0.461212,0.0222919,0.597704,0.501196,0.086,0.501272,1.80643,9.6,58.2,0.0368793,18.9658
7500,8972.18,0.547618,31.126,30.584,0.082277,4611.36,2513.28,15343.2,767.162,506.712,810.882,0,0,0,28.7568,148.972,49.2671,67.22,0.239533,0.460541,3.36538,1.70929,0.00563133,0.100416,0.104615,0.261826,0.0431182,1.45202,0.539295,0.458395,0.0223842,0.597151,0.501698,0.114,0.507196,1.79529,10.2,54.4,0.0348553,19.1311
8000,8999.08,0.54926,30.732,30.454,0.077994,4662.31,2507.85,15075.1,753.753,538.99,791.007,0,0,0,28.4214,149.095,52.4154,71.12,0.238576,0.458942,3.27199,1.67383,0.00564163,0.103344,0.10657,0.267546,0.0430707,1.45396,0.535441,0.458529,0.0219175,0.596918,0.502395,0.102,0.500272,1.77798,10,57.4,0.0352806,19.1513
8500,9019.08,0.550481,30.934,30.766,0.0809798,4592.78,2498.27,14747.4,737.371,498.633,792.285,0,0,0,27.9196,148.634,55.683,75.2,0.236899,0.456074,3.20544,1.63477,0.00564291,0.106258,0.108719,0.273705,0.0432983,1.44318,0.531733,0.455479,0.0220661,0.596867,0.502351,0.086,0.503099,1.76294,9.6,51,0.0316586,19.1881
9000,9078.5,0.554108,31.092,31.486,0.0774159,4495.65,2496.93,14492.3,724.618,448.822,812.51,0,0,0,27.4641,149.709,58.8401,80.14,0.23524,0.453168,3.10187,1.59619,0.0056553,0.109043,0.111595,0.278707,0.0441857,1.42851,0.52966,0.452861,0.0220514,0.597109,0.502442,0.09,0.504278,1.77189,9,54.8,0.0343541,19.2586
9500,9170.48,0.559722,30.95,31.174,0.0793651,4477.96,2507.74,14754.2,737.712,482.044,814.554,0,0,0,27.7034,149.911,61.9708,81.08,0.233827,0.450815,3.03536,1.60868,0.00566021,0.111438,0.112765,0.2825,0.0446013,1.41938,0.530788,0.451476,0.0218103,0.59709,0.502487,0.132,0.505797,1.78422,9.8,56.6,0.0354399,19.2248
10000,9208.2,0.562024,31.256,30.906,0.0645686,4563.56,2509.54,15298.7,764.936,510.674,849.81,0,0,0,28.6985,149.069,65.091,83.68,0.233489,0.450436,2.96967,1.66182,0.00567261,0.11378,0.115723,0.285274,0.0455969,1.42376,0.530426,0.452616,0.0221161,0.597511,0.503148,0.104,0.50594,1.7718,9,56.2,0.0336221,19.1517
10500,9198.04,0.561404,31.758,31.496,0.0795111,4691.83,2498.76,15487.1,774.356,547.151,863.865,0,0,0,29.2742,149.056,68.2294,85.7,0.233552,0.450752,2.87935,1.68349,0.00568493,0.11647,0.119338,0.287381,0.0463371,1.44055,0.524014,0.449729,0.0222283,0.598146,0.503687,0.072,0.498744,1.75384,8.8,52.6,0.0325298,18.9275
11000,9202.42,0.561671,31.328,31.116,0.0734887,4737.12,2491.99,15214.7,760.733,576.301,836.556,0,0,0,28.9626,149.263,71.4517,87.42,0.233108,0.450158,2.81664,1.65259,0.00569613,0.119223,0.1213,0.291662,0.0467709,1.4445,0.521878,0.447734,0.0220509,0.598135,0.504107,0.098,0.506004,1.74655,10.6,49.8,0.0305585,19.0654
11500,9226.12,0.563118,31.622,31.486,0.0699069,4662.7,2484.39,14884.7,744.235,534.949,842.19,0,0,0,28.4079,148.967,74.5904,93.82,0.231631,0.447501,2.75682,1.61314,0.00571978,0.121805,0.123137,0.294933,0.0470384,1.43238,0.519094,0.445545,0.0218039,0.59794,0.504333,0.088,0.501942,1.73953,10,47.8,0.0292487,19.2047
12000,9276.94,0.566219,31.612,31.854,0.0684899,4561.87,2484.54,14685.3,734.266,476.085,850.949,0,0,0,28.0178,149.843,77.6845,96.54,0.230202,0.444837,2.68588,1.58253,0.00572415,0.124395,0.125571,0.298247,0.047436,1.41808,0.526186,0.451875,0.0221075,0.59744,0.504268,0.112,0.510145,1.75067,9.4,51,0.0307345,19.2664
12500,9357.8,0.571155,31.586,31.696,0.070763,4541.13,2497.72,14871.5,743.575,507.627,852.14,0,0,0,28.135,149.717,80.6837,98.3,0.229496,0.443552,2.64095,1.58882,0.00573118,0.126856,0.127388,0.301457,0.0480901,1.4098,0.52796,0.45051,0.0220421,0.597387,0.505013,0.094,0.508979,1.77261,9.8,55.6,0.0334365,19.1458
13000,9410.52,0.574373,31.798,31.722,0.0597631,4622.41,2504,15396.2,769.809,535.754,887.352,0,0,0,28.9869,149.539,83.7341,100.98,0.229003,0.442788,2.5916,1.63592,0.00575212,0.128788,0.128825,0.304447,0.0489108,1.41037,0.521568,0.445029,0.022172,0.597025,0.506099,0.106,0.504963,1.76669,11.2,56.6,0.0340023,19.0007
13500,9369.94,0.571896,32.284,31.924,0.068853,4749.06,2486.7,15627.6,781.382,569.632,900.646,0,0,0,29.6997,149.343,86.7651,105.3,0.229243,0.443299,2.51251,1.66771,0.00576833,0.130765,0.131654,0.30751,0.0497536,1.43138,0.52385,0.449514,0.0224348,0.59669,0.507534,0.104,0.506671,1.75003,8,47.2,0.0284922,19.1912
14000,9417.5,0.574799,31.922,31.808,0.0689316,4804.2,2491,15424.2,771.211,599.769,877.212,0,0,0,29.3453,149.764,89.9948,108.52,0.228509,0.441999,2.46214,1.63766,0.00578038,0.132819,0.134185,0.310903,0.0503063,1.43156,0.525869,0.449514,0.0219758,0.596549,0.508621,0.114,0.5172,1.7636,9.2,52.4,0.0316428,19.2948
14500,9396.66,0.573527,32.004,31.948,0.0651902,4717.33,2471.95,15019.7,750.986,558.557,879.308,0,0,0,28.7633,149.564,93.1437,110.86,0.226984,0.439381,2.41616,1.59857,0.00579655,0.135013,0.13547,0.3138,0.0502898,1.42292,0.512913,0.44132,0.0215413,0.596843,0.508987,0.096,0.501886,1.73384,9,49.2,0.0296827,19.3132
15000,9433.18,0.575756,31.96,32.356,0.0644677,4611.09,2472.5,14814.9,740.747,501.043,883.075,0,0,0,28.3547,150.089,96.3557,114.2,0.225947,0.43736,2.36998,1.57074,0.00580289,0.137237,0.136638,0.317111,0.0512705,1.40986,0.5208,0.447692,0.021961,0.597173,0.509446,0.078,0.507108,1.73952,8.6,49.4,0.0290956,19.2723
15500,9473.14,0.578195,31.978,32.046,0.0642115,4574.06,2474.86,14973.2,748.659,526.248,883.818,0,0,0,28.5552,149.837,99.6085,117.3,0.225374,0.436198,2.32263,1.58036,0.00580194,0.139288,0.138215,0.320315,0.0524249,1.40307,0.52803,0.451597,0.0220048,0.59711,0.509482,0.084,0.513157,1.77109,11,55.6,0.0332502,19.0343
16000,9498.8,0.579761,32.158,31.93,0.0557823,4656.62,2478.08,15478.5,773.923,563.232,913.602,0,0,0,29.4794,149.593,102.808,122.42,0.225594,0.436686,2.27769,1.62992,0.00580572,0.14101,0.139807,0.322642,0.0536268,1.40785,0.524867,0.446602,0.0223205,0.596637,0.51007,0.102,0.508847,1.76833,9.4,56,0.0331318,19.1727
16500,9490.42,0.579249,32.418,32.184,0.067578,4787.96,2468.23,15669.3,783.467,597.479,925.14,0,0,0,30.0114,149.499,106.044,125.02,0.225423,0.436684,2.21354,1.65091,0.0058257,0.142288,0.141605,0.323612,0.0550291,1.4248,0.517257,0.442709,0.0217647,0.596578,0.510977,0.106,0.506032,1.74705,9.4,50.6,0.0302486,19.1452
17000,9515.96,0.580808,32.31,32.184,0.0620622,4835.09,2466.11,15453.6,772.678,628.585,905.731,0,0,0,29.6282,149.805,109.013,127.48,0.224397,0.435073,2.17671,1.62371,0.00584555,0.144102,0.142451,0.325098,0.0563048,1.42573,0.521694,0.446455,0.021685,0.595886,0.511446,0.092,0.516397,1.74771,9.6,46.4,0.0271468,19.1281
17500,9508.3,0.580341,32.446,32.296,0.0570569,4750.57,2454.39,15138.6,756.932,579.87,906.097,0,0,0,29.1834,149.958,111.982,129.84,0.223013,0.432646,2.15596,1.59236,0.00587295,0.145797,0.14387,0.325929,0.0574326,1.41573,0.513413,0.442146,0.0215538,0.596142,0.511522,0.08,0.507774,1.73357,10.4,47.6,0.028755,19.075
18000,9557.68,0.583354,32.084,32.408,0.060326,4651.34,2457.95,15014,750.702,523.654,898.056,0,0,0,28.8116,150.173,115.037,133.66,0.221863,0.430544,2.12605,1.57081,0.00588014,0.147534,0.144159,0.32724,0.0584047,1.40376,0.515375,0.443785,0.0216448,0.596303,0.511848,0.108,0.517333,1.73638,10,48.6,0.0283952,19.1292
18500,9598.84,0.585867,32.436,32.602,0.0592732,4613.08,2463.72,15100.6,755.029,545.23,914.307,0,0,0,28.8611,149.91,118.341,135.86,0.221236,0.429562,2.105,1.57293,0.00589809,0.149386,0.144275,0.329803,0.0596913,1.39598,0.522508,0.445548,0.0217134,0.596094,0.512793,0.096,0.512338,1.76165,8.8,58.2,0.03374,19.1154
19000,9632.04,0.587893,32.69,32.488,0.05224,4694.14,2464.65,15605.8,780.29,575.802,944.847,0,0,0,29.7996,149.73,121.463,139.58,0.220773,0.428886,2.05809,1.62064,0.00590879,0.150756,0.14613,0.331809,0.0603146,1.39977,0.533421,0.455551,0.0225773,0.595807,0.513173,0.102,0.517162,1.772,8.2,56.8,0.0327422,19.5722
19500,9620.54,0.587191,32.728,32.434,0.0626734,4823.19,2457.67,15776.2,788.811,618.013,943.886,0,0,0,30.2596,149.566,124.578,142.32,0.220616,0.428819,2.03138,1.63978,0.00592243,0.152614,0.148087,0.335234,0.0610349,1.41564,0.527983,0.451207,0.0223383,0.595457,0.512457,0.09,0.514874,1.77417,10.8,55.8,0.0332368,20.6419
20000,9672.02,0.590333,32.956,32.816,0.0584056,4882.53,2462.44,15610.4,780.518,646.033,936.531,0,0,0,29.8656,149.502,127.849,144.54,0.219813,0.427405,1.98886,1.61391,0.00592223,0.154571,0.149229,0.337715,0.061191,1.41642,0.526165,0.449884,0.0217047,0.595584,0.511766,0.112,0.514406,1.77269,10.4,57.4,0.0340538,17.9557
20500,9694.04,0.591677,32.846,32.81,0.0562027,4808.83,2459.72,15345.7,767.286,601.477,928.661,0,0,0,29.3982,149.858,130.968,148.32,0.218825,0.425464,1.96587,1.58337,0.00592068,0.156153,0.15175,0.340043,0.0615732,1.40575,0.518321,0.443632,0.0216119,0.595431,0.511532,0.106,0.506116,1.75631,10,53.4,0.0319924,19.0048
21000,9715.24,0.592971,32.738,32.952,0.0575341,4697.55,2457.12,15138.4,756.922,539.906,922.079,0,0,0,28.9541,150.161,133.973,151.36,0.217725,0.423581,1.94762,1.55844,0.0059351,0.158074,0.153608,0.343247,0.0622361,1.39446,0.512737,0.439014,0.0213035,0.595332,0.51158,0.09,0.504217,1.73997,9,50.4,0.0293714,19.178
21500,9764.32,0.595967,33.052,33.058,0.060857,4665.15,2465.59,15303.6,765.179,554.022,938.338,0,0,0,29.1033,149.805,137.042,154.16,0.217286,0.422912,1.93544,1.5678,0.0059457,0.160183,0.155309,0.346774,0.0625231,1.38832,0.521799,0.445948,0.0219941,0.594918,0.512081,0.102,0.514826,1.75917,9.8,58.4,0.0336468,19.0667
22000,9803.96,0.598386,33.39,33.104,0.0538464,4748.26,2473.79,15739.4,786.971,594.906,966.074,0,0,0,29.8493,149.802,140.271,157.98,0.217463,0.423279,1.90754,1.60589,0.00598005,0.161578,0.156942,0.349545,0.0639779,1.39124,0.525649,0.447715,0.0221502,0.594308,0.512926,0.084,0.514758,1.76729,9.6,59.2,0.0342075,19.0319
22500,9785.12,0.597236,33.06,32.998,0.0629872,4872.28,2464.62,15951.1,797.555,634.648,962.978,0,0,0,30.3931,149.953,143.43,163.64,0.217445,0.423199,1.86322,1.63029,0.00599236,0.163132,0.158838,0.351847,0.0653111,1.40589,0.520342,0.445096,0.0220878,0.594113,0.512515,0.096,0.507026,1.74912,9,52.4,0.0301911,18.8555
23000,9797.14,0.59797,33.238,33.214,0.0601998,4921.55,2461.07,15738.7,786.937,661.668,954.005,0,0,0,30.0564,149.539,146.531,165.62,0.216566,0.421409,1.85022,1.60711,0.00599693,0.164614,0.160253,0.353784,0.0653923,1.40958,0.516062,0.440618,0.0215352,0.594099,0.512424,0.058,0.50888,1.74739,9.8,54.4,0.030817,18.9526
23500,9837.64,0.600442,33.418,33.392,0.0551856,4852.36,2464.38,15534.2,776.711,613.763,949.602,0,0,0,29.6048,150.359,149.772,168.24,0.215236,0.418797,1.85897,1.57954,0.00600016,0.166567,0.161909,0.355159,0.0666129,1.39777,0.519195,0.442054,0.0217184,0.594187,0.51245,0.104,0.511725,1.76682,10.8,60.6,0.0357046,18.9901
24000,9872.9,0.602594,33.192,33.238,0.0554739,4747.92,2464.63,15343.3,767.165,549.582,944.56,0,0,0,29.1655,150.175,153.021,172.72,0.214011,0.416483,1.84673,1.55447,0.00599588,0.168733,0.163262,0.356556,0.0670391,1.38711,0.517836,0.441549,0.0216419,0.594702,0.51226,0.092,0.50717,1.75188,8.8,57,0.0326207,19.2151
24500,9882.98,0.603209,33.324,33.44,0.0567467,4707.91,2464.47,15450,772.499,573.69,956.793,0,0,0,29.3342,150.052,156.13,175.88,0.213869,0.416271,1.82604,1.56379,0.00600411,0.170632,0.1641,0.358308,0.0673513,1.38422,0.51806,0.442598,0.0216096,0.594871,0.512022,0.09,0.503009,1.75203,10.8,56.2,0.0322936,19.2064
25000,9896.26,0.60402,33.51,33.256,0.0499917,4780.5,2471.43,15836.4,791.822,607.975,976.274,0,0,0,30.0101,149.782,159.048,178.62,0.214428,0.417473,1.83157,1.60082,0.0060116,0.171492,0.164746,0.359712,0.0681632,1.38764,0.51961,0.445159,0.0217578,0.595043,0.511976,0.11,0.512059,1.75092,9,55.4,0.0315335,19.1511
25500,9861.76,0.601914,33.494,33.436,0.0607924,4898.78,2459.96,16017.2,800.86,641.441,989.347,0,0,0,30.5455,149.831,162.263,182.3,0.214456,0.417577,1.79758,1.62439,0.00602063,0.172901,0.166361,0.361357,0.0699756,1.4022,0.519457,0.445544,0.021976,0.59488,0.511135,0.122,0.512287,1.74495,9.2,54.2,0.0307493,18.9585
26000,9881.14,0.603097,33.448,33.47,0.0541118,4946.49,2457.67,15844.5,792.226,668.081,970.344,0,0,0,30.245,149.94,165.382,185.12,0.213782,0.416318,1.76507,1.6041,0.00603031,0.174207,0.166686,0.363064,0.0707765,1.40465,0.514506,0.441759,0.0212277,0.594983,0.510802,0.074,0.506574,1.7396,8.6,53.8,0.0303232,18.9575
26500,9935.18,0.606395,33.652,33.582,0.0535169,4885.53,2462.9,15628.9,781.443,626.148,967.314,0,0,0,29.7344,150.235,168.507,187.64,0.212883,0.414453,1.74228,1.57381,0.0060452,0.175841,0.167751,0.364649,0.0708954,1.39375,0.512814,0.439856,0.0210207,0.594633,0.510848,0.102,0.509328,1.74165,9.8,54.8,0.0313897,19.2171
27000,9953.2,0.607495,33.53,33.822,0.055157,4769.98,2465.85,15393.7,769.686,553.378,967.456,0,0,0,29.2522,150.293,171.689,192.02,0.212316,0.413332,1.75392,1.54715,0.00605598,0.177239,0.168231,0.366471,0.0715882,1.38224,0.518233,0.442776,0.0214139,0.595271,0.510125,0.116,0.508129,1.75493,10.8,50.8,0.0297663,19.1387
27500,9927.78,0.605944,33.388,33.37,0.0566518,4721.72,2460.62,15443.1,772.156,585.847,957.455,0,0,0,29.4051,149.966,174.914,195.44,0.212884,0.414366,1.73389,1.55611,0.00606322,0.178212,0.168174,0.367597,0.0728048,1.38209,0.515478,0.442974,0.0212029,0.595131,0.510143,0.084,0.505814,1.73203,8.6,46,0.0262711,19.099
28000,9922.3,0.605609,33.774,33.54,0.0487125,4787.41,2463.8,15811.1,790.554,616.075,988.896,0,0,0,30.161,149.783,178.102,199.18,0.213693,0.416052,1.72691,1.59426,0.00607391,0.179111,0.169599,0.36851,0.074495,1.38591,0.523158,0.447895,0.0218377,0.594586,0.510993,0.102,0.511959,1.75024,9.4,55,0.0310455,19.157
28500,9913.32,0.605061,33.546,33.484,0.059469,4911.77,2457.48,16031.8,801.59,649.955,993.413,0,0,0,30.6657,150.378,181.224,203.66,0.213758,0.416301,1.68658,1.61735,0.00608524,0.180472,0.170739,0.369379,0.0768363,1.39867,0.515209,0.441246,0.021638,0.594225,0.510459,0.092,0.509564,1.74206,10.6,54.4,0.030636,19.2083
29000,9933.82,0.606312,33.35,33.338,0.0551565,4962.06,2458.04,15856.8,792.842,677.989,972.036,0,0,0,30.3406,150.005,184.27,205.8,0.213265,0.415275,1.66422,1.59691,0.0060885,0.182097,0.172056,0.369831,0.076779,1.40151,0.514622,0.440307,0.0213161,0.594639,0.510049,0.114,0.50519,1.75133,12,57.4,0.0329337,18.9943
29500,9903.78,0.604479,33.752,33.834,0.0532208,4873.45,2446.46,15514.9,775.746,632.286,978.467,0,0,0,29.866,150.247,187.499,210.2,0.212482,0.413862,1.6733,1.56713,0.00609613,0.183236,0.173545,0.370875,0.0771021,1.39455,0.514627,0.441291,0.0211336,0.594813,0.510138,0.102,0.50923,1.74322,9.8,52.2,0.0296657,19.0306
30000,9955.28,0.607622,33.398,33.606,0.0543896,4770.68,2459,15369.1,768.456,566.996,958.692,0,0,0,29.4118,150.484,190.528,213.16,0.211959,0.413059,1.69221,1.54448,0.00608722,0.184481,0.174227,0.371933,0.0772673,1.38171,0.523732,0.447446,0.0214622,0.595205,0.510862,0.082,0.515273,1.75975,11.2,55.8,0.0317824,19.0367
30500,9963.4,0.608118,33.454,33.516,0.056732,4725.72,2460.24,15474.2,773.708,583.142,962.345,0,0,0,29.5417,149.952,193.652,216.32,0.211942,0.413047,1.68968,1.55383,0.00610393,0.186093,0.174602,0.371977,0.0788269,1.3782,0.526469,0.449217,0.0215846,0.59554,0.511001,0.106,0.511683,1.7679,9.8,59.4,0.0340556,19.0985
31000,9933.3,0.606281,33.906,33.5,0.0501324,4787.08,2454.81,15823.9,791.197,612.163,996.103,0,0,0,30.3072,149.732,196.941,218.5,0.212454,0.414091,1.69055,1.59363,0.00612463,0.187736,0.1759,0.372344,0.0807738,1.38453,0.519288,0.443115,0.0217502,0.595043,0.511793,0.114,0.50876,1.75601,11,56,0.0322077,19.2276
31500,9922.98,0.605651,33.48,33.498,0.0586208,4914.75,2456.78,16028.1,801.407,657.354,992.89,0,0,0,30.751,150.362,200.082,221.44,0.213072,0.415367,1.69143,1.61542,0.00613322,0.189149,0.176671,0.37336,0.0821627,1.39797,0.515575,0.442018,0.0216745,0.594689,0.511584,0.096,0.511382,1.73945,9.2,54.8,0.0309281,19.1166
32000,9961.68,0.608013,33.702,33.706,0.0562211,4966.22,2463.92,15795.5,789.777,678.012,980.328,0,0,0,30.2804,149.574,203.338,225.16,0.212911,0.415023,1.67569,1.58615,0.00611873,0.190122,0.178444,0.374893,0.0814315,1.39896,0.522142,0.443962,0.0215254,0.593787,0.511965,0.114,0.513622,1.7641,8.8,61.2,0.0343928,19.1564
32500,9938.28,0.606584,33.844,33.868,0.0583165,4881.77,2453.86,15471.6,773.581,637.455,973.515,0,0,0,29.8552,150.122,206.515,228.16,0.211845,0.412942,1.70076,1.55748,0.00611565,0.191573,0.180632,0.37526,0.0801558,1.3924,0.518596,0.443835,0.0212338,0.593496,0.512943,0.12,0.51389,1.74923,9.8,59.4,0.0332999,19.1645
33000,9960.1,0.607916,33.312,33.51,0.0553008,4771.07,2456.28,15276.2,763.812,572.686,958.124,0,0,0,29.4452,150.392,209.532,231.34,0.211237,0.411623,1.70575,1.53407,0.00611894,0.192652,0.18239,0.375627,0.0806516,1.38148,0.521045,0.443508,0.0214643,0.593741,0.512368,0.1,0.509798,1.76776,10.8,59,0.0342579,19.0355
33500,9965.36,0.608237,33.726,33.722,0.0512818,4727.72,2457.94,15359.1,767.957,588.164,973.147,0,0,0,29.5148,149.954,212.604,235.42,0.211493,0.411979,1.69664,1.54183,0.00612958,0.193355,0.182714,0.375977,0.0817689,1.37849,0.515223,0.440199,0.0213066,0.593467,0.511931,0.088,0.511444,1.74654,9.6,54.8,0.0311317,18.9903
34000,9966.42,0.608302,33.782,33.508,0.0480526,4799.61,2463.95,15735.9,786.793,623.931,991.104,0,0,0,30.2596,150.062,215.772,238.78,0.212234,0.413326,1.71351,1.57961,0.00613711,0.194767,0.184915,0.376991,0.0830812,1.38358,0.517206,0.44145,0.0214285,0.592686,0.511395,0.106,0.508144,1.74975,10.4,55.6,0.0314628,19.0569
34500,9931.96,0.606199,33.526,33.622,0.0603776,4915.28,2465.3,15814.3,790.717,663.108,990.645,0,0,0,30.6161,149.909,218.954,241.04,0.212803,0.414226,1.76772,1.59257,0.00613402,0.196321,0.187821,0.377658,0.0832851,1.39709,0.522664,0.447214,0.0217313,0.591889,0.510852,0.118,0.515141,1.76374,10.8,57.4,0.0329426,19.1423
35000,9965.26,0.608231,33.646,33.602,0.0552239,4966.11,2471.72,15555.8,777.792,687.704,973.32,0,0,0,30.1589,149.892,222.31,243.56,0.212537,0.413637,1.76412,1.56166,0.00613667,0.197403,0.190011,0.37841,0.0835933,1.39835,0.523989,0.446918,0.0216145,0.591334,0.511067,0.104,0.507727,1.76342,9,60,0.0340729,19.0964
35500,9958.6,0.607825,33.904,33.928,0.0559553,4889.55,2467.58,15246.8,762.338,645.149,971.918,0,0,0,29.7201,150.08,225.34,246.98,0.212033,0.412551,1.7761,1.53179,0.00613581,0.198753,0.19131,0.379231,0.0838024,1.39153,0.517765,0.44306,0.0213842,0.590557,0.511411,0.088,0.51488,1.74818,9,55.8,0.0313498,19.0962
36000,9986,0.609497,33.638,33.828,0.053519,4778.41,2472.57,15045.2,752.259,575.428,964.962,0,0,0,29.3107,150.248,228.341,251.28,0.21134,0.411129,1.7956,1.50704,0.00615857,0.200721,0.193429,0.38112,0.0853331,1.38008,0.524839,0.446637,0.0218318,0.590935,0.511095,0.084,0.508599,1.77168,10,62.4,0.0352957,19.2377
36500,9986.16,0.609507,33.592,33.58,0.0579184,4730.88,2476.22,15093.3,754.665,592.871,959.156,0,0,0,29.3942,149.803,231.37,254.78,0.211528,0.411539,1.82286,1.51197,0.00616988,0.202619,0.196514,0.38237,0.0854742,1.37655,0.522909,0.44765,0.02182,0.591634,0.511335,0.108,0.510281,1.75513,9.4,57.6,0.0318164,19.0681
37000,9978.56,0.609043,33.874,33.538,0.0494702,4800.27,2475.79,15451.5,772.576,624.581,988.701,0,0,0,30.1112,149.908,234.407,258.52,0.212055,0.412593,1.80014,1.5495,0.00617108,0.20398,0.19889,0.383663,0.0867354,1.38203,0.533354,0.455031,0.0224739,0.591914,0.511215,0.116,0.518772,1.77465,9.4,65.2,0.0361284,19.0068
37500,9955.5,0.607635,33.75,33.884,0.0598718,4918.16,2477.22,15549.9,777.497,668.42,993.783,0,0,0,30.5424,150.16,237.515,262.52,0.212447,0.413191,1.85158,1.56225,0.00618158,0.205287,0.201822,0.384878,0.0873904,1.39466,0.524528,0.446232,0.0224364,0.59232,0.511602,0.09,0.509874,1.76945,10.4,63.6,0.0358837,19.1419
38000,9956.16,0.607676,33.656,33.674,0.0567577,4960.13,2475.03,15200.6,760.032,698.019,977.057,0,0,0,30.1821,149.871,240.83,266.08,0.211673,0.411563,1.8775,1.52753,0.00618597,0.206212,0.203697,0.385392,0.0883291,1.39809,0.520893,0.447286,0.0219778,0.592565,0.512522,0.096,0.513953,1.74778,9.4,55,0.0309724,19.0039
38500,9936.74,0.60649,33.626,33.778,0.0561275,4876.36,2471.42,14824.6,741.231,657.79,961.242,0,0,0,29.6045,150.007,244.075,270.66,0.211183,0.410749,1.90955,1.49276,0.00619707,0.207243,0.204392,0.386018,0.0888225,1.39111,0.532848,0.455115,0.0224967,0.593265,0.513349,0.106,0.514433,1.77001,9.4,54.6,0.0308436,19.8143
39000,9953.5,0.607513,33.606,33.75,0.0566285,4767.26,2472.86,14651.9,732.595,590.175,957.918,0,0,0,29.2539,150.235,247.267,274.74,0.210618,0.409981,1.92282,1.47269,0.00621553,0.208401,0.204874,0.387502,0.0893465,1.38147,0.522788,0.447593,0.0222934,0.593994,0.514019,0.106,0.511504,1.75965,10,54.6,0.0314538,20.2472
39500,9955.96,0.607664,33.43,33.262,0.0554769,4725.6,2472.07,14735.9,736.797,608.07,956.361,0,0,0,29.4602,150.004,250.34,276.62,0.210491,0.409789,1.91788,1.48114,0.00622425,0.209975,0.205749,0.388449,0.0893337,1.37912,0.526723,0.448928,0.0222352,0.594471,0.51497,0.094,0.510072,1.77891,9.6,63.4,0.0363276,20.6259
40000,9939.02,0.60663,33.928,33.758,0.0525053,4791.13,2475.22,15046.4,752.318,636.994,995.426,0,0,0,30.0884,149.781,253.417,281.32,0.210978,0.410786,1.96338,1.515,0.00625173,0.211362,0.207138,0.389983,0.0897196,1.38495,0.526591,0.44798,0.0226603,0.595904,0.513688,0.088,0.513486,1.77612,9.6,63,0.0362903,17.8228
40500,9894.92,0.603938,33.528,33.646,0.068464,4902.35,2478.98,15108.3,755.415,680.155,986.251,0,0,0,30.5172,150.187,256.51,285.44,0.212083,0.41278,2.04639,1.52724,0.0062793,0.21247,0.208187,0.391438,0.0913701,1.39872,0.518714,0.442819,0.0230716,0.596583,0.512643,0.088,0.511005,1.75306,10,56.6,0.0323068,18.9601
41000,9898.62,0.604164,33.342,33.43,0.057714,4946.29,2482.25,14711.3,735.564,710.346,965.339,0,0,0,30.1,149.874,259.68,289.36,0.212268,0.413139,2.05875,1.48723,0.00629658,0.214042,0.211842,0.391646,0.0923856,1.40243,0.522832,0.44662,0.0227387,0.596683,0.512257,0.112,0.511872,1.77187,10.2,64,0.0367332,19.5999
41500,9902.22,0.604384,33.656,33.762,0.0554297,4867.9,2487.2,14258.1,712.906,665.348,961.317,0,0,0,29.5022,150.144,262.778,293.04,0.212385,0.41341,2.09429,1.44093,0.00633145,0.215012,0.214484,0.392544,0.0933336,1.39338,0.521356,0.443967,0.0226583,0.597048,0.511739,0.108,0.511156,1.76417,9,59.4,0.0340803,19.6749
42000,9904.92,0.604548,33.188,33.3,0.0561228,4750.45,2487.84,14004.3,700.216,606.745,942.075,0,0,0,29.1107,150.414,265.819,297.58,0.212273,0.413183,2.10227,1.41478,0.00636775,0.215872,0.216593,0.392817,0.0933546,1.38331,0.515725,0.443668,0.0223935,0.597908,0.511677,0.108,0.507478,1.73115,10.4,49.2,0.028322,19.4886
42500,9854.9,0.601495,33.414,33.406,0.0621538,4694.75,2478.85,14073.2,703.663,613.533,951.328,0,0,0,29.2556,149.471,268.913,300.96,0.212389,0.41318,2.12959,1.42906,0.0063693,0.216837,0.217867,0.393235,0.09204,1.38413,0.520319,0.444559,0.0227071,0.599122,0.51177,0.088,0.50734,1.75975,9.8,58,0.0333269,19.502
43000,9837.5,0.600433,33.678,33.418,0.0593782,4758.15,2480.7,14372.7,718.634,646.679,979.192,0,0,0,29.8424,149.547,272.157,304.24,0.213555,0.41528,2.12965,1.46184,0.00638763,0.217593,0.219558,0.393394,0.0927729,1.38961,0.516997,0.441023,0.0230347,0.599723,0.510526,0.106,0.510376,1.7594,10.4,58.2,0.0337177,19.4717
43500,9792.42,0.597682,33.264,33.24,0.0681488,4876.08,2476.28,14401.2,720.062,695.771,975.024,0,0,0,30.3298,149.686,275.208,305.92,0.213997,0.415813,2.16755,1.47131,0.00640236,0.218523,0.222305,0.393237,0.0942251,1.40566,0.512102,0.43736,0.0231282,0.60084,0.509379,0.086,0.50377,1.75343,9.4,63,0.0369034,18.9333
44000,9852.94,0.601376,33.16,33.482,0.0666347,4936.93,2492.28,14037.6,701.882,730.397,961.488,0,0,0,29.8682,149.559,278.519,309.06,0.213743,0.415075,2.19132,1.42622,0.00641654,0.219804,0.22429,0.392909,0.095451,1.40608,0.511034,0.435617,0.0228858,0.601705,0.508218,0.1,0.509794,1.74072,9.4,55.4,0.0318635,18.6437
44500,9853.56,0.601414,33.63,33.682,0.059608,4851.02,2494.73,13548.5,677.427,690.829,954.245,0,0,0,29.2738,150.162,281.713,311.78,0.212965,0.413522,2.26056,1.37611,0.00643306,0.220129,0.22705,0.391743,0.0966112,1.39487,0.509416,0.435221,0.0230682,0.602832,0.508362,0.096,0.502039,1.74733,9.8,58.2,0.0339804,18.3813
45000,9819.84,0.599355,33.1,33.118,0.058237,4724.13,2489.03,13318,665.899,618.524,936.911,0,0,0,28.9714,150.049,285.066,315.12,0.212834,0.413101,2.29305,1.35719,0.0064342,0.220041,0.228675,0.392951,0.0984821,1.38704,0.519814,0.443554,0.0232961,0.603756,0.508866,0.112,0.513259,1.75342,9.4,54.6,0.0313327,17.3934
45500,9786.2,0.597302,33.262,33.128,0.0619563,4670.23,2481.97,13385,669.251,623.327,942.343,0,0,0,29.0245,149.187,288.314,319.28,0.213018,0.413404,2.29713,1.36939,0.00645018,0.220774,0.228752,0.393906,0.0990347,1.38632,0.523571,0.446004,0.0235453,0.605026,0.508472,0.118,0.512866,1.77393,11,64.8,0.0376276,17.7913
46000,9803.74,0.598373,33.48,33.304,0.0601038,4751.89,2491.67,13711.6,685.578,669.524,972.643,0,0,0,29.6787,149.906,291.558,323.56,0.213337,0.414087,2.33496,1.40007,0.00645208,0.222159,0.231367,0.394194,0.0997353,1.39205,0.513957,0.439882,0.0236227,0.605713,0.508516,0.12,0.511828,1.74467,9.6,57,0.0322184,17.6327
46500,9782.12,0.597053,33.13,33.294,0.0682784,4873.65,2493.4,13691,684.548,718.122,973.025,0,0,0,30.0898,149.853,294.524,326.02,0.213499,0.414367,2.39617,1.40013,0.00645071,0.223479,0.233452,0.394123,0.100539,1.40596,0.510122,0.438204,0.0236572,0.606854,0.509299,0.112,0.513896,1.73553,9.4,52.4,0.030553,17.5579
47000,9829.78,0.599962,33.222,33.384,0.0654681,4929.28,2510.19,13191.7,659.587,751.361,959.392,0,0,0,29.5586,149.693,297.708,328.82,0.21332,0.414122,2.45647,1.34318,0.00645587,0.224264,0.233927,0.393638,0.101222,1.40679,0.51066,0.436652,0.0240139,0.607487,0.509748,0.07,0.508818,1.73413,8.6,54.2,0.0304608,17.6682
47500,9854.7,0.601483,33.706,33.604,0.0627679,4849.83,2512.45,12740.7,637.034,711.036,949.648,0,0,0,28.9855,149.703,300.924,332.64,0.212334,0.412397,2.48155,1.2938,0.00648444,0.225189,0.236793,0.393192,0.101878,1.39411,0.503139,0.430873,0.0236459,0.608272,0.509523,0.104,0.508303,1.73436,12,51.2,0.0301782,17.6212
48000,9821.76,0.599473,33.146,33.134,0.0620962,4718.97,2503.16,12527.9,626.396,638.143,930.759,0,0,0,28.6388,150.126,303.966,335.52,0.211389,0.410813,2.52487,1.27641,0.00651425,0.22657,0.238513,0.39457,0.101882,1.38502,0.503811,0.433384,0.0236553,0.608634,0.510347,0.1,0.504949,1.7205,8.8,51,0.0286498,17.5738
48500,9826.3,0.59975,33.394,33.288,0.0654861,4681.89,2505.85,12705.7,635.286,645.56,947.255,0,0,0,28.6914,149.219,307.153,340.08,0.211532,0.411207,2.52991,1.29481,0.00652109,0.227883,0.240145,0.394211,0.100724,1.38375,0.50721,0.433973,0.0239781,0.6096,0.510769,0.108,0.509806,1.73681,10.4,53.4,0.0309415,17.3047
49000,9774.2,0.59657,33.506,33.464,0.0658515,4737.11,2494.79,13007.3,650.366,683.312,974.774,0,0,0,29.3571,149.419,310.286,342.54,0.211612,0.411301,2.55291,1.3318,0.00650681,0.229713,0.243124,0.394404,0.100002,1.39139,0.506923,0.433445,0.0243006,0.609851,0.511372,0.09,0.511916,1.73124,8.6,52.6,0.0298571,17.466
49500,9771.42,0.5964,33.134,33.224,0.075227,4866.62,2501.1,12981.1,649.054,747.456,964.388,0,0,0,29.8437,150.128,313.464,343.1,0.211498,0.411067,2.62076,1.32901,0.00648425,0.231059,0.24559,0.394813,0.0997082,1.40496,0.505034,0.432516,0.0247835,0.609792,0.512306,0.108,0.511166,1.73308,10.2,53,0.0309214,17.5613
50000,9818.94,0.599301,33.31,33.57,0.071871,4923.29,2511.91,12445.4,622.269,781.357,957.317,0,0,0,29.3519,149.345,316.779,345.56,0.210935,0.409971,2.64805,1.26902,0.00648341,0.231941,0.247615,0.395697,0.099064,1.40658,0.507324,0.434139,0.0242455,0.608884,0.513083,0.086,0.514918,1.74056,9.4,53,0.0307762,17.7157
50500,9820.5,0.599396,33.712,33.706,0.0737466,4833.4,2511.86,11990.3,599.516,739.401,944.206,0,0,0,28.8452,149.645,320.066,350.4,0.210151,0.408745,2.69229,1.22211,0.00649696,0.232764,0.249611,0.396739,0.100022,1.39415,0.51402,0.437277,0.0248305,0.609541,0.513894,0.112,0.513794,1.76337,10.4,60.2,0.0360941,17.5765
51000,9776.68,0.596721,33.178,32.934,0.0668342,4698.47,2491.44,11877.6,593.878,664.347,927.968,0,0,0,28.6074,150.09,323.094,354.98,0.209314,0.407391,2.65309,1.21612,0.00650194,0.234191,0.252039,0.397421,0.100816,1.385,0.505573,0.432588,0.0244322,0.6094,0.514835,0.09,0.51314,1.74002,10.4,54.6,0.0318532,17.6475
51500,9768.02,0.596193,33.194,33.234,0.0724508,4657.9,2491.52,12108.4,605.418,672.106,939.804,0,0,0,28.673,149.183,325.886,355.22,0.209743,0.408085,2.64378,1.24071,0.00647674,0.235305,0.254329,0.398068,0.0994029,1.38477,0.51126,0.435829,0.0240599,0.609154,0.516988,0.074,0.512666,1.74637,10,61.8,0.0354462,17.6805
52000,9744.04,0.594729,33.56,33.38,0.0757591,4725.66,2493.95,12461.2,623.059,701.885,971.242,0,0,0,29.3908,149.115,328.866,358.66,0.210322,0.40917,2.6868,1.28012,0.00645747,0.236005,0.255362,0.399458,0.0992716,1.39185,0.518997,0.441748,0.0252719,0.608968,0.518463,0.098,0.523729,1.76825,11.2,63.2,0.0368391,17.6924
52500,9761.74,0.595809,33.276,33.704,0.0827566,4859.6,2507.46,12355.4,617.771,762.949,976.889,0,0,0,29.7766,149.894,332.048,363.26,0.210516,0.409354,2.76753,1.26639,0.00644726,0.236513,0.256878,0.399952,0.100311,1.40386,0.514769,0.437257,0.0254921,0.608063,0.519539,0.096,0.51664,1.76415,11,59.6,0.0357206,17.4939
53000,9752.64,0.595254,33.15,33.23,0.0803861,4898.17,2508.23,11693.3,584.663,801.978,943.473,0,0,0,29.2708,149.018,335.235,366.12,0.210242,0.408706,2.83109,1.20023,0.00645902,0.237043,0.258598,0.399412,0.099322,1.40876,0.510434,0.435462,0.0252609,0.608244,0.520784,0.104,0.520147,1.74148,9.2,55.8,0.0319863,17.6595
53500,9742.7,0.594647,33.736,33.616,0.0762593,4810.9,2505.08,11245.6,562.281,758.256,945.409,0,0,0,28.7863,149.093,338.306,369.38,0.209657,0.407518,2.85837,1.15492,0.00645597,0.238131,0.260079,0.39938,0.098782,1.39802,0.510815,0.434858,0.0250863,0.608235,0.52173,0.124,0.520878,1.74983,9.6,54,0.0317655,17.6649
54000,9727.16,0.593699,33.132,32.918,0.073211,4673.25,2498.4,11147.1,557.353,682.534,923.686,0,0,0,28.4378,149.547,341.205,372.52,0.209156,0.406756,2.85698,1.14726,0.00646384,0.239287,0.261875,0.400036,0.0984717,1.38405,0.518328,0.439639,0.025659,0.608782,0.523604,0.09,0.527536,1.78785,13.4,62.2,0.0378885,17.6247
54500,9682.78,0.59099,33.14,33.156,0.0798904,4627.07,2488.13,11367.4,568.369,690.283,928.869,0,0,0,28.5823,148.431,344.114,375.6,0.209017,0.406484,2.86158,1.17511,0.00643013,0.240067,0.263039,0.40006,0.096302,1.3865,0.524685,0.444688,0.0257289,0.608932,0.525548,0.094,0.526608,1.7892,10.2,65.4,0.0391478,17.4916
55000,9671.7,0.590314,33.46,33.558,0.0822118,4699.38,2493.09,11652.6,582.632,726.046,970.999,0,0,0,29.2232,149.005,347.249,378.4,0.209684,0.407781,2.91085,1.20594,0.00640556,0.240165,0.263935,0.399591,0.0970895,1.39365,0.518005,0.440632,0.0255425,0.609047,0.526272,0.12,0.521871,1.77018,9.8,64.2,0.0377977,17.3364
55500,9690.52,0.591462,32.992,33.354,0.0907334,4834.86,2517.64,11382,569.099,790.337,959.675,0,0,0,29.5205,149.832,350.496,382.66,0.21069,0.409364,3.04151,1.17545,0.0064165,0.239864,0.267069,0.398994,0.0992339,1.40643,0.526936,0.446834,0.0265204,0.609299,0.527071,0.1,0.527159,1.80199,12.4,61.6,0.0379394,17.1494
56000,9646.16,0.588755,32.79,32.922,0.082251,4868.06,2518.86,10590,529.498,830.207,931.234,0,0,0,29.0556,149.183,353.671,384.36,0.211398,0.410408,3.14015,1.0984,0.00640996,0.239758,0.269383,0.397803,0.100317,1.415,0.528277,0.448408,0.0261511,0.609644,0.527736,0.082,0.536143,1.79348,11.6,63.8,0.0384383,17.0783
56500,9596.24,0.585708,33.418,33.242,0.0820448,4755.14,2508.76,10057.4,502.869,781.221,922.83,0,0,0,28.4125,148.588,357.063,387.4,0.211327,0.410012,3.16867,1.04841,0.00641762,0.240447,0.271423,0.397263,0.100916,1.40203,0.532119,0.45169,0.0267583,0.60901,0.528712,0.14,0.533701,1.80645,10.6,66,0.0402516,17.1578
57000,9539.12,0.582222,32.646,32.598,0.0853244,4609.39,2495.94,9949.27,497.464,704.246,899.872,0,0,0,28.0919,149.378,360.351,389.12,0.211767,0.410605,3.17756,1.04309,0.00641525,0.240444,0.272077,0.397816,0.102861,1.39232,0.524687,0.444841,0.0260736,0.608785,0.530066,0.13,0.525376,1.7967,12.8,63.6,0.0394259,17.005
57500,9531.06,0.58173,32.588,32.752,0.0872335,4573.44,2505.28,10032,501.6,713.55,908.205,0,0,0,28.1482,148.49,363.658,393.16,0.212135,0.411085,3.26674,1.05256,0.00636852,0.240418,0.273516,0.397588,0.101943,1.3926,0.5217,0.442278,0.0259137,0.608418,0.531905,0.112,0.530934,1.781,9.8,63.8,0.0386397,16.9985
58000,9508.88,0.580376,33.034,33.086,0.0935889,4642.84,2512.2,10177.2,508.861,749.968,944.317,0,0,0,28.8635,148.551,366.739,393.54,0.212859,0.412147,3.35183,1.07043,0.00630938,0.239927,0.274738,0.395697,0.100621,1.40023,0.529639,0.44806,0.0271123,0.607051,0.532675,0.112,0.534912,1.79588,10.8,66.4,0.0394793,17.0277
58500,9457.42,0.577235,32.64,32.898,0.103426,4756.34,2515.56,9831.49,491.575,814.591,933.924,0,0,0,29.212,149.099,369.906,394.78,0.213466,0.413052,3.49689,1.03976,0.00630583,0.239192,0.275713,0.393795,0.101414,1.41806,0.527544,0.446408,0.0273264,0.607291,0.532694,0.122,0.532489,1.79608,10.4,65.4,0.0400567,17.1345
59000,9427.38,0.575402,32.31,32.326,0.0987806,4792.58,2511.18,9199.49,459.975,858.501,903.69,0,0,0,28.8594,148.237,373.383,398.22,0.213159,0.412421,3.56466,0.975665,0.00633163,0.238736,0.276622,0.391724,0.102785,1.42574,0.520695,0.44327,0.0272936,0.607598,0.53347,0.122,0.527371,1.78479,11,60.4,0.0378715,17.5135
59500,9412,0.574463,33.108,32.97,0.0998152,4697.37,2511.81,8721.67,436.084,800.372,907.366,0,0,0,28.168,148.153,376.746,401.84,0.212847,0.411919,3.62971,0.926517,0.00634528,0.238471,0.276808,0.389915,0.103435,1.41308,0.530807,0.448977,0.0278229,0.607564,0.53453,0.134,0.541419,1.82248,13.4,62.6,0.0404367,17.7179
60000,9404.5,0.574005,32.39,32.354,0.094126,4572.98,2510.41,8646.67,432.334,726.355,890.397,0,0,0,27.8552,148.802,380.13,406.88,0.212451,0.411045,3.65875,0.919493,0.00630731,0.238858,0.278287,0.389148,0.102854,1.40105,0.525941,0.444854,0.0278063,0.606897,0.535723,0.11,0.541845,1.80973,12,71,0.0447825,15.274
60500,9319.62,0.568824,31.97,32.482,0.101519,4499.77,2490.2,8708.62,435.431,736.759,900.74,0,0,0,28.0259,148.668,383.275,409.96,0.212155,0.410419,3.69697,0.93316,0.00626457,0.239254,0.280557,0.388942,0.100744,1.40152,0.528151,0.446655,0.0278786,0.606154,0.53624,0.114,0.534128,1.79915,10.2,68.8,0.042307,16.1891
61000,9328.04,0.569338,32.456,32.282,0.0986758,4584.59,2502.06,8804.95,440.248,782.585,927.016,0,0,0,28.681,147.89,386.586,412.5,0.212443,0.410783,3.78607,0.94369,0.00624132,0.23786,0.280189,0.386535,0.0991924,1.41039,0.53119,0.449923,0.0278767,0.606496,0.536727,0.094,0.535172,1.80692,9.6,66.4,0.0416697,16.6969
61500,9267.88,0.565667,32.192,32.362,0.108286,4695.03,2498.11,8471.44,423.572,844.286,926.645,0,0,0,29.1379,148.582,389.919,416.7,0.212189,0.410204,3.93617,0.913464,0.00623712,0.236821,0.279347,0.384582,0.0987882,1.4292,0.526623,0.446638,0.0287082,0.606053,0.53638,0.102,0.535311,1.79193,10.2,66.2,0.040549,16.8964
62000,9238.48,0.563872,32.072,31.892,0.104643,4726.97,2497.76,7841.09,392.055,894.657,891.493,0,0,0,28.6944,148.207,393.148,418.32,0.212056,0.409981,4.0279,0.847971,0.00625218,0.237332,0.280372,0.383837,0.0981529,1.4347,0.524901,0.444454,0.028302,0.605137,0.536089,0.092,0.537571,1.80034,11,63.6,0.0403161,17.0267
62500,9217.38,0.562584,32.156,32.06,0.101163,4639.33,2496.88,7410.74,370.537,833.121,885.514,0,0,0,28.0154,148.035,396.474,422.58,0.211859,0.409604,4.08884,0.803412,0.0062633,0.237809,0.279924,0.383101,0.0980601,1.42507,0.532381,0.44896,0.0293419,0.603831,0.537299,0.114,0.547819,1.82096,12.4,68.2,0.0434411,17.0662
63000,9208.42,0.562037,32.074,32.2,0.105722,4512.22,2505.5,7141.59,357.08,762.023,878.412,0,0,0,27.4483,148.718,399.775,425.94,0.212673,0.411084,4.16389,0.774593,0.00624254,0.238119,0.278955,0.380616,0.0989414,1.41241,0.519381,0.441153,0.0288371,0.603484,0.537679,0.12,0.53611,1.77941,11.4,61,0.0386413,16.802
63500,9164.42,0.559352,31.602,32.112,0.112169,4450.78,2502.91,7117.07,355.854,782.717,877.377,0,0,0,27.4656,148.129,402.78,430.12,0.212903,0.411494,4.24676,0.77488,0.00623597,0.238197,0.278598,0.379044,0.0979639,1.40956,0.514507,0.438197,0.028196,0.603261,0.538156,0.088,0.532895,1.76651,11,62,0.0384644,16.6785
64000,9187.9,0.560785,32.132,32.068,0.105956,4534.15,2523.26,7066.79,353.34,825.363,906.443,0,0,0,28.0673,147.587,405.896,431.62,0.212999,0.411481,4.39075,0.768483,0.00622419,0.236692,0.275354,0.376085,0.0948941,1.41554,0.527358,0.448041,0.0298187,0.601893,0.538776,0.104,0.538164,1.7964,10.8,65.6,0.0418505,16.7558
64500,9144.88,0.558159,31.886,31.96,0.116845,4659.77,2531.08,6599.54,329.977,892.562,904.955,0,0,0,28.5306,148.335,409.072,432.96,0.213486,0.412153,4.57645,0.720689,0.00622569,0.234339,0.271229,0.371429,0.0952003,1.43686,0.524579,0.444287,0.0308091,0.599946,0.539631,0.124,0.534866,1.80334,10.4,64.6,0.0419704,16.8967
65000,9127.74,0.557113,32.008,31.768,0.1172,4697.41,2538.61,5936.93,296.847,934.227,871.673,0,0,0,28.1259,147.966,412.292,435.24,0.213872,0.412755,4.70316,0.649568,0.00622877,0.232675,0.267811,0.367954,0.0954128,1.4432,0.520169,0.440637,0.0303211,0.599099,0.540494,0.116,0.542961,1.80547,12.8,61.6,0.0412035,17.2445
65500,9146.7,0.55827,31.996,31.816,0.112868,4615.53,2553.82,5500.36,275.018,870.747,857.196,0,0,0,27.2346,147.635,415.438,437.52,0.214282,0.413504,4.78297,0.600973,0.00623054,0.232007,0.266506,0.365186,0.0946529,1.42847,0.525866,0.443553,0.0308971,0.598205,0.542388,0.144,0.5464,1.82669,11.8,70.4,0.0467621,17.0408
66000,9144.28,0.558123,32.12,32.098,0.113377,4499.35,2561.17,5205.35,260.267,801.257,866.068,0,0,0,26.6486,148.031,418.612,439.52,0.213937,0.412795,4.89302,0.568835,0.00623019,0.232181,0.26445,0.362784,0.0938893,1.41813,0.516593,0.439642,0.0304542,0.597007,0.543456,0.098,0.543179,1.78527,11.4,60.4,0.0396158,17.0869
66500,9143.58,0.55808,31.788,32.294,0.128378,4459.35,2577.26,5127.46,256.373,826.211,862.502,0,0,0,26.6903,147.925,421.451,442.28,0.214484,0.41372,5.0332,0.560144,0.00620278,0.231142,0.260094,0.359015,0.0918098,1.41631,0.520935,0.442107,0.0309983,0.595473,0.544774,0.136,0.548816,1.79571,9.6,65.4,0.0419308,16.9377
67000,9142.22,0.557997,32.168,31.998,0.117333,4525.58,2592.39,5053.38,252.669,865.571,891.119,0,0,0,27.357,147.538,424.339,445.52,0.215188,0.41464,5.15988,0.552483,0.00615723,0.228823,0.254472,0.353504,0.0895786,1.42088,0.531574,0.44654,0.031808,0.594606,0.5452,0.104,0.552202,1.83568,12.4,73.6,0.0481037,16.8443
67500,9031.9,0.551263,31.988,32.08,0.13776,4619.14,2577.08,4650.07,232.504,931.589,878.965,0,0,0,27.8643,147.104,427.301,451.24,0.216173,0.416291,5.2782,0.514235,0.00616321,0.226853,0.248401,0.349079,0.0884955,1.44307,0.521106,0.44031,0.0314924,0.595204,0.543971,0.094,0.547111,1.80203,12.2,73.2,0.0469516,16.9046
68000,9005.7,0.549664,31.862,31.678,0.13308,4650.34,2586.03,4182.25,209.113,960.554,846.917,0,0,0,27.4673,147.28,430.173,454.6,0.217439,0.418567,5.39072,0.463874,0.0061936,0.226741,0.247952,0.347346,0.0889112,1.44884,0.514181,0.437431,0.0310881,0.595458,0.542822,0.142,0.542053,1.76517,10.6,62.2,0.0394479,16.815
68500,9000.86,0.549369,31.686,31.852,0.135663,4577.63,2589.48,3930.1,196.505,890.193,838.699,0,0,0,26.8017,147.085,432.899,457.48,0.217606,0.41883,5.43192,0.436303,0.00620542,0.227536,0.248993,0.346945,0.0880918,1.4403,0.508864,0.43315,0.0307832,0.595144,0.541829,0.096,0.544267,1.76457,10.6,62.2,0.0401144,16.6966
69000,8978.44,0.548,31.844,31.85,0.131621,4451.94,2582.9,3817.5,190.875,814.578,844.559,0,0,0,26.2553,147.585,435.667,460.52,0.217389,0.418599,5.44668,0.424684,0.00620477,0.228204,0.247696,0.346244,0.0869616,1.42957,0.516567,0.436165,0.0311821,0.594789,0.542597,0.112,0.544354,1.81868,13.4,73,0.0490985,16.751
69500,8930.18,0.545055,31.588,31.97,0.140865,4383.9,2572.92,3861.32,193.066,841.056,849.686,0,0,0,26.4022,147.556,438.389,463.78,0.217515,0.418941,5.48218,0.431619,0.00619155,0.228914,0.249049,0.346624,0.0859117,1.42582,0.508365,0.430733,0.0306248,0.595387,0.54314,0.122,0.538056,1.77458,11,63,0.0415099,17.0137
70000,8943.26,0.545853,31.436,31.34,0.130568,4459.13,2584.6,3886.79,194.34,891.486,861,0,0,0,27.1674,147.182,441.021,467.42,0.218043,0.41991,5.53369,0.434261,0.00618854,0.228916,0.24841,0.345713,0.0851996,1.43059,0.521467,0.441827,0.0315542,0.596358,0.543729,0.114,0.548033,1.80376,10.2,68.2,0.0449318,17.2393
70500,8879.06,0.541935,31.584,31.936,0.149938,4567.44,2578.68,3667.57,183.379,940.844,867.873,0,0,0,27.6435,146.758,443.659,471.34,0.218923,0.421433,5.6175,0.412526,0.00624681,0.228797,0.248843,0.344923,0.0857773,1.45098,0.521184,0.438457,0.0322701,0.597176,0.543621,0.13,0.543715,1.82959,12,76,0.0514946,17.2512
71000,8826.7,0.538739,31.56,31.092,0.136393,4598.34,2565.44,3365.56,168.278,971.235,839.411,0,0,0,27.307,146.877,446.427,476.72,0.218809,0.421329,5.66694,0.380542,0.00629025,0.229727,0.249848,0.346567,0.0850368,1.46144,0.508183,0.430312,0.030704,0.596877,0.543908,0.088,0.534172,1.78168,11.6,66.6,0.0442881,17.2517
71500,8734.58,0.533116,30.874,30.894,0.140028,4489.64,2541.58,3172.78,158.639,908.042,814.339,0,0,0,26.8885,146.928,449.321,479.5,0.218938,0.421643,5.68221,0.362472,0.00628608,0.230415,0.250296,0.34823,0.0841308,1.45581,0.514157,0.43462,0.0310631,0.597046,0.543445,0.104,0.548545,1.79368,12.2,62.4,0.042855,17.2008
72000,8778.98,0.535826,31.402,31.552,0.14242,4388.04,2553.21,3106.25,155.313,831.19,831.156,0,0,0,26.1917,146.823,452.104,481.68,0.218398,0.420829,5.69584,0.352989,0.00628867,0.231348,0.251053,0.348538,0.0841966,1.44091,0.51407,0.435418,0.0314238,0.596847,0.542793,0.116,0.542094,1.79884,12.2,65.2,0.0448023,17.1633
72500,8775.8,0.535632,31.146,31.606,0.14801,4335.02,2556.27,3139.39,156.97,861.919,837.746,0,0,0,26.3991,147.684,454.877,482.1,0.218263,0.420781,5.74179,0.356534,0.00627104,0.232334,0.25211,0.348908,0.0834711,1.43419,0.505111,0.428146,0.03067,0.597656,0.542595,0.114,0.537844,1.78,10.4,66.4,0.0452275,17.3272
73000,8819.54,0.538302,30.934,31.018,0.137628,4432.73,2574.57,3134.91,156.746,912.767,858.241,0,0,0,27.1873,146.761,457.646,485.26,0.218888,0.422007,5.77766,0.354855,0.00626783,0.232663,0.250542,0.347383,0.0834394,1.44165,0.5117,0.435393,0.031357,0.59756,0.542334,0.094,0.543235,1.76272,11.6,58.4,0.0384483,17.2959
73500,8775.36,0.535605,31.628,31.414,0.14869,4542.39,2568.52,2941.68,147.084,961.572,862.256,0,0,0,27.7178,146.773,460.705,489.18,0.219208,0.422684,5.83476,0.334351,0.00629992,0.233724,0.249273,0.346694,0.0847664,1.46091,0.518367,0.439775,0.0321695,0.597504,0.541917,0.12,0.541939,1.7964,11,64.4,0.0436823,17.4303
74000,8735.64,0.533181,31.264,30.912,0.145043,4570.51,2563.38,2662.03,133.101,992.043,830.038,0,0,0,27.421,147.203,463.417,492.14,0.219402,0.423019,5.91129,0.303876,0.00632617,0.235338,0.250888,0.346952,0.0860209,1.46785,0.505028,0.429293,0.0306744,0.597713,0.540418,0.106,0.540019,1.76687,11.8,60.6,0.0406482,17.3036
74500,8688.22,0.530287,30.936,30.814,0.144705,4475.15,2548.05,2557.73,127.887,916.246,812.153,0,0,0,26.6767,146.045,466.228,494.78,0.219213,0.422487,5.90278,0.293664,0.0063459,0.236856,0.252264,0.348222,0.0868688,1.45891,0.507298,0.428885,0.0309295,0.59799,0.539893,0.11,0.540252,1.79094,12,61,0.0426909,17.3122
75000,8699.72,0.530989,31.492,31.622,0.152879,4354.6,2557.99,2486.2,124.31,836.218,819.116,0,0,0,25.9481,146.475,468.894,498.02,0.219789,0.423533,5.93404,0.28472,0.00633295,0.237668,0.251817,0.348738,0.087667,1.44356,0.508244,0.429841,0.0305276,0.597051,0.53881,0.114,0.539848,1.78102,11.6,60.2,0.0415579,17.4432
75500,8752.32,0.534199,31.078,31.686,0.158576,4327.83,2578.8,2519.66,125.983,873.471,829.031,0,0,0,26.3501,147.596,471.583,502.24,0.219789,0.423673,5.97929,0.286871,0.0063059,0.238162,0.249464,0.349296,0.0873088,1.43599,0.51368,0.433178,0.0308159,0.595961,0.538985,0.128,0.540973,1.80446,11,68.8,0.0471046,17.3775
76000,8781.52,0.535981,30.968,31.074,0.146514,4418.46,2593.47,2536.91,126.845,921.735,848.719,0,0,0,27.0895,146.471,474.014,504.22,0.220668,0.425242,6.00168,0.288456,0.00632415,0.23826,0.246852,0.348365,0.0860576,1.44383,0.513593,0.436044,0.0312017,0.594291,0.537937,0.092,0.539502,1.77431,10,63.4,0.0421421,17.2449
76500,8734,0.533081,31.74,31.338,0.155333,4530.51,2584.34,2354.22,117.711,968.444,850.19,0,0,0,27.6349,146.145,476.603,506.82,0.221145,0.426273,6.04992,0.268693,0.00635986,0.238315,0.244205,0.348398,0.0868933,1.46494,0.501937,0.427878,0.0313996,0.593907,0.537621,0.096,0.532594,1.76474,10.4,56.6,0.0394851,17.278
77000,8716.42,0.532008,31.446,31,0.156285,4560.19,2577.62,2132.43,106.621,999.62,821.419,0,0,0,27.3531,146.542,479.457,510.08,0.220034,0.424227,6.10005,0.244003,0.00638926,0.239055,0.242809,0.349153,0.0880713,1.46778,0.505624,0.429109,0.0309074,0.593739,0.537648,0.11,0.540762,1.77561,9.8,64.4,0.0438425,17.3649
77500,8663.48,0.528777,30.83,30.926,0.15326,4469.42,2557.63,2038.9,101.945,931.071,810.683,0,0,0,26.7093,145.914,482.336,511.94,0.219226,0.422783,6.0985,0.234736,0.00640053,0.240246,0.241714,0.350221,0.0876269,1.46153,0.489382,0.416434,0.0299851,0.593261,0.536969,0.096,0.527876,1.75124,11.8,60.2,0.0415098,17.4254
78000,8701.36,0.531089,31.57,31.908,0.158121,4358.2,2570.34,1977.92,98.896,849.468,825.341,0,0,0,25.999,146.381,485.02,515.8,0.218906,0.422461,6.12224,0.226565,0.00640522,0.239891,0.239906,0.350172,0.0872231,1.44505,0.504705,0.429078,0.0306092,0.592393,0.535931,0.088,0.534457,1.78206,12.4,58.6,0.0407262,17.3761
78500,8735.9,0.533197,31.318,31.708,0.161414,4332.97,2583.07,1954.19,97.7097,888.952,838.139,0,0,0,26.3573,147.183,487.455,520.46,0.218608,0.421886,6.165,0.222956,0.00639253,0.23908,0.235069,0.350616,0.0864027,1.44124,0.514802,0.434574,0.0310214,0.592454,0.534164,0.12,0.542895,1.81216,11.2,69.8,0.0480106,17.3017
79000,8770.52,0.53531,31.14,31.076,0.148498,4414.41,2593.49,1948.61,97.4304,944.922,850.901,0,0,0,27.1398,145.967,490.177,523.54,0.218123,0.421297,6.19884,0.221857,0.00640574,0.238484,0.232889,0.3501,0.0851306,1.44483,0.514969,0.437423,0.031554,0.593228,0.533859,0.118,0.533747,1.78763,11.4,62.6,0.0425941,17.972
79500,8703.46,0.531217,31.636,31.41,0.159299,4528.84,2579.83,1779.24,88.962,996.256,854.281,0,0,0,27.6482,145.888,493.043,525.62,0.218279,0.421681,6.27009,0.203884,0.00644083,0.237909,0.228658,0.349548,0.0850521,1.46936,0.497147,0.425586,0.0307924,0.594366,0.533078,0.092,0.53197,1.74569,11,55.8,0.0380785,18.176
80000,8687.72,0.530256,31.486,31.052,0.154691,4562.05,2581.32,1568.91,78.4457,1017.07,831.91,0,0,0,27.3752,146.08,495.6,525.96,0.218438,0.422152,6.34298,0.180011,0.00649971,0.2375,0.224851,0.348157,0.0851918,1.47356,0.494184,0.421108,0.0304837,0.594566,0.531025,0.076,0.531137,1.74622,10.4,59.8,0.0401574,15.7753
80500,8654.54,0.528231,31.166,31.236,0.166718,4474.84,2572.14,1420.23,71.0115,949.159,813.998,0,0,0,26.7161,145.679,498.363,523.92,0.217811,0.421062,6.38367,0.163681,0.00651707,0.236971,0.219837,0.348387,0.0837569,1.46588,0.496807,0.424829,0.0302022,0.594028,0.529652,0.094,0.522927,1.74422,10.4,58.2,0.0393237,16.9356
81000,8682.28,0.529924,31.372,31.632,0.155994,4376,2581.29,1356.51,67.8253,877.099,833.193,0,0,0,26.1768,146.738,501.225,523.8,0.217143,0.419686,6.42712,0.155767,0.0065229,0.237572,0.218409,0.350398,0.083702,1.45394,0.496796,0.424365,0.0301537,0.594224,0.53019,0.098,0.535881,1.75315,10.4,60.2,0.0412071,17.4092
81500,8701.5,0.531097,31.212,31.746,0.162821,4330.44,2585.87,1369.99,68.4993,913.798,840.134,0,0,0,26.3104,147.255,503.921,527.5,0.216633,0.418709,6.44124,0.156856,0.00652901,0.238133,0.217064,0.350657,0.0828845,1.44609,0.497418,0.425208,0.0298092,0.594194,0.530196,0.084,0.53016,1.74596,10.6,57,0.038392,17.3065
82000,8760.78,0.534716,31.388,31.088,0.150229,4422.43,2601.06,1386.29,69.3146,970.5,855.626,0,0,0,27.2769,145.897,506.57,530.2,0.216137,0.417897,6.45324,0.158057,0.00656685,0.239176,0.216525,0.350412,0.0817134,1.45013,0.498277,0.425022,0.0303051,0.594365,0.530361,0.102,0.532308,1.74466,10,56.8,0.0379018,17.4626
82500,8725.12,0.532539,31.818,31.538,0.160166,4545.31,2598.53,1313.19,65.6593,1004.56,863.86,0,0,0,27.7729,145.991,509.428,531.04,0.216744,0.41908,6.50543,0.15013,0.00662981,0.240273,0.217162,0.351759,0.0828521,1.47093,0.499354,0.426701,0.0302984,0.594523,0.530714,0.092,0.53567,1.75206,10.8,60.4,0.0404708,17.4619
83000,8672.66,0.529337,31.546,31.146,0.16064,4555.23,2582.23,1215.62,60.781,1024.71,834.087,0,0,0,27.4812,146.079,512.474,532.06,0.216263,0.418251,6.53367,0.139698,0.00667109,0.241295,0.21774,0.354104,0.0839165,1.47468,0.504459,0.43074,0.0299657,0.594904,0.530325,0.098,0.531463,1.76969,11.6,57,0.039841,17.5592
83500,8681.2,0.529858,31.226,31.304,0.166333,4490.56,2583.96,1148.82,57.4411,953.359,821.977,0,0,0,26.8129,145.615,515.35,534.2,0.21573,0.417315,6.54418,0.132032,0.00670083,0.242255,0.217092,0.356071,0.0827302,1.46582,0.508416,0.434608,0.0302222,0.594698,0.530358,0.094,0.542236,1.76652,10.4,55.8,0.0386236,17.3601
84000,8744.56,0.533726,31.69,31.936,0.158672,4396.01,2598.64,1127.94,56.3971,884.953,841.917,0,0,0,26.299,146.474,518.113,537.8,0.214724,0.415511,6.55785,0.128673,0.00672671,0.243226,0.216842,0.357827,0.082649,1.45041,0.497006,0.425635,0.0294207,0.5946,0.530531,0.098,0.534206,1.74594,10,54.2,0.0370408,17.5033
84500,8736.5,0.533234,31.44,32.098,0.17052,4343.85,2597.73,1167.46,58.3731,920.393,844.171,0,0,0,26.427,146.78,520.684,540.58,0.214875,0.415994,6.56268,0.133196,0.00673946,0.243728,0.214827,0.357522,0.082347,1.44457,0.489436,0.418064,0.0288951,0.59396,0.531209,0.096,0.522651,1.74279,11.2,56,0.0384607,17.5903
85000,8758.2,0.534558,31.302,31.144,0.153249,4421.85,2607.9,1179.08,58.9539,969.457,858.73,0,0,0,27.2818,145.912,523.446,544.56,0.215737,0.417772,6.5563,0.134409,0.00673879,0.244293,0.215691,0.357718,0.082358,1.44935,0.506874,0.431031,0.0300825,0.593534,0.532111,0.09,0.537842,1.78313,11.2,61.6,0.0430458,17.606
85500,8698.16,0.530894,31.98,31.568,0.157778,4538.43,2590.98,1137.98,56.8989,1017.33,868.257,0,0,0,27.891,145.638,526.272,547.06,0.215618,0.417738,6.58235,0.130513,0.00679096,0.245243,0.217672,0.35861,0.0820467,1.47376,0.495895,0.424318,0.0292734,0.593886,0.531999,0.086,0.521168,1.75025,11.4,55.2,0.0382702,17.5586
86000,8724.5,0.532501,31.582,31.038,0.159902,4577.81,2593.7,1061.72,53.0861,1029.58,837.648,0,0,0,27.6235,146.187,529.07,549.2,0.214267,0.415183,6.61111,0.121325,0.00684084,0.246394,0.218171,0.359323,0.0814966,1.47286,0.502428,0.429506,0.02899,0.593937,0.531984,0.118,0.540292,1.76674,10.6,61.6,0.0419871,17.4449
86500,8724.22,0.532484,31.364,31.542,0.162353,4514.16,2591.63,1006.59,50.3297,964.055,836.063,0,0,0,27.0517,145.885,531.652,551.5,0.213785,0.414222,6.61121,0.11513,0.00686032,0.247379,0.218691,0.360584,0.0804283,1.46637,0.493636,0.420814,0.0285948,0.593518,0.532417,0.122,0.530099,1.76379,12.6,62.8,0.0436632,17.557
87000,8757.68,0.534526,31.908,32.126,0.160191,4399.2,2599.2,1009.55,50.4773,892.377,846.791,0,0,0,26.3782,146.188,534.316,555.68,0.213282,0.413218,6.61096,0.115019,0.00686495,0.247897,0.218363,0.360718,0.0796682,1.44929,0.503468,0.428722,0.0283508,0.592186,0.532411,0.11,0.530848,1.77226,11.4,58.4,0.0406591,17.6296
87500,8815.08,0.53803,31.648,32.198,0.165839,4370.93,2613.66,1032.7,51.6351,927.064,857.007,0,0,0,26.5793,147.089,536.956,557.42,0.212418,0.411529,6.62554,0.116854,0.00687499,0.248436,0.218776,0.361451,0.079684,1.44107,0.501951,0.427849,0.0286783,0.591403,0.532591,0.108,0.533318,1.77067,11.6,66.8,0.0452805,17.7214
88000,8834.5,0.539215,31.52,31.232,0.148187,4450.01,2620.25,1057.65,52.8825,975.745,869.044,0,0,0,27.4883,146.241,539.687,561.54,0.212673,0.412417,6.62893,0.119599,0.00689569,0.248605,0.220696,0.361714,0.0787868,1.4467,0.509576,0.433975,0.0295914,0.592042,0.532683,0.092,0.534284,1.77593,11.6,58.2,0.039617,17.602
88500,8836.16,0.539316,32.102,31.708,0.15853,4583.84,2624.96,1037.35,51.8675,1012.7,880.943,0,0,0,28.0684,146.061,542.418,564.1,0.212899,0.412807,6.66605,0.117129,0.00692601,0.249474,0.222855,0.361827,0.0792718,1.46554,0.507602,0.429593,0.0292334,0.592807,0.532114,0.138,0.531195,1.79808,11.6,68.8,0.0470198,17.7706
89000,8756.7,0.534467,31.726,31.414,0.157455,4591.19,2601.81,980.569,49.0285,1031.78,854.752,0,0,0,27.7868,146.151,545.264,566.36,0.21263,0.412259,6.68209,0.111695,0.00694719,0.251138,0.224256,0.362787,0.0801217,1.47173,0.508961,0.433292,0.0287836,0.592539,0.531329,0.104,0.539877,1.79183,12,62.6,0.0438282,17.7025
89500,8758.12,0.534553,31.676,31.734,0.158986,4520.35,2598.92,932.481,46.6241,964.75,847.085,0,0,0,27.0542,145.786,547.957,569.36,0.212041,0.411043,6.67604,0.106217,0.00696598,0.252153,0.224025,0.363426,0.0809772,1.46254,0.500968,0.426446,0.027813,0.592817,0.531017,0.094,0.52934,1.77362,10.6,64.2,0.0438616,17.6009
90000,8796.6,0.536902,31.87,32.254,0.161647,4414.24,2608.92,929.025,46.4513,894.111,848.934,0,0,0,26.5722,146.332,550.861,572.04,0.21174,0.410413,6.67586,0.105352,0.00696307,0.252787,0.224129,0.363431,0.0808454,1.44791,0.497093,0.426587,0.0280309,0.593335,0.531622,0.122,0.533393,1.73452,10.6,54.6,0.0366506,17.6744
90500,8864.68,0.541057,31.838,32.1,0.16361,4390.75,2627.52,951.301,47.565,923.351,859.675,0,0,0,26.6864,146.711,553.588,575.2,0.211256,0.40987,6.68359,0.107148,0.00697099,0.253017,0.224491,0.36384,0.0817341,1.43928,0.516866,0.43793,0.0284457,0.592651,0.533548,0.12,0.538316,1.80551,11,67.8,0.0462884,17.7777
91000,8968.22,0.547377,32.264,31.882,0.147435,4499.34,2651.73,981.309,49.0654,974.993,891.651,0,0,0,27.5452,146.046,556.354,577.36,0.2105,0.408518,6.663,0.109363,0.00698551,0.254375,0.224647,0.364802,0.0812085,1.44123,0.515568,0.436656,0.0295211,0.592667,0.534942,0.126,0.534825,1.80665,11.4,71.2,0.0477055,17.6559
91500,8942.72,0.54582,32.35,32.09,0.159104,4611.49,2643.49,953.451,47.6726,1023.66,888.204,0,0,0,28.1152,146.056,559.373,580.3,0.209902,0.407269,6.69419,0.106473,0.00702054,0.255417,0.224547,0.363594,0.0807061,1.45652,0.51542,0.437725,0.0293618,0.593316,0.536242,0.112,0.543489,1.79071,11,63.6,0.0425314,17.5863
92000,8947.66,0.546122,32.282,32.062,0.156311,4659.98,2640.13,911.691,45.5846,1045.4,873.375,0,0,0,27.8459,146.157,562.237,584.24,0.208995,0.405511,6.70611,0.101741,0.00704534,0.256628,0.224966,0.363764,0.08068,1.4621,0.50467,0.428472,0.0282697,0.593192,0.534763,0.13,0.528379,1.78397,10.6,69.4,0.0461189,17.3323
92500,8958.38,0.546776,32.394,32.42,0.16148,4590.94,2638.96,883.403,44.1702,973.418,873.99,0,0,0,27.2193,146.153,565.116,588.78,0.20819,0.403874,6.69783,0.098522,0.00706097,0.25761,0.225009,0.363935,0.0802402,1.45267,0.508065,0.43208,0.0283938,0.592513,0.533531,0.114,0.533308,1.78147,10,63,0.0422659,17.5271
93000,8978.84,0.548025,32.492,32.722,0.157084,4480.28,2644.86,861.486,43.0743,900.38,877.832,0,0,0,26.6695,146.395,567.681,591.94,0.207882,0.403257,6.71183,0.0958582,0.00707207,0.258737,0.224722,0.363733,0.0806756,1.43958,0.507068,0.43105,0.0277098,0.592315,0.533566,0.096,0.53758,1.77889,11.6,63.2,0.0424595,17.4904
93500,8974.54,0.547762,32.186,32.588,0.163768,4433.87,2642.81,871.17,43.5585,934.263,877.957,0,0,0,26.7995,146.758,570.451,597.76,0.207569,0.402702,6.71281,0.0969353,0.00707137,0.259235,0.225991,0.363122,0.0809078,1.43568,0.509161,0.433733,0.0276702,0.592685,0.534503,0.068,0.530522,1.77383,10.4,61.2,0.0415369,17.6304
94000,9017.4,0.550378,32.304,31.992,0.147714,4512.39,2655.77,896.158,44.8079,981.963,900.298,0,0,0,27.5972,146.279,573.197,597.12,0.207764,0.403124,6.71492,0.0993511,0.00709493,0.259756,0.227482,0.363609,0.0809786,1.43733,0.51956,0.442488,0.0287119,0.592301,0.536191,0.1,0.536892,1.78621,12,59.2,0.039432,17.5306
94500,8962.66,0.547037,32.43,32.332,0.156709,4623.74,2641.55,882.146,44.1073,1029.82,905.586,0,0,0,28.234,146.168,576.101,599.94,0.207755,0.403191,6.73726,0.0983307,0.00713662,0.261344,0.229275,0.363976,0.0819501,1.45685,0.513821,0.437769,0.0286975,0.593403,0.535629,0.122,0.533557,1.78618,12,64.2,0.0421977,17.5776
95000,8952.88,0.54644,32.378,32.108,0.158265,4664.33,2639.72,835.911,41.7956,1049.62,874.641,0,0,0,27.9468,146.331,578.859,602.54,0.207532,0.402789,6.76482,0.0932666,0.00717112,0.262789,0.230778,0.365856,0.0826669,1.46236,0.513219,0.435049,0.0281417,0.593005,0.534323,0.112,0.540015,1.79042,11,68.8,0.0453075,17.5037
95500,8960.96,0.546934,32.26,32.364,0.15806,4589.2,2640.1,803.439,40.1719,982.232,869.341,0,0,0,27.3661,146.376,581.591,606.38,0.207174,0.402163,6.76494,0.0895928,0.00718891,0.263878,0.230838,0.367429,0.0830383,1.45165,0.500415,0.426463,0.0270953,0.591786,0.533766,0.116,0.531864,1.7649,10.4,61,0.0409177,17.5744
96000,8970.72,0.547529,32.402,32.518,0.154828,4478.96,2640.31,788.746,39.4373,906.503,873.988,0,0,0,26.8418,146.619,584.399,612.36,0.206565,0.401179,6.77254,0.0878591,0.00718809,0.264493,0.231123,0.367303,0.0825701,1.44058,0.505182,0.429945,0.0268735,0.591335,0.533113,0.128,0.524371,1.78291,12.6,62,0.0425994,17.6555
96500,9015.76,0.550278,32.368,32.76,0.160617,4449.9,2652.56,803.27,40.1635,936.689,885.626,0,0,0,26.971,146.798,586.839,613.44,0.206193,0.400523,6.77034,0.0890148,0.00719448,0.265414,0.232054,0.367648,0.0828898,1.43424,0.511928,0.435533,0.0270554,0.590878,0.533288,0.094,0.538456,1.78147,11.2,62.4,0.0411929,17.5976
97000,9022.2,0.550671,32.424,32.158,0.148425,4513.89,2653.94,813.979,40.6989,988.41,899.885,0,0,0,27.7958,146.242,589.401,617.5,0.206344,0.400852,6.77171,0.0902148,0.00721771,0.266301,0.232971,0.368203,0.0832403,1.43728,0.509363,0.433032,0.0273289,0.590951,0.532649,0.102,0.525208,1.79045,11.8,64,0.0429908,17.5909
97500,8973.06,0.547672,32.532,32.33,0.159002,4628.4,2642.59,791.093,39.5547,1035.06,905.286,0,0,0,28.3155,146.158,592.21,619.88,0.206281,0.400735,6.80243,0.0880963,0.00725525,0.267104,0.233084,0.368999,0.0841551,1.45691,0.514343,0.437693,0.0277109,0.591875,0.531953,0.1,0.535356,1.79734,11.2,63.6,0.0433583,17.5462
98000,8962.16,0.547007,32.472,32.254,0.154586,4665.77,2637.23,779.476,38.9738,1055.04,884.083,0,0,0,28.087,146.272,595.004,621.12,0.205852,0.399946,6.81094,0.0869244,0.00726522,0.268626,0.234305,0.370306,0.0844545,1.46155,0.507671,0.431523,0.0270005,0.591414,0.529699,0.116,0.529852,1.77825,9.8,66.8,0.0439227,17.689
98500,8970.48,0.547515,32.298,32.566,0.166386,4593.9,2637.25,749.981,37.4991,985.216,876.34,0,0,0,27.4141,145.892,597.806,623.1,0.205307,0.398881,6.80826,0.0835689,0.00727433,0.270026,0.235741,0.370948,0.0847885,1.45209,0.503613,0.430476,0.0260951,0.591113,0.528559,0.108,0.527673,1.76233,11,60.4,0.0397415,17.5262
99000,8985.98,0.548461,32.694,32.78,0.160402,4486.74,2640.96,731.456,36.5728,912.377,881.907,0,0,0,26.8728,145.972,600.352,626.12,0.204981,0.398259,6.82061,0.0813669,0.00730722,0.270023,0.235934,0.371594,0.0850333,1.44041,0.498577,0.426365,0.0262156,0.59018,0.528484,0.096,0.522816,1.74344,10.4,59,0.0385219,18.5988
99500,9010.5,0.549957,32.294,32.748,0.164634,4450.11,2648.42,736.284,36.8142,943.484,882.215,0,0,0,27.0512,146.928,602.915,628.7,0.204603,0.397637,6.84333,0.0816552,0.00732813,0.270081,0.235411,0.371211,0.0860675,1.43548,0.502759,0.429095,0.0262094,0.590471,0.529274,0.092,0.52541,1.7655,11,61.6,0.0407454,18.0619
100000,9011.68,0.550029,32.426,31.976,0.152277,4509.05,2646.64,749.505,37.4752,989.209,902.69,0,0,0,27.9098,146.251,605.38,632.5,0.204548,0.397541,6.8311,0.0832003,0.00735433,0.270496,0.234655,0.370263,0.086273,1.43783,0.515623,0.435713,0.0270612,0.591129,0.530151,0.13,0.525872,1.81129,12.2,72.4,0.0484945,15.639
100500,9009.64,0.549905,32.656,32.53,0.160704,4641.7,2649.32,737.69,36.8845,1038.27,910.913,0,0,0,28.3971,146.47,608.04,634.94,0.204637,0.397615,6.85917,0.0818345,0.00737548,0.272154,0.235488,0.370328,0.0873024,1.45521,0.513093,0.434651,0.0272336,0.591352,0.529911,0.11,0.532996,1.81065,12.6,70.2,0.0477627,17.2187
101000,8968,0.547363,32.548,32.282,0.157337,4668.67,2635.39,725.561,36.278,1058.1,889.705,0,0,0,28.2326,146.049,610.89,636.18,0.204077,0.396474,6.87394,0.0808563,0.0074005,0.273484,0.236297,0.37275,0.0876035,1.46115,0.516684,0.441222,0.027161,0.590977,0.529525,0.116,0.537139,1.78166,10.4,63.8,0.042581,17.8989
101500,9003.26,0.549515,32.44,32.568,0.161523,4610.13,2643.53,706.958,35.3479,991.798,879.931,0,0,0,27.5852,146.018,613.563,637.56,0.203591,0.395693,6.87625,0.0785117,0.00740727,0.274224,0.236492,0.374714,0.0882485,1.45153,0.506647,0.433665,0.0263269,0.590437,0.528643,0.108,0.531861,1.75919,11.4,53.6,0.0354973,18.0662
102000,9034.42,0.551417,32.85,33.056,0.160136,4504.65,2652.68,701.421,35.071,908.987,890.924,0,0,0,27.0286,146.22,616.213,640.02,0.20331,0.394952,6.88837,0.0776268,0.00742037,0.274366,0.235855,0.374416,0.0895663,1.43847,0.512291,0.437149,0.0265013,0.590312,0.529105,0.108,0.533127,1.7685,11.8,63.8,0.0415308,18.1137
102500,9025.76,0.550889,32.59,32.936,0.170023,4449.44,2650.13,707.623,35.3812,937.856,886.466,0,0,0,27.1532,146.131,618.859,642.1,0.203432,0.395226,6.88642,0.0783704,0.00741353,0.274746,0.236353,0.374507,0.0895441,1.43268,0.509831,0.432971,0.026688,0.590412,0.529829,0.11,0.525573,1.78267,11.4,67.2,0.043947,18.0501
103000,9055.24,0.552688,32.704,32.464,0.150915,4526.5,2655.85,742.018,37.1009,991.886,915.556,0,0,0,27.9509,146.145,621.485,645.16,0.203197,0.394704,6.87198,0.0819427,0.00743217,0.275231,0.237478,0.374377,0.0900638,1.43565,0.511062,0.432745,0.0269542,0.591134,0.529935,0.098,0.522754,1.79831,12,66.6,0.044868,18.1314
103500,9049.62,0.552345,32.66,32.408,0.156259,4658.66,2653.94,730.296,36.5148,1044.23,912.534,0,0,0,28.4425,146.481,624.209,647.86,0.2029,0.394136,6.89426,0.0806504,0.0074483,0.275773,0.238642,0.375569,0.0902178,1.4541,0.513533,0.438203,0.0273788,0.591632,0.529449,0.116,0.532496,1.78204,10.8,64.2,0.0427205,18.0355
104000,8981.88,0.54821,32.386,32.22,0.153612,4672.25,2632.67,708,35.4,1063.04,892.926,0,0,0,28.2651,146.356,626.972,650.46,0.202541,0.393471,6.90177,0.0787913,0.00745896,0.27757,0.24078,0.377971,0.0909712,1.46011,0.501127,0.427798,0.0263305,0.592132,0.529138,0.114,0.530445,1.76995,10.4,64.6,0.0432213,18.0554
104500,8996.32,0.549092,32.616,32.68,0.168989,4602.84,2633.86,698.652,34.9326,993.606,882.842,0,0,0,27.621,145.817,629.63,651.08,0.201889,0.392264,6.89619,0.0776215,0.00747876,0.278664,0.241674,0.379653,0.0905251,1.45001,0.507151,0.431034,0.0265497,0.591516,0.527855,0.104,0.52332,1.77766,11.2,63.8,0.0424102,18.1081
105000,9024.4,0.550806,32.722,32.932,0.161119,4501.47,2638.55,678.451,33.9225,918.668,890.939,0,0,0,27.0684,146.304,632.138,654.16,0.201158,0.390927,6.90859,0.0751475,0.00749665,0.279276,0.243131,0.381372,0.0905191,1.43902,0.501471,0.429714,0.0258102,0.590407,0.52742,0.082,0.525583,1.75382,11.2,55.8,0.0372387,18.0937
105500,9039.98,0.551757,32.59,32.978,0.162167,4457.03,2642.88,690.632,34.5316,941.782,901.803,0,0,0,27.2505,146.429,634.711,657.26,0.201154,0.390903,6.90274,0.0763414,0.00749485,0.280028,0.243429,0.381629,0.0901528,1.43291,0.505136,0.431715,0.0263695,0.590649,0.528164,0.114,0.523957,1.76804,11.8,62,0.041092,18.1325
106000,9045.74,0.552108,32.468,32.23,0.148058,4526.72,2644.92,699.788,34.9894,998.784,919.433,0,0,0,28.0729,146.313,637.234,660.56,0.200972,0.390533,6.91641,0.0773621,0.00751518,0.28068,0.243414,0.381667,0.0898758,1.43705,0.509491,0.433313,0.0269378,0.591153,0.52928,0.122,0.52877,1.76466,10.8,60.4,0.0388419,18.1092
106500,9020.96,0.550596,32.652,32.392,0.154436,4648.13,2635.66,707.345,35.3673,1045.63,922.724,0,0,0,28.6625,146.296,639.979,663.74,0.20047,0.389734,6.93351,0.0783821,0.00754653,0.281542,0.244562,0.382704,0.0908534,1.45559,0.513746,0.437763,0.027408,0.591324,0.529162,0.096,0.532101,1.77236,10.2,62.8,0.0413135,18.0971
107000,9011.36,0.55001,32.514,32.398,0.151197,4686.72,2633.4,686.935,34.3468,1068.48,905.614,0,0,0,28.3834,146.638,643.003,667.9,0.200457,0.389872,6.93867,0.0762159,0.00756096,0.282559,0.245998,0.383774,0.0911759,1.46005,0.512311,0.438703,0.0265426,0.590183,0.529074,0.088,0.530407,1.76972,11,58.6,0.0386939,18.0562
107500,8999.92,0.549312,32.378,32.464,0.160558,4605.89,2624.26,677.551,33.8775,1000.99,885.208,0,0,0,27.6657,145.96,646.11,670.18,0.199615,0.388298,6.91958,0.0752807,0.00755983,0.283332,0.248237,0.383981,0.0898072,1.45059,0.511126,0.436587,0.0261444,0.590144,0.528781,0.098,0.530305,1.77264,11.2,56.2,0.0381881,18.1822
108000,9042.84,0.551931,32.808,32.822,0.155502,4504.73,2634.55,670.213,33.5107,924.8,891.517,0,0,0,27.1736,146.196,648.833,673.5,0.199157,0.38738,6.92094,0.0740954,0.00755625,0.283683,0.24818,0.384076,0.0894625,1.43669,0.503804,0.429209,0.0257573,0.589845,0.52901,0.09,0.527432,1.76508,10.8,60.4,0.0399777,18.0902
108500,9118.04,0.556521,32.642,32.962,0.156225,4485.11,2655.19,682.759,34.138,950.957,905.052,0,0,0,27.2426,146.968,651.5,677.44,0.198778,0.386561,6.92977,0.074852,0.00754582,0.28391,0.248473,0.384625,0.0898665,1.42956,0.515918,0.439945,0.0262078,0.589943,0.530843,0.118,0.533683,1.78848,11.4,66,0.0430899,18.0323
109000,9109.72,0.556013,32.742,32.378,0.14402,4547.53,2652.27,700.228,35.0114,1007.15,925.84,0,0,0,28.0928,146.483,654.561,680.46,0.198879,0.386626,6.92797,0.0768926,0.00753474,0.284471,0.249839,0.384805,0.0896369,1.43434,0.518226,0.441248,0.0268375,0.590754,0.53314,0.11,0.532805,1.78855,11.4,65.8,0.0426815,18.3091
109500,9072.48,0.55374,32.602,32.552,0.154534,4663.7,2641.77,710.329,35.5165,1051.76,926.509,0,0,0,28.6223,146.439,657.683,683.3,0.198614,0.385977,6.9446,0.0782557,0.00754872,0.28575,0.252132,0.385416,0.0903923,1.45192,0.516484,0.440198,0.0269513,0.591157,0.533498,0.126,0.535437,1.79273,10.6,61.8,0.0414759,18.1865
110000,9049.84,0.552358,32.728,32.634,0.154862,4697.49,2635.76,688.285,34.4143,1070.01,910.656,0,0,0,28.3873,146.46,660.899,687.5,0.198636,0.385858,6.94806,0.0760258,0.00756748,0.28646,0.253328,0.385858,0.0903069,1.45672,0.514141,0.436877,0.0264903,0.591236,0.533085,0.118,0.535239,1.79019,12.4,66.4,0.0437815,18.0985
110500,9063.78,0.553209,32.59,32.67,0.159205,4629.49,2639.1,662.756,33.1378,1004.26,896.64,0,0,0,27.7794,146.113,664.108,690.48,0.198403,0.38542,6.94883,0.0731131,0.00756256,0.287559,0.253786,0.385814,0.0899612,1.44749,0.519038,0.440486,0.0264219,0.59084,0.533167,0.096,0.535563,1.79741,11,64.4,0.0436472,18.2093
111000,9099.36,0.555381,32.916,33.118,0.15539,4524.79,2646.89,645.278,32.2639,923.878,901.496,0,0,0,27.31,146.393,667.061,693.38,0.198127,0.384798,6.94504,0.0709009,0.00756603,0.287969,0.254576,0.385723,0.0895734,1.43473,0.507793,0.432991,0.02546,0.590868,0.532856,0.102,0.534306,1.77741,11.4,66.4,0.0433061,18.1219
111500,9114.22,0.556288,32.686,32.886,0.153517,4480.86,2654.1,661.506,33.0753,951.201,903.986,0,0,0,27.3741,146.87,669.836,695.86,0.198386,0.385281,6.95652,0.0725813,0.00756112,0.287986,0.25554,0.385039,0.0892415,1.429,0.51933,0.441279,0.0259854,0.590626,0.53407,0.124,0.535915,1.80423,11.6,66.2,0.0440579,18.0685
112000,9142.12,0.557991,32.86,32.544,0.143712,4560.4,2659.82,685.523,34.2762,1005.55,930.086,0,0,0,28.1283,146.213,672.618,697.98,0.198061,0.384712,6.95561,0.0750031,0.00756702,0.288813,0.256952,0.384535,0.0891143,1.43318,0.519875,0.443086,0.0267685,0.59123,0.535399,0.122,0.533698,1.79247,10.4,65.2,0.0427535,18.0851
112500,9088.54,0.55472,32.772,32.574,0.155158,4672.4,2643.36,669.368,33.4684,1056.4,927.586,0,0,0,28.703,146.306,675.608,700.98,0.197604,0.383934,6.97357,0.0736278,0.00759561,0.289664,0.257373,0.386221,0.0887528,1.45175,0.514642,0.439032,0.0263341,0.592532,0.536763,0.112,0.533622,1.77935,12.8,62.4,0.0407323,18.074
113000,9102.44,0.555569,32.776,32.728,0.15329,4720.16,2644.88,648.904,32.4452,1076.9,918.572,0,0,0,28.47,146.556,678.767,704.3,0.197041,0.383062,6.97289,0.0712819,0.00761856,0.289927,0.257935,0.385491,0.088403,1.45541,0.523981,0.445351,0.0264866,0.592486,0.536586,0.112,0.539412,1.80728,11.2,68.2,0.0449601,17.8964
113500,9111.2,0.556104,32.648,32.674,0.153214,4646.81,2643.64,629.696,31.4848,1014.34,901.61,0,0,0,27.8882,146.505,681.51,707.72,0.196269,0.381646,6.97801,0.0691302,0.00763104,0.290792,0.259124,0.385382,0.0886327,1.44582,0.518344,0.441954,0.0256847,0.592718,0.536004,0.102,0.536135,1.78645,11,66.8,0.0434317,18.0019
114000,9123.9,0.556879,33.01,33.342,0.15095,4533.84,2643.29,618.456,30.9228,929.542,920.084,0,0,0,27.3859,146.522,684.228,710.98,0.19566,0.38054,6.97168,0.0677988,0.00762197,0.292368,0.260086,0.385142,0.088601,1.43387,0.513301,0.437899,0.0255433,0.592471,0.535158,0.11,0.536019,1.7838,12,67.2,0.0437091,18.0488
114500,9142.5,0.558014,32.478,32.634,0.150828,4494.73,2648.02,624.669,31.2335,961.286,904.097,0,0,0,27.5546,146.826,687.114,715.46,0.195549,0.380376,6.9711,0.0683364,0.00761009,0.293157,0.262261,0.38411,0.0878578,1.429,0.521123,0.442115,0.0256017,0.59207,0.535953,0.102,0.538007,1.80313,12.2,67.8,0.0442811,18.1077
115000,9191.7,0.561017,32.914,32.37,0.136715,4574.92,2662.9,636.742,31.8371,1005.92,938.109,0,0,0,28.2993,146.586,689.942,718.78,0.195699,0.380647,6.97567,0.0693125,0.00762892,0.292951,0.262345,0.383261,0.087075,1.4303,0.523036,0.443322,0.0263097,0.592465,0.537203,0.114,0.534032,1.8271,12.8,67.2,0.0457934,18.1635
115500,9150.78,0.558519,32.93,32.904,0.147126,4695.9,2652.9,636.636,31.8318,1065.38,945.915,0,0,0,28.9091,146.75,692.855,722.3,0.195716,0.380735,6.98484,0.0695619,0.00765397,0.293068,0.262494,0.383339,0.0867132,1.44905,0.522498,0.443079,0.0265166,0.592432,0.537614,0.104,0.54316,1.80843,11.4,67,0.043744,18.0724
116000,9143.84,0.558096,32.776,32.722,0.151289,4731.14,2650.61,626.595,31.3297,1081.8,919.595,0,0,0,28.5153,146.797,695.875,726.12,0.195843,0.381006,6.98396,0.0685344,0.0076667,0.294339,0.263789,0.384566,0.086655,1.45228,0.514071,0.437156,0.0256407,0.591897,0.536146,0.124,0.536171,1.78311,10.2,65.2,0.0422955,18.0105
116500,9133.66,0.557474,32.838,33.016,0.158439,4654.36,2647.65,602.801,30.14,1015.12,909.228,0,0,0,28.0137,146.272,698.725,728.44,0.195658,0.380633,6.98863,0.06601,0.00767233,0.295654,0.264132,0.384735,0.0873369,1.44452,0.5216,0.444226,0.0257806,0.591446,0.535788,0.122,0.541321,1.79175,11,66,0.042301,18.2636
117000,9160.96,0.559141,33.108,33.29,0.152722,4544.41,2653,593.538,29.6769,927.222,914.669,0,0,0,27.3617,146.27,701.497,730.04,0.195335,0.380099,6.97776,0.0648181,0.00767146,0.296732,0.263383,0.38519,0.0872159,1.43148,0.527163,0.449678,0.025847,0.591825,0.535206,0.064,0.543335,1.79356,10.4,65.8,0.0423869,18.1055
117500,9161.02,0.559144,32.73,32.968,0.150971,4504.34,2652.55,591.162,29.5581,960.231,921.797,0,0,0,27.7457,147.075,704.183,733.9,0.195191,0.379757,6.98487,0.064528,0.00767991,0.297045,0.265213,0.384805,0.0868585,1.42892,0.520011,0.444021,0.0257104,0.59222,0.535656,0.104,0.536679,1.78098,10.8,62.8,0.0402416,18.0387
118000,9217.12,0.562568,32.926,32.494,0.137645,4586.59,2668.27,619.127,30.9563,1012.7,940.894,0,0,0,28.2676,146.382,706.994,737.42,0.195404,0.380124,6.9739,0.0672121,0.00768201,0.297997,0.267358,0.385065,0.0857842,1.43004,0.520697,0.443017,0.0254971,0.592076,0.536533,0.14,0.528014,1.81251,12.6,68.4,0.0452285,17.9165
118500,9137.82,0.557728,32.938,32.89,0.151545,4689.45,2649.13,608.34,30.417,1056.78,945.058,0,0,0,28.9386,146.482,710.002,740.82,0.195608,0.380522,6.99599,0.0665813,0.00770361,0.299097,0.268746,0.384938,0.086536,1.44925,0.522163,0.442463,0.0263883,0.591983,0.53675,0.106,0.542764,1.80338,11.4,67.6,0.0439102,18.0665
119000,9141.32,0.557942,32.84,32.744,0.150742,4733.66,2649.68,594.868,29.7434,1084.33,923.264,0,0,0,28.6182,146.609,712.975,744.12,0.195309,0.380123,7.00948,0.0650837,0.00771665,0.300661,0.26968,0.385397,0.0877277,1.45336,0.520395,0.443101,0.0253452,0.592242,0.536145,0.126,0.540683,1.80844,12.2,65.6,0.0436214,19.5476
119500,9133.12,0.557441,32.674,32.842,0.152415,4658.78,2647.37,577.032,28.8516,1013.92,914.416,0,0,0,28.0283,146.641,715.939,746.3,0.195079,0.379689,7.02535,0.0631985,0.0077214,0.302106,0.270891,0.385299,0.087979,1.44596,0.507707,0.434813,0.0247582,0.592615,0.534191,0.124,0.528042,1.76341,10,58.2,0.0376239,18.8577
120000,9159.48,0.55905,32.964,33.1,0.14559,4551.81,2649.37,578.484,28.9242,937.243,920.321,0,0,0,27.5438,146.738,718.435,748.66,0.194234,0.378025,7.01881,0.0631687,0.00771636,0.303077,0.27262,0.384751,0.0869141,1.4336,0.509701,0.435971,0.0248006,0.59188,0.533525,0.11,0.532235,1.77745,13,58.6,0.0391487,16.0776
120500,9153.7,0.558698,32.782,33.106,0.154979,4503.96,2648.86,578.522,28.9261,963.184,922.899,0,0,0,27.6416,146.552,721.089,752.98,0.194289,0.37812,7.02165,0.0631948,0.00772987,0.303396,0.27332,0.384608,0.0855096,1.42964,0.507113,0.435476,0.0245999,0.592082,0.534144,0.096,0.52968,1.75651,10.6,58.8,0.0382551,17.4211
121000,9164.34,0.559347,32.88,32.392,0.137198,4564.78,2653.56,603.275,30.1637,1008.3,937.276,0,0,0,28.392,146.52,723.81,755.66,0.19473,0.378969,7.0209,0.0658785,0.00774721,0.302593,0.272561,0.3847,0.0842379,1.43146,0.519838,0.441291,0.0258946,0.591615,0.534009,0.1,0.530957,1.79397,10.4,62.2,0.0408868,18.0478
121500,9181.68,0.560405,33.038,32.932,0.150429,4705.53,2658.63,596.359,29.8179,1067.01,943.686,0,0,0,28.8699,146.726,726.698,758.66,0.194481,0.378482,7.03643,0.0649656,0.00778228,0.303525,0.273031,0.385779,0.0850329,1.44743,0.513431,0.436967,0.0254649,0.591087,0.532752,0.106,0.532938,1.77461,10,64.2,0.0415179,18.065
122000,9140.58,0.557897,32.77,32.842,0.148976,4735.31,2648.51,587.829,29.3915,1089.17,926.405,0,0,0,28.5758,146.704,729.738,761.86,0.194508,0.378458,7.04392,0.0643388,0.00779815,0.304426,0.272311,0.386537,0.0856475,1.45391,0.512926,0.439391,0.025007,0.590682,0.531758,0.094,0.526756,1.76453,11,58,0.0375896,18.1008
122500,9144.5,0.558136,32.954,32.942,0.153351,4658.31,2647.93,580.761,29.0381,1015.33,911.689,0,0,0,27.9023,146.297,732.536,765.54,0.194211,0.377962,7.04828,0.0635383,0.0077946,0.305195,0.272704,0.387175,0.0865263,1.44432,0.512051,0.43576,0.0248183,0.59098,0.530893,0.106,0.534315,1.7875,11.6,63.6,0.0421686,18.038
123000,9184.4,0.560571,32.886,33.124,0.149515,4558.54,2658.35,563.162,28.1581,936.407,917.272,0,0,0,27.5618,147.236,735.158,766.92,0.193688,0.376954,7.06081,0.0613395,0.00778561,0.306608,0.273026,0.389057,0.0868202,1.43194,0.511006,0.436687,0.024642,0.591131,0.530291,0.116,0.528255,1.76781,10.4,62,0.0396409,17.9418
123500,9195.04,0.561221,32.836,33.062,0.152632,4515.79,2660.38,560.547,28.0274,963.921,918.468,0,0,0,27.6183,146.767,737.84,770.32,0.193575,0.376774,7.06066,0.060976,0.00778387,0.307446,0.272581,0.389079,0.0861856,1.4275,0.506975,0.433467,0.0242552,0.59063,0.530242,0.114,0.522152,1.7673,11.8,60.2,0.0394125,18.1222
124000,9186.36,0.560691,32.918,32.628,0.137208,4576.47,2659,576.428,28.8214,1007.85,951.991,0,0,0,28.4687,146.514,740.622,773.3,0.193832,0.377281,7.05892,0.0627764,0.00779176,0.308223,0.273878,0.389085,0.0863284,1.43119,0.520586,0.44231,0.0256248,0.590169,0.531206,0.122,0.535145,1.79695,12.2,64.8,0.0421189,17.9972
124500,9128.9,0.557184,32.996,32.644,0.150454,4685.02,2643.57,589.207,29.4604,1060.66,939.658,0,0,0,28.9346,146.374,743.559,775.86,0.193998,0.377532,7.06496,0.064576,0.0077966,0.30906,0.274735,0.390474,0.0873597,1.44998,0.520902,0.441309,0.025653,0.590202,0.530905,0.104,0.531134,1.79437,12.6,63.2,0.0413892,18.0442
125000,9117.44,0.556484,32.678,32.73,0.150939,4726.64,2639.59,574.751,28.7376,1092.78,918.17,0,0,0,28.706,146.811,746.5,777.08,0.193789,0.377154,7.07265,0.0630807,0.00780711,0.31056,0.276211,0.390962,0.0870626,1.45561,0.503103,0.432032,0.0246322,0.589556,0.530823,0.094,0.530277,1.74067,10.8,55.4,0.0358242,17.9817
125500,9124.06,0.556888,32.81,32.972,0.154126,4651.41,2641.43,562.57,28.1285,1013.71,916.624,0,0,0,28.0671,146.266,749.318,780.36,0.193504,0.376557,7.08811,0.0616845,0.00782488,0.311524,0.275998,0.390877,0.0865201,1.4454,0.507373,0.433339,0.0245436,0.589125,0.531517,0.114,0.531284,1.77745,12.6,64.2,0.0423046,18.0382
126000,9168.06,0.559574,33.064,33.164,0.152858,4552.84,2655.31,552.502,27.6251,937.56,916.744,0,0,0,27.6598,146.731,752.065,782.68,0.193533,0.376723,7.09574,0.060295,0.00782306,0.312052,0.276594,0.390106,0.0864038,1.43314,0.520793,0.441698,0.0252051,0.589724,0.531883,0.12,0.531848,1.80208,10.6,65.4,0.0430494,18.17
126500,9171.74,0.559799,32.738,33.084,0.153855,4506.55,2655.55,559.649,27.9825,957.795,924.377,0,0,0,27.6845,146.693,754.782,785.86,0.193257,0.376186,7.1004,0.0610289,0.00781904,0.313064,0.277309,0.389968,0.0858941,1.42792,0.513656,0.43754,0.0245373,0.589595,0.532299,0.126,0.534356,1.78138,10.8,65.2,0.0424317,18.0651
127000,9191.18,0.560985,33.014,32.664,0.137581,4578.64,2660.5,566.466,28.3233,1011.73,948.027,0,0,0,28.4986,146.674,757.49,788.36,0.193133,0.375911,7.10063,0.0616697,0.00782316,0.31423,0.278216,0.390518,0.0851276,1.43159,0.525877,0.446755,0.025512,0.589761,0.53391,0.1,0.532705,1.80224,12.2,67.8,0.0433842,18.1232
127500,9140.98,0.557921,32.816,32.564,0.145602,4691.87,2647.06,575.334,28.7667,1061.66,940.742,0,0,0,29.0436,146.687,760.536,791.84,0.193303,0.376291,7.10472,0.0629507,0.00784273,0.315515,0.279315,0.391169,0.0846971,1.44958,0.51438,0.441812,0.0252405,0.589533,0.533639,0.094,0.535133,1.75497,11.4,57.6,0.0370564,18.0418
128000,9142.36,0.558005,32.688,32.678,0.14604,4737.09,2650.75,565.77,28.2885,1081.35,926.214,0,0,0,28.6973,146.668,763.419,794.78,0.193757,0.377192,7.11586,0.0618981,0.00785003,0.316456,0.281059,0.39121,0.085359,1.45441,0.509966,0.436379,0.0248377,0.589583,0.533939,0.106,0.529505,1.76765,9.8,63.6,0.040595,18.0793
128500,9135.5,0.557587,33.052,33.214,0.158474,4656.23,2648.87,562.069,28.1035,1012.9,922.177,0,0,0,28.085,146.161,766.163,798.22,0.19379,0.377231,7.11082,0.0615586,0.00783306,0.317056,0.281701,0.390998,0.0853504,1.44524,0.514574,0.439614,0.0248025,0.589167,0.532655,0.104,0.529012,1.76973,10.8,57.8,0.037318,18.0629
129000,9179.56,0.560276,32.954,33.154,0.150062,4554.44,2660.52,552.047,27.6023,931.421,919.012,0,0,0,27.5987,146.822,768.872,802.44,0.193569,0.376741,7.11112,0.0601565,0.00781591,0.318235,0.28369,0.390682,0.0852693,1.43178,0.522502,0.44482,0.0247302,0.589037,0.533583,0.08,0.536341,1.78702,11.6,62,0.0401185,18.1081
129500,9214.82,0.562428,32.738,33.002,0.151699,4524.54,2670.44,555.154,27.7577,954.695,922.001,0,0,0,27.7283,146.92,771.616,804.2,0.193469,0.376532,7.11337,0.0602616,0.0078281,0.318704,0.284237,0.390131,0.0846903,1.42722,0.515946,0.44054,0.0246147,0.589712,0.535124,0.086,0.53399,1.77471,11.8,59.8,0.0387058,18.489
130000,9185.74,0.560653,33.122,32.708,0.13967,4572.17,2662.44,559.253,27.9627,1006.23,946.512,0,0,0,28.489,146.161,774.72,808.66,0.193548,0.376783,7.11486,0.0609247,0.00785818,0.318669,0.284832,0.389782,0.0848834,1.4305,0.529793,0.448481,0.0253077,0.590245,0.535735,0.098,0.538588,1.81497,11.6,68.4,0.0440467,18.2482
130500,9135.52,0.557588,32.846,32.736,0.148692,4688.35,2652.25,557.11,27.8555,1055.65,944.366,0,0,0,29.0113,146.494,778.058,811.42,0.193987,0.377677,7.13549,0.0609895,0.00787787,0.319449,0.286745,0.389989,0.0857943,1.44901,0.521083,0.443699,0.0253189,0.591465,0.536322,0.13,0.535643,1.79548,11.6,63.2,0.0412399,18.3015
131000,9143.32,0.558064,32.934,32.758,0.153632,4737.34,2654.91,573.597,28.6799,1083.02,921.857,0,0,0,28.6034,146.251,780.888,813.58,0.194094,0.378033,7.14069,0.0627421,0.00788365,0.32009,0.287353,0.390256,0.0863574,1.45457,0.517578,0.442279,0.0250952,0.591931,0.536173,0.112,0.531825,1.77029,10.4,58.4,0.0380281,18.2521
131500,9145.92,0.558223,32.952,33.316,0.157257,4661.89,2658.21,553.344,27.6672,1015.37,915.632,0,0,0,28.0535,146.517,783.715,818.42,0.194319,0.378729,7.1433,0.0605332,0.00787002,0.320969,0.287285,0.390343,0.086471,1.44554,0.520835,0.444655,0.0249783,0.593084,0.536683,0.116,0.539336,1.78223,11,62,0.0401148,18.3556
132000,9180.56,0.560337,32.958,33.084,0.151389,4554.47,2663.96,556.035,27.8017,933.365,910.973,0,0,0,27.6002,146.781,786.414,818.62,0.193588,0.377337,7.14108,0.0606058,0.00786646,0.321979,0.2891,0.390777,0.0865523,1.4319,0.528905,0.450291,0.025077,0.594876,0.537398,0.12,0.542294,1.80542,10.4,66.8,0.0436277,18.0921
132500,9207.08,0.561956,32.914,33.112,0.150156,4518.55,2669.69,557.25,27.8625,953.526,924.01,0,0,0,27.7224,146.827,789.047,820.88,0.1932,0.376743,7.14406,0.0605614,0.00786477,0.322492,0.290355,0.390974,0.0865619,1.42674,0.527018,0.448198,0.0251144,0.596202,0.538264,0.106,0.539248,1.82183,12,72.2,0.0477572,17.9988
133000,9185.62,0.560646,33.032,32.63,0.140304,4576.96,2663.54,566.03,28.3015,1009.95,942.382,0,0,0,28.4882,146.271,791.835,824.5,0.193279,0.377082,7.14566,0.0616799,0.00787853,0.323331,0.291525,0.391444,0.0863872,1.43229,0.531851,0.451011,0.0257631,0.597154,0.540103,0.118,0.541516,1.82396,11.6,69,0.0453604,18.0197
133500,9164.34,0.559347,32.91,32.604,0.149972,4696.79,2657.43,575.74,28.787,1056.61,943.637,0,0,0,28.9985,146.619,794.767,827.12,0.193142,0.376808,7.14983,0.0628735,0.00789005,0.324612,0.291875,0.393226,0.0855224,1.44803,0.537157,0.454531,0.0264326,0.59736,0.541629,0.128,0.540584,1.84829,14.6,66.2,0.0449737,18.0511
134000,9192.56,0.561069,32.996,33,0.151622,4756.27,2664.86,572.813,28.6406,1085.05,927.638,0,0,0,28.6616,146.674,797.72,830.02,0.192863,0.376355,7.15739,0.0623513,0.00789565,0.325237,0.290745,0.394289,0.085351,1.45206,0.520225,0.444887,0.0253845,0.598423,0.542109,0.112,0.543724,1.78102,10.8,61,0.039344,18.1439
134500,9197.06,0.561344,33.044,33.328,0.152937,4680.46,2667.26,559.231,27.9616,1014.33,926.996,0,0,0,28.0811,146.696,800.616,833.3,0.192971,0.376501,7.16222,0.060878,0.00789229,0.325704,0.290208,0.395165,0.0859837,1.44343,0.523369,0.445103,0.0253248,0.599251,0.542622,0.108,0.53843,1.79684,10.6,61.4,0.0403341,18.1136
135000,9179.88,0.560295,32.86,33.022,0.148876,4561.89,2661.64,562.537,28.1269,939.655,915.337,0,0,0,27.6293,146.75,803.241,836.68,0.192942,0.376418,7.16094,0.0613265,0.00789066,0.326418,0.290546,0.395713,0.0868061,1.43371,0.522979,0.444196,0.0249218,0.599297,0.543072,0.11,0.543775,1.79461,11,67.6,0.043607,18.1411
135500,9190.14,0.560922,32.812,33.018,0.148808,4513.29,2661.44,577.497,28.8749,954.394,924.015,0,0,0,27.68,146.581,806.048,840.04,0.192427,0.375535,7.15522,0.0628832,0.00787896,0.326613,0.289545,0.396136,0.0866415,1.42737,0.526,0.447207,0.0251039,0.599263,0.543583,0.122,0.539624,1.79268,11.4,62.6,0.0404163,18.1378
136000,9175.72,0.560042,32.868,32.51,0.137677,4572.54,2655.59,600.652,30.0326,1014.68,939.259,0,0,0,28.4533,146.57,808.746,844.26,0.192348,0.375485,7.15448,0.0655368,0.0078868,0.327411,0.2896,0.396891,0.0869464,1.43222,0.52619,0.448697,0.0254744,0.599154,0.544616,0.108,0.537699,1.78231,10.4,61.2,0.0389099,18.1363
136500,9113.06,0.556217,32.796,32.642,0.148549,4687.53,2638.46,586.983,29.3492,1069.07,940.926,0,0,0,29.1101,146.4,811.735,846.92,0.192292,0.375418,7.15831,0.0644514,0.00791438,0.328338,0.291013,0.397319,0.0871568,1.45291,0.52814,0.450439,0.025895,0.599703,0.544453,0.072,0.54023,1.78722,9.4,66.2,0.0418869,18.0494
137000,9169.58,0.559667,32.888,32.826,0.154007,4742.19,2652.65,588.415,29.4207,1086.37,917.425,0,0,0,28.744,146.512,814.775,850.58,0.191781,0.374509,7.16388,0.0642168,0.00791513,0.329578,0.292502,0.397577,0.0868361,1.4517,0.532841,0.453164,0.0259723,0.600385,0.544322,0.106,0.546711,1.80657,10.4,65.8,0.0423892,18.0809
137500,9219.34,0.562704,33.134,33.254,0.152679,4691.67,2665.15,538.901,26.9451,1020.63,929.78,0,0,0,28.2388,146.674,817.684,853.94,0.191319,0.373796,7.16594,0.0584927,0.00789449,0.330431,0.293156,0.39867,0.0871866,1.44276,0.53765,0.45657,0.025487,0.600538,0.544858,0.11,0.550455,1.83616,11.6,66.4,0.0446947,18.0807
138000,9219.38,0.562706,33.172,33.306,0.147078,4571.9,2666.78,556.495,27.8248,938.374,933.097,0,0,0,27.7331,146.733,820.558,857.96,0.191539,0.374122,7.17045,0.0604288,0.00789111,0.33145,0.293745,0.398659,0.0874732,1.43093,0.535262,0.453095,0.0255611,0.601197,0.54589,0.098,0.553158,1.84042,12.4,66.2,0.0444708,18.1345
138500,9238.14,0.563851,33.028,33.286,0.152975,4528.89,2670.07,557.772,27.8886,956.49,927.747,0,0,0,27.7832,146.488,823.282,860.46,0.191087,0.373426,7.17355,0.0604143,0.00789409,0.332577,0.293211,0.399453,0.0865769,1.42478,0.53256,0.452669,0.0253373,0.601501,0.546362,0.092,0.544282,1.80642,10.4,66.4,0.042528,18.1805
139000,9237.2,0.563794,33.166,32.774,0.139883,4596.12,2668.76,560.399,28.0199,1013.14,951.55,0,0,0,28.6195,146.469,826.278,862.68,0.190933,0.373386,7.18266,0.06072,0.00792245,0.333079,0.29265,0.399942,0.0862503,1.42973,0.536425,0.454427,0.0260332,0.602189,0.546855,0.112,0.547804,1.82638,11,68.8,0.0449476,19.7889
139500,9196.04,0.561282,32.88,32.728,0.144511,4711.19,2657.13,553.72,27.686,1066.75,950.144,0,0,0,29.1904,147.018,829.409,864.96,0.190811,0.373333,7.19153,0.0602457,0.0079468,0.33402,0.291826,0.399865,0.0856498,1.44695,0.535325,0.45517,0.0258724,0.602726,0.547212,0.106,0.549702,1.811,11.8,67.8,0.0432032,18.5331
140000,9197.36,0.561362,33.026,33.004,0.15299,4758.53,2655.85,550.313,27.5156,1093.3,931.255,0,0,0,28.8499,146.384,832.425,869.28,0.190613,0.372937,7.18549,0.059873,0.00793802,0.334571,0.292976,0.40052,0.0848341,1.45261,0.533983,0.451853,0.025856,0.603298,0.546642,0.136,0.549208,1.82885,11.8,70.4,0.0455945,15.9985
140500,9187.86,0.560782,33.096,33.318,0.151527,4678.6,2650.18,535.836,26.7918,1023.41,934.853,0,0,0,28.1603,146.253,835.347,871.4,0.190081,0.371948,7.18172,0.0583648,0.00792923,0.335523,0.292493,0.400496,0.0852581,1.44362,0.52701,0.450144,0.0250924,0.603407,0.546773,0.088,0.551113,1.78484,9.8,61.8,0.0392323,17.3465
141000,9239,0.563904,33.05,33.136,0.14538,4580.54,2659.96,530.441,26.522,949.774,927.509,0,0,0,27.8444,147.187,838.211,875.22,0.189035,0.369814,7.18573,0.0574608,0.00791764,0.336695,0.291344,0.401032,0.0853115,1.4304,0.542327,0.460843,0.0255158,0.60353,0.548066,0.122,0.55261,1.82864,12.2,68.6,0.044321,18.0182
141500,9247.44,0.564419,32.858,33.066,0.150238,4537.71,2660.71,529.959,26.4979,966.565,932.54,0,0,0,27.8788,146.743,841.143,878.68,0.188774,0.369422,7.18668,0.0573326,0.00793104,0.337156,0.289951,0.400825,0.0845884,1.42609,0.532554,0.453588,0.0250457,0.603834,0.550017,0.098,0.548389,1.81839,11.8,66.4,0.0436256,18.0171
142000,9277.36,0.566245,33.338,32.764,0.135292,4606.52,2665.33,542.577,27.1288,1023.65,958.578,0,0,0,28.7099,146.76,843.88,881.38,0.188325,0.368626,7.18469,0.0585415,0.00794844,0.337939,0.2904,0.40116,0.0846072,1.42704,0.538056,0.4567,0.0257995,0.602972,0.550831,0.094,0.547659,1.82586,10.4,69.8,0.0443849,18.0755
142500,9219.68,0.562725,33.036,33.058,0.150178,4720.05,2648.63,531.031,26.5516,1075.9,961.067,0,0,0,29.2636,146.788,847.069,885.34,0.187969,0.368044,7.19758,0.0576189,0.00796399,0.338858,0.290154,0.401577,0.0836725,1.44568,0.532256,0.45263,0.0254824,0.60256,0.551774,0.094,0.548168,1.81005,11.8,64.4,0.0416124,18.0155
143000,9209.14,0.562081,32.956,32.994,0.14661,4762.27,2646.65,541.654,27.0827,1098.43,941.916,0,0,0,28.9366,146.65,850.075,888.82,0.188135,0.368399,7.20008,0.0588489,0.00795581,0.340235,0.290521,0.40173,0.0836451,1.45163,0.530532,0.452104,0.0256294,0.602078,0.55174,0.102,0.550715,1.80643,11,65.4,0.0423338,18.0481
143500,9237.28,0.563799,33.336,33.408,0.148273,4695.97,2651.43,523.247,26.1623,1028.84,941.685,0,0,0,28.3033,146.359,852.893,892.82,0.187524,0.367255,7.19652,0.05669,0.00795727,0.341397,0.289218,0.402717,0.0835988,1.44125,0.538037,0.459392,0.0250676,0.601283,0.551652,0.112,0.55411,1.81616,10.2,63,0.0412688,18.0243
144000,9289.94,0.567013,33.172,33.4,0.143247,4594.65,2664.25,522.529,26.1264,952.747,935.924,0,0,0,27.8505,146.954,855.525,895.66,0.186871,0.365987,7.20433,0.056294,0.00795057,0.342456,0.287803,0.403349,0.0850341,1.42699,0.542275,0.462761,0.0252289,0.601362,0.552748,0.128,0.557999,1.82188,12.2,66.4,0.0428981,18.1907
144500,9278.78,0.566332,33.202,33.35,0.149248,4544.4,2656.59,525.923,26.2961,973.51,941.864,0,0,0,27.9539,146.951,858.46,898.54,0.18617,0.364672,7.20937,0.0567119,0.00795378,0.343132,0.288332,0.403987,0.0846075,1.42352,0.529902,0.450938,0.0248462,0.602537,0.553258,0.114,0.542165,1.79816,10.4,65,0.0407887,18.0018
145000,9280.44,0.566433,33.138,32.722,0.134193,4608.68,2656.05,528.456,26.4228,1028.38,961.266,0,0,0,28.7619,146.697,861.338,901.66,0.185978,0.364124,7.20864,0.0569877,0.00796276,0.343439,0.29075,0.40403,0.0848862,1.42703,0.542665,0.460265,0.0256028,0.602767,0.553842,0.108,0.552054,1.83605,11.2,67.6,0.0438227,18.0887
145500,9243.84,0.564199,33.038,32.872,0.142789,4729.74,2645.97,530.341,26.517,1086.26,965.045,0,0,0,29.3046,146.855,864.363,903.58,0.186069,0.364331,7.21116,0.0573979,0.00797399,0.344257,0.291105,0.403858,0.0855925,1.44508,0.533857,0.455132,0.0254898,0.602195,0.554251,0.112,0.551955,1.80543,10,63.8,0.0410178,18.09
146000,9257.14,0.565011,33.122,33.18,0.146208,4776.97,2651.77,520.395,26.0197,1102.66,949.516,0,0,0,28.9754,146.956,867.359,903.9,0.18618,0.364735,7.2194,0.0562322,0.00798099,0.345219,0.291761,0.404029,0.0870441,1.44828,0.538362,0.459391,0.0254521,0.602281,0.554516,0.106,0.555142,1.79885,9.6,64.2,0.0398724,18.1715
146500,9249.7,0.564557,33.284,33.462,0.148401,4698.52,2652.68,506.446,25.3223,1031.21,942.215,0,0,0,28.3528,146.92,870.418,904.24,0.186574,0.365482,7.22574,0.0547772,0.00797183,0.346372,0.291505,0.404086,0.0880179,1.43996,0.539846,0.462089,0.0252232,0.602522,0.554217,0.1,0.556897,1.80123,11,60.6,0.0390994,18.1398
147000,9303.94,0.567867,33.124,33.254,0.139043,4599.9,2664.42,512.639,25.632,952.987,938.407,0,0,0,27.8331,146.788,873.154,907.14,0.185985,0.364335,7.22507,0.0551423,0.00796195,0.346753,0.291602,0.40361,0.0884488,1.42665,0.535545,0.455688,0.0250238,0.603661,0.553938,0.12,0.554981,1.81407,10.6,67.2,0.0430204,18.1027
147500,9310.3,0.568256,33.224,33.354,0.147013,4552.45,2664.5,510.888,25.5444,971.969,942.75,0,0,0,28.0029,147.177,876.034,911.52,0.185566,0.36353,7.22368,0.0548909,0.00796111,0.347456,0.291937,0.403405,0.089612,1.42098,0.54505,0.462242,0.0248656,0.602867,0.554637,0.128,0.555818,1.83416,11.4,67.6,0.0435308,18.0862
148000,9321.04,0.568911,33.424,33.028,0.12994,4620.85,2665.84,515.654,25.7827,1029.88,972.12,0,0,0,28.7823,146.734,878.871,912.92,0.185544,0.363454,7.22339,0.0553539,0.0079635,0.34863,0.291821,0.403917,0.0889669,1.42469,0.54097,0.460471,0.0255348,0.602285,0.555786,0.104,0.55308,1.81474,11.6,64.6,0.0409681,18.161
148500,9241.66,0.564066,32.898,32.864,0.142434,4729.27,2645.42,507.184,25.3592,1084.59,961.386,0,0,0,29.3306,146.782,882.222,917.24,0.185623,0.363558,7.23905,0.0548944,0.00798284,0.34986,0.292992,0.403986,0.0891318,1.44532,0.539789,0.460459,0.0254282,0.602519,0.55554,0.098,0.556698,1.81731,10.6,63.8,0.0411514,18.2122
149000,9284.58,0.566686,33.474,33.396,0.145916,4790.31,2659.22,507.925,25.3963,1104.19,956.601,0,0,0,28.936,146.395,885.046,918.68,0.185906,0.364077,7.23489,0.0547169,0.00798538,0.350543,0.29442,0.404308,0.0894047,1.44785,0.535058,0.454713,0.024984,0.602911,0.555719,0.13,0.554026,1.81218,11,68,0.0430904,18.1299
149500,9253.84,0.56481,33.122,33.374,0.150352,4701.49,2652.1,508.98,25.449,1033.53,943.559,0,0,0,28.4939,146.936,887.565,922.04,0.185996,0.364213,7.24153,0.0550634,0.00797226,0.351173,0.295543,0.404303,0.090544,1.44036,0.532149,0.454106,0.0247802,0.603401,0.554637,0.114,0.554449,1.80331,12.2,63.2,0.0404847,18.0715
150000,9287.64,0.566873,33.126,33.19,0.142811,4593.75,2657.96,492.626,24.6313,955.661,936.507,0,0,0,27.974,147.123,890.132,924.08,0.185405,0.362955,7.23962,0.0530641,0.00796299,0.351762,0.293672,0.403819,0.0907171,1.42681,0.540278,0.456863,0.0251702,0.603908,0.555859,0.124,0.559591,1.83678,10.8,73.4,0.0466771,18.0888
150500,9331.56,0.569553,33.318,33.61,0.148072,4556.93,2667.83,486.679,24.334,966.966,951.358,0,0,0,28.0664,146.794,892.835,926.6,0.184928,0.361989,7.23461,0.0521859,0.00797657,0.352417,0.29473,0.403975,0.0909081,1.41926,0.548056,0.462645,0.0252885,0.604802,0.558237,0.11,0.557799,1.84965,12.6,72,0.0461248,18.1268
151000,9331.18,0.56953,33.498,32.99,0.131634,4627.26,2667.5,492.207,24.6104,1028.25,971.507,0,0,0,28.8726,146.586,895.766,930.2,0.184948,0.362259,7.23513,0.0527873,0.0079983,0.353282,0.296624,0.403984,0.0914113,1.42498,0.552152,0.467866,0.0255312,0.605349,0.558536,0.122,0.562872,1.85209,11.2,74,0.047059,18.083
151500,9270.22,0.565809,33.222,33.13,0.14576,4735.25,2649.36,495.377,24.7689,1083.83,971.981,0,0,0,29.401,146.702,898.832,932.64,0.18478,0.361987,7.24305,0.053454,0.00801417,0.353677,0.298407,0.404322,0.0908235,1.44259,0.542312,0.460237,0.0254137,0.607005,0.55963,0.088,0.558638,1.82761,12,71,0.0450227,18.0858
152000,9285.72,0.566755,33.176,33.104,0.144702,4786.57,2654.32,493.784,24.6892,1103.18,951.758,0,0,0,29.0949,146.859,901.814,936.46,0.184748,0.361961,7.24748,0.0531959,0.00801841,0.354356,0.299943,0.405169,0.0907056,1.44703,0.546459,0.461816,0.0255699,0.607478,0.560992,0.118,0.559565,1.84471,11.2,67,0.0436199,18.1679
152500,9289.1,0.566962,33.336,33.508,0.143241,4712.37,2653.19,485.402,24.2701,1037.92,954.569,0,0,0,28.5269,146.694,904.555,940.06,0.184362,0.36118,7.24376,0.0522825,0.00801432,0.354433,0.299217,0.405684,0.0906764,1.43826,0.546549,0.464542,0.0251068,0.60836,0.562347,0.094,0.563721,1.83011,12.2,64.2,0.0412909,18.1248
153000,9313.08,0.568425,33.172,33.366,0.144841,4600.99,2657.08,485.852,24.2926,957.811,943.974,0,0,0,28.0206,147.035,907.127,943.4,0.18386,0.360436,7.24708,0.0521928,0.0080133,0.354314,0.296888,0.406038,0.0906415,1.42536,0.540158,0.457955,0.0248003,0.60899,0.563229,0.156,0.559246,1.8388,13,67.8,0.0443021,18.0639
153500,9350.8,0.570728,33.212,33.384,0.14368,4566.23,2666.27,472.482,23.6241,972.437,951.493,0,0,0,28.1154,146.902,909.916,946.24,0.183211,0.359374,7.2545,0.0505581,0.00803119,0.354487,0.296166,0.405645,0.0896821,1.41925,0.564477,0.47366,0.0252665,0.6097,0.566124,0.12,0.567198,1.8909,12,81,0.052233,18.1169
154000,9354.16,0.570933,33.532,33.034,0.128876,4633.26,2662.69,478.399,23.9199,1036.96,980.392,0,0,0,28.9599,147.053,912.648,949.94,0.182752,0.358511,7.24802,0.0511774,0.00803332,0.35458,0.296112,0.406178,0.0891086,1.42336,0.564416,0.474034,0.0258161,0.610066,0.568807,0.128,0.572144,1.89238,12,80.6,0.0517013,18.0622
154500,9289.14,0.566964,33.2,33.174,0.143944,4740.58,2645.66,478.868,23.9434,1092.71,973.511,0,0,0,29.49,146.727,915.848,953.94,0.182747,0.358839,7.2554,0.0515584,0.00803667,0.355528,0.299062,0.406869,0.0890383,1.44101,0.564855,0.475669,0.0261486,0.609638,0.568524,0.158,0.573801,1.88342,11.2,83.8,0.05259,18.1198
155000,9302.7,0.567792,33.246,33.258,0.14608,4791.93,2649.91,473.466,23.6733,1109.58,958.068,0,0,0,29.1652,146.892,918.737,956.9,0.182747,0.35895,7.26095,0.0509282,0.00803486,0.357207,0.299385,0.405656,0.0895435,1.44589,0.556748,0.470138,0.0254596,0.609851,0.567587,0.1,0.56927,1.87049,11.8,75,0.0490378,18.0341
155500,9293.78,0.567247,33.152,33.32,0.141755,4713.58,2645.18,464.56,23.228,1042.67,954.447,0,0,0,28.6274,147.14,921.588,958.92,0.182351,0.358224,7.26312,0.0500122,0.00803403,0.358816,0.299386,0.405381,0.0895158,1.43776,0.553901,0.471946,0.0250057,0.610226,0.568282,0.122,0.57254,1.8375,11.8,66,0.0423259,18.0894
156000,9368.24,0.571792,33.262,33.362,0.138443,4618.43,2662.54,452.109,22.6055,964.281,950.548,0,0,0,28.1725,147.489,924.219,960.86,0.181672,0.356909,7.26484,0.0482765,0.00803717,0.358558,0.29782,0.405339,0.0895813,1.42235,0.557942,0.471561,0.0248773,0.612006,0.569795,0.14,0.571361,1.87082,12,75.4,0.0483115,18.127
156500,9344.52,0.570344,33.34,33.562,0.143732,4565.59,2651.21,466.896,23.3448,980.821,964.588,0,0,0,28.2295,146.856,926.722,962.86,0.180989,0.355568,7.25357,0.0499772,0.00804038,0.358036,0.295535,0.405559,0.0883842,1.41971,0.557844,0.470412,0.0248522,0.612571,0.572333,0.114,0.566006,1.85937,11,74.4,0.047575,18.1968
157000,9359.08,0.571233,33.46,33.052,0.132035,4632.99,2654.9,481.317,24.0659,1041.38,979.663,0,0,0,28.9756,146.783,929.677,966.36,0.181102,0.356016,7.24878,0.0514592,0.00804227,0.358322,0.295795,0.406356,0.0889296,1.42262,0.565448,0.476132,0.025916,0.612749,0.574465,0.152,0.572995,1.89279,12.4,74.8,0.0483201,18.1396
157500,9330.82,0.569508,33.332,33.242,0.143027,4755.38,2646.24,488.162,24.4081,1095.96,980.969,0,0,0,29.5012,146.955,932.948,968.24,0.180829,0.355589,7.2532,0.0523289,0.00805201,0.359397,0.298191,0.407052,0.0897152,1.43915,0.56861,0.479203,0.0262771,0.612472,0.574013,0.13,0.575891,1.87858,11.2,79.2,0.0499826,18.0885
158000,9311.28,0.568315,33.4,33.306,0.138384,4795.61,2641.72,474.333,23.7167,1113.28,969.313,0,0,0,29.1985,146.444,935.529,969.26,0.180986,0.356123,7.26091,0.0509558,0.00804954,0.360052,0.29903,0.407541,0.0910114,1.44565,0.551981,0.466274,0.0249933,0.611872,0.57337,0.136,0.563002,1.86443,10.8,77.6,0.0500343,18.105
158500,9356.54,0.571078,33.324,33.478,0.138039,4731.65,2651.28,465.62,23.281,1048.63,964.398,0,0,0,28.6381,147.239,938.23,971.28,0.180276,0.354813,7.26586,0.0497942,0.00804951,0.360555,0.298516,0.407131,0.0908805,1.43374,0.55425,0.468974,0.0249207,0.612057,0.57251,0.11,0.566604,1.85671,12,69.8,0.0454619,18.1033
159000,9353.92,0.570918,33.242,33.41,0.134456,4615.49,2646.61,451.004,22.5502,965.541,957.754,0,0,0,28.1864,147.115,941.1,973.94,0.179429,0.353194,7.27092,0.048226,0.00805733,0.360311,0.297157,0.406268,0.0903111,1.42337,0.554083,0.468739,0.0246218,0.613318,0.570901,0.144,0.567323,1.86326,11.6,75,0.0488274,20.1367
159500,9381,0.572571,33.464,33.724,0.145072,4572.36,2651.81,453.795,22.6898,983.843,970.699,0,0,0,28.2744,147.039,943.683,977.34,0.178903,0.352314,7.26577,0.0483886,0.00806734,0.360176,0.295931,0.405289,0.0900591,1.41608,0.567081,0.477801,0.0253784,0.613865,0.571891,0.122,0.567919,1.89044,11.4,80.6,0.0515379,18.5291
160000,9398.1,0.573615,33.512,33.11,0.12759,4647.56,2654.15,461.617,23.0808,1050.8,987.516,0,0,0,29.0745,146.986,946.367,979.44,0.178922,0.352564,7.26147,0.0491462,0.008091,0.360325,0.294163,0.405884,0.0907866,1.42102,0.558373,0.470249,0.0253816,0.614212,0.572998,0.126,0.567686,1.8634,10.8,81,0.0504661,15.8477
160500,9316.16,0.568613,33.152,33.034,0.134802,4752.01,2633.59,468.197,23.4098,1097.91,984.392,0,0,0,29.5957,146.775,949.425,982.2,0.179262,0.353343,7.26737,0.0502651,0.00809952,0.360924,0.293491,0.406339,0.0916821,1.44059,0.553772,0.469766,0.0255417,0.614534,0.573495,0.132,0.577126,1.84506,10.6,70,0.0446425,17.2912
161000,9375.44,0.572231,33.522,33.458,0.135071,4818.29,2648.44,465.663,23.2831,1124.47,979.892,0,0,0,29.3076,147.303,952.175,985.4,0.17877,0.352416,7.27542,0.0496816,0.00809723,0.360941,0.293918,0.406749,0.0915561,1.44255,0.559806,0.472213,0.0254865,0.613535,0.572316,0.12,0.57286,1.86777,12.2,77,0.0485884,18.0613
161500,9369.62,0.571876,33.272,33.34,0.136825,4738.02,2644.68,458.412,22.9206,1054.26,964.68,0,0,0,28.7943,147.199,954.887,987.82,0.178335,0.351557,7.27966,0.0489462,0.00809554,0.361613,0.293873,0.405622,0.0910753,1.43352,0.55532,0.468743,0.0250967,0.614453,0.572171,0.084,0.565949,1.85338,12.6,73.6,0.0465262,18.1047
162000,9390.38,0.573143,33.432,33.64,0.13434,4626.9,2643.78,454.046,22.7023,980.369,961.873,0,0,0,28.2786,147.247,957.417,991.26,0.1773,0.349667,7.26664,0.048371,0.00809254,0.361425,0.291822,0.405536,0.0903632,1.4214,0.549305,0.466314,0.0245179,0.615259,0.573046,0.138,0.569533,1.85607,15.8,68.2,0.0444358,18.0856
162500,9430.3,0.57558,33.416,33.568,0.136946,4589.07,2655.96,448.82,22.441,989.985,972.842,0,0,0,28.3421,147.344,959.999,994.84,0.177308,0.349578,7.27093,0.0476036,0.00809615,0.360707,0.289629,0.406016,0.0905395,1.41442,0.56899,0.477678,0.0254231,0.615901,0.573237,0.122,0.576046,1.88886,10.6,81.8,0.0510161,18.0256
163000,9404,0.573975,33.532,33.096,0.123552,4651.54,2648.94,458.357,22.9178,1054.08,996.808,0,0,0,29.1286,147.358,962.734,998.14,0.17759,0.349845,7.26962,0.0487632,0.00810913,0.360997,0.290243,0.405753,0.0905407,1.42102,0.564148,0.475393,0.0255903,0.615834,0.575144,0.12,0.567195,1.87292,11,75.8,0.0476171,17.962
163500,9378,0.572388,33.33,33.328,0.137391,4774.77,2643.82,467.058,23.3529,1102.82,993.621,0,0,0,29.6318,147.155,965.649,1000.88,0.17775,0.350089,7.27625,0.0498108,0.00813119,0.362178,0.290864,0.405415,0.0915278,1.43745,0.562483,0.474871,0.026057,0.615366,0.575006,0.146,0.581875,1.87933,11.6,78,0.0495243,17.9978
164000,9390.32,0.57314,33.618,33.628,0.137506,4821.08,2648.14,461.61,23.0805,1126.44,982.08,0,0,0,29.2545,146.558,968.68,1004.12,0.178053,0.350634,7.2716,0.049173,0.00812379,0.363597,0.293163,0.406611,0.0920685,1.44074,0.554485,0.46902,0.0251588,0.615306,0.573563,0.12,0.567439,1.84886,10.2,72.8,0.0459517,17.9929
164500,9400.82,0.573781,33.438,33.442,0.135028,4749.11,2647.98,452.16,22.608,1058.76,968.056,0,0,0,28.7698,147.197,971.582,1008.08,0.177503,0.34967,7.27049,0.0481164,0.00810816,0.363965,0.292796,0.407041,0.0924591,1.43176,0.55294,0.470153,0.0249553,0.615803,0.573092,0.096,0.568716,1.84774,12.4,70,0.0447906,18.0332
165000,9410.46,0.574369,33.384,33.66,0.132144,4632.98,2648.54,443.373,22.1687,976.296,969.328,0,0,0,28.309,147.601,974.194,1009.94,0.177056,0.348886,7.27486,0.0471379,0.00809987,0.363008,0.290912,0.407519,0.0928967,1.42016,0.547711,0.464465,0.0244359,0.616313,0.573119,0.114,0.563571,1.8275,10.2,69.6,0.043169,17.9835
165500,9422.08,0.575078,33.524,33.558,0.136578,4591.38,2651.97,444.811,22.2406,989.787,977.613,0,0,0,28.4271,147.026,977.131,1011.46,0.176924,0.348518,7.27744,0.0472262,0.00811433,0.363562,0.290606,0.406832,0.0927619,1.4159,0.563877,0.477048,0.0252471,0.616508,0.575585,0.102,0.576971,1.86829,11.2,76.6,0.047983,17.7909
166000,9449.12,0.576729,33.588,33.332,0.121508,4667.5,2662.19,457.069,22.8535,1051.38,1000.66,0,0,0,29.2052,147.188,979.714,1014.36,0.177466,0.349454,7.28129,0.0483963,0.00812442,0.364541,0.291128,0.407263,0.0935877,1.41903,0.558341,0.472268,0.025664,0.616123,0.57732,0.12,0.577318,1.85749,11.2,75.2,0.0467934,17.6366
166500,9400.62,0.573768,33.272,33.188,0.134018,4781.02,2648.62,452.619,22.6309,1108.44,991.558,0,0,0,29.6871,147.497,982.655,1017.88,0.177342,0.349299,7.28818,0.0481553,0.00813237,0.365932,0.292324,0.408011,0.0937526,1.43596,0.561711,0.473892,0.025772,0.615617,0.575742,0.112,0.580159,1.86933,11,73.6,0.0470701,17.6079
167000,9420.36,0.574973,33.658,33.498,0.136112,4835.35,2650.84,449.465,22.4733,1126.17,986.108,0,0,0,29.381,146.958,985.348,1020.5,0.17684,0.34841,7.28598,0.0477166,0.00815137,0.366962,0.29157,0.408003,0.0935394,1.44036,0.561986,0.474994,0.025327,0.615121,0.575068,0.104,0.570796,1.8584,10.6,70.8,0.0444836,17.6617
167500,9453.24,0.57698,33.68,33.872,0.137865,4766.47,2656.73,434.867,21.7434,1062.18,981.848,0,0,0,28.793,147.247,988.194,1024.86,0.176187,0.34723,7.28934,0.0460228,0.00816473,0.367245,0.291656,0.407422,0.0947293,1.42955,0.554597,0.470965,0.0248173,0.615654,0.572787,0.11,0.573094,1.8551,11.6,69.6,0.0444321,17.6272
168000,9461.42,0.577479,33.474,33.638,0.133624,4651.61,2657,421.222,21.0611,981.147,969.922,0,0,0,28.428,147.449,991.06,1028,0.175671,0.346114,7.29631,0.0445293,0.0081674,0.366415,0.292387,0.406379,0.0951698,1.41815,0.556036,0.470958,0.0245215,0.615996,0.572348,0.134,0.570439,1.86114,11.4,72.4,0.0462373,17.6189
168500,9461.46,0.577482,33.77,33.872,0.137563,4602.42,2655.68,428.924,21.4462,993.502,985.198,0,0,0,28.3893,146.908,993.833,1029.98,0.17547,0.34569,7.28646,0.045349,0.00817915,0.366551,0.292363,0.406263,0.0946635,1.4134,0.569238,0.478422,0.025132,0.616244,0.573989,0.116,0.575146,1.88499,12,84,0.0515939,17.6559
169000,9467.84,0.577871,33.584,33.204,0.123191,4672.22,2656.91,439.416,21.9708,1059.86,1000.54,0,0,0,29.2197,147.378,996.991,1034.1,0.175453,0.34576,7.29526,0.0464406,0.0081984,0.366718,0.293304,0.406428,0.0964765,1.41782,0.5695,0.481243,0.0251915,0.615223,0.576635,0.09,0.574654,1.8805,11.4,79.2,0.0492871,17.7113
169500,9457.64,0.577249,33.616,33.442,0.131497,4802.03,2655.33,454.712,22.7356,1117.53,1003.3,0,0,0,29.7006,147.393,1000.1,1037.12,0.175628,0.346051,7.29427,0.0480976,0.00820201,0.367319,0.294886,0.407434,0.0968659,1.43354,0.554408,0.46843,0.0252905,0.615182,0.575649,0.126,0.571682,1.85089,11.6,71.2,0.0447371,17.7142
170000,9450.6,0.576819,33.588,33.74,0.133932,4844.73,2652.04,450.371,22.5185,1135.77,988.305,0,0,0,29.4044,147.229,1002.81,1039.82,0.17541,0.345513,7.29188,0.0476948,0.00819088,0.367961,0.295589,0.407948,0.0963373,1.43868,0.554823,0.471653,0.0247741,0.614752,0.574379,0.102,0.575433,1.84242,10,67.2,0.0421469,17.692
170500,9468.3,0.577899,33.712,33.804,0.13639,4772.53,2650.68,428.369,21.4185,1067.66,986.333,0,0,0,28.8852,147.506,1005.44,1042.36,0.174412,0.343678,7.28862,0.0452669,0.00816525,0.368552,0.295253,0.407098,0.0959541,1.42875,0.555987,0.472518,0.02488,0.614294,0.574181,0.122,0.573506,1.84426,13,69.2,0.042978,17.7112
171000,9449.52,0.576753,33.45,33.638,0.134408,4644.14,2648.28,422.638,21.1319,978.25,972.702,0,0,0,28.455,147.236,1008.16,1046.1,0.174723,0.344331,7.29317,0.0447466,0.00814983,0.36887,0.295004,0.406906,0.0957134,1.41772,0.562617,0.475764,0.0251347,0.615344,0.574829,0.14,0.575113,1.87666,12.2,76.8,0.0487171,17.6611
171500,9482.56,0.57877,33.572,33.684,0.13801,4607.13,2655.96,419.882,20.9941,1003.43,977.04,0,0,0,28.4667,147.359,1010.73,1049.02,0.174349,0.343632,7.30015,0.0442891,0.00815122,0.369378,0.294689,0.406712,0.096556,1.412,0.568179,0.478147,0.0250063,0.615931,0.576517,0.128,0.574796,1.87902,10,79.6,0.0489991,17.1901
172000,9454.14,0.577035,33.694,33.448,0.125145,4665.95,2648.66,441.028,22.0514,1058.38,1009.15,0,0,0,29.274,147.073,1013.64,1051.78,0.174446,0.343734,7.30565,0.0466765,0.00816553,0.369409,0.295808,0.406852,0.0979459,1.41767,0.56628,0.478615,0.0253908,0.616095,0.578235,0.142,0.57343,1.88274,12.6,79.8,0.0502247,16.9419
172500,9413.8,0.574573,33.56,33.464,0.135225,4785.81,2639.76,440.927,22.0464,1116.31,1001.27,0,0,0,29.7611,147.031,1016.42,1055.56,0.174748,0.344239,7.30828,0.0468524,0.00818378,0.370288,0.297327,0.407944,0.0982308,1.43529,0.570074,0.483579,0.0258713,0.614642,0.578275,0.122,0.583771,1.87231,12,67.2,0.0433128,17.1912
173000,9427.64,0.575417,33.654,33.552,0.136535,4833.25,2642.79,423.747,21.1874,1135.52,987.443,0,0,0,29.4267,146.977,1019.45,1057.44,0.174642,0.344154,7.31254,0.0449576,0.00817607,0.371037,0.296882,0.409503,0.0988738,1.43889,0.562685,0.477139,0.0249908,0.615125,0.577166,0.126,0.57508,1.85464,10.4,73.4,0.0457171,16.9504
173500,9465.58,0.577733,33.652,33.794,0.13597,4769.94,2652.49,419.184,20.9592,1065.94,984.282,0,0,0,28.8724,147.5,1021.93,1058.92,0.174337,0.343643,7.31081,0.0443072,0.00816346,0.372113,0.297337,0.409934,0.0991088,1.42812,0.570103,0.481133,0.025257,0.615812,0.576114,0.134,0.584852,1.89063,13.4,75.8,0.0485929,16.8965
174000,9454.04,0.577029,33.578,33.726,0.13572,4649.28,2646.37,408.285,20.4143,987.129,974.212,0,0,0,28.4575,147.491,1024.63,1062.14,0.173789,0.342632,7.31466,0.0431948,0.00816869,0.372933,0.298431,0.408848,0.0993415,1.41834,0.56154,0.476275,0.0245969,0.616499,0.576843,0.116,0.576827,1.85925,10.4,73.4,0.0460839,17.0481
174500,9450.28,0.576799,33.498,33.796,0.139831,4598.8,2641.91,409.301,20.4651,1002.53,982.414,0,0,0,28.6027,147.014,1027.28,1065.6,0.173125,0.341402,7.3169,0.0433104,0.00818067,0.373364,0.298013,0.407685,0.0999102,1.41398,0.568904,0.479757,0.0249171,0.618135,0.577912,0.124,0.577617,1.88822,12.8,77.4,0.0487488,17.1619
175000,9495.36,0.579551,33.95,33.488,0.124331,4678.54,2653.19,414.992,20.7496,1063.45,1014.21,0,0,0,29.2486,147.15,1029.79,1070,0.173293,0.341721,7.30799,0.0437224,0.00817499,0.373997,0.298877,0.406885,0.100473,1.41601,0.569104,0.477828,0.0253076,0.617516,0.578435,0.114,0.572433,1.88852,11.2,83.2,0.051517,17.0716
175500,9449.34,0.576742,33.534,33.444,0.136904,4796.02,2643.49,422.533,21.1267,1115.93,1007.15,0,0,0,29.796,147.083,1032.9,1071.44,0.173574,0.342223,7.31326,0.0447187,0.00818186,0.375667,0.300729,0.407772,0.100715,1.43299,0.568877,0.478929,0.0255125,0.617678,0.578335,0.12,0.577453,1.89027,11.4,79.8,0.0505316,16.9577
176000,9474.28,0.578264,33.714,33.632,0.131221,4851.06,2650.94,410.277,20.5139,1134.9,995.629,0,0,0,29.5042,147.03,1035.69,1074.52,0.173747,0.342657,7.31152,0.043304,0.00817106,0.376853,0.301601,0.409375,0.100622,1.43694,0.566005,0.478013,0.0250913,0.618148,0.57727,0.1,0.577636,1.8651,10.4,74,0.045833,16.865
176500,9463.04,0.577578,33.732,33.864,0.136588,4768.4,2646.28,401.264,20.0632,1069.12,988.619,0,0,0,28.9893,147.513,1038.45,1078.86,0.173542,0.342368,7.30993,0.0424151,0.00816388,0.377881,0.301399,0.409716,0.100536,1.42832,0.556523,0.473691,0.0241724,0.619138,0.574957,0.116,0.57402,1.84832,11.8,69.8,0.0442546,16.673
177000,9498.36,0.579734,33.582,33.858,0.127719,4663.46,2656.09,395.774,19.7887,982.216,987.912,0,0,0,28.4711,147.299,1041.22,1082.32,0.173315,0.34185,7.31833,0.0416781,0.00815904,0.378749,0.301119,0.409119,0.0994791,1.41635,0.556577,0.474082,0.023944,0.620242,0.574535,0.114,0.571766,1.83264,10.6,62.2,0.0391993,16.8289
177500,9488.9,0.579156,33.62,33.742,0.130489,4615.39,2651.67,396.011,19.8006,1002.72,995.627,0,0,0,28.5244,147.365,1044.21,1085.4,0.173004,0.341243,7.31806,0.0417435,0.00816344,0.37967,0.301041,0.408468,0.0993239,1.41352,0.561524,0.477722,0.0238828,0.620647,0.576479,0.14,0.575286,1.84847,11.2,69.6,0.043279,15.8786
178000,9488.28,0.579119,33.716,33.318,0.122233,4678.65,2651.88,406.014,20.3007,1063.81,1008.02,0,0,0,29.3099,147.396,1047.04,1088.36,0.173272,0.341598,7.31289,0.0428068,0.00816844,0.380467,0.300247,0.408124,0.099637,1.41675,0.567003,0.480781,0.0249231,0.62064,0.576211,0.094,0.578959,1.86338,11.2,75,0.0465862,16.4211
178500,9470.22,0.578016,33.442,33.346,0.129003,4804.69,2647.2,410.758,20.5379,1120.51,1010.59,0,0,0,29.7392,147.301,1050.08,1092.12,0.173303,0.341633,7.31517,0.0433701,0.00816422,0.381153,0.30125,0.409077,0.100227,1.43257,0.558972,0.47624,0.0245509,0.620262,0.575669,0.104,0.572634,1.82743,10.2,66.6,0.0404329,16.9007
179000,9479,0.578552,33.712,33.726,0.127249,4855.64,2647.61,410.08,20.504,1136.58,1002.7,0,0,0,29.5921,147.33,1053.04,1095.22,0.172956,0.340814,7.31471,0.0432645,0.00816166,0.382136,0.302326,0.409558,0.100044,1.43728,0.550475,0.46831,0.0244083,0.619826,0.574066,0.104,0.572759,1.83365,10.6,67.6,0.0418427,19.8161
179500,9473.76,0.578232,33.788,33.824,0.130483,4776.64,2645.78,404.956,20.2478,1065.14,996.268,0,0,0,29.0936,147.119,1055.64,1096.88,0.172968,0.340909,7.31229,0.0427607,0.00814107,0.382911,0.302107,0.408968,0.09935,1.4291,0.554082,0.471808,0.0243692,0.620335,0.574327,0.112,0.573714,1.82728,10.4,65.4,0.0403543,17.7776
180000,9480.32,0.578633,33.358,33.65,0.127048,4660.05,2647.3,393.738,19.6869,990.187,984.679,0,0,0,28.5735,147.713,1058.45,1099.16,0.17259,0.340176,7.32006,0.0415411,0.00815075,0.38352,0.301585,0.408124,0.0996138,1.41776,0.559451,0.477489,0.0239224,0.621794,0.574554,0.11,0.578223,1.8474,11.4,68.8,0.0428937,15.6332
180500,9523.36,0.58126,33.714,33.794,0.127455,4623.35,2656.89,404.763,20.2381,999.562,998.009,0,0,0,28.6398,147.389,1061.18,1103.06,0.172229,0.339399,7.31463,0.0425165,0.00815296,0.383387,0.300862,0.40831,0.0996752,1.41083,0.570986,0.482574,0.0248338,0.621691,0.576392,0.15,0.584745,1.8665,10.8,75.4,0.0458061,16.9501
181000,9524,0.581299,33.84,33.372,0.122795,4691.23,2658.96,414.964,20.7482,1065.61,1011.53,0,0,0,29.43,147.448,1064.02,1107.08,0.172663,0.340089,7.319,0.0435817,0.00816616,0.383627,0.301491,0.408817,0.100437,1.41517,0.572665,0.48503,0.0252429,0.621975,0.578806,0.122,0.579202,1.86688,11.4,70,0.0430466,17.3963
181500,9467.38,0.577843,33.646,33.546,0.131835,4804.23,2647.44,410.406,20.5203,1116.96,1013.95,0,0,0,29.9326,147.518,1067.16,1110.1,0.173131,0.340858,7.32593,0.0433511,0.00816906,0.3845,0.30199,0.409342,0.100759,1.43275,0.572959,0.483422,0.0253624,0.622257,0.580517,0.138,0.585271,1.90244,13,76.2,0.0484441,17.3735
182000,9476.76,0.578416,33.552,33.722,0.130241,4852.94,2650.41,406.527,20.3263,1141.61,999.627,0,0,0,29.5093,147.278,1070.21,1112.38,0.173124,0.340909,7.32756,0.0429075,0.00817902,0.385732,0.302733,0.410424,0.100116,1.43689,0.571116,0.482557,0.0249087,0.62199,0.580481,0.13,0.582402,1.88368,11.2,80.2,0.0501462,17.3116
182500,9473.32,0.578206,33.65,33.724,0.13347,4773.78,2652.12,396.997,19.8499,1065.55,981.651,0,0,0,29.0149,147.266,1073.02,1115.46,0.17365,0.341939,7.32855,0.04192,0.00815975,0.38633,0.302938,0.410531,0.0993684,1.42799,0.566658,0.478118,0.0245862,0.622913,0.579765,0.138,0.581747,1.87072,11,78.2,0.048871,17.4127
183000,9515.16,0.580759,33.744,33.912,0.128455,4667.15,2661.96,392,19.6,981.557,990.137,0,0,0,28.5071,147.516,1075.54,1118.26,0.17345,0.341543,7.32394,0.0412106,0.00815987,0.386958,0.302817,0.410744,0.0985865,1.4151,0.563469,0.479224,0.0242325,0.623122,0.582365,0.088,0.57907,1.83871,10.4,69.8,0.0422726,17.3686
183500,9523.06,0.581241,33.656,33.768,0.132604,4621.37,2661.06,398.033,19.9016,1002.43,987.533,0,0,0,28.6861,147.364,1078.27,1121.18,0.172849,0.340293,7.32301,0.041801,0.00817565,0.38698,0.302516,0.411122,0.0990643,1.41004,0.569572,0.480353,0.0246138,0.624065,0.583885,0.13,0.58016,1.88804,13.6,78.2,0.0490593,17.3426
184000,9517.38,0.580895,33.974,33.636,0.119886,4685.22,2659.64,408.17,20.4085,1061.55,1016.38,0,0,0,29.3372,147.197,1081.37,1122.66,0.173126,0.34081,7.31373,0.0429002,0.00816439,0.387992,0.303343,0.411151,0.0994232,1.41428,0.571912,0.480977,0.0250396,0.624519,0.584522,0.138,0.577824,1.88617,10.4,80.8,0.0496842,17.408
184500,9470.18,0.578014,33.558,33.39,0.132178,4802.35,2648.09,406.806,20.3403,1117.92,1005.96,0,0,0,29.8268,147.247,1084.43,1125.3,0.173322,0.341298,7.31541,0.0429579,0.00813686,0.38865,0.30441,0.411433,0.0988554,1.43176,0.571899,0.481682,0.0251258,0.625151,0.583741,0.118,0.587073,1.89582,10.8,81.8,0.0510601,17.3127
185000,9496.24,0.579604,33.784,33.818,0.133453,4856.53,2653.93,401.336,20.0668,1140.03,996.669,0,0,0,29.47,146.98,1087.36,1127.98,0.173184,0.341145,7.30702,0.0422688,0.00811731,0.389544,0.306011,0.411864,0.0979234,1.43524,0.570827,0.481897,0.0247639,0.625263,0.583222,0.134,0.588804,1.87897,11,77.4,0.0478687,17.3705
185500,9509.28,0.5804,33.878,34.044,0.135779,4784.22,2657.85,395.547,19.7774,1065.25,996.452,0,0,0,29.0046,147.264,1090.54,1131.2,0.173318,0.341394,7.30619,0.0416149,0.00810168,0.390428,0.306771,0.412322,0.0977148,1.42635,0.567851,0.479471,0.0246457,0.625354,0.5822,0.154,0.582881,1.87779,11.6,77.6,0.0488336,17.5175
186000,9522.62,0.581215,33.656,33.832,0.129006,4668.2,2657.13,389.796,19.4898,986.306,987.285,0,0,0,28.5547,147.55,1093.37,1134.52,0.172404,0.33938,7.31177,0.040945,0.00812048,0.391284,0.306473,0.412582,0.0975282,1.41412,0.566321,0.47811,0.0242716,0.625689,0.583391,0.114,0.585062,1.87374,11.2,77,0.0473889,17.4974
186500,9543.22,0.582472,33.7,33.818,0.131039,4624.16,2661.96,387.125,19.3563,1001.29,988.72,0,0,0,28.5876,147.256,1095.95,1137.4,0.17207,0.338546,7.31758,0.040572,0.00813158,0.39159,0.306309,0.412938,0.0975942,1.40809,0.576143,0.483307,0.0245718,0.625829,0.58357,0.134,0.586673,1.91095,11.2,88.8,0.0554014,17.3424
187000,9526.88,0.581475,33.824,33.376,0.12001,4688.45,2657.57,397.104,19.8552,1064.29,1014.02,0,0,0,29.4459,147.554,1098.87,1139.66,0.172273,0.338895,7.31473,0.0416997,0.00813889,0.392489,0.307216,0.412495,0.0972633,1.41434,0.584911,0.490448,0.0254299,0.625235,0.584736,0.132,0.57942,1.92031,11.4,81.4,0.051021,17.4149
187500,9502.96,0.580015,33.626,33.562,0.130149,4818.33,2652.27,398.117,19.9059,1124.5,1012.25,0,0,0,29.9378,147.43,1101.89,1141.72,0.172629,0.339514,7.30503,0.0419015,0.00814184,0.393817,0.309228,0.41342,0.0973186,1.43171,0.567534,0.480659,0.0248268,0.624507,0.585039,0.128,0.583578,1.86462,10.6,75.2,0.0465359,17.2982
188000,9558.54,0.583407,34.028,34.028,0.129562,4876.02,2664.91,396.945,19.8472,1139.55,1008.34,0,0,0,29.5245,147.099,1104.77,1144.96,0.17239,0.339159,7.29648,0.0415347,0.00813531,0.394516,0.31048,0.413761,0.0976515,1.43176,0.568731,0.480228,0.0247713,0.624611,0.584678,0.12,0.584951,1.87891,11.4,79,0.0492256,17.2854
188500,9547.96,0.582761,33.844,33.996,0.131012,4798.66,2661.46,391.548,19.5774,1070.62,999.11,0,0,0,29.0635,147.318,1107.44,1148.16,0.1723,0.339071,7.29174,0.0410264,0.0081369,0.395423,0.311293,0.413292,0.0962481,1.42461,0.57081,0.485337,0.0245679,0.624311,0.584537,0.13,0.589517,1.85382,10.4,67.8,0.041347,17.3815
189000,9550.84,0.582937,33.852,33.99,0.127214,4675.33,2658.9,387.561,19.378,987.514,994.125,0,0,0,28.5663,147.456,1110.14,1150.88,0.17168,0.337897,7.28991,0.0405843,0.00814606,0.396321,0.311842,0.412246,0.0954873,1.4119,0.571319,0.482134,0.0246116,0.623988,0.584112,0.11,0.582187,1.8806,10.4,79.6,0.0494163,17.5221
189500,9562.36,0.58364,33.802,33.944,0.128562,4634.61,2660.92,386.541,19.3271,1002.84,1002.04,0,0,0,28.6704,147.406,1112.7,1154.26,0.17149,0.337295,7.29154,0.0404369,0.00816394,0.396491,0.311193,0.412747,0.096085,1.4087,0.577329,0.485736,0.0244341,0.623522,0.585382,0.146,0.584592,1.89909,12,82,0.0508273,17.5508
190000,9588.46,0.585233,34.03,33.562,0.115618,4711.09,2667.19,390.287,19.5144,1069.12,1018.55,0,0,0,29.4668,147.256,1115.67,1156.06,0.171545,0.337318,7.28527,0.0407169,0.0081692,0.397043,0.311831,0.412166,0.096348,1.41166,0.579712,0.486315,0.0249068,0.62195,0.587818,0.14,0.585814,1.92157,13.8,86,0.0540014,17.348
190500,9566.12,0.58387,33.922,33.85,0.129209,4832.05,2664.06,393.879,19.6939,1121.48,1018.89,0,0,0,29.8547,147.395,1118.78,1159.12,0.171793,0.337817,7.29133,0.0411735,0.00816311,0.398457,0.312309,0.412241,0.0969946,1.42608,0.584748,0.491174,0.0256721,0.621735,0.58821,0.164,0.594473,1.91034,10.8,84.2,0.0518594,17.5083
191000,9571.68,0.584209,33.91,33.912,0.129976,4878.99,2663.23,387.011,19.3506,1145.78,1008.3,0,0,0,29.59,147.095,1121.7,1161.88,0.171545,0.337465,7.283,0.0404397,0.00815331,0.398913,0.313272,0.411294,0.0971608,1.43064,0.5773,0.485535,0.0248259,0.621588,0.587621,0.11,0.59564,1.90428,11.8,78.8,0.0493457,17.4608
191500,9560.98,0.583556,33.986,34.206,0.130001,4798.24,2657.99,378.821,18.9411,1073.22,1008.18,0,0,0,29.1203,147.633,1124.55,1164.66,0.171339,0.336951,7.27772,0.039629,0.00814948,0.399287,0.313798,0.411229,0.0965285,1.42269,0.570613,0.484648,0.0241221,0.62117,0.586124,0.122,0.588682,1.86402,10.6,73.6,0.0452397,17.4668
192000,9577.92,0.58459,33.642,33.788,0.129882,4683.04,2659.25,374.921,18.7461,996.177,981.032,0,0,0,28.6271,147.591,1126.89,1168.4,0.170552,0.335303,7.28231,0.039148,0.00815515,0.398816,0.313148,0.411372,0.0954834,1.41033,0.577881,0.489335,0.0239523,0.620816,0.585375,0.13,0.583328,1.89986,12.8,78.8,0.0498172,17.525
192500,9564.42,0.583766,33.772,34.04,0.126792,4636.61,2653.71,375.947,18.7974,1006.89,1007.24,0,0,0,28.734,147.515,1129.44,1171.6,0.170175,0.334614,7.28879,0.0393043,0.00817082,0.39917,0.312664,0.41138,0.0951307,1.40876,0.573158,0.484813,0.0238286,0.620584,0.584534,0.124,0.580439,1.87821,11.6,74.2,0.0464166,17.4038
193000,9607.16,0.586375,34.264,33.71,0.116374,4714.34,2663.34,383.716,19.1858,1075.38,1027.77,0,0,0,29.4146,147.392,1132.32,1174.72,0.170128,0.334594,7.28439,0.0399589,0.00817711,0.400172,0.312929,0.41237,0.095582,1.41033,0.573962,0.482573,0.0246428,0.619721,0.585116,0.122,0.584724,1.89185,11,81.8,0.0495968,17.4895
193500,9551.56,0.582981,33.706,33.74,0.126623,4829.72,2651.18,378.183,18.9092,1128.34,1022.62,0,0,0,29.9722,147.625,1135.28,1178.02,0.170275,0.33504,7.29836,0.0395921,0.00818989,0.401284,0.313854,0.413429,0.0960496,1.42733,0.567263,0.48027,0.0245549,0.620041,0.584425,0.136,0.578079,1.86348,10.6,79,0.0477557,17.6217
194000,9535.56,0.582004,33.79,33.742,0.128541,4869.3,2646.81,378.427,18.9214,1149.57,1007.4,0,0,0,29.6393,147.188,1138.27,1181.5,0.170483,0.335561,7.29469,0.0396862,0.00817432,0.401875,0.314445,0.413352,0.0952769,1.43317,0.562702,0.478126,0.0239071,0.620564,0.583198,0.098,0.579625,1.85731,10.8,70.8,0.0440289,17.5491
194500,9529.26,0.58162,33.926,34.048,0.130736,4792.85,2643.32,374.475,18.7238,1081.68,1007,0,0,0,29.229,147.576,1141.27,1183.9,0.170201,0.33499,7.29094,0.0392998,0.00816691,0.402622,0.315468,0.41321,0.0944892,1.42583,0.556484,0.474096,0.023769,0.621121,0.582775,0.136,0.575814,1.84442,11.6,71,0.0438539,17.4044
195000,9562.54,0.583651,33.676,33.966,0.128225,4686.08,2652.62,370.921,18.5461,1000.34,998.173,0,0,0,28.814,147.996,1143.9,1187.44,0.169912,0.334187,7.29927,0.038789,0.00817921,0.403036,0.315097,0.412921,0.0942088,1.41379,0.568261,0.482259,0.0237611,0.620959,0.583851,0.158,0.582573,1.86499,13,70.4,0.0438266,17.3758
195500,9580.04,0.584719,33.824,33.842,0.1323,4638.7,2656.59,375.036,18.7518,1012.57,997.162,0,0,0,28.7505,147.161,1146.62,1190.2,0.169918,0.334072,7.29088,0.0391522,0.00819056,0.403262,0.313922,0.411112,0.0940479,1.40723,0.580709,0.488576,0.0245746,0.620401,0.585516,0.124,0.584523,1.91084,14.8,84.8,0.0519699,18.0287
196000,9579.78,0.584703,33.98,33.688,0.117428,4712.6,2657.4,374.431,18.7216,1072.44,1033.05,0,0,0,29.5489,147.703,1149.5,1192.7,0.170166,0.334647,7.29408,0.0391005,0.00819601,0.403432,0.314255,0.410694,0.0941326,1.41356,0.576118,0.488192,0.0244763,0.620388,0.586223,0.11,0.586411,1.87711,11.4,72.4,0.0446409,18.2625
196500,9539.36,0.582236,33.752,33.556,0.126674,4824.28,2647.42,375.625,18.7813,1121.98,1022.15,0,0,0,30.0172,147.397,1153.04,1195.3,0.170331,0.33521,7.29708,0.0393867,0.00818967,0.40459,0.315551,0.411682,0.0940155,1.42827,0.569549,0.480855,0.0246554,0.619527,0.585705,0.144,0.57907,1.87762,11.2,79,0.0487007,18.3105
197000,9578.88,0.584648,34.172,34.136,0.130543,4877.19,2659.8,370.303,18.5152,1141.37,1019.67,0,0,0,29.6075,147.159,1156.19,1199.86,0.170621,0.335953,7.29031,0.0386613,0.00818273,0.405193,0.316111,0.412353,0.0940009,1.4291,0.577454,0.486313,0.0244812,0.619319,0.585091,0.14,0.586238,1.89562,10.2,79.8,0.049446,18.3486
197500,9532.82,0.581837,33.786,34.11,0.136294,4788.29,2646.98,356.976,17.8488,1074.45,1004.02,0,0,0,29.1873,147.36,1159.24,1202.74,0.170485,0.335705,7.29359,0.0374544,0.00818298,0.405548,0.316918,0.412667,0.0942883,1.42376,0.570033,0.48243,0.0238369,0.619894,0.585227,0.14,0.587802,1.87629,11.8,74.8,0.0463934,18.373
198000,9577.58,0.584569,33.804,33.868,0.125083,4686.12,2656.57,355.293,17.7647,995.946,998.148,0,0,0,28.7826,147.801,1161.47,1204.1,0.169935,0.334474,7.29833,0.0371113,0.00818752,0.405262,0.315368,0.413148,0.0937092,1.41193,0.581836,0.489469,0.0242406,0.619682,0.585652,0.128,0.589086,1.89011,10.2,81.8,0.0497187,18.4578
198500,9584.94,0.585018,33.832,33.974,0.128522,4641.48,2659.68,355.947,17.7973,1010.6,1002.7,0,0,0,28.7902,147.389,1164.14,1208.06,0.16994,0.334413,7.30551,0.0371434,0.00819227,0.405835,0.314569,0.412732,0.0934337,1.40746,0.582784,0.489966,0.0240277,0.618885,0.58781,0.144,0.588757,1.91119,11.4,80.4,0.050219,18.3543
199000,9602.76,0.586106,34.046,33.588,0.116048,4714.38,2661.1,364.382,18.2191,1069.36,1031.79,0,0,0,29.4843,147.195,1166.92,1211.44,0.169544,0.33373,7.30273,0.0379632,0.00819123,0.40611,0.315287,0.412554,0.0950313,1.41073,0.576315,0.487754,0.0241803,0.618171,0.587778,0.124,0.579407,1.87972,12,74,0.045526,18.2966
199500,9534.52,0.581941,33.752,33.756,0.128887,4820.52,2645.9,362.887,18.1444,1121.25,1026.68,0,0,0,30.0312,147.492,1170.39,1216.04,0.169975,0.334619,7.30999,0.0380681,0.00817389,0.406738,0.315829,0.412436,0.0962714,1.42762,0.571079,0.482859,0.0242594,0.617869,0.587036,0.13,0.583275,1.87584,10.8,74.2,0.0461281,18.335
200000,9566.26,0.583878,33.824,33.776,0.126915,4878.34,2653.55,363.133,18.1566,1152.78,1006.47,0,0,0,29.6245,147.189,1173.39,1220.4,0.170062,0.334886,7.30281,0.0379667,0.00816932,0.407201,0.317054,0.412945,0.0955788,1.43145,0.56666,0.480122,0.0238778,0.617135,0.586976,0.084,0.587094,1.86114,9.8,76.2,0.0460148,16.1503
200500,9595.96,0.585691,33.978,34.162,0.127119,4809.48,2661.61,362.49,18.1245,1075.72,1004.54,0,0,0,29.0679,147.706,1175.99,1223.06,0.16985,0.334453,7.29931,0.0377944,0.00817385,0.407447,0.318238,0.412737,0.0952822,1.4208,0.572493,0.484324,0.0240804,0.616945,0.586674,0.124,0.589628,1.87251,11,77.8,0.0478802,17.5697
201000,9607.1,0.586371,33.9,34.054,0.121246,4697.66,2662.58,354.81,17.7405,998.14,1006.76,0,0,0,28.7764,147.902,1178.74,1225.72,0.169498,0.333712,7.30195,0.0369386,0.00818346,0.408583,0.317721,0.412145,0.0951039,1.41061,0.570684,0.481965,0.0235499,0.617405,0.587508,0.096,0.585395,1.88617,11,75.4,0.0479349,18.3408
201500,9615.68,0.586895,33.828,34.062,0.130546,4651.05,2663.96,360.81,18.0405,1012.9,1002.83,0,0,0,28.7466,147.386,1181.62,1229.34,0.169394,0.333441,7.29171,0.0375254,0.00819521,0.410103,0.317687,0.412499,0.0948955,1.40569,0.581012,0.489266,0.0240022,0.616692,0.587909,0.11,0.586422,1.89307,10.8,81.4,0.0495462,18.3852
202000,9621.5,0.58725,34.322,33.85,0.118463,4716.13,2665.58,372.703,18.6351,1069.9,1033.5,0,0,0,29.4862,147.164,1184.27,1232.54,0.169581,0.333893,7.28526,0.0387521,0.00820938,0.411069,0.316765,0.412852,0.0948648,1.40851,0.589415,0.494064,0.0248095,0.616047,0.590195,0.114,0.58664,1.93331,11.8,85.2,0.0534004,18.3358
202500,9577.02,0.584535,33.94,33.728,0.124877,4837.78,2655.47,367.299,18.365,1125.48,1031.03,0,0,0,30.0037,147.632,1187.15,1235.54,0.1699,0.334671,7.29549,0.0383572,0.00819526,0.412364,0.319059,0.412808,0.0971497,1.42691,0.576601,0.486959,0.0246135,0.61593,0.590631,0.152,0.592857,1.90139,12,79.2,0.0497531,18.4012
203000,9600.76,0.585984,33.754,33.866,0.126212,4886.25,2661.39,366.298,18.3149,1147.64,1009.37,0,0,0,29.715,147.452,1190,1237.98,0.169793,0.33464,7.29075,0.0381651,0.00818515,0.413715,0.320335,0.413183,0.0972676,1.42855,0.573289,0.48491,0.0243184,0.615569,0.590164,0.102,0.591118,1.87076,11.6,76.4,0.0462576,18.4429
203500,9559.26,0.583451,34.018,34.22,0.127933,4800.66,2650.48,362.552,18.1276,1074.45,1016.38,0,0,0,29.1976,147.686,1192.98,1240.22,0.169898,0.335023,7.28906,0.0379423,0.0081863,0.413946,0.320209,0.413171,0.0973595,1.42408,0.572487,0.485349,0.0239729,0.615662,0.590845,0.144,0.585872,1.87281,10.8,74,0.045301,18.371
204000,9633.88,0.588005,33.988,34.126,0.123907,4706.9,2667.73,360.763,18.0381,998.937,1005.99,0,0,0,28.7642,147.666,1195.81,1243.94,0.169238,0.333821,7.28985,0.0374549,0.00818092,0.41413,0.318744,0.412849,0.0962057,1.40975,0.580494,0.490358,0.0241919,0.614987,0.591274,0.118,0.591333,1.88647,11,77.4,0.0469565,18.3158
204500,9645.14,0.588693,33.848,33.96,0.125843,4661.07,2667.85,368.03,18.4015,1008.36,1010.4,0,0,0,28.8318,147.395,1198.6,1245.86,0.168771,0.332853,7.2835,0.0381757,0.00818524,0.414679,0.318063,0.412419,0.0954981,1.40471,0.591105,0.495758,0.0249349,0.614545,0.592732,0.126,0.593405,1.9314,13,84.8,0.0523063,18.3249
205000,9617.52,0.587007,34.136,33.724,0.112232,4719.1,2659.18,380.789,19.0394,1076.08,1036.87,0,0,0,29.5543,147.591,1201.44,1246.2,0.168728,0.332909,7.28052,0.0396112,0.00818127,0.415094,0.318374,0.41265,0.0957369,1.40989,0.582928,0.490345,0.0247877,0.613512,0.593598,0.136,0.596797,1.90423,11.4,82.6,0.0506495,18.3388
205500,9594.62,0.585609,33.87,33.808,0.127396,4843.78,2654.7,379.348,18.9674,1131.83,1032.33,0,0,0,30.0484,147.767,1204.37,1249.2,0.168778,0.333175,7.29446,0.0395372,0.00817903,0.41553,0.318845,0.413599,0.0962552,1.42548,0.582784,0.490241,0.0251155,0.613397,0.593535,0.1,0.59471,1.91752,13.2,85.8,0.0537102,18.3721
206000,9583.98,0.58496,33.852,33.832,0.128816,4882.63,2652.64,371.552,18.5776,1150.44,1008.51,0,0,0,29.6706,147.251,1207.16,1251.78,0.169078,0.333853,7.28756,0.038769,0.00815749,0.415503,0.319864,0.412762,0.0967485,1.42988,0.581789,0.489232,0.0245318,0.612642,0.593813,0.14,0.595876,1.91604,12.6,79.4,0.050023,18.3593
206500,9632.88,0.587944,34.198,34.414,0.125232,4820.14,2665.37,367.124,18.3562,1078.95,1019.37,0,0,0,29.1165,147.777,1209.86,1253.66,0.168774,0.333344,7.29508,0.0381255,0.00814762,0.416251,0.320709,0.412545,0.0959217,1.41869,0.574761,0.487043,0.0241283,0.612594,0.592949,0.142,0.593098,1.88328,12,77.2,0.0468541,18.3628
207000,9632.26,0.587906,33.956,34.062,0.120147,4707.42,2660.83,358.738,17.9369,1002.73,1007.18,0,0,0,28.7657,147.828,1212.39,1256.08,0.16803,0.331944,7.28958,0.0372494,0.00815872,0.416487,0.318319,0.412741,0.0960987,1.40971,0.582014,0.492595,0.0239946,0.611621,0.59372,0.128,0.600136,1.89385,10.6,79,0.0485874,18.3319
207500,9653.78,0.58922,33.982,34.114,0.130803,4662.02,2664.24,363.701,18.1851,1014.86,1006.22,0,0,0,28.8196,147.367,1215.23,1259.46,0.167609,0.331005,7.28571,0.0376796,0.00816801,0.418108,0.316675,0.412879,0.095905,1.40342,0.59299,0.497132,0.0249476,0.610752,0.595474,0.112,0.592935,1.93793,10.8,90.4,0.055574,18.4031
208000,9655.64,0.589333,34.194,33.782,0.112755,4729.91,2662.7,370.345,18.5172,1078.68,1040.36,0,0,0,29.6375,147.54,1218.7,1263.04,0.167564,0.330956,7.28008,0.0383669,0.00816133,0.419336,0.316709,0.413841,0.0964325,1.40755,0.585993,0.490608,0.0250814,0.610625,0.596409,0.148,0.595392,1.9553,11.6,93.4,0.0586586,18.5167
208500,9620.44,0.587185,34.032,33.788,0.124176,4849.27,2655.87,369.473,18.4737,1129.62,1038.06,0,0,0,30.0479,147.543,1221.84,1266.62,0.167916,0.331701,7.28597,0.0384051,0.0081491,0.419564,0.316868,0.413861,0.097261,1.42357,0.583931,0.489756,0.0249935,0.610968,0.596225,0.152,0.592594,1.92021,11.4,83.2,0.0519875,18.41
209000,9630.28,0.587786,34.09,34.146,0.126128,4896.87,2659.47,366.579,18.3289,1150.22,1021.1,0,0,0,29.7289,147.159,1224.78,1269.74,0.168244,0.332331,7.28047,0.0380765,0.0081457,0.419892,0.316586,0.413762,0.0978986,1.42727,0.57346,0.484058,0.0243521,0.610572,0.594513,0.14,0.596856,1.89364,12.4,81.6,0.0504716,18.4303
209500,9636.9,0.58819,34.144,34.39,0.126477,4824.31,2662.09,360.444,18.0222,1085,1020.27,0,0,0,29.2152,147.92,1227.77,1272.24,0.168337,0.332423,7.28072,0.0374157,0.00814437,0.420757,0.318344,0.41393,0.0983854,1.41948,0.572223,0.48441,0.0239604,0.609588,0.594221,0.1,0.594349,1.87497,10.4,75.2,0.0462032,18.2879
210000,9628.34,0.587667,33.748,34.032,0.12273,4701.49,2656.69,357.01,17.8505,1004.19,1001.21,0,0,0,28.8101,147.794,1230.51,1275.34,0.167559,0.330915,7.28615,0.0370801,0.00815082,0.421343,0.319106,0.414077,0.0977238,1.40865,0.582194,0.489794,0.0241672,0.609347,0.59808,0.134,0.598417,1.91118,11.4,82.2,0.0510391,17.8868
210500,9644.14,0.588632,34.114,34.188,0.12569,4660.63,2659.31,360.348,18.0174,1015.66,1018.49,0,0,0,28.8993,147.322,1233.5,1279.26,0.167562,0.330904,7.27619,0.0373709,0.00815541,0.421866,0.318617,0.41351,0.0961434,1.40449,0.583133,0.491888,0.0242193,0.608829,0.598746,0.126,0.594659,1.90751,11.8,83.2,0.0516242,18.1
211000,9653,0.589172,34.302,33.752,0.114323,4728.33,2661.25,368.591,18.4295,1078.77,1039.42,0,0,0,29.6605,147.574,1236.39,1283.42,0.167882,0.331601,7.26658,0.0382002,0.00816415,0.422427,0.317168,0.413221,0.0959162,1.40786,0.579044,0.487334,0.0244359,0.609181,0.597793,0.158,0.591368,1.90789,12.4,81.6,0.0505157,18.3262
211500,9606.66,0.586344,33.802,33.814,0.128423,4844.95,2650.32,363.292,18.1646,1131.77,1031.2,0,0,0,30.072,147.502,1239.81,1285.26,0.167761,0.331522,7.2758,0.0378208,0.00815488,0.423197,0.317739,0.413742,0.0963838,1.42403,0.590229,0.496985,0.0250643,0.609201,0.596454,0.106,0.601883,1.91737,11.2,82.2,0.0513258,18.2856
212000,9604.12,0.586189,34.032,34.142,0.127721,4888.78,2648.86,363.006,18.1503,1149.08,1027.08,0,0,0,29.7969,147.133,1242.84,1288.32,0.167866,0.331969,7.26311,0.0378125,0.00813489,0.423067,0.318656,0.414189,0.0963154,1.42874,0.580773,0.489555,0.0246455,0.608958,0.594285,0.146,0.595013,1.91758,13,84.2,0.052352,18.4049
212500,9622.82,0.58733,34.122,34.234,0.126826,4815.52,2652.9,352.925,17.6463,1086.91,1017.16,0,0,0,29.3665,147.53,1245.32,1290.54,0.167651,0.3316,7.26373,0.0366823,0.00813721,0.423455,0.318478,0.414191,0.0958173,1.41889,0.581997,0.489382,0.0242876,0.609377,0.594093,0.156,0.597348,1.91826,11.6,83.4,0.0522208,18.3959
213000,9669.32,0.590168,33.976,34.188,0.122156,4715.82,2663.15,353.391,17.6696,1006.41,1011.33,0,0,0,28.9421,147.978,1247.99,1293.88,0.167071,0.330501,7.27131,0.0365492,0.00815867,0.424091,0.318907,0.414985,0.0961785,1.40687,0.574562,0.485258,0.0240254,0.610035,0.592511,0.154,0.593573,1.89429,11,77.2,0.0485942,18.4233
213500,9660.14,0.589608,34.01,34.066,0.124395,4659.57,2656.58,357.818,17.8909,1017.33,1014.82,0,0,0,28.9735,147.838,1250.75,1296.68,0.166521,0.329455,7.26185,0.0370495,0.00817347,0.424753,0.319295,0.414287,0.0958702,1.40201,0.592869,0.497249,0.0244906,0.610503,0.592376,0.132,0.593231,1.92488,11,87.8,0.0531968,18.3675
214000,9654.84,0.589285,34.224,33.776,0.114497,4726.71,2654.52,365.906,18.2953,1078.3,1041.32,0,0,0,29.6232,147.126,1253.78,1299.82,0.166731,0.329916,7.25359,0.0379117,0.00817782,0.425266,0.320535,0.41428,0.095685,1.40684,0.585356,0.489099,0.0248588,0.610498,0.592736,0.15,0.587824,1.92974,9.6,92.2,0.0561822,18.3986
214500,9638.58,0.588292,34.15,33.934,0.125093,4857.88,2649.71,361.564,18.0782,1140.17,1039.48,0,0,0,30.2281,147.7,1256.82,1302.76,0.16667,0.329691,7.25418,0.037515,0.00816497,0.425853,0.320568,0.414157,0.0966965,1.42359,0.575898,0.486954,0.0245144,0.608737,0.59241,0.104,0.588603,1.88511,11.8,79.4,0.0487418,18.3517
215000,9651.68,0.589092,33.986,34.152,0.125111,4905.12,2650.36,358.557,17.9278,1162.56,1029.57,0,0,0,29.8214,147.348,1259.64,1305.86,0.166245,0.328987,7.24289,0.0371609,0.00815074,0.425762,0.320548,0.41423,0.0972667,1.42639,0.578319,0.488221,0.0244024,0.608196,0.591835,0.148,0.597591,1.88421,10,81,0.0490054,18.4331
215500,9627.14,0.587594,34.11,34.294,0.123353,4821.49,2641.72,350.159,17.5079,1099.94,1023.59,0,0,0,29.4155,147.917,1262.34,1308.12,0.165829,0.32816,7.24358,0.0363869,0.00815835,0.426238,0.321515,0.413676,0.097165,1.41964,0.581804,0.4918,0.023978,0.60821,0.589837,0.136,0.59383,1.8881,10.4,76,0.046627,18.4171
216000,9659.5,0.589569,33.892,34.174,0.120597,4712.32,2648.44,345.174,17.2587,1010.13,1018.75,0,0,0,28.9914,148.067,1265.21,1310.4,0.165548,0.327484,7.24437,0.0357364,0.00816659,0.42745,0.322438,0.413705,0.0968386,1.40744,0.568776,0.482901,0.023358,0.607194,0.589429,0.136,0.582076,1.86767,10.4,73.6,0.0451392,18.3671
216500,9709.18,0.592601,34.232,34.152,0.123249,4677.21,2660.58,354.067,17.7034,1025.51,1019.21,0,0,0,29.0557,147.611,1268.02,1313.54,0.16539,0.327116,7.2324,0.0364792,0.00817033,0.428743,0.323211,0.41361,0.0967974,1.4001,0.586778,0.491988,0.0243406,0.606469,0.592746,0.114,0.593093,1.92239,11,86.8,0.0532248,18.3799
217000,9692.92,0.591609,34.338,33.888,0.113032,4742.07,2656.16,356.008,17.8004,1085.2,1045.92,0,0,0,29.7273,147.308,1271.12,1316.8,0.165575,0.327547,7.22872,0.0367458,0.0081709,0.42976,0.32299,0.415132,0.0967515,1.40577,0.585905,0.491263,0.0246538,0.605824,0.594591,0.164,0.593461,1.91664,11.6,83.8,0.0511668,18.3322
217500,9655.08,0.589299,34.058,34.036,0.122778,4863.65,2647.4,354.981,17.749,1140.86,1049.31,0,0,0,30.1814,147.901,1274.24,1319.86,0.165599,0.327786,7.24336,0.0367669,0.00816839,0.430863,0.32419,0.414929,0.0981522,1.42264,0.583005,0.491432,0.0246444,0.605259,0.594828,0.124,0.592202,1.89292,10.4,77.2,0.0462869,18.339
218000,9659.48,0.589568,34.13,34.122,0.122788,4906.28,2648.4,354.828,17.7414,1166.67,1031.14,0,0,0,29.888,147.458,1277.32,1323.02,0.165655,0.328019,7.23295,0.0367363,0.00815303,0.431913,0.325474,0.414752,0.0992866,1.42567,0.590433,0.494214,0.0251218,0.603908,0.594017,0.128,0.604274,1.93328,10.6,92.6,0.0565005,18.2653
218500,9658.96,0.589536,34.126,34.404,0.125327,4830.54,2649.28,343.979,17.199,1100.39,1021.25,0,0,0,29.4125,147.64,1280.67,1326.36,0.165869,0.328397,7.23136,0.0356248,0.00815006,0.432952,0.324501,0.414858,0.0999795,1.41784,0.573225,0.483391,0.0235628,0.602995,0.59204,0.132,0.593496,1.88077,10.2,78.4,0.0478603,18.3365
219000,9647.12,0.588813,34.03,34.258,0.121121,4711.2,2645.06,342.964,17.1482,1009.31,1025.38,0,0,0,29.045,147.742,1283.45,1330.04,0.165433,0.327536,7.2466,0.0355604,0.00813955,0.433569,0.325219,0.415617,0.0990937,1.40875,0.582489,0.492187,0.0241245,0.602926,0.590759,0.136,0.595076,1.89622,11.2,75.6,0.0467402,18.368
219500,9687.04,0.59125,34.116,34.216,0.122739,4673.32,2658.09,339.379,16.969,1020.16,1025.1,0,0,0,29.057,147.556,1286.39,1333.96,0.165773,0.328182,7.25222,0.0350443,0.00813261,0.434091,0.324851,0.416058,0.0990991,1.40213,0.57782,0.487992,0.023827,0.603119,0.591927,0.114,0.583657,1.89356,12.6,75.6,0.046384,18.5599
220000,9677.56,0.590671,34.226,33.642,0.114092,4737.26,2654.61,346.892,17.3446,1083.28,1044.18,0,0,0,29.8257,147.356,1289.42,1335.88,0.165835,0.328548,7.24234,0.0358619,0.0081336,0.434276,0.325675,0.417186,0.0983471,1.40678,0.588,0.492874,0.0247014,0.602957,0.59312,0.15,0.591875,1.93687,11.8,84.6,0.0529057,16.4026
220500,9649.12,0.588936,34.218,34.244,0.124386,4856.77,2646.08,347.265,17.3633,1137.77,1053.89,0,0,0,30.1467,147.264,1292.62,1338.68,0.16573,0.328566,7.23614,0.0359938,0.00811981,0.434879,0.32726,0.41786,0.0996449,1.42121,0.575879,0.483092,0.0244609,0.602841,0.591915,0.148,0.581779,1.91089,11.8,85.8,0.0531312,17.6865
221000,9641.56,0.588474,33.974,34.018,0.125075,4902.46,2644.18,341.009,17.0504,1170.53,1022.1,0,0,0,29.9689,147.873,1295.71,1342.28,0.165857,0.329019,7.23808,0.035376,0.00811672,0.434702,0.327955,0.418194,0.100401,1.42713,0.568614,0.481715,0.0235397,0.603286,0.589239,0.126,0.586371,1.86099,10.4,73.2,0.0445453,18.3774
221500,9639.4,0.588342,34.114,34.338,0.126679,4824.38,2642.56,345.415,17.2707,1095.14,1025.66,0,0,0,29.4799,147.644,1298.5,1345.18,0.16574,0.328736,7.23078,0.0358501,0.00810019,0.434996,0.328891,0.418599,0.0998256,1.41919,0.574915,0.486301,0.0238183,0.603107,0.586299,0.128,0.592963,1.88441,12,78.4,0.0481738,18.3012
222000,9650.88,0.589043,33.886,34.08,0.120024,4713.2,2646.6,342.1,17.105,1012.65,1021.65,0,0,0,29.0405,148.019,1301.66,1349.32,0.165925,0.328981,7.23439,0.0354557,0.00809911,0.435435,0.328945,0.419449,0.100742,1.40924,0.569555,0.482221,0.0233933,0.604159,0.585116,0.128,0.579062,1.86685,11.2,71.8,0.0443593,18.3463
222500,9657.02,0.589418,34.022,34.14,0.125045,4667.71,2652.44,345.816,17.2908,1021.93,1023.99,0,0,0,29.0715,147.472,1304.88,1351.62,0.166487,0.33002,7.23088,0.0358165,0.00808619,0.435733,0.330351,0.419358,0.101134,1.40453,0.580336,0.488327,0.0241442,0.604019,0.586729,0.138,0.585911,1.9083,11.6,81.2,0.0499039,18.3244
223000,9685.76,0.591172,34.418,33.9,0.113536,4736.3,2661.37,350.875,17.5438,1078.61,1046.09,0,0,0,29.6788,147.422,1307.93,1354.26,0.166948,0.330942,7.22672,0.0362359,0.00808085,0.436389,0.331062,0.419134,0.10084,1.40541,0.580147,0.486209,0.0244731,0.604244,0.587049,0.168,0.584941,1.91277,11.4,81.6,0.0506768,18.3106
223500,9606.28,0.586321,33.936,33.9,0.123951,4844.9,2639.92,343.185,17.1592,1142.94,1038.12,0,0,0,30.2077,147.673,1310.88,1357.62,0.166824,0.330727,7.23009,0.0357316,0.00807425,0.436836,0.333065,0.419664,0.101266,1.42404,0.575907,0.484693,0.024178,0.60413,0.586088,0.118,0.590906,1.90336,11.6,76,0.048586,18.3486
224000,9615,0.586853,33.904,33.994,0.123001,4893.96,2642.74,346.559,17.328,1165.38,1023,0,0,0,29.8823,147.253,1314.22,1361.36,0.166983,0.331018,7.22526,0.0360536,0.00806051,0.437682,0.334631,0.419657,0.101847,1.42858,0.576325,0.487392,0.0240246,0.602573,0.584886,0.13,0.590636,1.87829,11.2,75.6,0.0461538,18.3566
224500,9624.74,0.587448,34.12,34.21,0.12557,4823.99,2642.91,341.856,17.0928,1096.51,1022.23,0,0,0,29.4154,147.678,1317.23,1364.9,0.166639,0.330268,7.22194,0.0355303,0.00804158,0.437642,0.335842,0.419187,0.102352,1.4209,0.567286,0.480972,0.0234339,0.602003,0.583556,0.116,0.580059,1.86788,12.4,70.8,0.0438287,18.3223
225000,9662.52,0.589753,33.922,34.13,0.121388,4716.05,2651.27,338.143,16.9071,1007.89,1020.97,0,0,0,28.9632,147.711,1320.35,1368.24,0.166278,0.329487,7.22698,0.0350002,0.0080398,0.437717,0.335959,0.419145,0.102573,1.40829,0.571286,0.483385,0.0233955,0.601639,0.583219,0.13,0.585038,1.86797,11.4,73,0.0444624,18.2709
225500,9675.58,0.590551,34.262,34.404,0.127757,4669.3,2656.83,342.148,17.1074,1016.99,1028.34,0,0,0,28.9672,147.38,1323.69,1370.82,0.166654,0.330147,7.22257,0.035367,0.00804882,0.438782,0.335938,0.420412,0.103163,1.40267,0.575012,0.486006,0.0235165,0.601523,0.583882,0.11,0.580534,1.88248,10.6,79.6,0.0483718,18.4262
226000,9657.76,0.589463,34.18,33.778,0.111693,4731.01,2651.89,343.807,17.1904,1083.65,1048.2,0,0,0,29.7683,147.746,1327.02,1374.3,0.166746,0.330311,7.22409,0.0356082,0.00804069,0.439543,0.336605,0.420959,0.103217,1.40768,0.571586,0.483396,0.0237066,0.60168,0.584203,0.13,0.582636,1.87414,12.4,73.4,0.0444029,18.2778
226500,9631.36,0.587852,33.972,33.824,0.122421,4857.51,2644.01,340.867,17.0434,1146.36,1041.33,0,0,0,30.2266,147.617,1329.93,1377.72,0.16661,0.330095,7.22051,0.035396,0.00802567,0.439667,0.339131,0.421368,0.103544,1.42437,0.572465,0.481205,0.023984,0.602719,0.582293,0.152,0.580645,1.89141,11.4,81.4,0.0499522,18.2906
227000,9635.74,0.588119,34.168,34.214,0.127512,4899.37,2642.8,340.401,17.0201,1164.12,1029.14,0,0,0,29.8482,147.145,1333.1,1381.32,0.166258,0.329437,7.21672,0.0353327,0.00801535,0.43951,0.340118,0.420953,0.103727,1.42716,0.568923,0.482442,0.0233468,0.602587,0.58139,0.116,0.57989,1.85893,11,71,0.04292,18.2362
227500,9637.24,0.58821,34.31,34.536,0.125242,4823.23,2643.15,339.375,16.9688,1096.45,1029.24,0,0,0,29.3915,147.466,1336.04,1383.14,0.166206,0.329275,7.2216,0.0352219,0.0080037,0.43986,0.341544,0.420834,0.105108,1.41904,0.565058,0.478552,0.023346,0.602041,0.582348,0.132,0.580217,1.86704,11.8,78,0.0475537,18.442
228000,9649.3,0.588947,33.804,34.04,0.123541,4709.87,2646.96,332.565,16.6282,1016.25,1007.32,0,0,0,29.0054,147.703,1339.33,1385.74,0.166104,0.329033,7.22806,0.034474,0.00799819,0.440302,0.341394,0.420638,0.105862,1.40861,0.569456,0.481634,0.023231,0.602019,0.582568,0.118,0.582524,1.8791,12,76.6,0.046845,18.4123
228500,9691.66,0.591532,34.166,34.164,0.122028,4676.85,2656.36,336.354,16.8177,1022.26,1027.13,0,0,0,29.0621,147.554,1342.47,1387.72,0.165784,0.328203,7.22147,0.0347157,0.00800171,0.441465,0.341107,0.42068,0.105954,1.40261,0.579913,0.488795,0.0238314,0.602879,0.584466,0.146,0.584105,1.89564,10.6,78.2,0.048159,18.318
229000,9671.48,0.5903,34.348,34.004,0.113748,4732.48,2652.55,337.621,16.8811,1078.71,1055.61,0,0,0,29.7898,147.474,1345.27,1391.76,0.166047,0.328627,7.22788,0.0349229,0.00802075,0.442652,0.341556,0.422218,0.105783,1.40623,0.582242,0.489328,0.0243894,0.602974,0.585027,0.102,0.588429,1.89963,11.2,82.6,0.0498427,18.3932
229500,9596.5,0.585724,33.964,33.812,0.122588,4846.24,2631.78,337.621,16.881,1142.15,1045.73,0,0,0,30.3057,147.362,1348.43,1395.36,0.166098,0.328822,7.22194,0.0351869,0.00802214,0.442725,0.342818,0.422612,0.105829,1.42615,0.576002,0.486061,0.0240953,0.602428,0.583672,0.158,0.585169,1.88394,11.4,75.8,0.0466384,18.4904
230000,9620.94,0.587216,33.964,34.128,0.124693,4896.52,2634.85,334.815,16.7407,1168.88,1029.67,0,0,0,29.9684,147.619,1351.31,1398.04,0.165838,0.328443,7.20869,0.0348128,0.00802302,0.442781,0.344402,0.421514,0.107053,1.42877,0.56136,0.475337,0.0232222,0.602413,0.583563,0.118,0.577751,1.85296,9.8,68.4,0.0418711,18.3773
230500,9593.76,0.585557,33.958,34.05,0.122347,4811.84,2626.34,331.61,16.5805,1104.58,1021.54,0,0,0,29.5132,147.521,1354.38,1401.78,0.165627,0.328098,7.2047,0.0345752,0.00802227,0.443352,0.346426,0.422145,0.107986,1.4219,0.562048,0.476837,0.02311,0.602267,0.583142,0.118,0.580299,1.83912,10.4,69.4,0.0419506,18.4724
231000,9675.08,0.59052,34.07,34.138,0.118358,4717.88,2644.73,331.636,16.5818,1012.38,1027.89,0,0,0,29.0796,147.88,1357.39,1404.76,0.164788,0.326664,7.21025,0.0342858,0.00803693,0.443781,0.346978,0.42213,0.108324,1.40669,0.573229,0.481895,0.0233919,0.602728,0.58395,0.134,0.577953,1.90125,11.6,84,0.0522467,18.3664
231500,9700.7,0.592084,34.108,34.306,0.12434,4678.26,2650.63,330.242,16.5121,1028.99,1028.71,0,0,0,29.0399,147.754,1360.56,1408.26,0.164521,0.326215,7.20949,0.0340489,0.00804187,0.445285,0.347637,0.42135,0.109382,1.40145,0.572139,0.482922,0.0230121,0.603457,0.585376,0.14,0.57647,1.88247,11,80.4,0.0486871,18.3257
232000,9698.64,0.591958,34.36,33.904,0.110917,4744.02,2650.02,334.426,16.7213,1088.13,1053.29,0,0,0,29.8047,147.521,1363.91,1410.68,0.165024,0.327357,7.203,0.0344947,0.00803481,0.445689,0.348214,0.421225,0.109926,1.40582,0.561627,0.474141,0.0234585,0.603108,0.584188,0.114,0.570535,1.86318,11.2,75.2,0.0454381,18.2939
232500,9610.84,0.586599,33.906,33.804,0.122646,4844.04,2626.58,336.762,16.8381,1148.05,1045.85,0,0,0,30.3797,147.473,1366.95,1413.32,0.164836,0.327003,7.20876,0.0350502,0.00803808,0.445291,0.348468,0.420385,0.110098,1.42345,0.570666,0.481165,0.0238223,0.603939,0.584272,0.12,0.577249,1.88489,11.6,79.8,0.049553,18.3888
233000,9653.52,0.589204,34.114,34.11,0.121586,4907.5,2636.44,338.044,16.9022,1170.22,1037.87,0,0,0,30.017,147.45,1369.83,1413.4,0.164636,0.326631,7.20192,0.0350295,0.0080384,0.44581,0.348223,0.420849,0.110545,1.42701,0.56837,0.482484,0.0236364,0.604194,0.583148,0.13,0.580241,1.86011,11.6,67.8,0.04192,18.2986
233500,9648.22,0.588881,34.28,34.508,0.123625,4826.76,2632.73,337.923,16.8962,1102.36,1034.68,0,0,0,29.4573,147.552,1373.06,1417.06,0.164359,0.326123,7.19442,0.0350392,0.00803812,0.446735,0.348448,0.420438,0.110459,1.41844,0.559924,0.47462,0.0233709,0.604346,0.582317,0.114,0.57859,1.85236,11,68.8,0.0425662,18.3643
234000,9709.1,0.592596,34.056,34.214,0.119366,4729.53,2647.17,334.795,16.7397,1023,1024.5,0,0,0,29.0881,148.015,1375.64,1421.68,0.163706,0.324891,7.20425,0.034493,0.00805204,0.447493,0.348238,0.420182,0.110513,1.40534,0.57425,0.484762,0.0236921,0.604072,0.58244,0.112,0.58559,1.8795,10.6,79.4,0.0478192,18.2905
234500,9726.04,0.59363,34.374,34.482,0.127823,4684.82,2651.7,336.307,16.8154,1029.66,1029.16,0,0,0,29.0942,147.031,1378.98,1424.5,0.163749,0.325124,7.19594,0.0345835,0.00806422,0.448337,0.346738,0.420064,0.110018,1.39978,0.573634,0.482381,0.0235496,0.604311,0.583124,0.14,0.581156,1.90563,11.8,87.2,0.0530536,18.2694
235000,9731.9,0.593988,34.444,33.956,0.110087,4753.79,2655.69,338.978,16.9489,1092.85,1054.71,0,0,0,29.865,147.924,1381.85,1428.42,0.164314,0.326326,7.20114,0.034853,0.0080685,0.449564,0.347805,0.420585,0.110905,1.4043,0.575267,0.481818,0.0240944,0.605485,0.583762,0.148,0.579712,1.90185,10.8,84.4,0.0512584,18.3364
235500,9642.22,0.588514,33.934,33.914,0.125962,4856.15,2633.36,332.502,16.6251,1152.25,1046.55,0,0,0,30.3985,147.645,1384.82,1430.66,0.164347,0.32651,7.20801,0.0344911,0.00807708,0.449515,0.349174,0.421177,0.110331,1.42213,0.578129,0.486765,0.0240595,0.606303,0.583343,0.134,0.58054,1.90099,12.2,82.4,0.0505234,18.2521
236000,9700.4,0.592065,34.412,34.336,0.121906,4920.57,2646.14,334.786,16.7393,1167.09,1043.56,0,0,0,30.0235,147.396,1387.95,1433.52,0.164006,0.32591,7.19799,0.0345214,0.00807663,0.449368,0.346998,0.421547,0.109614,1.42376,0.582085,0.490819,0.0244735,0.606657,0.58234,0.154,0.590618,1.88255,10.8,78,0.0464824,18.3581
236500,9702.8,0.592212,34.302,34.592,0.123607,4847.58,2644.44,325.702,16.2851,1109.82,1037.91,0,0,0,29.55,147.809,1390.97,1435.92,0.16374,0.325262,7.20066,0.0335873,0.00806108,0.44949,0.34628,0.421399,0.108088,1.41691,0.558205,0.474244,0.022983,0.605927,0.582381,0.124,0.5759,1.84171,10.8,69.4,0.0419916,18.4001
237000,9727.88,0.593743,34.206,34.308,0.118649,4738.48,2649.81,321.505,16.0753,1023.09,1030.38,0,0,0,29.1271,147.701,1393.95,1437.52,0.163361,0.324373,7.20032,0.0330568,0.00805663,0.449875,0.346548,0.421057,0.107629,1.40519,0.567288,0.479571,0.0230359,0.60545,0.584336,0.134,0.581393,1.86686,10.8,77.2,0.0469035,18.353
237500,9737.74,0.594344,34.432,34.564,0.125047,4690.34,2651.81,326.323,16.3162,1026.83,1044.25,0,0,0,29.253,147.376,1396.91,1440.22,0.163246,0.324195,7.19643,0.033517,0.00806399,0.450802,0.346135,0.421471,0.106411,1.39967,0.583506,0.48982,0.0237886,0.606387,0.586042,0.15,0.578351,1.91407,13.4,85.4,0.0518235,18.1191
238000,9751.62,0.595192,34.598,34.08,0.109172,4760.76,2655.79,329.314,16.4657,1089.04,1063.07,0,0,0,29.9001,147.448,1399.87,1442.96,0.163476,0.32469,7.19352,0.0337894,0.00806689,0.450555,0.346234,0.421929,0.106169,1.40312,0.582425,0.488509,0.024029,0.60695,0.585902,0.154,0.587715,1.90457,10.4,87.4,0.0515296,18.3429
238500,9693.54,0.591647,34.088,33.99,0.123587,4871.64,2639.16,324.713,16.2356,1155.79,1049.29,0,0,0,30.4567,147.603,1402.91,1447.34,0.163351,0.324654,7.19273,0.033503,0.00805059,0.45073,0.346833,0.42237,0.105575,1.41939,0.572871,0.484116,0.0235969,0.606388,0.584935,0.148,0.584131,1.88978,11.8,77,0.0476641,18.4731
239000,9710.4,0.592676,34.262,34.398,0.120981,4927.18,2643.99,321.317,16.0658,1175.57,1048.09,0,0,0,30.0858,147.586,1405.48,1450.22,0.163215,0.32438,7.19648,0.0330986,0.00805772,0.450974,0.347154,0.422786,0.10517,1.42417,0.577344,0.488959,0.023738,0.606357,0.583599,0.124,0.587338,1.87207,10.8,78.6,0.0465988,18.3693
239500,9731.68,0.593975,34.454,34.61,0.119126,4856.13,2645.67,321.974,16.0987,1109.45,1044.14,0,0,0,29.5784,147.741,1408.2,1454.24,0.16251,0.323109,7.19978,0.0330972,0.00805256,0.45057,0.346887,0.422251,0.104281,1.41481,0.571942,0.485334,0.0234298,0.606428,0.583596,0.108,0.581879,1.86168,10,73.2,0.0437797,18.205
240000,9757.56,0.595554,34.138,34.406,0.116641,4745.83,2648.15,314.747,15.7374,1030.71,1037.7,0,0,0,29.2538,148.243,1411,1456.06,0.1617,0.321579,7.20172,0.0322642,0.00805784,0.450578,0.346177,0.421692,0.104671,1.40335,0.569237,0.481996,0.0229396,0.606881,0.582618,0.138,0.581303,1.8739,10.4,75,0.0464752,16.16
240500,9780.22,0.596937,34.412,34.39,0.121458,4703.24,2653.32,321.173,16.0587,1036.11,1038.32,0,0,0,29.2074,147.23,1413.8,1459.3,0.161744,0.321577,7.19218,0.0328499,0.00805338,0.451933,0.347135,0.421603,0.103899,1.39808,0.582533,0.491547,0.0237377,0.606882,0.584005,0.104,0.590425,1.8911,10.4,82,0.0485832,17.6444
241000,9770.12,0.596321,34.66,34.206,0.107082,4766.6,2649.17,321.624,16.0812,1096.76,1074.92,0,0,0,30.0017,147.689,1416.88,1462.58,0.161738,0.321617,7.19016,0.0329376,0.00804625,0.451577,0.34731,0.420039,0.104944,1.40244,0.576028,0.484938,0.0240292,0.607533,0.58326,0.126,0.577248,1.87726,10,77.2,0.0462307,18.3923
241500,9703.52,0.592256,34.204,34.146,0.119617,4877.87,2632.18,319.004,15.9502,1157.65,1060.17,0,0,0,30.5005,147.61,1419.81,1465.32,0.161905,0.322007,7.18663,0.0328839,0.00802719,0.450977,0.34705,0.41857,0.10507,1.42014,0.571172,0.482905,0.0234206,0.608222,0.583708,0.13,0.578003,1.87005,11,72.2,0.0440425,18.4023
242000,9715.32,0.592976,34.336,34.452,0.120286,4926.56,2637.38,317.362,15.8681,1179.88,1053.03,0,0,0,30.1009,147.437,1422.68,1469.8,0.162163,0.322646,7.1843,0.0326748,0.00801421,0.451789,0.347372,0.418601,0.105163,1.42325,0.572367,0.484811,0.0233731,0.608409,0.584756,0.134,0.584989,1.86015,10.4,69.4,0.0416687,18.4129
242500,9709.16,0.5926,34.21,34.356,0.120759,4850.37,2633.94,312.733,15.6367,1113.37,1037.35,0,0,0,29.6997,147.702,1425.73,1470.78,0.161945,0.322199,7.18515,0.0322213,0.00800654,0.453151,0.347169,0.419632,0.105412,1.41662,0.566326,0.48231,0.0229181,0.608744,0.586196,0.118,0.58181,1.84397,9.8,68,0.0405633,18.237
243000,9735.44,0.594204,34.316,34.614,0.116344,4740.31,2641.35,305.997,15.2999,1034.17,1043.5,0,0,0,29.2324,147.791,1428.58,1474.26,0.16172,0.321605,7.19139,0.03144,0.00801967,0.453823,0.345378,0.420063,0.106251,1.40489,0.570835,0.485555,0.0226452,0.60952,0.587624,0.114,0.585447,1.86222,11.6,72.2,0.0438528,18.3357
243500,9765.92,0.596064,34.304,34.254,0.119951,4702.06,2652.55,308.962,15.4481,1040.12,1034.92,0,0,0,29.3675,147.637,1431.05,1477.82,0.162173,0.32232,7.1961,0.0316482,0.00803814,0.454914,0.344604,0.419816,0.108126,1.39988,0.581819,0.489147,0.0232897,0.611365,0.590469,0.158,0.58742,1.90456,10.6,86.6,0.0521035,18.337
244000,9780.92,0.59698,34.6,34.144,0.110661,4766.48,2652.72,313.818,15.6909,1095.03,1065.3,0,0,0,30.0101,147.46,1433.92,1480.6,0.161838,0.32188,7.18331,0.0321008,0.0080296,0.45534,0.34431,0.419466,0.107995,1.40094,0.592555,0.49833,0.0240928,0.611939,0.59156,0.154,0.594795,1.91478,10.4,84.2,0.050561,18.3484
244500,9737.96,0.594358,34.374,34.262,0.119269,4885.85,2641.74,306.809,15.3405,1155.01,1066.7,0,0,0,30.507,148.029,1436.84,1483.16,0.161767,0.321951,7.18569,0.0315142,0.00801412,0.455074,0.343305,0.418399,0.109177,1.41723,0.591802,0.49636,0.0240652,0.612258,0.592013,0.142,0.592189,1.92265,10.4,87.8,0.052485,18.3946
245000,9735.78,0.594225,34.224,34.338,0.119199,4935.61,2639.1,303.422,15.1711,1182.61,1051.65,0,0,0,30.2035,147.464,1439.95,1487.24,0.161561,0.321719,7.17995,0.0311733,0.00801797,0.454689,0.341647,0.418039,0.108692,1.42276,0.574645,0.486643,0.0232461,0.611591,0.59144,0.114,0.589103,1.86798,10.4,74.8,0.0445898,18.2954
245500,9743.26,0.594681,34.594,34.688,0.120141,4859.08,2637.51,301.499,15.075,1117.38,1052.42,0,0,0,29.6459,147.633,1442.91,1489.02,0.161109,0.320891,7.17459,0.0309521,0.00802556,0.454801,0.343083,0.418197,0.108019,1.41426,0.579443,0.490194,0.0231161,0.612068,0.591259,0.136,0.59343,1.87996,10.8,73,0.0438499,18.2979
246000,9775.8,0.596667,34.246,34.56,0.118366,4748.5,2643.61,297.925,14.8963,1036.75,1039.1,0,0,0,29.3144,147.829,1445.94,1492.6,0.160445,0.31951,7.17622,0.0304823,0.00803145,0.455167,0.343532,0.417922,0.108405,1.40156,0.582741,0.492363,0.0230078,0.6121,0.591421,0.11,0.585409,1.88054,10.6,75.8,0.0452704,18.3577
246500,9769.98,0.596312,34.35,34.35,0.120377,4702.22,2642.4,301.032,15.0516,1044.71,1042.19,0,0,0,29.4885,147.585,1449.22,1495.28,0.160723,0.320004,7.17082,0.0308185,0.00803084,0.45579,0.343927,0.416948,0.109218,1.39871,0.579894,0.488961,0.0230245,0.611582,0.591817,0.138,0.589036,1.88434,10.4,76.4,0.0454888,18.3552
247000,9774.98,0.596617,34.572,34.176,0.109259,4769.9,2645.15,301.142,15.0571,1103.51,1071.67,0,0,0,30.1197,147.649,1452.13,1497.98,0.160951,0.320332,7.17539,0.0308168,0.00803548,0.456523,0.345468,0.416201,0.1107,1.40236,0.589035,0.494563,0.0234553,0.61213,0.592976,0.106,0.594705,1.91441,11.2,87.8,0.0523554,18.3593
247500,9765.62,0.596046,34.39,34.248,0.116683,4892.02,2644.04,299.132,14.9566,1157.95,1063.3,0,0,0,30.509,147.892,1455.14,1501.28,0.16102,0.320729,7.1828,0.0306375,0.00803906,0.456483,0.342547,0.415561,0.111203,1.41507,0.591272,0.496184,0.023848,0.610522,0.594699,0.132,0.598326,1.93292,12.2,86.4,0.05309,18.3738
248000,9802.32,0.598286,34.402,34.404,0.117863,4948.88,2651.44,297.871,14.8936,1185.39,1052.85,0,0,0,30.1097,147.683,1457.82,1504.14,0.16055,0.319999,7.18078,0.0303953,0.00805476,0.456333,0.340805,0.415392,0.112119,1.41711,0.594962,0.501027,0.0235787,0.609959,0.595082,0.128,0.605104,1.91547,12.2,81.8,0.0489855,18.3368
248500,9794.46,0.597806,34.6,34.928,0.12123,4872.69,2649.24,295.217,14.7608,1116.83,1052.82,0,0,0,29.7278,147.717,1460.89,1505.64,0.160623,0.320199,7.18172,0.0301523,0.008052,0.456616,0.341574,0.415233,0.113022,1.41073,0.576991,0.488164,0.0228406,0.610338,0.593834,0.124,0.592827,1.88135,10.6,82.6,0.0487332,18.2962
249000,9789.54,0.597506,34.538,34.724,0.116681,4753.54,2647.2,292.941,14.6471,1032.06,1050.42,0,0,0,29.322,147.715,1463.82,1508.7,0.160299,0.319628,7.18071,0.0299312,0.00806513,0.457291,0.340298,0.415443,0.112707,1.40089,0.591398,0.497086,0.0231158,0.610481,0.595063,0.142,0.593799,1.91492,10.8,85.2,0.0510993,18.376
249500,9795.92,0.597896,34.444,34.456,0.119702,4707.21,2648.29,293.196,14.6598,1040.29,1048.85,0,0,0,29.4675,147.529,1467.22,1513.24,0.160269,0.319368,7.18118,0.0299391,0.00806496,0.457394,0.339484,0.414867,0.112345,1.39673,0.593572,0.49852,0.0232434,0.609759,0.594718,0.108,0.591601,1.92189,11.6,85.2,0.051138,18.4351
250000,9825.04,0.599673,34.786,34.25,0.108014,4782.09,2654.67,295.164,14.7582,1098.66,1071.3,0,0,0,30.126,147.304,1470.34,1516.42,0.160103,0.319239,7.17675,0.0300509,0.00805642,0.457773,0.339272,0.414919,0.111545,1.39897,0.601784,0.504269,0.0240265,0.609003,0.595338,0.168,0.599931,1.94058,11,85.6,0.0519682,18.3411
250500,9792.3,0.597675,34.36,34.198,0.117114,4899.56,2645.04,294.021,14.7011,1158.91,1068.37,0,0,0,30.5759,148.199,1473.14,1518.56,0.159986,0.319163,7.17327,0.0300292,0.00805787,0.458219,0.340157,0.415076,0.112491,1.41305,0.603905,0.505382,0.024166,0.608496,0.59619,0.12,0.598387,1.9493,11,93.4,0.0561711,18.323
251000,9802.58,0.598302,34.498,34.704,0.118807,4949.58,2643.76,299.976,14.9988,1188.01,1061.92,0,0,0,30.1708,147.403,1475.84,1520.5,0.159511,0.31832,7.16721,0.030608,0.00805554,0.459098,0.341636,0.415926,0.111211,1.41735,0.585509,0.493048,0.0233564,0.60777,0.596484,0.114,0.595749,1.89249,10.4,76.8,0.0457519,18.3508
251500,9832.86,0.60015,34.792,34.986,0.119746,4879.67,2647.67,296.763,14.8381,1122.45,1057.18,0,0,0,29.7045,148.101,1478.78,1523.04,0.158938,0.317333,7.15492,0.0301904,0.00804601,0.45943,0.343097,0.415696,0.111032,1.40716,0.585283,0.49076,0.0235242,0.607586,0.595254,0.118,0.593208,1.91122,11.2,84,0.0504296,18.3555
252000,9861.74,0.601913,34.366,34.494,0.115839,4776.16,2654.36,293.905,14.6953,1044.67,1047.84,0,0,0,29.4037,148.365,1481.73,1524.72,0.158683,0.316783,7.16121,0.0298047,0.00804559,0.460578,0.343634,0.416423,0.110878,1.39746,0.583346,0.491799,0.0228377,0.607044,0.595563,0.126,0.590683,1.90516,11.2,86.4,0.0516184,18.3449
252500,9855.34,0.601522,34.538,34.586,0.114685,4724.92,2656.15,300.901,15.0451,1045.58,1054.57,0,0,0,29.3491,147.684,1484.46,1525.42,0.159178,0.317684,7.16791,0.0305377,0.00804509,0.460943,0.343221,0.416423,0.110024,1.39383,0.58931,0.497284,0.0232276,0.606804,0.59701,0.148,0.596372,1.89922,10,77,0.0462113,18.296
253000,9840,0.600586,34.808,34.368,0.106856,4784.16,2654.95,300.55,15.0275,1108.61,1068.91,0,0,0,30.0082,147.731,1487.48,1527,0.159698,0.318778,7.17301,0.0305552,0.00803614,0.460373,0.340912,0.41512,0.109853,1.39761,0.592875,0.497747,0.0235457,0.60538,0.597928,0.134,0.598413,1.92227,12,83,0.0491776,18.2261
253500,9764.2,0.595959,34.29,34.24,0.122166,4889.45,2634.22,299.643,14.9822,1160.58,1064.79,0,0,0,30.5128,147.904,1490.16,1529.18,0.159482,0.318451,7.17489,0.0306968,0.00803963,0.460438,0.341677,0.4152,0.110307,1.41454,0.600224,0.502813,0.0241904,0.605033,0.598278,0.158,0.604648,1.94679,12.8,84.8,0.0524075,18.3515
254000,9789.12,0.59748,34.538,34.646,0.116349,4944.2,2636.2,300.836,15.0418,1189.37,1064.2,0,0,0,30.1584,147.535,1493.02,1529.4,0.158761,0.317252,7.17029,0.0307382,0.00804924,0.461014,0.343033,0.415737,0.110393,1.41798,0.599254,0.502311,0.0240238,0.605616,0.598328,0.136,0.606548,1.93537,10.6,88.6,0.0528075,18.3136
254500,9811.02,0.598817,34.556,34.83,0.119797,4875.81,2640.2,297.394,14.8697,1128.78,1054.09,0,0,0,29.7626,148.035,1495.99,1533.22,0.158285,0.316284,7.17325,0.0303253,0.00804798,0.461632,0.343036,0.416464,0.109793,1.40947,0.594062,0.499843,0.0235785,0.606314,0.597695,0.122,0.604289,1.92435,11.4,85.4,0.0516067,18.3267
255000,9826.7,0.599774,34.428,34.588,0.115124,4764.04,2644.32,295.469,14.7735,1045.59,1048.51,0,0,0,29.3987,148.071,1498.83,1535.56,0.158327,0.316313,7.17293,0.0300776,0.00804115,0.462719,0.344093,0.417717,0.109823,1.39918,0.583456,0.492441,0.0228488,0.605929,0.598019,0.154,0.59274,1.9004,12.4,83.4,0.0494762,18.3916
255500,9867.12,0.602241,34.632,34.56,0.117453,4728.13,2654.93,301.706,15.0853,1048.41,1051,0,0,0,29.3834,147.656,1502.04,1539.6,0.158171,0.315852,7.17664,0.0305842,0.00804004,0.463653,0.344048,0.41712,0.110092,1.39273,0.59978,0.501262,0.0236967,0.606221,0.598089,0.154,0.599789,1.94454,11.6,92.2,0.0553361,18.3814
256000,9842.18,0.600719,34.794,34.362,0.108838,4785.58,2644.76,302.884,15.1442,1109.87,1076.56,0,0,0,30.1396,147.571,1504.85,1542.92,0.157803,0.315196,7.17337,0.0307846,0.00804716,0.463737,0.343746,0.416286,0.1095,1.39744,0.591545,0.496984,0.0238159,0.606663,0.598287,0.146,0.597723,1.92249,13.2,84,0.0505407,18.3259
256500,9802.08,0.598271,34.522,34.388,0.118525,4902.66,2635.96,299.41,14.9705,1164.95,1076.32,0,0,0,30.5742,147.796,1507.67,1543.46,0.157951,0.315663,7.18019,0.0305478,0.00805538,0.463404,0.343003,0.41577,0.109987,1.41277,0.595862,0.500944,0.0239757,0.606477,0.598735,0.12,0.597185,1.92456,12.2,76.4,0.0472095,18.26
257000,9816.68,0.599163,34.558,34.648,0.118202,4956.22,2638.96,298.156,14.9078,1192.78,1061.64,0,0,0,30.2801,147.563,1510.58,1546.56,0.157932,0.315671,7.17659,0.0303809,0.0080645,0.463116,0.343597,0.415689,0.109666,1.41722,0.582182,0.49085,0.02323,0.606993,0.597472,0.138,0.597,1.89634,11,78.8,0.047692,18.3706
257500,9830.74,0.600021,34.644,35.074,0.122065,4882.41,2641.32,293.04,14.652,1130.69,1061.77,0,0,0,29.7516,147.922,1513.54,1548.68,0.157502,0.314737,7.17476,0.0298231,0.00807098,0.46335,0.344165,0.415342,0.10984,1.40834,0.587043,0.495855,0.023225,0.606586,0.596757,0.154,0.600082,1.89705,11.4,78,0.046673,18.404
258000,9852.6,0.601355,34.468,34.534,0.112961,4771.13,2643.93,287.214,14.3607,1047.07,1049.61,0,0,0,29.4249,148.106,1516.68,1551.04,0.15702,0.313561,7.17471,0.0291575,0.00807388,0.464545,0.344675,0.41549,0.109807,1.39737,0.598436,0.502127,0.0232694,0.606292,0.598606,0.116,0.599196,1.93619,10.6,83.8,0.0509692,18.2975
258500,9873.68,0.602642,34.822,34.698,0.116869,4727.57,2649.51,292.996,14.6498,1049.57,1059.53,0,0,0,29.4438,147.469,1519.57,1554.9,0.157182,0.313715,7.16868,0.0296824,0.0080889,0.465506,0.344838,0.415757,0.110569,1.39184,0.593934,0.498943,0.0235072,0.60653,0.600624,0.142,0.60029,1.92281,10.6,82.8,0.0496784,18.2995
259000,9864.56,0.602085,34.804,34.372,0.106176,4790.39,2646.49,292.791,14.6396,1114.04,1077.13,0,0,0,30.1284,147.9,1522.72,1557.6,0.157043,0.31345,7.17013,0.0296951,0.00809892,0.46552,0.344464,0.415197,0.112262,1.39587,0.605479,0.507641,0.0238497,0.605934,0.602053,0.118,0.606446,1.95084,12.6,85.2,0.0517486,18.4272
259500,9827.76,0.599839,34.34,34.276,0.113535,4915.75,2636.02,291.428,14.5714,1178.8,1073.15,0,0,0,30.6827,148.159,1525.28,1559.92,0.156854,0.313234,7.17381,0.0296606,0.00810592,0.466017,0.34577,0.415451,0.112742,1.41272,0.598885,0.504863,0.0236359,0.604535,0.602965,0.132,0.610799,1.9214,11.4,83,0.0496534,18.4083
260000,9834.44,0.600247,34.762,34.906,0.118219,4958.18,2637.88,295.699,14.785,1193.43,1071.9,0,0,0,30.2421,147.316,1527.95,1563.98,0.157058,0.313838,7.1657,0.0300749,0.00811999,0.466845,0.347141,0.416407,0.112391,1.41538,0.592986,0.498029,0.0234909,0.60381,0.602991,0.118,0.603525,1.91306,11.8,82,0.0482494,16.3087
260500,9853.62,0.601417,34.722,35.02,0.120109,4886.03,2645.68,290.803,14.5401,1130.91,1061.42,0,0,0,29.7797,148.026,1530.87,1567.38,0.157168,0.314092,7.17411,0.0295264,0.00811443,0.468362,0.348938,0.417357,0.112924,1.40623,0.594303,0.49995,0.0234038,0.602999,0.603413,0.122,0.599423,1.90406,10.6,84.6,0.0490266,17.6351
261000,9898.74,0.604171,34.602,34.722,0.115089,4783.38,2655.25,288.911,14.4455,1039.47,1055.71,0,0,0,29.3914,148.13,1533.62,1570.78,0.156755,0.313139,7.17583,0.029198,0.00813376,0.469713,0.349161,0.4178,0.113669,1.39425,0.602139,0.50551,0.0236909,0.601841,0.60582,0.172,0.608574,1.93976,10.6,89.8,0.0538855,18.2358
261500,9870.04,0.602419,34.544,34.588,0.112834,4729.98,2647.85,286.813,14.3407,1055.54,1058.98,0,0,0,29.5437,147.915,1536.98,1573.84,0.156818,0.313237,7.17583,0.0290659,0.00813628,0.469893,0.347802,0.416481,0.113492,1.39283,0.598815,0.503229,0.0233558,0.601046,0.604094,0.156,0.605153,1.91633,10.8,84.8,0.0495177,18.2407
262000,9859.24,0.60176,34.632,34.05,0.105768,4792.54,2647.03,287.107,14.3554,1108.87,1076.8,0,0,0,30.2276,147.799,1539.91,1576.74,0.15712,0.313935,7.1905,0.029138,0.0081501,0.470449,0.348298,0.416198,0.113483,1.39719,0.596496,0.500077,0.0236766,0.60131,0.603381,0.126,0.593872,1.92583,12.4,87.6,0.0518535,18.3857
262500,9815.98,0.59912,34.618,34.582,0.11578,4908.12,2637.68,285.594,14.2797,1163.47,1083.73,0,0,0,30.5886,147.771,1542.64,1579.02,0.157333,0.314493,7.19909,0.0291028,0.00815474,0.470724,0.348222,0.416253,0.112837,1.41231,0.593358,0.498266,0.0237914,0.600498,0.604761,0.17,0.603124,1.91962,10.6,81.2,0.0481385,18.4963
263000,9822.3,0.599506,34.472,34.686,0.116726,4954.47,2637.63,279.714,13.9857,1197.19,1065.79,0,0,0,30.2794,147.878,1545.34,1581.16,0.157041,0.314072,7.20048,0.0284937,0.00816068,0.471074,0.346686,0.416645,0.112874,1.41578,0.585093,0.491773,0.0228782,0.599695,0.606643,0.124,0.600379,1.90401,10.8,81.6,0.0485777,18.3952
263500,9869.82,0.602406,34.796,35.014,0.122804,4889.5,2647.31,281.96,14.098,1130.79,1058.49,0,0,0,29.8034,148.025,1548.34,1584.78,0.156314,0.312592,7.1978,0.0285873,0.00814834,0.472118,0.346119,0.416191,0.112079,1.40466,0.609861,0.509431,0.023938,0.599011,0.6082,0.148,0.611282,1.95525,11.8,91.6,0.0545327,18.3333
264000,9891.64,0.603738,34.57,34.722,0.113486,4783.19,2648.13,276.535,13.8267,1052.27,1055.71,0,0,0,29.5229,148.232,1551.09,1588.74,0.155603,0.31123,7.19603,0.0279652,0.00815702,0.473799,0.346254,0.416212,0.111948,1.39524,0.60252,0.50466,0.0232241,0.598476,0.610795,0.144,0.609858,1.94869,11.8,87,0.0522492,18.388
264500,9905.06,0.604557,34.802,34.754,0.113103,4736.2,2647.74,283.616,14.1808,1053.76,1067.38,0,0,0,29.5128,147.614,1554.33,1593.42,0.15517,0.310418,7.18199,0.0286499,0.00817202,0.474163,0.346302,0.415122,0.112023,1.3899,0.611241,0.512697,0.0239083,0.598995,0.612159,0.126,0.612384,1.94427,11.2,86,0.0510829,18.3609
265000,9889.3,0.603595,34.818,34.302,0.104517,4801.83,2642.81,286.414,14.3207,1118.16,1082.51,0,0,0,30.2613,147.793,1557.44,1597.84,0.155392,0.311003,7.17066,0.0289796,0.00818412,0.473121,0.345319,0.414425,0.112579,1.3958,0.60776,0.508272,0.02408,0.599087,0.612187,0.128,0.611114,1.94674,10.2,90.6,0.0532852,18.3925
265500,9853.96,0.601438,34.64,34.496,0.114922,4920.87,2634.36,285.913,14.2956,1175.26,1084.06,0,0,0,30.6318,147.999,1560.59,1601.98,0.155365,0.311115,7.17737,0.0290234,0.00819779,0.472098,0.34495,0.413877,0.111821,1.41063,0.604814,0.505118,0.0240876,0.597405,0.61269,0.14,0.605566,1.96198,12.6,91,0.055356,18.3883
266000,9899.22,0.6042,34.704,34.928,0.116729,4976.67,2646.03,286.163,14.3082,1201.39,1078.24,0,0,0,30.2741,147.722,1563.42,1606.08,0.155225,0.311021,7.1793,0.0289221,0.00819522,0.472172,0.345004,0.414572,0.111307,1.41111,0.603794,0.506602,0.0239601,0.596465,0.612808,0.154,0.614836,1.94521,11.4,88,0.0526367,18.384
266500,9877.32,0.602864,34.792,35.044,0.115391,4896.79,2636.56,282.727,14.1363,1133.01,1073.98,0,0,0,29.8907,147.986,1566.39,1609.2,0.154684,0.310052,7.17209,0.0286345,0.0081959,0.472072,0.345262,0.414971,0.111052,1.40536,0.597295,0.501683,0.0233619,0.59615,0.612696,0.132,0.604801,1.92041,9.8,85.4,0.0504801,18.3385
267000,9901.6,0.604346,34.726,34.864,0.111631,4785.92,2641.13,280.052,14.0026,1049.51,1064.88,0,0,0,29.5082,147.758,1569.5,1610.48,0.154398,0.309422,7.17483,0.0282952,0.00819906,0.472721,0.344221,0.414737,0.110852,1.3948,0.600191,0.504506,0.0233149,0.595029,0.612378,0.118,0.608602,1.91093,10.4,82.6,0.0478642,18.3537
267500,9924.22,0.605726,34.704,34.624,0.113596,4744.45,2646.47,281.974,14.0987,1060.74,1064.16,0,0,0,29.6333,147.663,1572.49,1612.92,0.154245,0.309135,7.17772,0.0284207,0.00820916,0.473296,0.34358,0.415754,0.110408,1.38946,0.599883,0.503862,0.0235715,0.593669,0.614325,0.15,0.609681,1.92035,10.4,87.6,0.0506979,18.2773
268000,9903.06,0.604435,34.938,34.46,0.106435,4800.98,2643.84,285.878,14.2939,1117.38,1087.49,0,0,0,30.2813,147.575,1575.71,1612.12,0.154769,0.310256,7.17454,0.0288848,0.00821699,0.472902,0.342671,0.415907,0.109906,1.39319,0.614213,0.514474,0.0242614,0.592065,0.617511,0.168,0.617408,1.97508,11.6,95.2,0.0576147,18.3071
268500,9886.92,0.60345,34.948,34.884,0.115345,4929.8,2640.03,289.695,14.4848,1176.3,1091.26,0,0,0,30.6208,147.818,1578.54,1613.9,0.154743,0.310442,7.17365,0.0293059,0.00820553,0.472532,0.343103,0.415692,0.10845,1.40797,0.616249,0.515207,0.0247491,0.591205,0.618114,0.16,0.619807,1.95695,10.4,90,0.0536604,18.445
269000,9887.86,0.603507,34.476,34.7,0.115853,4974.11,2639.6,284.133,14.2066,1210.58,1071.25,0,0,0,30.3624,148.046,1581.24,1618.36,0.154716,0.310615,7.17261,0.0287503,0.0081924,0.47212,0.341926,0.415421,0.10677,1.41204,0.606774,0.509827,0.0239142,0.590743,0.617726,0.13,0.61809,1.9317,10.8,88.2,0.0515116,18.4878
269500,9927.28,0.605913,34.986,35.192,0.118358,4908.75,2648.78,282.547,14.1273,1131.3,1070.72,0,0,0,29.7962,147.795,1583.99,1621.34,0.154725,0.31065,7.16207,0.0284795,0.00818711,0.472701,0.341686,0.416128,0.106556,1.40233,0.606922,0.510637,0.0238077,0.591363,0.618144,0.156,0.618636,1.93885,11.2,86.2,0.0509792,18.2742
270000,9925.56,0.605808,34.622,34.848,0.108444,4791.6,2646.17,275.741,13.787,1057.79,1066.12,0,0,0,29.551,148.421,1586.52,1625.14,0.154253,0.30957,7.15979,0.0277935,0.00818402,0.47356,0.340915,0.415865,0.106459,1.39286,0.608479,0.512562,0.0234307,0.591898,0.619456,0.128,0.620248,1.93719,11.4,84,0.0494079,18.2903
270500,9932.5,0.606232,34.842,34.754,0.113924,4743.72,2645.61,282.352,14.1176,1055.5,1071.02,0,0,0,29.6231,147.629,1589.54,1628.28,0.153985,0.30887,7.15394,0.0284395,0.00818159,0.474207,0.340265,0.414923,0.10512,1.38821,0.617824,0.515276,0.024205,0.591149,0.620852,0.148,0.621138,1.97063,10.8,100,0.0584548,18.317
271000,9909.78,0.604845,34.854,34.376,0.102586,4808.86,2639.49,287.711,14.3856,1123.63,1090.71,0,0,0,30.283,147.716,1592.72,1631.28,0.154246,0.309549,7.1477,0.0290468,0.00819549,0.473483,0.339591,0.41426,0.10529,1.39468,0.61277,0.513586,0.0242495,0.590425,0.62237,0.144,0.617542,1.95574,10.6,89,0.0530143,18.3741
271500,9861.2,0.60188,34.626,34.562,0.115432,4923.14,2626.18,286.871,14.3436,1180.61,1088.11,0,0,0,30.766,147.875,1595.47,1634.2,0.154185,0.309647,7.14355,0.0290946,0.00820536,0.473286,0.337837,0.413643,0.104264,1.40996,0.61142,0.512762,0.0246195,0.589539,0.623092,0.162,0.619771,1.96501,11.2,88.6,0.0540342,18.3232
272000,9915.08,0.605168,34.7,34.808,0.11289,4985.04,2637.1,284.938,14.2469,1208.85,1080.8,0,0,0,30.3915,147.69,1598.39,1637.16,0.153771,0.308901,7.1293,0.0287466,0.00820121,0.472712,0.336927,0.413659,0.103843,1.41117,0.61173,0.513433,0.0240784,0.589215,0.621476,0.136,0.626757,1.94229,12,82.2,0.0481707,18.2481
272500,9956.34,0.607687,35.102,35.284,0.113956,4916.61,2647.33,288.767,14.4383,1140.02,1080.67,0,0,0,29.8624,147.922,1601.19,1639.68,0.153655,0.308673,7.12072,0.029016,0.00820097,0.472858,0.337004,0.413702,0.103834,1.40012,0.613821,0.513717,0.0244148,0.588752,0.621738,0.154,0.62299,1.9532,10.6,91.6,0.0533669,18.2692
273000,9954.06,0.607548,34.816,35.078,0.111778,4801.79,2645.69,283.219,14.1609,1060.63,1070.5,0,0,0,29.5351,148.187,1604.06,1642.36,0.15346,0.308064,7.12114,0.0284614,0.00820955,0.474004,0.337795,0.413709,0.10462,1.39162,0.613523,0.513387,0.0241594,0.589203,0.623837,0.142,0.62344,1.95871,12.2,89,0.0524609,18.3785
273500,9969.44,0.608486,34.704,34.7,0.111117,4755.69,2648.59,286.52,14.326,1068.59,1067.87,0,0,0,29.6387,147.92,1607.31,1646.22,0.153239,0.307642,7.12717,0.0287452,0.00822042,0.474258,0.338273,0.413719,0.104658,1.38649,0.623507,0.520443,0.0244196,0.589519,0.625064,0.154,0.63392,1.97067,10.8,91.8,0.0538071,18.4233
274000,9950.12,0.607307,35.144,34.604,0.101582,4819.18,2642.1,292.322,14.6161,1119.02,1096.47,0,0,0,30.3309,147.53,1610.56,1649.38,0.153447,0.308038,7.11627,0.0293932,0.00823736,0.47421,0.337894,0.413336,0.104294,1.3925,0.62078,0.518959,0.0247804,0.589071,0.626026,0.164,0.625499,1.98602,12.6,95.4,0.0565517,18.3604
274500,9915.74,0.605209,34.84,34.678,0.111626,4937.55,2635.41,287.259,14.3629,1185.6,1091.61,0,0,0,30.7261,148.248,1613.84,1653.62,0.15366,0.308567,7.12412,0.0289812,0.00824653,0.474504,0.339859,0.41339,0.105142,1.40679,0.614641,0.513641,0.0245654,0.588467,0.626619,0.168,0.624865,1.96835,11.6,94.4,0.0554947,18.3993
275000,9936.14,0.606454,34.676,34.886,0.112465,4989.07,2640.56,287.43,14.3715,1214.41,1078.65,0,0,0,30.4599,147.815,1616.7,1656.4,0.153573,0.308418,7.11604,0.02894,0.00825501,0.475268,0.343073,0.414263,0.106382,1.40947,0.61592,0.515408,0.0243372,0.58874,0.628815,0.126,0.628696,1.95833,10.6,91.6,0.0542117,18.4558
275500,9925.2,0.605786,34.88,35.18,0.115015,4909.73,2636.9,289.593,14.4796,1143.78,1081.17,0,0,0,29.9411,148.136,1619.46,1659.1,0.153525,0.308254,7.1114,0.0291908,0.00825588,0.476142,0.344881,0.414964,0.108001,1.40298,0.615926,0.519741,0.0239893,0.589659,0.628514,0.142,0.630898,1.94441,11,82.8,0.0488006,18.3377
276000,9953.24,0.607498,34.704,34.856,0.107897,4799.45,2643.2,285.304,14.2652,1057.48,1071.17,0,0,0,29.5472,148.161,1622.65,1661.48,0.153266,0.307698,7.11842,0.0286703,0.00826676,0.477094,0.346384,0.415593,0.108169,1.39127,0.617008,0.516419,0.0242302,0.590566,0.629447,0.14,0.624931,1.96524,11.2,87.8,0.0523044,18.3766
276500,9968.26,0.608414,34.93,34.974,0.114485,4757.07,2646.87,287.576,14.3788,1068.17,1075.25,0,0,0,29.6567,147.825,1625.96,1665.92,0.153355,0.30781,7.10994,0.0288553,0.00826663,0.476727,0.346342,0.415032,0.108732,1.38723,0.617069,0.516209,0.0242279,0.589237,0.628162,0.142,0.630742,1.96318,10.4,95.4,0.0556772,18.3093
277000,9974.02,0.608766,35.058,34.44,0.100754,4822.25,2649.57,292.91,14.6455,1119.78,1090.26,0,0,0,30.2893,147.71,1628.94,1668.44,0.153692,0.308405,7.10477,0.0293788,0.00827147,0.476639,0.345621,0.413789,0.107687,1.39001,0.63113,0.525522,0.0251001,0.587204,0.630338,0.17,0.633481,2.00289,11.6,97.2,0.0581844,18.3
277500,9910.96,0.604917,34.76,34.794,0.113964,4933.18,2637.81,289.952,14.4976,1183.19,1088.58,0,0,0,30.7085,148.044,1631.72,1669.2,0.154119,0.309241,7.11644,0.029265,0.00828624,0.47531,0.346068,0.413095,0.108326,1.40537,0.625005,0.521166,0.0247107,0.586225,0.630803,0.158,0.627409,1.99052,13,94.2,0.0561437,18.357
278000,9937.52,0.606538,34.916,35.024,0.112021,4989.73,2638.56,290.107,14.5054,1212.13,1086.46,0,0,0,30.318,147.776,1634.58,1672.16,0.153434,0.308004,7.10294,0.029202,0.00830427,0.473756,0.344606,0.412993,0.107874,1.40942,0.619701,0.518408,0.0245099,0.586812,0.631076,0.16,0.633903,1.96255,11.2,96,0.0559205,18.3887
278500,9950.62,0.607338,34.948,35.16,0.112789,4915.36,2641.11,285.678,14.2839,1145.87,1079.08,0,0,0,29.9221,148.199,1637.61,1675.88,0.153403,0.307976,7.09945,0.0287208,0.00831414,0.473675,0.344681,0.412306,0.109452,1.40106,0.612243,0.514315,0.0238071,0.586866,0.630074,0.136,0.631084,1.94413,11,89.4,0.0526807,18.3356
279000,10008.3,0.610857,34.848,34.996,0.111005,4815.56,2653.29,281.952,14.0976,1056.99,1070.52,0,0,0,29.5814,148.511,1640.84,1679.22,0.152787,0.306596,7.09544,0.0281791,0.00831674,0.47398,0.34636,0.411532,0.110389,1.38813,0.619411,0.518164,0.0239655,0.586454,0.629971,0.118,0.628241,1.96394,10.8,88.8,0.0521679,18.4743
279500,10017.4,0.611416,34.892,34.936,0.113852,4766.57,2653.55,287.617,14.3809,1069.8,1073.53,0,0,0,29.5812,147.819,1644.32,1681.88,0.152504,0.305775,7.09514,0.0287155,0.00832164,0.474371,0.346935,0.410504,0.109288,1.38316,0.623718,0.521231,0.0245314,0.586484,0.631295,0.15,0.632049,1.97598,11.4,98.4,0.056625,18.3593
280000,9963.48,0.608123,35.264,34.69,0.0999299,4821.55,2642.71,292.674,14.6337,1125.35,1101.67,0,0,0,30.3295,147.559,1647.35,1684.12,0.153196,0.307036,7.09669,0.0293858,0.00833404,0.474081,0.345897,0.41002,0.109282,1.39108,0.630961,0.526022,0.0249882,0.586062,0.633511,0.15,0.632842,1.98819,9.8,95.6,0.0558182,16.2376
280500,9927.06,0.6059,34.93,34.86,0.115561,4936.25,2635.89,291.824,14.5912,1180.37,1094.89,0,0,0,30.7527,148.071,1650.06,1686.52,0.153361,0.307336,7.10599,0.0294076,0.00834645,0.474856,0.346958,0.410557,0.109804,1.40464,0.630857,0.524884,0.0251856,0.58551,0.634708,0.174,0.634457,2.0006,11.4,98.4,0.0587893,17.7234
281000,9941.64,0.60679,34.668,34.998,0.1172,4987.65,2642.56,284.719,14.2359,1209.7,1077.85,0,0,0,30.337,147.427,1652.63,1689.18,0.153668,0.307896,7.11072,0.0286511,0.00834625,0.475398,0.348571,0.41067,0.110328,1.4082,0.624909,0.524123,0.0248979,0.58473,0.635093,0.144,0.642903,1.96579,10.6,92,0.0532917,18.4144
281500,9956.02,0.607667,35.296,35.43,0.115403,4917.22,2642.97,288.983,14.4492,1139.61,1087.14,0,0,0,29.8853,147.555,1655.7,1692.66,0.153382,0.30731,7.0962,0.029038,0.00836408,0.47381,0.34786,0.410038,0.111116,1.4005,0.622209,0.522461,0.0248478,0.585092,0.633986,0.15,0.633089,1.96828,11.4,89.4,0.0527573,18.3242
282000,9976.64,0.608926,34.87,35.136,0.110555,4804.68,2642.69,278.437,13.9218,1066.68,1072.73,0,0,0,29.5704,148.236,1658.93,1696.76,0.152586,0.305725,7.09055,0.0279143,0.00838637,0.47258,0.345652,0.408892,0.111584,1.38966,0.616223,0.515695,0.0239429,0.585981,0.634891,0.16,0.630541,1.97192,13,89,0.0535112,18.2579
282500,9994.7,0.610028,34.91,34.798,0.115019,4758.62,2648.03,279.695,13.9847,1066.74,1066.74,0,0,0,29.6048,147.969,1662.54,1697.82,0.152518,0.305534,7.09023,0.0279922,0.00840514,0.470527,0.344446,0.407086,0.111939,1.38373,0.640212,0.531604,0.0248296,0.586095,0.635388,0.128,0.639071,2.0289,12.4,99.8,0.0600751,18.3724
283000,10004.5,0.610629,35.188,34.616,0.102131,4833.83,2651.33,285.561,14.2781,1125.41,1097.61,0,0,0,30.2654,147.668,1665.68,1701.82,0.152783,0.305934,7.09653,0.0285537,0.00840638,0.469592,0.344588,0.406296,0.110861,1.38874,0.63247,0.526198,0.0250488,0.585891,0.63466,0.176,0.629119,2.01183,12.6,97.6,0.0590128,18.4537
283500,9951.04,0.607363,34.964,35.034,0.113325,4942.72,2638.68,282.004,14.1002,1187.65,1102.05,0,0,0,30.6383,148.265,1668.47,1705.78,0.152953,0.306263,7.09586,0.0283434,0.00841887,0.468616,0.345662,0.404704,0.111437,1.4025,0.622529,0.51957,0.0247077,0.58526,0.635601,0.146,0.626844,1.9863,11,98,0.057987,18.3882
284000,9965.18,0.608226,34.814,34.95,0.110882,4993.41,2640.88,284.746,14.2373,1216.74,1079.1,0,0,0,30.2594,147.584,1671.5,1707.42,0.152894,0.306377,7.08341,0.0285809,0.00842023,0.468367,0.347987,0.405566,0.110716,1.4064,0.622996,0.523707,0.0245121,0.586408,0.635036,0.148,0.632608,1.95297,11.6,85.4,0.0494473,18.4841
284500,9959.28,0.607866,35.018,35.26,0.111016,4920.64,2637.28,281.87,14.0935,1144.91,1084.09,0,0,0,29.9118,148.029,1674.5,1710.62,0.152653,0.305977,7.07168,0.0283089,0.00842619,0.4685,0.347663,0.405279,0.111125,1.40094,0.629784,0.527814,0.0247538,0.587091,0.63339,0.118,0.640172,1.96668,10.2,85.6,0.049879,18.4052
285000,9967.1,0.608344,34.794,34.82,0.108925,4801.14,2637.7,280.931,14.0465,1067.79,1067.85,0,0,0,29.576,148.413,1677.9,1713.58,0.152475,0.30562,7.07225,0.0281868,0.008435,0.468909,0.347443,0.405071,0.112358,1.38965,0.629229,0.526859,0.024234,0.588023,0.632227,0.158,0.634677,1.98368,11.8,86.6,0.0520401,18.3577
285500,10004.1,0.610604,34.93,35.094,0.113648,4765.04,2647.68,281.659,14.083,1067.56,1077.51,0,0,0,29.6224,147.826,1681.29,1717.52,0.152557,0.305841,7.0709,0.0281633,0.00843816,0.468908,0.346825,0.405202,0.113157,1.38457,0.626316,0.524113,0.0244726,0.587522,0.630328,0.146,0.629626,1.97291,11,91.6,0.0535434,18.3897
286000,9986.58,0.609532,35.256,34.608,0.0993643,4823.39,2642.47,285.105,14.2552,1131.36,1097.69,0,0,0,30.3195,147.812,1684.33,1720.58,0.15278,0.306248,7.05965,0.0285607,0.00843583,0.468266,0.345968,0.404369,0.113693,1.38852,0.628965,0.525099,0.0247705,0.585295,0.631647,0.176,0.631227,2.00272,13.6,96.4,0.0575572,18.2834
286500,9938.04,0.60657,34.75,34.762,0.114369,4940.34,2630.89,281.719,14.086,1188.39,1089.52,0,0,0,30.7317,147.708,1687.12,1722.64,0.152914,0.306553,7.05657,0.028355,0.00843585,0.468521,0.34722,0.403155,0.113445,1.40405,0.627142,0.524109,0.0246969,0.583691,0.631686,0.168,0.632122,1.9954,11.6,97,0.0583849,18.3445
287000,9958.46,0.607816,34.9,35.124,0.106209,4994.54,2633.36,283.152,14.1576,1217.1,1094.4,0,0,0,30.409,148.095,1690.07,1725.68,0.152665,0.306082,7.04271,0.0284391,0.00842779,0.468237,0.348291,0.40245,0.112988,1.4076,0.613937,0.516028,0.024008,0.584786,0.629679,0.16,0.629198,1.95328,12.4,91.4,0.0533621,18.4476
287500,9989.16,0.60969,35.08,35.122,0.112153,4925.27,2637.16,283.85,14.1925,1152.15,1083.13,0,0,0,29.9517,148.133,1692.87,1729.58,0.152089,0.304938,7.03452,0.0284236,0.00841592,0.468606,0.349549,0.401531,0.112127,1.39793,0.626895,0.52418,0.0246618,0.585633,0.628534,0.138,0.638957,1.98657,12.8,99.4,0.0577679,18.2789
288000,10028.6,0.612098,34.984,35.154,0.108797,4817.03,2643.53,279.238,13.9619,1069.5,1078.69,0,0,0,29.5597,148.048,1695.93,1732.62,0.151427,0.303577,7.02699,0.0278489,0.00841784,0.468882,0.349918,0.401233,0.111533,1.38568,0.630347,0.526157,0.0246055,0.58617,0.627493,0.12,0.63559,1.99352,14,92.4,0.0545891,18.3135
288500,9982.16,0.609263,34.874,34.994,0.113961,4758.8,2630.98,281.739,14.087,1082.37,1076.27,0,0,0,29.7837,148.17,1699.22,1737.64,0.151652,0.303824,7.01986,0.0282292,0.0084295,0.468761,0.349072,0.399605,0.112003,1.38574,0.619193,0.519085,0.0241071,0.585845,0.626968,0.152,0.629043,1.9574,11.8,89.2,0.0523797,18.3496
289000,9977.2,0.60896,35.08,34.652,0.101312,4825.6,2629.52,284.131,14.2065,1138.31,1102.63,0,0,0,30.3979,147.84,1701.98,1742.96,0.151874,0.304343,7.01122,0.0284875,0.00843021,0.468265,0.347839,0.398614,0.110572,1.39027,0.621021,0.519819,0.0245597,0.585094,0.627481,0.126,0.627492,1.96413,11.6,88.8,0.0517763,18.3767
289500,9943.42,0.606898,34.952,34.804,0.113803,4942.47,2622.63,286.271,14.3136,1195.57,1094.87,0,0,0,30.7739,147.693,1704.81,1745.54,0.152074,0.304786,7.01187,0.0287936,0.00842259,0.468293,0.348537,0.398101,0.10946,1.40382,0.625001,0.522514,0.0247298,0.584133,0.626839,0.158,0.628315,1.9769,9.6,95.4,0.0557581,18.2723
290000,9965.74,0.60826,34.932,35.068,0.115748,4994.34,2623.7,288.033,14.4016,1229.72,1085.46,0,0,0,30.4713,147.469,1707.65,1746.74,0.15169,0.30414,6.98884,0.0289097,0.00841955,0.467983,0.348631,0.397036,0.108746,1.40679,0.612406,0.51308,0.0244024,0.584607,0.624972,0.14,0.62439,1.95879,10.6,91.2,0.053669,18.356
290500,9988.3,0.609637,35.286,35.5,0.11476,4926.32,2625.78,284.405,14.2202,1163.19,1087.94,0,0,0,30.035,147.974,1710.63,1750.68,0.151302,0.303364,6.9748,0.0284828,0.00840593,0.468033,0.350118,0.397207,0.108424,1.39871,0.612485,0.513813,0.0243273,0.58577,0.620899,0.136,0.622667,1.94193,11.6,88,0.0513557,18.4483
291000,10014,0.611204,34.822,35.074,0.10769,4816.84,2631.37,281.284,14.0642,1075.7,1081.54,0,0,0,29.721,148.238,1713.98,1754.86,0.150885,0.302574,6.98384,0.0280926,0.00840169,0.468341,0.350418,0.397486,0.108594,1.38791,0.612573,0.514285,0.0237665,0.587314,0.619443,0.1,0.618654,1.94936,11.2,91.6,0.0533174,18.4093
291500,10019.8,0.611559,34.954,34.814,0.105842,4770.71,2629.61,280.272,14.0136,1083.64,1086.33,0,0,0,29.7307,148.156,1717.24,1759.22,0.150619,0.301969,6.97516,0.0279797,0.0084187,0.46767,0.34911,0.397116,0.108174,1.38402,0.612809,0.512538,0.0240123,0.58792,0.621026,0.176,0.619803,1.95215,11,96.4,0.0557277,18.3135
292000,10018.8,0.611497,35.158,34.708,0.0993211,4835.73,2632.38,283.938,14.1969,1146.63,1102.6,0,0,0,30.3205,147.982,1720.36,1761.02,0.151163,0.303057,6.97496,0.0283482,0.00842862,0.467082,0.347964,0.396295,0.107964,1.3869,0.613655,0.514091,0.0242077,0.586572,0.621336,0.134,0.617424,1.9471,10.6,85.8,0.0500131,18.3258
292500,9956.7,0.607709,35.02,34.894,0.110409,4950.41,2613.53,286.856,14.3428,1207.1,1101.69,0,0,0,30.8144,148.021,1723.1,1764.5,0.150796,0.302375,6.96662,0.0288178,0.00843432,0.46702,0.348261,0.395715,0.106624,1.4041,0.61008,0.512151,0.0244252,0.586511,0.620837,0.15,0.61472,1.9469,11,87.8,0.0512969,18.3797
293000,9980.86,0.609183,34.9,35.058,0.112503,4997.67,2617.71,286.891,14.3445,1234.02,1091.73,0,0,0,30.5074,147.916,1725.64,1767.58,0.150611,0.301993,6.9588,0.0287533,0.00843944,0.467463,0.34693,0.39601,0.105966,1.40555,0.601919,0.507271,0.0239304,0.585619,0.620699,0.11,0.61842,1.91376,10.2,82.4,0.048105,18.3259
293500,10018.8,0.6115,35.146,35.354,0.111484,4932.98,2621.66,285.421,14.2711,1170.36,1095.38,0,0,0,30.0241,148.281,1728.6,1770.28,0.149781,0.300281,6.95033,0.0285003,0.0084372,0.467307,0.346179,0.396682,0.105115,1.3963,0.606342,0.509957,0.0237311,0.587286,0.617328,0.156,0.617171,1.93695,10.6,89.6,0.051858,18.361
294000,9998.76,0.610276,34.78,35.114,0.109313,4813.02,2613.27,284.731,14.2366,1088.52,1083.27,0,0,0,29.7875,148.577,1732.11,1773.86,0.149194,0.298952,6.94836,0.0284839,0.00844131,0.467148,0.344481,0.395735,0.104313,1.38886,0.602147,0.506962,0.0235142,0.58709,0.614392,0.122,0.612842,1.91686,9.6,83.4,0.0482155,18.2758
294500,10009.2,0.610914,34.984,34.984,0.109669,4766.79,2613.36,288.86,14.443,1089,1091.21,0,0,0,29.7814,147.785,1735.66,1778.32,0.149207,0.298951,6.9285,0.0288699,0.0084519,0.466567,0.344139,0.394049,0.10375,1.38422,0.600366,0.504808,0.0237133,0.586248,0.613408,0.148,0.605397,1.93454,11.2,87.6,0.0514716,18.2616
295000,9994.14,0.609994,35.022,34.446,0.0938764,4830.43,2610.32,289.712,14.4856,1158.49,1104.23,0,0,0,30.463,148.026,1738.63,1779.6,0.149514,0.299615,6.92954,0.0289997,0.00845809,0.466063,0.342875,0.393008,0.103334,1.3894,0.600743,0.505221,0.0237984,0.586224,0.612646,0.14,0.614505,1.91131,9.2,84.6,0.0483942,18.4175
295500,9940.64,0.606729,34.788,34.748,0.106998,4943.72,2596.39,290.314,14.5157,1211.3,1109.33,0,0,0,30.9291,148.095,1741.32,1782.36,0.14935,0.299465,6.92848,0.0292135,0.00846328,0.466086,0.340532,0.392544,0.101965,1.40457,0.607037,0.509794,0.0242676,0.585373,0.613729,0.152,0.608476,1.93406,11.2,85.2,0.0494638,18.4278
296000,10001.3,0.610433,35.012,35.07,0.108168,5005.59,2606.87,290.836,14.5418,1245.1,1099.19,0,0,0,30.5677,148.021,1744.19,1786,0.148816,0.298423,6.91436,0.0290892,0.00847269,0.466065,0.340168,0.392577,0.100896,1.40507,0.602329,0.507394,0.0239511,0.585161,0.613782,0.152,0.615222,1.92629,11.4,81.8,0.0480233,18.2399
296500,10027.5,0.612028,34.998,35.278,0.109081,4939,2612.04,285.482,14.2741,1177.41,1099.1,0,0,0,30.1679,148.444,1747.17,1790.52,0.148466,0.297699,6.91522,0.0284805,0.0084887,0.465981,0.338804,0.391549,0.101237,1.39694,0.597893,0.503781,0.0236743,0.584692,0.613489,0.172,0.612111,1.92239,10.2,83.6,0.0487661,18.2725
297000,10024.6,0.611851,34.902,35.118,0.10687,4821.53,2610.31,286.243,14.3122,1088.09,1092,0,0,0,29.8166,148.253,1750.09,1796.72,0.148201,0.297075,6.91884,0.028564,0.00849952,0.468,0.338611,0.392074,0.101805,1.38786,0.601211,0.507082,0.0235727,0.584185,0.614679,0.134,0.609086,1.91464,10.6,83.2,0.0480285,18.3803
297500,10017.6,0.611423,35.016,35.084,0.10705,4766.84,2608.23,289.313,14.4656,1098.7,1094.18,0,0,0,29.8474,147.949,1753.04,1798.82,0.148204,0.296966,6.91259,0.0288913,0.00851193,0.469228,0.336901,0.39084,0.101976,1.3832,0.605552,0.5105,0.0239035,0.583972,0.615606,0.178,0.611674,1.91933,10.6,81.6,0.0477906,18.4073
298000,10006.5,0.610751,35.118,34.472,0.0966984,4832.05,2604.02,290.049,14.5025,1159.97,1107.01,0,0,0,30.4607,147.874,1756.15,1801.36,0.148363,0.297407,6.90658,0.0290051,0.00851857,0.46805,0.337488,0.388722,0.102321,1.38832,0.601127,0.504763,0.0238721,0.583637,0.614393,0.144,0.604907,1.93091,11.4,87.8,0.0512227,18.4018
298500,9959.18,0.60786,34.89,34.942,0.107507,4948.25,2593.92,289.147,14.4574,1221.18,1113.56,0,0,0,30.9243,148.357,1759.56,1805.32,0.148474,0.297671,6.91203,0.029042,0.00852717,0.467429,0.337093,0.387408,0.101986,1.40312,0.600701,0.50431,0.024219,0.583285,0.613512,0.14,0.613045,1.92407,10,84.2,0.0490531,18.3838
299000,9979.5,0.6091,34.922,35.038,0.109388,5000.71,2597.22,287.284,14.3642,1244.53,1100.77,0,0,0,30.5697,147.647,1762.49,1807.36,0.148198,0.297108,6.90597,0.0288013,0.00853791,0.467094,0.335546,0.387183,0.101447,1.40643,0.603306,0.50635,0.0240226,0.583054,0.613733,0.122,0.61169,1.93209,12.2,83.6,0.0489237,26.8393
299500,10040.3,0.612809,35.19,35.458,0.10928,4941.77,2611.06,285.683,14.2841,1178.03,1106.5,0,0,0,30.1089,148.506,1765.22,1810.5,0.147911,0.296541,6.90862,0.0284727,0.00853886,0.467741,0.333933,0.387504,0.102069,1.3959,0.594651,0.500303,0.0234187,0.582913,0.613642,0.172,0.607555,1.92441,11.8,88.6,0.0513909,36.4914
300000,10098.8,0.616382,35.5346,34.4538,0.0892202,4475.81,2620.88,285.283,14.2641,913.292,1097.59,0,0,0,29.3203,148.138,1768.31,1812.96,0.14745,0.295376,6.88973,0.0282534,0.00854296,0.469461,0.332356,0.387782,0.103398,1.35137,0.616167,0.516818,0.0237681,0.583654,0.614173,0.115385,0.613878,1.93946,13,88,0.0509597,36.8691
