tick,population,occupancy,births_per_tick,deaths_per_tick,starved_share,inflow_in,cost_out,transfer,transit_loss,overflow,death_loss,extinct,energy_mean,age_mean,generation_mean,generation_max,active_params_frac,expressed_hidden_frac,msg_bandwidth,transfer_per_cell,eta_mean,div_weights,div_learning,div_masks,weight_drift,habitat_match,bonds_per_cell,bonded_frac,bond_flow_per_cell,reward_gate_mean,group_size_mean,group_size_max,groups_5plus,in_groups_5plus,ticks_per_s
500,7406.7,0.452069,27.26,29.156,0.176974,3714.59,2411.51,13592,679.601,204.405,562.062,0,25.3217,149.261,4.03988,14.88,0.265593,0.505939,5.96355,1.82923,0.0055274,0.0279438,0.0280964,0.0839775,0.0365248,1.45532,1.08154,0.735581,0.0367394,0.59775,60.4197,549,253.24,0.381359,42.1733
1000,7909.4,0.482751,27.476,26.856,0.161191,4044.75,2558.18,14870.4,743.522,284.406,523.894,0,26.0201,145.559,7.54655,19.2,0.264171,0.503854,5.91133,1.87659,0.00552912,0.0389454,0.0399836,0.119311,0.0363046,1.46949,1.06218,0.73966,0.0337938,0.597881,67.0794,579.66,269.02,0.364132,43.1198
1500,7962.76,0.486008,28.488,27.32,0.145727,4201.04,2547.32,15094.7,754.737,320.415,566.896,0,26.7455,146.819,10.5913,22.94,0.262486,0.501157,5.69859,1.89175,0.00554083,0.0458379,0.0484193,0.141583,0.0372488,1.49243,1.01666,0.722713,0.0332587,0.597835,56.3039,549.46,243.8,0.319582,43.4539
2000,7984.7,0.487347,27.532,26.772,0.151422,4252.1,2530.31,14690.3,734.517,355.623,539.162,0,26.4645,146.692,13.7455,26.64,0.260818,0.498332,5.51344,1.83344,0.00555022,0.052069,0.0573805,0.159179,0.0376389,1.49604,0.989658,0.710411,0.0320252,0.59793,55.3759,549.12,241.1,0.301423,43.9468
2500,8042.02,0.490846,28.488,28.234,0.144008,4198.14,2517.36,14035.8,701.788,330.385,573.352,0,25.7125,146.146,16.9038,29.28,0.258319,0.493614,5.27884,1.74157,0.00554411,0.0573361,0.0641962,0.171844,0.0377218,1.47973,0.973556,0.702326,0.0322898,0.597635,51.3053,533.06,230.46,0.29186,45.0475
3000,8191.88,0.499993,28.744,29.17,0.135038,4139.31,2532.62,13796.2,689.808,304.462,604.884,0,25.2959,148.308,19.9599,32.2,0.255735,0.489097,5.0469,1.6821,0.00554744,0.0617964,0.0711484,0.186209,0.0385258,1.45863,0.949303,0.692875,0.0314877,0.597307,44.957,502.48,230.7,0.276753,45.2339
3500,8351.48,0.509734,28.174,28.502,0.132599,4164.43,2551.01,14213.3,710.663,351.532,622.139,0,25.9183,148.747,23.1385,35.6,0.253542,0.485525,4.82113,1.69925,0.00554549,0.066567,0.0773247,0.199333,0.0393881,1.44939,0.937852,0.688911,0.0312641,0.597119,39.8911,478.16,225.84,0.258908,45.2559
4000,8502.02,0.518922,29.2,28.922,0.108476,4288.99,2566.07,14798.5,739.927,381.833,671.768,0,26.897,147.272,26.4889,39.26,0.251416,0.482053,4.60376,1.73942,0.00556442,0.0714054,0.0838132,0.210812,0.0396845,1.44873,0.925727,0.685078,0.0315173,0.597341,41.0628,484.76,231.44,0.249889,45.5943
4500,8556.58,0.522252,29.956,29.336,0.118323,4444.83,2556.24,15119.5,755.973,421.192,692.766,0,27.6968,148.074,29.6294,43.62,0.249846,0.479394,4.4084,1.76516,0.00557357,0.0758382,0.0882513,0.221481,0.0398619,1.46746,0.90779,0.678474,0.031632,0.597412,40.3223,483.36,211.92,0.232336,44.7452
5000,8606.4,0.525293,29.566,29.08,0.112325,4500.55,2551.52,14893.1,744.653,453.208,672.646,0,27.3992,148.221,32.7121,46.88,0.248516,0.476998,4.27164,1.72761,0.00558512,0.079736,0.0930998,0.229665,0.0400562,1.4677,0.888627,0.668896,0.0308367,0.597177,38.8092,478.82,208.4,0.225046,44.1766
5500,8642.34,0.527487,29.896,29.6,0.107831,4438.96,2536.2,14453.9,722.697,416.154,687.039,0,26.8019,147.655,35.6718,48.64,0.246111,0.472687,4.12056,1.67054,0.00558857,0.0830389,0.0964589,0.236718,0.0398528,1.45526,0.880208,0.663837,0.0306644,0.59694,36.9666,469.82,207.24,0.222609,45.0083
6000,8757.12,0.534492,30.38,30.64,0.0959528,4360,2542.54,14203.7,710.187,375.473,723.128,0,26.3517,149.596,38.6601,51.56,0.243765,0.468457,3.9464,1.62107,0.00558766,0.0861961,0.100777,0.242559,0.0406924,1.43668,0.876965,0.661421,0.0304923,0.5965,33.7831,449.44,210.1,0.219407,45.3649
6500,8833.4,0.539148,29.802,30.184,0.105518,4343.89,2547.55,14476.3,723.816,420.655,723.603,0,26.8205,149.438,41.6669,56.46,0.242548,0.466593,3.8179,1.63706,0.00560388,0.0895679,0.105445,0.249286,0.0407033,1.42876,0.872723,0.661594,0.0307946,0.596025,31.2539,435.1,215.84,0.21452,44.7014
7000,8979.84,0.548086,30.53,30.136,0.0874943,4469.36,2569.54,15111.1,755.554,444.546,765.745,0,27.726,148.074,44.7597,60.62,0.241235,0.46441,3.68973,1.68256,0.00560818,0.0924443,0.109882,0.254334,0.0407104,1.42955,0.877181,0.663969,0.0313406,0.595983,32.9328,446.74,219.24,0.215578,43.2639
7500,8986.2,0.548474,31.338,31.008,0.0972946,4602.95,2554.56,15392.3,769.616,477.258,787.779,0,28.4478,148.565,47.7453,62.16,0.240397,0.462697,3.56043,1.7118,0.00562345,0.0954915,0.112052,0.260507,0.0411757,1.44671,0.863141,0.656338,0.0314002,0.595896,31.902,441.78,208.66,0.204908,44.5895
8000,9035.1,0.551459,30.768,30.33,0.0919352,4657.86,2547.9,15148.5,757.427,513.409,762.556,0,28.1421,149.228,50.8481,64.66,0.238703,0.459445,3.43305,1.67476,0.00562388,0.0984414,0.114899,0.265644,0.0412586,1.44674,0.856504,0.653773,0.0305899,0.595516,31.9965,446.24,204.64,0.202704,44.871
8500,9053.84,0.552603,31.152,31.046,0.0871269,4581.93,2532,14689.7,734.487,477.874,775.431,0,27.5378,148.199,53.9461,66.46,0.236688,0.45567,3.33138,1.62141,0.00563378,0.101428,0.117821,0.271835,0.0417167,1.43388,0.840726,0.648069,0.0304616,0.595578,28.4571,418.66,191.72,0.188248,44.1897
9000,9122.92,0.556819,31.428,31.786,0.0871508,4493.12,2532.62,14505.8,725.292,424.648,796.801,0,27.1801,149.275,57.055,69.86,0.235224,0.453018,3.21837,1.58979,0.00564847,0.104317,0.119863,0.277579,0.0428531,1.42108,0.823089,0.63283,0.0299294,0.595308,27.1919,408.32,195,0.183665,45.2181
9500,9226.08,0.563115,31.042,31.174,0.0856951,4474.56,2544.86,14796,739.8,464.773,793.999,0,27.5338,149.946,60.1504,73.16,0.234044,0.450891,3.11163,1.60354,0.00565942,0.107134,0.12261,0.282647,0.0438852,1.40956,0.826254,0.634402,0.0298704,0.595421,26.7754,412.34,194.02,0.182321,45.1552
10000,9314.52,0.568513,31.55,31.282,0.0715744,4581.12,2554.76,15407.1,770.354,483.083,837.278,0,28.4642,148.764,63.3337,77.6,0.232679,0.448389,3.04751,1.65476,0.00567468,0.109807,0.124065,0.286661,0.043947,1.41276,0.824521,0.63526,0.0304841,0.595061,25.854,401.62,194.64,0.180829,44.9767
10500,9297.24,0.567458,32.166,31.802,0.0848067,4707.39,2541.69,15594.7,779.735,524.249,850.346,0,29.039,148.989,66.2567,80.14,0.232667,0.448383,2.96717,1.677,0.00569447,0.112106,0.125027,0.291601,0.0449951,1.42997,0.814021,0.6333,0.0305919,0.595557,26.6255,408.56,181.24,0.168301,45.1313
11000,9311.24,0.568313,31.77,31.48,0.0804484,4753.16,2531.97,15332.9,766.646,558.633,828.224,0,28.7556,149.247,69.3135,83.8,0.231875,0.446927,2.86664,1.6461,0.00572455,0.114715,0.126859,0.294571,0.046078,1.43289,0.813311,0.631545,0.0297786,0.595496,26.1126,406.56,182.28,0.168478,44.6291
11500,9325.68,0.569194,31.672,31.634,0.0754946,4679.41,2522.69,14961.4,748.07,523.185,821.113,0,28.176,149.017,72.2694,86.2,0.23051,0.444549,2.80877,1.60408,0.0057418,0.117307,0.129082,0.296214,0.0469166,1.42195,0.800121,0.625229,0.0291557,0.595461,24.4656,393.48,178.5,0.164041,43.8222
12000,9385.86,0.572867,32.082,32.432,0.0762506,4579.53,2527.08,14723.3,736.164,459.536,844.018,0,27.7287,149.579,75.2491,89.4,0.229881,0.44354,2.71263,1.56839,0.00576027,0.119704,0.131099,0.298982,0.048213,1.4072,0.795433,0.620582,0.0293728,0.595472,24.5164,394.88,179.18,0.164326,43.4283
12500,9418.22,0.574843,31.818,32.026,0.0769401,4544.78,2528.45,14928.5,746.425,495.847,845.138,0,28.0587,150.141,78.281,92.82,0.229712,0.443565,2.64766,1.5846,0.00578583,0.122442,0.133459,0.302173,0.0493186,1.402,0.793666,0.621565,0.0293056,0.595566,22.548,379.62,176.72,0.159097,45.1355
13000,9461.7,0.577496,32.028,31.838,0.0665066,4631.82,2531.86,15450.1,772.505,523.685,873.601,0,28.9686,149.145,81.2604,95.1,0.229455,0.443271,2.58928,1.63337,0.00581124,0.12487,0.135146,0.304881,0.0507271,1.4061,0.789502,0.618214,0.0293056,0.595854,22.4779,377.52,172.32,0.155504,40.78
13500,9457.02,0.577211,32.592,32.142,0.0779238,4762.72,2520.4,15654.7,782.734,556.225,887.717,0,29.5189,149.014,84.2038,97.06,0.229017,0.442302,2.51504,1.65531,0.00584114,0.127241,0.13709,0.306736,0.0528011,1.42258,0.779158,0.612445,0.0292688,0.595943,23.3559,384.3,170.56,0.154385,37.3719
14000,9473.38,0.578209,32.344,32.168,0.0710051,4811.74,2510.22,15402.4,770.119,591.156,874.732,0,29.1836,149.102,87.3124,101.5,0.227792,0.440145,2.4403,1.62538,0.00586795,0.129474,0.139334,0.309918,0.054163,1.42577,0.763993,0.60208,0.0282107,0.596414,23.509,389.06,161.2,0.149679,37.0868
14500,9524.54,0.581332,32.296,32.33,0.0709198,4745.79,2506.76,15162.9,758.145,553.863,867.199,0,28.7151,149.709,90.5528,104.54,0.225939,0.43687,2.36745,1.59253,0.0058834,0.131386,0.141314,0.313539,0.0555685,1.41225,0.759069,0.59906,0.0281569,0.596325,21.2383,369.96,165.32,0.146871,37.7542
15000,9551.06,0.58295,32.33,32.692,0.0666857,4635.8,2500.32,14933.1,746.656,496.528,878.706,0,28.2847,149.753,93.5517,106.26,0.224504,0.434438,2.31604,1.56371,0.00588616,0.133697,0.143182,0.316086,0.0572337,1.40007,0.744164,0.592671,0.0274758,0.595543,21.135,368.2,147.64,0.136097,37.0414
15500,9592.24,0.585464,32.618,32.59,0.0690229,4601.1,2504.56,15107,755.352,518.249,888.64,0,28.5303,149.737,96.6436,110.24,0.224198,0.434239,2.26899,1.57503,0.0058995,0.136172,0.144475,0.31927,0.0592733,1.39384,0.750221,0.593079,0.0277904,0.595569,21.4978,372.9,158.62,0.140664,36.559
16000,9643.34,0.588583,32.508,32.362,0.0633145,4689.44,2512.35,15637.9,781.897,553.212,910.004,0,29.3923,149.815,99.8834,113.46,0.223667,0.433541,2.24138,1.62197,0.00591437,0.137885,0.145843,0.321842,0.0611895,1.39654,0.75229,0.596073,0.028222,0.595518,20.0302,359,160.34,0.140933,36.3243
16500,9634.28,0.58803,32.78,32.526,0.0703019,4817.34,2506.05,15828,791.398,587.64,917.171,0,29.8712,149.557,103.03,116.34,0.223896,0.434123,2.1864,1.64274,0.00591524,0.140033,0.14813,0.324086,0.0628332,1.41174,0.752446,0.59551,0.0280802,0.595823,21.7259,373.08,149.62,0.137952,36.7436
17000,9595.02,0.585634,32.738,32.564,0.0697104,4850.63,2486.65,15561.9,778.095,621.579,904.387,0,29.6437,149.581,106.085,121.26,0.223279,0.432891,2.13361,1.62194,0.00592187,0.142174,0.151082,0.326129,0.0644155,1.41875,0.729697,0.583565,0.0269575,0.595524,20.8443,366.82,140.34,0.128805,37.0528
17500,9622.18,0.587291,32.646,32.712,0.0652142,4776.11,2483.52,15226.4,761.321,578.24,901.486,0,29.0246,149.411,109.14,124.4,0.222401,0.431322,2.0919,1.58306,0.00591707,0.144149,0.153908,0.328406,0.0650571,1.40673,0.712794,0.574037,0.0265388,0.595176,19.3867,355.38,137.52,0.123308,36.9316
18000,9639.26,0.588334,32.662,33.014,0.0618098,4660.53,2479.15,15005.3,750.264,509.847,908.24,0,28.6115,150.023,112.308,127.9,0.221546,0.429698,2.05228,1.55672,0.00593634,0.145951,0.156333,0.330422,0.0677295,1.39444,0.711451,0.569931,0.0264895,0.594929,19.9302,360.98,135.36,0.123833,37.2811
18500,9687.7,0.59129,32.716,32.766,0.0665699,4627.79,2481.29,15199.4,759.969,543.728,906.686,0,28.8439,149.916,115.375,131.14,0.220418,0.427783,2.01624,1.56895,0.00594478,0.148529,0.157511,0.332834,0.0691893,1.38812,0.71017,0.570618,0.0263052,0.594353,19.4843,357.98,135.68,0.121304,37.3762
19000,9704.36,0.592307,32.782,32.518,0.0571681,4710.06,2483.07,15676,783.799,573.545,933.137,0,29.7237,149.587,118.419,134.3,0.220467,0.428075,1.99118,1.61597,0.00595488,0.150781,0.158822,0.334415,0.070182,1.3939,0.7032,0.566372,0.0264657,0.594152,18.2638,344.24,130.22,0.116959,36.6411
19500,9683,0.591003,33.006,32.762,0.0637857,4838.24,2473.48,15904,795.199,608.385,946.442,0,30.2804,149.786,121.32,138.12,0.220316,0.427968,1.96831,1.64264,0.00594354,0.15264,0.160407,0.335374,0.0707848,1.41117,0.695422,0.56019,0.0263355,0.59461,18.9421,350.9,132.26,0.11864,36.3371
20000,9684.92,0.591121,32.732,32.64,0.0619676,4877.65,2469.1,15674.6,783.729,639.809,924.153,0,29.9554,149.681,124.406,142.74,0.219795,0.427111,1.93996,1.61869,0.00595006,0.154553,0.163233,0.336777,0.0711963,1.41333,0.704355,0.567596,0.0265087,0.594783,19.8468,361.72,128.52,0.11709,30.6838
20500,9707.08,0.592473,32.986,33.086,0.0593202,4805.17,2467.06,15376.1,768.806,591.955,930.624,0,29.4187,149.906,127.548,145.12,0.219243,0.425893,1.90086,1.58505,0.00594972,0.15628,0.165335,0.338016,0.0731398,1.40315,0.687782,0.556816,0.0254491,0.594948,18.04,345.4,121.28,0.112326,34.2334
21000,9720.96,0.59332,32.678,33.074,0.0590967,4692.34,2463.77,15188.8,759.439,530.806,923.983,0,29.0769,150.49,130.653,146.92,0.218287,0.424214,1.8841,1.56304,0.00593796,0.157868,0.167508,0.339627,0.0736473,1.39221,0.683972,0.554192,0.0253234,0.594621,18.7021,350.64,126.92,0.112974,36.6203
21500,9778.48,0.596831,33.01,32.872,0.061736,4656.57,2470.54,15333.7,766.684,551.344,925.457,0,29.2101,149.719,133.674,151.52,0.217518,0.423005,1.85465,1.5686,0.00593608,0.159387,0.169697,0.342504,0.0732479,1.3837,0.689654,0.556912,0.0256114,0.594699,18.4716,348.52,124.66,0.114412,36.5178
22000,9793.74,0.597762,33.312,33.024,0.0557017,4737.95,2467.07,15813.6,790.682,582.331,962.374,0,30.103,149.575,136.658,155.34,0.21693,0.422166,1.82264,1.61574,0.00593441,0.161112,0.171478,0.343829,0.0727375,1.38991,0.682483,0.550615,0.0257254,0.595464,17.3333,336.66,122.26,0.110389,36.6144
22500,9763.68,0.595928,33.066,32.944,0.0609109,4864.01,2458.99,16005.2,800.261,623.392,967.809,0,30.6087,149.743,139.729,158.58,0.216898,0.422302,1.81773,1.6397,0.00592848,0.162885,0.172696,0.34569,0.0727949,1.40647,0.673581,0.54604,0.025523,0.595498,17.6729,340.32,118.3,0.108424,36.4069
23000,9793.82,0.597767,33.29,33.206,0.0572319,4914.15,2458.84,15784.3,789.214,653.706,957.859,0,30.1786,149.705,142.875,160.52,0.216152,0.420943,1.79023,1.61221,0.00594246,0.164418,0.174412,0.347937,0.0739789,1.40815,0.663709,0.54149,0.0250198,0.59498,18.2053,347.38,119.5,0.108149,36.5854
23500,9789.04,0.597476,33.144,33.252,0.0587864,4831.87,2449.04,15507.8,775.392,613.923,947.032,0,29.7325,150.138,145.905,164.64,0.215244,0.419397,1.76222,1.5852,0.00594516,0.166035,0.176003,0.349848,0.0748654,1.39911,0.649094,0.531925,0.0243076,0.594456,16.5087,329.68,106.5,0.0980498,36.8193
24000,9818.56,0.599277,32.878,33.342,0.0584206,4721.6,2452.49,15339.3,766.966,545.717,938.013,0,29.316,150.114,148.866,167.04,0.214374,0.418005,1.7735,1.56313,0.00592442,0.167982,0.177586,0.351083,0.0750762,1.38732,0.64093,0.523755,0.0236978,0.593968,17.1584,335.84,108.48,0.101028,37.6903
24500,9856.26,0.601578,33.392,33.2,0.0559048,4682.33,2451.8,15470.8,773.539,565.814,951.775,0,29.4654,149.705,151.937,172.28,0.213263,0.416035,1.74218,1.57045,0.00592322,0.169308,0.179276,0.352245,0.0754038,1.38048,0.645778,0.528532,0.0241931,0.592887,16.843,333.22,109.46,0.0998291,37.8206
25000,9860.98,0.601866,33.48,33.104,0.0474847,4759.77,2451.86,15905.8,795.289,603.134,979.359,0,30.2991,150.187,154.846,174.74,0.213348,0.416249,1.72718,1.61425,0.00594156,0.17088,0.181855,0.353092,0.0770417,1.38654,0.642144,0.525394,0.0243929,0.592649,15.8242,321.84,100.24,0.0946276,37.5087
25500,9824.36,0.599631,33.19,33.03,0.0584901,4885.17,2443.57,16130.6,806.528,638.965,977.674,0,30.8531,149.872,157.805,176.74,0.213438,0.416629,1.73079,1.64258,0.00595662,0.173251,0.185233,0.353937,0.0784768,1.40429,0.639429,0.523261,0.0244194,0.59257,17.0053,335.18,103.18,0.0974171,37.5749
26000,9821.62,0.599464,33.41,33.474,0.0584028,4926.76,2437.23,15827.8,791.391,669.073,972.792,0,30.4035,149.303,160.862,180.82,0.212804,0.415382,1.70996,1.61265,0.00599336,0.175325,0.18614,0.355896,0.0793728,1.40765,0.622944,0.51174,0.0235915,0.591432,16.8926,334.16,94.2,0.0905205,37.5007
26500,9858.32,0.601704,33.456,33.53,0.0564948,4849.45,2440.14,15583.6,779.179,626.765,962.62,0,29.865,150.447,163.987,183.92,0.212004,0.414005,1.69323,1.58172,0.00600992,0.177015,0.187323,0.357782,0.0804849,1.39426,0.638696,0.523231,0.0240754,0.590427,15.825,323.42,103.6,0.095573,36.423
27000,9899.3,0.604205,33.01,33.36,0.057749,4742.45,2444.67,15445.5,772.277,556.983,948.437,0,29.4803,150.425,167.018,187.08,0.211192,0.412489,1.68083,1.56086,0.006024,0.17904,0.189348,0.359873,0.082254,1.38143,0.635177,0.521022,0.023843,0.589214,16.229,325.92,105.64,0.0970994,36.2105
27500,9895.38,0.603966,33.466,33.4,0.0561879,4694.76,2441.92,15508.5,775.426,576.66,961.953,0,29.6319,149.907,170.146,193.14,0.21114,0.412558,1.67638,1.56799,0.00601729,0.180956,0.19103,0.361625,0.0823381,1.3786,0.628621,0.515059,0.0236727,0.588886,16.1453,327.34,103.08,0.095789,36.3663
28000,9898.68,0.604167,33.564,33.288,0.0500099,4768.63,2443.79,15944.3,797.213,614.057,983.602,0,30.4493,149.957,173.322,195.56,0.211615,0.413632,1.66586,1.61193,0.00602693,0.183205,0.193399,0.363591,0.0833576,1.38406,0.622368,0.511909,0.0238381,0.588925,15.883,322.96,94.28,0.0896915,36.1985
28500,9867.94,0.602291,33.424,33.292,0.0573145,4895.37,2436.11,16091.3,804.565,649.079,990.349,0,30.8223,149.892,176.267,198.48,0.21165,0.413856,1.6612,1.63103,0.00603729,0.185014,0.195088,0.364518,0.0835562,1.40046,0.611733,0.505606,0.0231594,0.589223,15.3392,318.24,90.78,0.0863382,35.8893
29000,9908.9,0.604791,33.57,33.508,0.0577434,4948.27,2441.09,15897.2,794.859,683.987,972.529,0,30.4032,149.946,179.244,200.82,0.211136,0.413007,1.64907,1.60506,0.00605374,0.186833,0.197313,0.366497,0.0837785,1.40139,0.599732,0.49814,0.0224882,0.589035,16.4277,330.76,87.56,0.0852134,36.631
29500,9961.22,0.607985,33.608,33.716,0.0525225,4881.66,2451.71,15654.8,782.743,630.25,968.513,0,29.8571,150.401,182.384,203.84,0.210677,0.412233,1.64891,1.57252,0.00607451,0.188806,0.198957,0.368341,0.0851926,1.38858,0.600422,0.495877,0.0226465,0.588939,15.9525,327.04,94.82,0.0891965,37.1385
30000,10006.2,0.610728,33.738,33.892,0.0540902,4779.94,2455.96,15492.8,774.64,566.086,969.422,0,29.4742,149.939,185.523,206.52,0.209991,0.411067,1.62544,1.54903,0.00609508,0.190408,0.200059,0.370079,0.0856283,1.37776,0.598803,0.496723,0.0225807,0.588903,17.0503,338.52,89.52,0.0857675,36.4417
30500,10026,0.61194,33.856,33.666,0.0555566,4741.27,2456.44,15628.4,781.418,583.89,970.583,0,29.6968,149.982,188.737,207.88,0.209899,0.410884,1.59364,1.55985,0.00610731,0.19228,0.202208,0.371669,0.0873811,1.37428,0.593352,0.491398,0.0223108,0.588335,16.593,334.62,95.18,0.0895613,35.9504
31000,10038.6,0.612708,34.066,33.78,0.0495629,4817.87,2462.32,16014.4,800.722,621.521,999.295,0,30.4003,149.886,191.976,210.62,0.210383,0.411645,1.59446,1.59633,0.00612613,0.194197,0.203892,0.372451,0.0886095,1.37883,0.585132,0.484552,0.0222381,0.58782,16.1157,330.9,89.04,0.0866098,35.0748
31500,9970.88,0.608574,33.696,33.766,0.0585758,4928.05,2443.17,16198.8,809.939,659.019,1006.97,0,30.9831,150.057,195.227,214.58,0.21037,0.411682,1.57838,1.62505,0.00612616,0.196066,0.204801,0.373131,0.0899159,1.39523,0.560995,0.471641,0.0212706,0.587743,15.7963,326.28,75.84,0.0756715,35.714
32000,10003.5,0.610565,33.812,33.87,0.053013,4983.13,2444.04,16021.6,801.079,690.228,992.692,0,30.6375,149.877,198.484,220.3,0.209583,0.410076,1.56151,1.60257,0.00613734,0.19796,0.20563,0.374332,0.0900629,1.39799,0.553238,0.463457,0.020584,0.587442,15.5586,323.46,77.58,0.0779145,36.6951
32500,10022.9,0.611752,33.858,33.884,0.0532763,4911.54,2444.55,15743,787.149,646.598,986.702,0,30.1194,150.11,201.684,223.76,0.208997,0.409069,1.55965,1.57176,0.00612927,0.199576,0.206203,0.375628,0.0906254,1.38888,0.541529,0.456393,0.0202114,0.58736,15.2164,321.86,73.48,0.0748269,36.5244
33000,10042.5,0.612947,33.608,33.86,0.0525897,4799.93,2448.15,15556.5,777.823,581.656,976.479,0,29.7473,150.58,204.847,226.98,0.208783,0.4085,1.55832,1.54971,0.00609954,0.200997,0.207889,0.376656,0.0908057,1.37834,0.544036,0.456267,0.020296,0.587366,15.1941,320.56,76.96,0.0774607,36.8614
33500,10038.4,0.612695,33.978,33.872,0.0537229,4752.67,2443.97,15680.1,784.004,593.474,986.646,0,30.0098,150.16,208.102,230.42,0.208792,0.408638,1.52689,1.5631,0.00609987,0.202771,0.208829,0.377898,0.0912452,1.37587,0.545225,0.458634,0.0206348,0.587542,15.4397,323,73.1,0.0745213,36.462
34000,10042.6,0.612954,33.942,33.696,0.0435772,4820.9,2450.89,16007.3,800.367,631.08,1008.08,0,30.5768,150.235,211.322,233.78,0.209404,0.409824,1.55676,1.59462,0.00608361,0.204504,0.21196,0.378687,0.0914252,1.37893,0.531808,0.450074,0.0200819,0.58755,14.3283,310.56,62.04,0.0661247,35.9391
34500,9969.1,0.608466,33.656,33.692,0.0557397,4927.54,2436.73,16114,805.702,666.797,1010.33,0,31.1052,150.253,214.579,238.84,0.209984,0.410964,1.56396,1.61698,0.00607989,0.206344,0.213273,0.379244,0.0911762,1.39548,0.522465,0.440158,0.0197946,0.587563,15.6798,326.04,69.84,0.0734909,35.3731
35000,9969.36,0.608481,33.628,33.698,0.0543738,4974.84,2434.45,15869.3,793.463,700.712,991.303,0,30.6867,149.729,217.918,240.48,0.209662,0.410289,1.55349,1.59262,0.00606726,0.208202,0.214698,0.381076,0.0901585,1.40004,0.519383,0.438492,0.0193675,0.587389,16.0743,331.38,69.4,0.0733261,36.4492
35500,9988.2,0.609631,33.962,34.032,0.0508451,4900.27,2436.04,15578.1,778.907,655.833,989.949,0,30.1974,150.057,221.303,244.02,0.209109,0.409187,1.565,1.56052,0.00603281,0.209851,0.21632,0.382411,0.0908436,1.39052,0.508306,0.429826,0.0190406,0.587234,15.171,319.6,64.98,0.0696289,36.8802
36000,10032.9,0.612361,33.758,33.972,0.0506696,4799,2447.77,15383.7,769.183,587.748,979.646,0,29.8116,150.378,224.602,248.12,0.208798,0.408664,1.59429,1.53409,0.00600371,0.211826,0.219304,0.383422,0.0910928,1.37975,0.501378,0.42251,0.0185287,0.587283,15.2064,321.86,66.58,0.0707875,36.7026
36500,10041.6,0.612892,33.76,33.62,0.0547763,4754.91,2443.63,15452,772.599,604.634,980.092,0,29.9479,149.697,227.845,252.24,0.208375,0.407991,1.56416,1.53965,0.00600009,0.213507,0.220415,0.384575,0.0915242,1.37614,0.498334,0.423336,0.0185613,0.587507,15.3439,323.26,56.58,0.0650728,36.8245
37000,10047.7,0.61326,34.218,33.892,0.046015,4823.98,2448.08,15784,789.202,640.507,1014.65,0,30.6338,150.105,231.116,255.1,0.208874,0.40883,1.5756,1.572,0.00597561,0.214728,0.224043,0.385291,0.0921476,1.37978,0.487257,0.413674,0.018514,0.587827,14.6857,315.08,61.22,0.0660098,36.7909
37500,10004.2,0.610605,33.664,33.738,0.0559105,4939.34,2440.19,15890.5,794.523,686.092,1011.04,0,31.1177,150.352,234.394,258.6,0.209022,0.408953,1.59526,1.58873,0.00591723,0.21635,0.227367,0.385929,0.0911307,1.39394,0.468266,0.399473,0.0178946,0.588403,14.7189,316.76,53.58,0.0621082,36.8425
38000,10017.1,0.611395,33.848,33.852,0.0513194,4987.18,2444.75,15610.2,780.512,713.239,999.45,0,30.6745,150.106,237.64,261.8,0.208811,0.408677,1.61828,1.55914,0.00590409,0.21774,0.230644,0.385273,0.0903828,1.39707,0.47706,0.405274,0.0181016,0.58898,15.7104,328.74,59.8,0.0666581,36.87
38500,10048.8,0.613328,33.95,34.104,0.0520945,4918.36,2454.41,15302.2,765.112,669.856,987.418,0,30.0724,150.253,240.953,266.62,0.208438,0.40816,1.66616,1.52389,0.00590572,0.21957,0.232764,0.386435,0.0903336,1.38733,0.459733,0.392165,0.0174453,0.589169,14.5266,315.32,61.68,0.0661457,36.5505
39000,10008,0.61084,33.762,33.964,0.0541743,4789.97,2452.43,14921.2,746.062,598.479,978.589,0,29.6063,150.047,244.454,270.7,0.208769,0.408776,1.72795,1.49151,0.00587402,0.220972,0.236919,0.386222,0.0898095,1.38036,0.455424,0.3884,0.0171621,0.588991,15.241,322.16,57.5,0.0651276,36.1195
39500,9989.58,0.609716,33.65,33.668,0.0585132,4737.27,2449.24,14860.5,743.024,625.019,972.012,0,29.7409,149.819,247.854,274.52,0.208794,0.408855,1.74607,1.4881,0.00582571,0.22225,0.240029,0.387511,0.0889611,1.37805,0.443198,0.378852,0.016877,0.588241,15.6762,327.68,51.2,0.0623214,35.3823
40000,9987.54,0.609591,33.928,33.71,0.0474606,4806.21,2458.94,15004.4,750.219,665.671,1004.35,0,30.3566,149.884,251.371,277.98,0.209593,0.410365,1.81343,1.50314,0.0057573,0.22389,0.244293,0.388718,0.0888593,1.38254,0.42966,0.366604,0.0164905,0.58859,14.5686,314.16,53.96,0.062807,30.0273
40500,9945.68,0.607036,33.7,33.644,0.056938,4920.36,2461.59,14878.4,743.922,708.899,1000.82,0,30.6954,150.058,255.065,281.36,0.21012,0.411205,1.90983,1.49633,0.00568379,0.225204,0.248969,0.388622,0.0875014,1.39671,0.419684,0.35838,0.0163731,0.588847,15.0548,319.68,52.14,0.0620675,34.0116
41000,9914.58,0.605138,33.6,33.584,0.0573441,4955.49,2459.76,14486.5,724.326,745.844,978.643,0,30.2952,149.836,258.602,284.62,0.210387,0.411481,1.96302,1.46173,0.00565401,0.226503,0.250693,0.388863,0.0872073,1.40279,0.413355,0.352546,0.0157255,0.589731,16.0967,331.02,48.02,0.0613388,35.703
41500,9874.86,0.602714,33.528,33.758,0.0618503,4868.34,2459.95,14036.1,701.806,693.659,966.341,0,29.7048,149.922,262.066,288.7,0.210565,0.411679,2.05361,1.42222,0.0055926,0.226935,0.253747,0.388181,0.0866916,1.39781,0.402759,0.34567,0.0155395,0.590385,16.098,332.34,43.16,0.0589308,35.2572
42000,9901.5,0.60434,33.318,33.656,0.0579109,4757.81,2464.35,13696.1,684.803,632.427,960.695,0,29.1809,150.247,265.345,292.6,0.210085,0.410794,2.06449,1.38387,0.00555699,0.227126,0.256632,0.386848,0.0874451,1.38659,0.392072,0.335528,0.0150973,0.589748,15.7243,327.38,45.5,0.060161,35.1142
42500,9864.24,0.602065,33.432,33.696,0.0613852,4698.45,2469.18,13381.9,669.097,664.334,965.009,0,29.1704,149.96,268.829,297.2,0.210592,0.411734,2.18514,1.35719,0.0054773,0.227569,0.260823,0.385606,0.0852789,1.38444,0.371671,0.318073,0.0145416,0.589245,16.1171,331.36,44.16,0.0593794,35.2023
43000,9842.14,0.600717,33.308,32.996,0.0564817,4758.4,2475.84,13311.2,665.558,712.161,970.591,0,29.8299,149.517,272.329,300.38,0.211042,0.412573,2.29743,1.35342,0.00540388,0.227442,0.264492,0.384327,0.0848679,1.38968,0.363607,0.311525,0.0142567,0.589094,16.6074,337.18,42.3,0.0592239,34.8443
43500,9721.66,0.593363,33.372,33.176,0.0654202,4847.23,2457.51,13127.8,656.389,748.76,979.823,0,30.3378,149.421,275.649,303.58,0.212012,0.414352,2.37328,1.35125,0.00536644,0.227845,0.267633,0.384106,0.0853222,1.40903,0.342878,0.294222,0.01344,0.589433,17.1417,339.36,40.36,0.0586087,35.2431
44000,9683.78,0.591051,33.126,33.11,0.0666516,4879.22,2458.09,12782.4,639.119,779.689,957.243,0,29.9364,149.625,278.803,306.64,0.212518,0.415189,2.4368,1.32088,0.00535972,0.228591,0.270539,0.384415,0.0854348,1.41436,0.338386,0.292139,0.0130798,0.589694,18.1744,351.86,35.8,0.0573609,35.5097
44500,9652.18,0.589122,32.684,33.148,0.074783,4793.07,2467.94,12286.2,614.311,729.198,936.24,0,29.2623,149.735,282.002,310.64,0.213106,0.416393,2.58947,1.27437,0.00537071,0.228766,0.273297,0.38386,0.0857746,1.40844,0.319518,0.277532,0.0126113,0.590135,16.85,338.08,31.02,0.054062,35.4919
45000,9618.28,0.587053,32.872,33.32,0.0738664,4670.14,2466.6,11771.6,588.58,660.725,938.912,0,28.6405,149.166,285.292,314.66,0.212947,0.416054,2.67639,1.22485,0.00535195,0.22874,0.277488,0.383571,0.085049,1.40114,0.315777,0.273244,0.0124051,0.589987,18.3061,350.9,32.64,0.056193,35.5618
45500,9597.22,0.585768,32.962,33.136,0.0786904,4611.07,2475.33,11322,566.099,705.445,937.626,0,28.5991,149.839,288.822,318.32,0.212877,0.415832,2.83349,1.18063,0.00529584,0.228734,0.280802,0.383349,0.0833248,1.39682,0.307859,0.265467,0.0123203,0.590099,19.0946,360.12,31.64,0.0573132,35.4765
46000,9529.4,0.581628,32.452,32.164,0.0710782,4658.28,2468.46,11248.7,562.435,756.036,939.834,0,29.3987,148.908,292.144,321.7,0.213541,0.417057,2.92301,1.18166,0.00525859,0.228523,0.281947,0.382828,0.0829151,1.40522,0.294175,0.254765,0.0119574,0.589945,18.9704,356.12,27.78,0.054294,35.7482
46500,9437.64,0.576028,32.778,32.502,0.0842593,4752.84,2453.32,11084.2,554.21,797.972,941.23,0,29.7432,148.647,295.24,325.9,0.214134,0.418107,2.98364,1.17584,0.00521372,0.228432,0.283855,0.381862,0.0821467,1.42329,0.283894,0.24714,0.0113917,0.589686,19.7828,362.52,25.5,0.0544016,35.5485
47000,9406.32,0.574116,32.616,32.614,0.0873891,4787.12,2452.96,10815.6,540.782,819.631,927.608,0,29.2856,149.014,298.121,327.7,0.214232,0.418282,3.05591,1.15112,0.005201,0.228319,0.285486,0.382159,0.0821417,1.42921,0.2811,0.245142,0.0112105,0.588977,20.3804,368.32,24.48,0.0539486,35.3045
47500,9343.94,0.570309,32.064,32.562,0.095741,4690.28,2444.87,10400,520,769.174,906.016,0,28.6797,148.657,301.081,331.06,0.214335,0.418391,3.12912,1.11454,0.0052027,0.227924,0.288179,0.380959,0.0823511,1.42365,0.28285,0.247464,0.0113702,0.587164,19.3146,357.98,25.3,0.0534443,35.3584
48000,9362.18,0.571422,32.332,32.594,0.0954569,4584.67,2454.41,9937.75,496.888,705.74,909.837,0,28.0081,148.916,304.137,334.72,0.213711,0.417175,3.22229,1.06274,0.00516969,0.228122,0.290958,0.379908,0.0816832,1.41368,0.276823,0.240533,0.0114266,0.585949,20.9285,370.22,29.18,0.057223,35.5816
48500,9304.26,0.567887,32.244,32.856,0.0991733,4515.41,2452.12,9526.57,476.328,753.939,919.688,0,28.0657,149.556,307.171,338.32,0.213541,0.417063,3.37426,1.02503,0.00513202,0.227434,0.292916,0.380284,0.0806091,1.41117,0.257477,0.224883,0.0104379,0.585458,19.3261,357.42,24.48,0.0533664,35.2981
49000,9272.5,0.565948,31.848,31.302,0.0818489,4581.06,2453.19,9386.38,469.319,807.488,912.083,0,28.8679,148.105,310.657,342.24,0.213504,0.417092,3.50362,1.01432,0.00507748,0.226847,0.294273,0.380819,0.0795824,1.42112,0.243354,0.214115,0.0100265,0.585823,21.2178,371.44,21.64,0.0531636,35.4879
49500,9186.64,0.560708,32.304,32.154,0.097437,4678.53,2439.87,9262.93,463.147,843.116,926.768,0,29.2707,148.122,313.724,345.28,0.213691,0.417372,3.59311,1.00978,0.00505334,0.226876,0.293785,0.379956,0.0784666,1.43904,0.236048,0.208102,0.00979775,0.585244,22.1482,382.14,20,0.0535127,35.225
50000,9117.86,0.55651,31.852,31.676,0.100241,4694.09,2435.76,8979.4,448.97,870.26,894.436,0,28.8224,148.69,316.739,347.66,0.21463,0.419193,3.68915,0.986331,0.00505601,0.227295,0.295233,0.379346,0.0779541,1.44573,0.22865,0.202347,0.00937313,0.584942,23.1099,386.7,18.42,0.0533069,34.9735
50500,9061.46,0.553068,31.432,31.814,0.110378,4599.66,2427.1,8631.94,431.597,806.456,875.782,0,28.1079,147.703,319.629,351.76,0.214605,0.419225,3.76094,0.954082,0.00509055,0.227443,0.298132,0.378448,0.0774252,1.43996,0.225403,0.199112,0.0095064,0.584105,22.2017,378.16,18.5,0.0529073,35.4569
51000,9073.76,0.553818,31.842,32.266,0.106517,4496.41,2435.08,8138.96,406.948,745.548,896.431,0,27.4994,148.603,322.553,355.26,0.214037,0.418087,3.84405,0.898879,0.00506373,0.226752,0.299847,0.375731,0.0757552,1.43059,0.219536,0.192214,0.00936561,0.583688,22.5697,381.24,21.38,0.0553595,35.338
51500,9076.9,0.55401,31.714,32.008,0.112457,4449.77,2451.29,7720.46,386.023,795.686,888.728,0,27.4516,148.526,325.727,360,0.214367,0.418778,3.9902,0.851696,0.00503749,0.225477,0.299076,0.374622,0.0743125,1.42477,0.212163,0.185297,0.00895494,0.583756,22.5856,381.92,20.34,0.0546067,35.4655
52000,9080.74,0.554244,31.468,31.262,0.0969284,4520.04,2467.13,7588.33,379.417,858.977,899.416,0,28.2003,148.135,329.256,362.5,0.215029,0.420163,4.13785,0.836937,0.00500227,0.224301,0.29571,0.373179,0.0712803,1.43043,0.204385,0.178862,0.00851982,0.583608,22.481,379.7,19.92,0.0539395,35.4949
52500,9010.44,0.549954,31.73,31.46,0.105704,4619.91,2448.35,7553.23,377.662,885.028,894.876,0,28.6388,147.568,332.314,364.8,0.215223,0.42055,4.13528,0.840078,0.00499378,0.224121,0.294373,0.373955,0.0703462,1.44907,0.195166,0.171712,0.00816865,0.583634,24.9174,397.32,17.3,0.0548798,35.6298
53000,8905.38,0.543541,31.59,31.49,0.114883,4617.87,2429.4,7398.93,369.947,898.439,871.04,0,28.355,147.789,335.24,367.42,0.215748,0.421709,4.20793,0.832145,0.0050231,0.224041,0.294675,0.374783,0.0705247,1.45603,0.194559,0.171499,0.00819609,0.583862,26.4696,409.82,16.68,0.0560747,35.6664
53500,8927.42,0.544886,31.312,31.296,0.114513,4569.27,2445.31,7142.83,357.142,840.248,863.586,0,27.6273,147.664,338.165,370.26,0.215954,0.422331,4.30332,0.801053,0.00504736,0.224359,0.296354,0.374519,0.069363,1.45088,0.189478,0.166749,0.00816707,0.583827,24.3693,392.02,14.36,0.0524006,35.5425
54000,8907.92,0.543696,31.428,31.882,0.123757,4442.59,2442.03,6764.27,338.214,776.451,865.02,0,26.8979,147.487,341.164,374.52,0.215518,0.421625,4.34806,0.761002,0.00505635,0.22425,0.29624,0.374184,0.0676992,1.43915,0.189475,0.165554,0.00809533,0.583965,25.1285,395.82,19.3,0.0564975,35.2161
54500,8863.96,0.541013,31.392,31.932,0.124838,4377.67,2438.72,6400.95,320.047,820.775,879.351,0,27.0162,148.123,344.537,380.7,0.215032,0.420716,4.47613,0.723542,0.00499511,0.223373,0.29335,0.372876,0.0650176,1.43556,0.177814,0.154646,0.00751365,0.583535,23.3451,384.2,19.48,0.0553539,35.5017
55000,8914.26,0.544083,31.2,30.9,0.109157,4463.45,2463.98,6224.68,311.234,896.347,876.177,0,27.811,147.945,347.791,381.78,0.215122,0.42094,4.62178,0.699466,0.00494787,0.222974,0.292607,0.371352,0.0621583,1.43891,0.168883,0.14806,0.00735579,0.583219,23.5872,382.4,17.78,0.053998,35.4715
55500,8880.54,0.542025,31.372,31.306,0.119975,4583.71,2452.93,6216.48,310.824,921,882.45,0,28.3483,147.183,350.792,384.9,0.21528,0.421054,4.59733,0.701983,0.0049389,0.223249,0.293212,0.370095,0.0621799,1.45871,0.169417,0.148392,0.00747503,0.583202,26.0445,400.94,16.66,0.055635,34.5431
56000,8825.14,0.538644,31.64,31,0.120119,4587.03,2449.89,6062.86,303.143,932.381,852.73,0,27.8283,147.2,353.8,388.02,0.216237,0.422809,4.686,0.688679,0.00495202,0.223582,0.293488,0.369036,0.0612952,1.45958,0.165095,0.144991,0.00713533,0.58295,28.7374,425.98,14.66,0.0575961,35.2557
56500,8771,0.535339,31.186,31.384,0.139505,4503.62,2445.41,5836.5,291.825,866.437,839.274,0,27.2656,147.189,356.748,391.24,0.21614,0.422657,4.79652,0.66664,0.00497801,0.224564,0.294179,0.36917,0.0603765,1.45548,0.162972,0.143139,0.0071328,0.583527,28.1204,418.92,14.38,0.0568326,35.4314
57000,8772.66,0.535441,31.166,31.696,0.136379,4396.15,2449.75,5516.78,275.839,804.427,848.371,0,26.5157,147.108,359.656,393.38,0.215952,0.422113,4.85196,0.630692,0.00497315,0.224751,0.294075,0.368253,0.0591139,1.44617,0.155943,0.136794,0.00683198,0.583211,26.3612,405.16,14,0.0553435,35.454
57500,8778.9,0.535822,31.232,31.722,0.137212,4357.44,2456.29,5162.51,258.125,850.561,862.588,0,26.688,147.955,362.857,395.36,0.215487,0.420899,4.93378,0.589591,0.0049186,0.223687,0.290065,0.364451,0.0577713,1.44244,0.152985,0.132233,0.00668438,0.583423,24.194,387.64,16.66,0.0549204,35.1535
58000,8803.92,0.537349,31.184,31.072,0.12204,4426.24,2470.2,4935.13,246.756,920.022,874.769,0,27.4572,147.329,366.231,397.66,0.215379,0.420535,5.04445,0.561643,0.00486549,0.223073,0.287985,0.36354,0.0554323,1.44415,0.146554,0.1263,0.00627338,0.583842,25.0952,394.5,14.56,0.0551768,34.5326
58500,8702.64,0.531167,30.968,30.696,0.131331,4515,2451.79,4790.02,239.501,951.286,855.716,0,27.9767,146.68,369.536,401.3,0.216456,0.422216,5.10731,0.552753,0.00481203,0.222823,0.286967,0.363251,0.054095,1.4666,0.130274,0.112661,0.00574838,0.584418,29.4313,424.26,16.4,0.0598804,35.003
59000,8723.06,0.532413,31.31,30.944,0.133374,4559,2469.25,4684.29,234.214,963.915,845.262,0,27.5311,146.845,372.492,403.16,0.217386,0.423892,5.18713,0.538638,0.00479677,0.222499,0.288165,0.36299,0.0534875,1.46758,0.121683,0.10708,0.005363,0.584726,27.9903,418.62,13.6,0.0566421,35.5938
59500,8558.58,0.522374,30.676,30.974,0.14579,4421.11,2435.94,4455.82,222.791,891.261,823.642,0,26.8777,146.59,375.436,405.48,0.21811,0.425297,5.29084,0.521951,0.00479357,0.222738,0.28919,0.362627,0.0520206,1.46502,0.118005,0.103885,0.00530148,0.585168,28.705,419.76,13.66,0.0575566,24.3879
60000,8550.86,0.521903,30.894,31.188,0.143871,4325.78,2445.55,4008.21,200.411,825.161,833.031,0,26.1561,146.733,378.733,407.8,0.218263,0.425625,5.41885,0.470627,0.00471825,0.22136,0.286526,0.358561,0.0490563,1.46017,0.110696,0.0975433,0.00517866,0.585154,27.8046,409.3,10.82,0.0547257,16.6286
60500,8505.56,0.519138,30.306,31.1,0.153847,4274.6,2455.98,3459.05,172.952,878.536,836.607,0,26.339,147.971,382.407,410.32,0.21903,0.42691,5.64951,0.408626,0.00460535,0.21726,0.278528,0.353131,0.0443372,1.46097,0.0908018,0.0809252,0.00428188,0.584952,25.1682,391.9,6.66,0.0501098,17.7247
61000,8452.98,0.515929,30.102,29.994,0.13478,4310.26,2449.52,3100.18,155.009,937.122,841.032,0,26.9632,146.364,385.541,414.38,0.219188,0.427165,5.77286,0.367487,0.00453691,0.214226,0.272716,0.348355,0.0416738,1.46457,0.0804478,0.0732819,0.00392636,0.585224,25.787,391.58,5.26,0.0494073,18.2255
61500,8367.12,0.510688,30.168,30.138,0.141849,4403.19,2441.53,2942.38,147.119,979.618,846.869,0,27.6091,146.841,388.43,416.6,0.220551,0.429446,5.89394,0.352936,0.0044707,0.20963,0.26781,0.341456,0.0403715,1.48552,0.06848,0.0633136,0.00345583,0.585878,27.6973,404.08,4.42,0.0505863,18.3871
62000,8269.42,0.504725,29.786,29.406,0.153261,4415.1,2422.8,2869.55,143.478,992.534,801.097,0,27.4708,146.35,391.027,417.52,0.221321,0.430895,5.97635,0.34869,0.00448102,0.208866,0.268418,0.340093,0.0399136,1.49913,0.0651601,0.0602804,0.00332074,0.584883,29.8614,419.26,3.86,0.052672,18.2139
62500,8279.3,0.505328,30.122,30.144,0.15741,4359.46,2432.49,2692.51,134.626,920.39,808.324,0,26.627,145.534,393.574,419.38,0.221423,0.431269,6.04937,0.326071,0.00445784,0.208085,0.266603,0.338777,0.0386576,1.49262,0.0603793,0.0565975,0.00320788,0.58357,30.2394,422.56,2.22,0.0518895,17.7532
63000,8247.38,0.50338,30.224,30.384,0.159449,4229.17,2433.46,2333.67,116.683,860.373,810.791,0,25.9079,146.864,396.24,421.64,0.221448,0.431449,6.16446,0.284063,0.00446259,0.206741,0.265073,0.335727,0.0376202,1.47951,0.0612006,0.0565213,0.00338763,0.582764,28.9844,414.92,2.96,0.0517806,17.6429
63500,8266.82,0.504567,29.706,30.312,0.167508,4198.6,2450.35,2055.65,102.782,895.661,805.339,0,26.0465,146.52,399.117,423.58,0.221826,0.432105,6.28237,0.249414,0.00443506,0.204811,0.259352,0.331493,0.0365513,1.47581,0.0525475,0.0492655,0.00287141,0.583178,28.1361,411.24,1.9,0.0504105,17.8009
64000,8258.7,0.504071,29.942,29.952,0.150138,4253.87,2452.37,1832.26,91.6131,949.077,838.46,0,26.6562,146.168,401.845,426.38,0.22182,0.432113,6.3498,0.222095,0.00440108,0.203097,0.252702,0.328409,0.035948,1.47845,0.0485228,0.0460196,0.00281455,0.582582,28.0494,408.06,2.3,0.0503281,17.6555
64500,8154.12,0.497688,29.488,29.476,0.15922,4342.82,2435.51,1649.64,82.4821,1004.59,824.665,0,27.3962,146.403,404.284,429.24,0.2224,0.433212,6.48841,0.202832,0.00438966,0.201833,0.24758,0.325053,0.0352142,1.50267,0.0438494,0.0419791,0.00261597,0.581792,28.6014,404.8,1.9,0.050337,17.4858
65000,8113.72,0.495222,29.372,29.272,0.165,4376.9,2429.33,1565.16,78.2578,1021.8,800.759,0,27.17,146.105,406.394,431.58,0.222723,0.433698,6.5407,0.193216,0.00443684,0.20311,0.248839,0.326218,0.0359013,1.5133,0.0487841,0.0460519,0.00293297,0.581185,28.8818,408.96,2.76,0.0516215,17.3991
65500,8031.1,0.490179,29.53,29.308,0.171135,4271.99,2405.88,1471.25,73.5624,940.541,783.762,0,26.4916,145.17,408.551,434.6,0.22249,0.433287,6.57298,0.183411,0.00452819,0.205436,0.253253,0.329859,0.0365266,1.50686,0.0569889,0.0527469,0.00334473,0.58054,29.4749,411.36,2.96,0.0527242,17.3355
66000,8076.72,0.492964,29.882,29.944,0.171064,4171.11,2420.36,1359.65,67.9828,872.617,795.436,0,25.9611,145.996,411.026,437.04,0.221746,0.432077,6.61117,0.168599,0.00458165,0.206053,0.254212,0.330923,0.0364474,1.48906,0.0554772,0.0520802,0.00345349,0.580867,29.416,415.82,1.7,0.0520268,17.6782
66500,8069.34,0.492513,29.32,29.78,0.178977,4125.04,2416.57,1260.23,63.0113,902.563,793.937,0,26.0709,145.779,413.5,440.28,0.220707,0.430175,6.65303,0.156344,0.00462394,0.206742,0.252589,0.331819,0.0360837,1.48455,0.0584662,0.0544176,0.00365274,0.581958,29.1677,410.48,2.7,0.052023,18.0274
67000,8162.32,0.498188,29.92,29.67,0.159343,4220.55,2437.01,1230.36,61.5181,958.977,837.112,0,26.7692,145.911,416.358,441.82,0.219349,0.427712,6.66023,0.150776,0.00462673,0.207338,0.250819,0.332454,0.0359566,1.48396,0.0524727,0.0497,0.00328,0.582564,27.7812,402.38,2.56,0.0504292,18.1361
67500,8153.04,0.497622,29.806,29.814,0.166449,4340.78,2433.11,1223.87,61.1936,1024.99,831.842,0,27.4935,146.074,418.58,445.78,0.218852,0.426614,6.67452,0.150305,0.00467456,0.208443,0.253125,0.334577,0.0366208,1.50202,0.0538943,0.0507783,0.00326858,0.582977,29.7892,413.5,2.38,0.0517844,18.0434
68000,8104.96,0.494688,29.574,29.468,0.173462,4370.15,2420.41,1210.36,60.5178,1040.61,800.274,0,27.2576,145.668,420.85,449.24,0.219258,0.427107,6.66235,0.149558,0.0047036,0.210077,0.256825,0.336447,0.0374582,1.51235,0.0559861,0.0524066,0.00314415,0.582849,31.2379,426.34,2.78,0.0541744,18.0503
68500,8118.78,0.495531,29.92,29.672,0.173475,4310.64,2422.36,1220.38,61.0189,957.852,795.366,0,26.6073,144.61,423.375,451.4,0.21907,0.426743,6.65989,0.150409,0.00477018,0.212149,0.261724,0.338664,0.037419,1.50393,0.0558571,0.0525243,0.0033265,0.583471,30.0285,418.9,2.6,0.0529106,18.0169
69000,8096,0.494141,30.11,30.052,0.171832,4179.37,2413.4,1129.36,56.468,890.409,805.669,0,26.1144,145.938,426.142,453.36,0.218156,0.425004,6.69104,0.139636,0.00480185,0.2122,0.260807,0.337065,0.0368502,1.48852,0.0532426,0.0507499,0.0032261,0.584027,28.9566,410.6,2.32,0.0517307,17.8778
69500,8151.14,0.497506,29.468,30.078,0.178974,4159.9,2430.22,1079.12,53.9562,915.983,807.3,0,26.2121,146.027,428.986,456.72,0.217217,0.423206,6.73699,0.132541,0.00482058,0.211872,0.257368,0.335567,0.0360924,1.48209,0.0571866,0.053353,0.00338599,0.585042,27.8335,404.2,3.38,0.0513435,17.808
70000,8158.44,0.497952,29.914,29.782,0.161247,4217.07,2430.08,1037.92,51.8962,970.391,842.818,0,26.958,145.704,431.725,459,0.21648,0.421887,6.76436,0.127257,0.00483959,0.211733,0.254669,0.333701,0.0360161,1.48281,0.0497845,0.0474767,0.00288943,0.585453,25.4792,384.8,2.18,0.0481585,17.9844
70500,8173.02,0.498842,30.008,29.912,0.166863,4355.44,2432.6,1049.55,52.4777,1037.55,841.556,0,27.6422,146.206,434.266,460.46,0.21634,0.421589,6.75011,0.12859,0.00485034,0.21288,0.255721,0.335075,0.0365505,1.50364,0.0564665,0.0532901,0.00329108,0.584904,29.666,413.88,3.12,0.0521309,17.9209
71000,8200.74,0.500533,29.644,29.368,0.167957,4418.45,2440.47,1057.95,52.8975,1056.28,810.45,0,27.3772,146.128,436.642,463.12,0.216249,0.421289,6.75526,0.129132,0.00488162,0.214968,0.258438,0.338714,0.0371226,1.5111,0.0546308,0.0514422,0.0030833,0.584723,29.057,413.66,2.56,0.0515681,18.0527
71500,8146.8,0.497241,30.06,29.868,0.168955,4320.71,2422.15,1050.1,52.505,969.26,809.238,0,26.7116,145.105,439.109,465.8,0.216117,0.4212,6.73346,0.128965,0.00492761,0.21636,0.26296,0.339591,0.0372554,1.50172,0.0576731,0.0545794,0.00324693,0.585116,29.1754,411.1,2.24,0.0513593,17.9549
72000,8133.94,0.496456,30.076,30.216,0.16573,4194.82,2415.33,1010.58,50.5291,898.517,818.057,0,26.1676,145.811,441.666,467.78,0.21513,0.419456,6.74726,0.124412,0.0049574,0.217068,0.261056,0.339598,0.0366588,1.48726,0.0576215,0.0532876,0.00324324,0.585278,28.0221,404.78,3.82,0.0519891,17.9073
72500,8185.42,0.499598,29.626,30.014,0.169908,4171.79,2427.47,951.157,47.5579,928.257,821.381,0,26.2735,146.208,444.604,469.62,0.213822,0.417185,6.78823,0.116279,0.0049766,0.215728,0.256233,0.339436,0.0357972,1.47992,0.0582705,0.0543492,0.0032829,0.585822,25.3488,386.58,2.8,0.0486734,17.863
73000,8262.72,0.504316,30.214,30.118,0.155709,4268.3,2443.25,967.721,48.3861,986.653,862.095,0,27.1172,145.795,447.387,471.68,0.212468,0.414443,6.79131,0.117144,0.00503659,0.215566,0.255514,0.339731,0.0356827,1.4818,0.0521837,0.0487087,0.00288827,0.586442,25.9628,392.14,2.76,0.0488413,17.9824
73500,8251.5,0.503632,29.986,29.902,0.156205,4387.76,2441.82,959.501,47.975,1048.53,856.361,0,27.8713,146.581,449.624,474.52,0.212513,0.414532,6.81088,0.116389,0.00508402,0.217158,0.259411,0.342363,0.0366722,1.4997,0.0510153,0.0483748,0.00284815,0.585924,26.9427,395.52,2.2,0.0489438,18.076
74000,8208.3,0.500995,29.93,29.646,0.164167,4421.59,2430.06,966.918,48.3459,1060.4,826.77,0,27.6961,145.84,452.233,477,0.21289,0.41519,6.80753,0.117903,0.00511773,0.21927,0.265325,0.344636,0.0377894,1.51098,0.051004,0.0484808,0.00290785,0.58516,27.7351,402.5,2.96,0.0505189,18.0537
74500,8249.54,0.503512,30.216,30.012,0.166582,4363.26,2441.27,992.778,49.6389,978.58,831.887,0,26.9231,145.578,454.867,479.98,0.213153,0.415615,6.78272,0.120382,0.00515589,0.221134,0.270596,0.346077,0.0385786,1.49785,0.054246,0.0504013,0.00310372,0.585982,26.874,396.32,4.38,0.0504299,18.0533
75000,8253.36,0.503745,30.276,30.232,0.160297,4245.62,2443.12,938.468,46.9234,899.834,831.717,0,26.3478,146.074,457.679,482.68,0.212884,0.415042,6.79967,0.113778,0.00516397,0.221615,0.269872,0.344326,0.0379258,1.48251,0.052236,0.0498296,0.00306915,0.586244,26.6327,398.28,2.08,0.0489916,18.0735
75500,8282.6,0.50553,29.964,30.39,0.166511,4215.12,2451.91,902.114,45.1057,932.384,841.799,0,26.531,146.713,460.444,485.62,0.211944,0.413187,6.85447,0.108973,0.00518054,0.220685,0.265975,0.342671,0.0370045,1.47775,0.053032,0.0502034,0.00314046,0.586775,24.0263,377,3.3,0.0471769,18.0432
76000,8333.22,0.508619,30.332,30.266,0.153414,4295.42,2462.32,892.471,44.6236,988.716,875.245,0,27.2673,146.076,463.347,488.68,0.211167,0.411721,6.84994,0.107092,0.00520516,0.221241,0.264572,0.342209,0.0368264,1.47858,0.0509481,0.0488894,0.00287916,0.58686,24.2303,379.84,1.6,0.0460287,18.0444
76500,8280.74,0.505416,30.066,30.056,0.160272,4404.23,2450.37,903.753,45.1877,1050.85,860.839,0,28.0218,146.668,465.733,491.46,0.211448,0.412142,6.87567,0.109221,0.00524445,0.223126,0.267929,0.343983,0.0378786,1.50042,0.0512759,0.0491285,0.0029835,0.58557,25.7995,390.82,1.54,0.0476256,18.0794
77000,8293.6,0.506201,30.214,30.166,0.16491,4454.67,2455.87,911.832,45.5916,1064.57,840.03,0,27.6949,145.715,468.053,493.62,0.211964,0.412991,6.86455,0.110015,0.00528332,0.225178,0.274114,0.345502,0.0389887,1.50635,0.0518909,0.0499457,0.0030062,0.584671,26.2559,394.36,1.66,0.0480392,17.9604
77500,8244.14,0.503182,30.34,30.092,0.163874,4359.05,2442.44,890.335,44.5168,980.425,828.724,0,27.1058,145.23,470.74,496.68,0.212435,0.413906,6.8595,0.108073,0.00531517,0.226735,0.277904,0.346415,0.039406,1.49771,0.055551,0.0529187,0.00314396,0.583972,26.9172,398.2,2.68,0.0494984,17.978
78000,8296.14,0.506356,30.42,30.426,0.161605,4265.05,2458.38,872.935,43.6468,904.102,838.171,0,26.5728,146.124,473.487,499.18,0.211957,0.41314,6.88459,0.105289,0.00535535,0.227794,0.279768,0.346682,0.0395654,1.48241,0.0553574,0.053007,0.00309098,0.583849,24.683,382.12,2.4,0.0470057,17.9978
78500,8296.96,0.506406,30.214,30.578,0.168612,4218.22,2455.66,835.897,41.7948,931.612,841.655,0,26.6733,146.362,476.511,502.44,0.21082,0.411048,6.90976,0.100819,0.00536783,0.227247,0.275637,0.34442,0.0392342,1.4761,0.055506,0.0528227,0.00318497,0.583762,23.6611,373.7,2.9,0.0465184,18.0463
79000,8403.78,0.512926,30.552,30.276,0.15342,4324.48,2484.34,812.401,40.6201,995.211,871.103,0,27.4619,145.981,479.218,504.7,0.210144,0.40959,6.9298,0.0966967,0.00539833,0.227491,0.276064,0.345662,0.0387407,1.47695,0.0548204,0.0521379,0.00307719,0.583856,22.7598,368.8,2.08,0.0447528,18.0432
79500,8367.06,0.510685,30.356,30.47,0.159301,4432.63,2473.9,815.42,40.771,1052.57,872.61,0,28.1636,146.285,481.77,507.76,0.209923,0.40923,6.94222,0.0975086,0.0054384,0.228972,0.278742,0.347564,0.0400241,1.49432,0.056263,0.0534263,0.00317475,0.582804,24.4271,379.86,1.98,0.0461957,17.8564
80000,8340.14,0.509042,30.43,30.242,0.162471,4476.55,2468.5,812.109,40.6054,1065.94,854.101,0,27.952,145.932,484.477,511.36,0.210594,0.410459,6.94339,0.0974456,0.00548533,0.231207,0.282722,0.350735,0.0409631,1.50597,0.0530388,0.0505641,0.00302128,0.58283,25.2324,387.18,1.94,0.0470573,16.0575
80500,8351.64,0.509744,30.34,30.126,0.156978,4404.84,2472.01,809.044,40.4522,985.325,836.169,0,27.2871,145.808,487.219,514.02,0.210693,0.410707,6.93566,0.0969239,0.00552797,0.233153,0.287342,0.353252,0.041294,1.49393,0.0536978,0.0511135,0.00308939,0.582672,25.5739,391.34,1.7,0.0473811,17.2774
81000,8389.2,0.512036,30.79,30.896,0.15738,4303.95,2479.74,782.241,39.1121,910.816,858.66,0,26.6186,146.241,489.754,515.9,0.209731,0.408785,6.94697,0.0933152,0.00554627,0.233601,0.288544,0.352234,0.0409079,1.47965,0.0537654,0.0514507,0.00292531,0.582922,25.1201,389.32,2.46,0.0473771,17.8761
81500,8394.74,0.512374,30.366,30.722,0.161896,4258.58,2475.65,752.221,37.611,945.107,855.453,0,26.9158,146.758,492.566,519.08,0.20826,0.40608,6.9664,0.0896678,0.00554947,0.233379,0.284074,0.351928,0.0407269,1.47354,0.0520969,0.0498499,0.00274376,0.583399,23.0068,371.72,2.08,0.0450075,18.0428
82000,8474.94,0.517269,30.738,30.504,0.147129,4354.12,2496.33,753.565,37.6782,999.468,890.415,0,27.6438,145.934,495.155,521.46,0.207764,0.405228,6.97039,0.088947,0.00556434,0.234098,0.284654,0.352309,0.0406585,1.47487,0.0487683,0.0469258,0.0025917,0.583235,22.4511,367.54,1.9,0.0439659,17.8933
82500,8477.54,0.517428,30.702,30.68,0.149414,4484,2498.36,753.698,37.6849,1058.18,894.628,0,28.1353,146.469,497.71,525.44,0.207869,0.40536,6.974,0.0889802,0.00559685,0.235239,0.288828,0.353831,0.0417167,1.49228,0.0497104,0.0483441,0.00269643,0.582761,23.3552,373.24,1,0.0441001,17.8712
83000,8434.66,0.514811,30.606,30.322,0.152182,4509.63,2489.38,754.722,37.7361,1069.36,863.302,0,28.0042,146.413,500.204,528.04,0.208697,0.406876,6.97243,0.0895488,0.00561658,0.236674,0.29306,0.354849,0.0424296,1.5,0.050672,0.048709,0.00268726,0.581718,24.8317,385.46,1.26,0.0459451,17.9338
83500,8425.36,0.514243,30.752,30.646,0.160648,4435.81,2484.95,740.67,37.0335,994.492,857.312,0,27.3648,145.685,502.926,530.8,0.208544,0.40633,6.96181,0.0879476,0.00563961,0.237989,0.295021,0.354661,0.0427833,1.49151,0.0529372,0.0509958,0.00272735,0.581166,24.2929,383.64,1.4,0.0458222,17.7898
84000,8428.62,0.514442,30.646,30.77,0.151906,4314.87,2485.28,714.044,35.7022,915.122,859.409,0,26.8353,146.328,505.662,533.9,0.208178,0.405637,6.97163,0.0847854,0.00568297,0.239037,0.296114,0.353292,0.042982,1.47632,0.0518589,0.0500892,0.00266529,0.581384,24.1164,380.66,1.48,0.0455074,17.8149
84500,8447.04,0.515566,30.556,30.912,0.163169,4279.29,2487.1,696.097,34.8049,945.149,865.156,0,27.0306,146.715,508.631,536.68,0.20727,0.40382,6.97667,0.0824524,0.00568802,0.238872,0.293489,0.351356,0.0427851,1.47116,0.0517316,0.049583,0.00269841,0.580999,22.3848,366.98,1.8,0.0440018,17.8809
85000,8530,0.52063,30.852,30.71,0.147725,4374.83,2509.92,697.421,34.8711,1005.16,898.121,0,27.8142,146.411,511.518,539.72,0.206931,0.403253,6.98909,0.0817829,0.0056903,0.239134,0.293016,0.352229,0.0430064,1.47225,0.0506156,0.0491276,0.00262308,0.579923,21.5067,360.84,1.4,0.0426009,17.8934
85500,8487.94,0.518063,30.674,30.574,0.152038,4483.35,2496.61,701.406,35.0703,1055.65,894.567,0,28.4013,146.339,514.259,542.36,0.206665,0.402626,6.99146,0.0827274,0.00569549,0.239875,0.293764,0.353822,0.0435297,1.49049,0.0503999,0.0483784,0.00258333,0.578446,23.2995,373.26,2.38,0.0449316,17.8661
86000,8494.32,0.518452,30.926,30.728,0.154423,4536.42,2499.57,712.126,35.6063,1070.46,881.202,0,28.0862,146.151,516.911,545.16,0.207219,0.403688,6.97461,0.0839243,0.00573765,0.240718,0.296529,0.355011,0.0444246,1.49821,0.0490992,0.0473375,0.00243874,0.577708,23.8044,378.66,1.5,0.0449555,17.9588
86500,8460.7,0.5164,30.756,30.628,0.154238,4446.54,2488.53,704.928,35.2464,998.079,864.604,0,27.6027,146.023,519.483,548.4,0.206984,0.403249,6.97687,0.0833825,0.00577676,0.241961,0.299982,0.356343,0.0439585,1.48878,0.0518185,0.0496509,0.00256697,0.577284,23.163,373.24,2.6,0.0452966,18.0605
87000,8487.06,0.518009,30.816,30.932,0.151233,4338.62,2492.43,681.194,34.0597,921.046,871.951,0,27.0286,146.711,522.115,549.86,0.205883,0.401217,6.99584,0.080327,0.0058028,0.242523,0.300537,0.355959,0.0438462,1.47426,0.0533744,0.0508735,0.00265341,0.577667,23.1381,373.7,2.1,0.0448736,18.0578
87500,8526.26,0.520402,30.726,31.168,0.157841,4311.19,2501.86,656.482,32.8241,948.351,883.838,0,27.2004,146.697,524.94,554.32,0.204894,0.399336,7.0212,0.0770515,0.00579486,0.241492,0.295639,0.355378,0.0428021,1.46855,0.0506791,0.0488458,0.0025528,0.578353,21.4544,360.22,1.58,0.0426638,18.0688
88000,8570.38,0.523094,30.996,30.762,0.141434,4389.21,2512.36,652.765,32.6383,1006.27,912.063,0,27.9412,146.411,527.559,558.48,0.204469,0.398512,7.03063,0.0761968,0.00579882,0.242048,0.295672,0.355578,0.0423896,1.47048,0.0501753,0.0484257,0.00246589,0.578279,20.8944,357.04,2.2,0.0424734,18.0065
88500,8544.02,0.521486,30.83,30.824,0.147627,4509.88,2505.87,669.259,33.4629,1066.01,905.868,0,28.568,146.818,530.242,561.16,0.204566,0.398811,7.0348,0.0783888,0.00580898,0.243491,0.298866,0.357224,0.0433568,1.48946,0.0527792,0.0508713,0.00264559,0.577733,21.8033,362.84,1.58,0.0429774,18.0597
89000,8555.44,0.522183,30.958,30.596,0.1498,4560.8,2507.44,678.27,33.9135,1081.82,878.291,0,28.204,146.216,532.736,563.56,0.204325,0.398387,7.03225,0.0793512,0.00584802,0.245816,0.30568,0.360548,0.0441145,1.49526,0.0541607,0.052392,0.00266942,0.577117,22.02,366.2,1.3,0.0431023,18.0019
89500,8505.28,0.519121,30.932,30.99,0.158644,4462.8,2492.58,672.208,33.6104,1004.87,876.657,0,27.7346,146.267,535.218,566.46,0.20425,0.398234,7.0286,0.0790796,0.00588414,0.247792,0.310813,0.361411,0.0444914,1.4864,0.0581938,0.0560862,0.0030208,0.577184,22.9018,372.28,2.24,0.0446823,18.0306
90000,8498.74,0.518722,30.952,31.08,0.15126,4347.39,2490.55,638.398,31.9199,921.333,884.084,0,27.0865,146.035,537.981,568.92,0.204047,0.397702,7.03976,0.0751773,0.00589257,0.248101,0.310304,0.360854,0.0446066,1.4745,0.0524158,0.0504549,0.00269119,0.577909,21.7175,361.04,1.1,0.042592,18.0828
90500,8505.5,0.519135,30.728,31.07,0.156388,4301.48,2492.25,623.167,31.1584,948.739,882.662,0,27.1897,146.546,541.115,570.42,0.203625,0.396824,7.06104,0.0733015,0.00588196,0.246903,0.302951,0.358798,0.0441712,1.46872,0.0502549,0.0486131,0.00246614,0.578604,21.5588,361.72,1.4,0.0428181,18.0263
91000,8548.82,0.521779,30.924,30.854,0.145671,4379.01,2505.42,617.566,30.8783,1011.97,912.573,0,28.0091,146.682,543.856,573.38,0.203668,0.39679,7.07102,0.0722474,0.00588023,0.246777,0.301048,0.358248,0.0443412,1.46974,0.0476689,0.0454885,0.00242954,0.578451,20.5705,354.7,1.9,0.0420874,17.9739
91500,8509.46,0.519376,30.734,30.706,0.14971,4497.95,2491.83,635.117,31.7559,1064.87,904.409,0,28.6254,146.251,546.65,576.5,0.20322,0.395986,7.0741,0.0746922,0.00589278,0.247018,0.302877,0.358829,0.0446636,1.49154,0.0520513,0.0498198,0.00254247,0.577139,22.1489,363.26,1.96,0.043384,18.0127
92000,8535.86,0.520988,30.972,30.614,0.147636,4555.58,2498.96,643.702,32.1851,1081,887.478,0,28.3507,146.321,549.374,580.22,0.203409,0.396381,7.0633,0.0754749,0.0059216,0.248381,0.30549,0.360494,0.0459892,1.49727,0.0484039,0.0469714,0.00232738,0.5775,21.8833,362.62,1.48,0.0428497,17.9569
92500,8509.76,0.519395,30.834,30.852,0.149914,4467.56,2493.49,612.867,30.6433,1008.27,880.031,0,27.7478,146.56,552.277,580.92,0.203458,0.396603,7.07827,0.0720391,0.00594063,0.249367,0.305844,0.362199,0.045943,1.48692,0.0457809,0.044943,0.00218345,0.577505,20.9991,356.32,0.9,0.04188,17.972
93000,8471.74,0.517074,30.826,30.992,0.149411,4334.91,2480.22,619.045,30.9523,924.948,882.196,0,27.1052,146.035,555.155,584.16,0.203031,0.395936,7.08297,0.0731141,0.00595095,0.250409,0.30624,0.361962,0.0451981,1.47561,0.0454907,0.044242,0.00229339,0.577085,22.1442,366.92,1.48,0.0436867,18.0038
93500,8475.18,0.517284,30.478,30.8,0.154519,4285.98,2479.07,588.706,29.4353,958.123,876.123,0,27.351,146.858,557.83,585.86,0.202252,0.394672,7.09626,0.0694785,0.0059618,0.250068,0.302232,0.362062,0.0450743,1.46834,0.0487389,0.0474457,0.00233879,0.576917,20.8641,351.96,1.46,0.0418763,18.0264
94000,8552.72,0.522017,30.914,30.652,0.140748,4386.17,2498.59,589.297,29.4649,1014.34,915.901,0,28.1302,146.377,560.355,588.4,0.201939,0.39415,7.08886,0.068917,0.00597318,0.250334,0.301349,0.363167,0.0450512,1.47194,0.0450978,0.0439192,0.00225691,0.576956,20.3502,349.44,1,0.0408917,18.008
94500,8527.38,0.52047,30.748,30.904,0.147402,4507.56,2491.53,594.777,29.7388,1069.84,917.875,0,28.7494,146.95,563.103,591.28,0.202025,0.394359,7.08048,0.0697799,0.00598667,0.252135,0.304076,0.365162,0.0457465,1.49116,0.0456121,0.0446624,0.00218678,0.577001,21.0697,355,1,0.0416843,18.01
95000,8509.98,0.519408,30.764,30.346,0.145467,4544.33,2483.12,603.324,30.1662,1089.52,882.384,0,28.4606,146.112,565.7,593.72,0.201727,0.393833,7.06699,0.0709532,0.00601925,0.254179,0.308063,0.366909,0.0461015,1.49816,0.0461217,0.0454553,0.00224853,0.577912,22.3259,365.86,0.9,0.0430324,18.0657
95500,8506.82,0.519215,30.89,30.912,0.147118,4468.73,2479.92,591.131,29.5566,1011.38,893.198,0,27.87,146.36,568.522,597.7,0.201338,0.393222,7.06197,0.0695285,0.00604827,0.255905,0.309378,0.366879,0.0464591,1.48787,0.0477463,0.0464231,0.00230567,0.578957,21.2636,358.38,1.5,0.0425915,17.9914
96000,8505.62,0.519142,30.728,30.732,0.143998,4348.34,2475.47,578.21,28.9105,932.497,889.352,0,27.3782,146.624,571.018,600.26,0.200477,0.391635,7.06201,0.0679988,0.00605965,0.257186,0.309637,0.365928,0.0461619,1.47322,0.0483304,0.0473137,0.00238023,0.579366,21.5312,359.12,0.9,0.0422159,17.8872
96500,8572.18,0.523204,30.818,31.148,0.149949,4328.47,2492.05,568.754,28.4377,963.796,902.286,0,27.5099,146.778,573.667,602.7,0.199546,0.390019,7.0813,0.0664028,0.006064,0.257307,0.305148,0.36508,0.0459364,1.46628,0.0496505,0.0484888,0.00240959,0.580156,20.0959,347.18,0.9,0.0404907,17.8935
97000,8591.72,0.524397,31.09,30.916,0.14059,4398.73,2494.52,555.159,27.758,1023.75,929.381,0,28.2962,146.486,576.491,605.34,0.198979,0.388937,7.08919,0.0646262,0.00606613,0.257161,0.301764,0.365193,0.0454876,1.46913,0.0462286,0.0450241,0.00219109,0.58075,19.0111,340.68,1.1,0.039744,17.8905
97500,8606.02,0.52527,30.932,30.844,0.143896,4538.26,2500.05,565.755,28.2877,1082.24,919.652,0,28.838,146.85,579.297,607.86,0.199069,0.389012,7.09186,0.0657822,0.00608508,0.258469,0.302698,0.367092,0.0457737,1.48788,0.0506081,0.0491073,0.00247355,0.581014,20.9955,354.52,1.4,0.0415023,17.8075
98000,8602.72,0.525068,31.058,30.916,0.146227,4582.6,2495.44,584.192,29.2096,1099.08,903.935,0,28.574,146.39,581.881,612.36,0.198736,0.388463,7.07403,0.0679466,0.00611547,0.260235,0.306106,0.369648,0.0470345,1.49429,0.0522234,0.0504532,0.00252218,0.581798,20.9107,357.36,1.6,0.0419595,17.9206
98500,8582.04,0.523806,31.122,31.044,0.143415,4495.25,2484.99,584.236,29.2118,1029.86,899.019,0,27.9768,146.49,584.468,615.68,0.198007,0.387118,7.05615,0.0680949,0.00612639,0.261909,0.309336,0.370612,0.04738,1.48292,0.0575923,0.0545371,0.00271346,0.582904,20.9581,356.82,3.4,0.0433025,17.7879
99000,8615.36,0.52584,31.092,31.146,0.141787,4386.29,2492.25,564.571,28.2285,944.751,901.455,0,27.4771,146.702,587.006,617.4,0.197531,0.386193,7.07066,0.0655721,0.00612825,0.262027,0.311061,0.371577,0.0473442,1.46785,0.0492561,0.0477522,0.00229712,0.582502,19.7509,345.46,1.44,0.0404023,17.8198
99500,8613.6,0.525732,30.868,30.99,0.146161,4337.74,2487.56,556.259,27.8129,971.599,903.527,0,27.5441,146.948,589.781,619.96,0.196774,0.384874,7.0663,0.0645931,0.00612745,0.261351,0.307039,0.371249,0.0471247,1.46262,0.0485083,0.0465783,0.00232947,0.583352,18.7579,338.04,1.9,0.0401088,18.0139
100000,8666.92,0.528987,31.15,31.404,0.136584,4427.86,2502.73,556.208,27.8104,1034.31,944.099,0,28.3779,146.944,592.616,623.08,0.196548,0.384415,7.06868,0.0641782,0.00612995,0.261437,0.304425,0.371953,0.0469159,1.4655,0.0493157,0.0474084,0.00224389,0.583714,17.5193,324.86,2.18,0.0383731,16.0083
100500,8611.56,0.525608,30.744,30.61,0.140151,4538.51,2487.1,558.995,27.9498,1090.67,920.862,0,29.0967,147.071,595.435,626.02,0.196735,0.384882,7.06845,0.0649616,0.006154,0.262536,0.301864,0.372839,0.0465237,1.48696,0.048712,0.046305,0.00218897,0.58403,20.582,352,2.98,0.042293,17.263
101000,8615.42,0.525844,31.246,30.898,0.139594,4589.52,2488.2,542.719,27.136,1103.88,918.807,0,28.687,146.315,598.087,628.54,0.196698,0.384605,7.07923,0.063002,0.00615724,0.263483,0.301911,0.372963,0.0460165,1.49447,0.0500541,0.0480942,0.00241324,0.58445,19.9451,347.5,2.12,0.0413814,17.7909
101500,8535.26,0.520951,30.784,30.864,0.145606,4474.11,2466.27,522.157,26.1078,1028.05,900.982,0,28.2109,146.574,600.752,632.08,0.196704,0.384436,7.08708,0.0611824,0.00618069,0.26395,0.302429,0.372434,0.0466996,1.48551,0.0488663,0.0468953,0.00237026,0.58498,18.9481,338.58,1.68,0.0401845,17.909
102000,8618.78,0.526049,31.04,31.028,0.136426,4390.4,2487.29,519.444,25.9722,949.257,909.013,0,27.6935,147.331,603.355,635.68,0.195983,0.383032,7.09395,0.0602611,0.0062056,0.264632,0.303262,0.371368,0.0467529,1.46875,0.0494207,0.0477496,0.00235706,0.585763,18.9273,339.24,1.3,0.0395728,17.8888
102500,8628.16,0.526621,30.812,31.376,0.145598,4347.55,2489.71,512.054,25.6027,972.178,919.443,0,27.7683,146.994,606.262,639.18,0.195614,0.382232,7.10356,0.0593451,0.00620933,0.264269,0.29997,0.371333,0.0472466,1.46322,0.0456635,0.0444859,0.00206406,0.585226,17.481,326.1,1.4,0.0380847,18.0069
103000,8632.82,0.526906,31.042,30.82,0.133217,4416.22,2490.52,505.044,25.2522,1033.88,938.539,0,28.5835,146.782,609.157,641.18,0.195667,0.382305,7.10794,0.058514,0.00622755,0.264741,0.298493,0.372164,0.0479564,1.4682,0.0439903,0.0428991,0.00200057,0.585155,17.9513,330.74,1.4,0.03861,18.0161
103500,8648.84,0.527883,31.09,30.886,0.136474,4559.13,2494.98,503.218,25.1609,1090.57,940.387,0,29.213,147.007,612.03,643.84,0.195526,0.381937,7.11247,0.0581924,0.0062486,0.265929,0.299043,0.373322,0.0487128,1.48789,0.0429068,0.0416842,0.00191958,0.585682,18.7484,335.46,1.4,0.039086,17.9849
104000,8603.74,0.525131,31.07,30.816,0.144087,4582.02,2482.39,508.216,25.4108,1107.41,912.777,0,28.8768,146.506,614.841,644.92,0.195735,0.382414,7.11175,0.0590794,0.00625506,0.266931,0.298352,0.375167,0.0487096,1.49461,0.0445585,0.0432764,0.00201879,0.586351,19.6022,344.22,1.1,0.0401505,17.946
104500,8594.08,0.524541,31.002,30.932,0.137662,4503.95,2479.95,504.772,25.2386,1028.53,915.6,0,28.3332,146.562,617.619,648.42,0.195674,0.382336,7.10943,0.0587465,0.00627466,0.268694,0.301935,0.376508,0.0491232,1.48462,0.0470318,0.0457683,0.00223739,0.586869,19.1934,340.94,1.2,0.0398413,17.9736
105000,8616.28,0.525896,30.938,31.204,0.141521,4390.92,2483.73,494.468,24.7234,953.935,910.673,0,27.8336,147.015,620.335,651.8,0.195191,0.38164,7.10297,0.0574011,0.00628306,0.269077,0.302699,0.375834,0.0485968,1.46962,0.0468799,0.045212,0.00221929,0.587075,17.7826,329.66,2.1,0.0391299,17.93
105500,8661.14,0.528634,30.922,31.384,0.142894,4360.78,2494.87,486.572,24.3286,973.208,925.193,0,27.8461,146.934,623.321,656.08,0.194788,0.381015,7.10771,0.0561834,0.00629534,0.269728,0.30081,0.375745,0.0480715,1.46265,0.0476921,0.046239,0.00203726,0.587279,18.258,335.06,1.3,0.0389032,18.0174
106000,8650.52,0.527986,31.162,30.858,0.128704,4419.11,2489.42,484.539,24.227,1036.84,941.705,0,28.7165,146.692,626.584,657.92,0.194424,0.380533,7.1127,0.0560252,0.00631607,0.270353,0.298037,0.375661,0.0476724,1.4664,0.0449516,0.0437776,0.00203853,0.587548,17.6818,327.5,1.3,0.0380927,17.902
106500,8649.62,0.527931,31.05,30.89,0.134004,4556.65,2488.17,483.16,24.158,1097.59,939.935,0,29.3025,146.772,629.45,660.82,0.193916,0.379566,7.12603,0.0558738,0.00633767,0.271258,0.297598,0.375579,0.0476276,1.48702,0.0461445,0.0449499,0.00204637,0.587432,18.3235,331.96,1.38,0.0387175,17.9891
107000,8650.62,0.527992,31.174,30.886,0.13541,4601.92,2488.63,483.789,24.1895,1113.25,923.421,0,28.9568,146.476,632.222,663.3,0.194019,0.3799,7.12873,0.0559403,0.00634606,0.272698,0.300065,0.375961,0.0475817,1.49307,0.0445481,0.0428232,0.001937,0.587231,18.348,335.74,2.1,0.0396358,18.0047
107500,8657.22,0.528395,31.242,31.242,0.135843,4527.85,2488.63,479.378,23.9689,1032.69,929.008,0,28.4144,146.678,634.9,666.02,0.193554,0.379252,7.12933,0.0553741,0.00637438,0.273571,0.302871,0.376414,0.0485033,1.48185,0.0442417,0.0429193,0.0019779,0.587847,17.8166,330.18,1.68,0.0386078,17.9717
108000,8664.46,0.528837,31.212,31.494,0.136186,4408.95,2490.36,469.244,23.4622,956.62,928.131,0,27.8958,147.085,637.617,668.4,0.193315,0.378911,7.12923,0.0541689,0.00639478,0.274484,0.304933,0.378246,0.0489279,1.46736,0.0481116,0.0461574,0.00222753,0.588383,17.506,326.86,2.48,0.0387014,18.0263
108500,8656.74,0.528365,30.556,31.02,0.142993,4361.84,2487.58,455.326,22.7663,984.426,918.319,0,28.0329,147.303,640.78,671.18,0.192943,0.378273,7.14406,0.0525952,0.0064202,0.273985,0.30318,0.377274,0.0496612,1.46356,0.0443864,0.0432066,0.00193679,0.58844,16.9235,322.08,1.14,0.0373164,18.0416
109000,8700.02,0.531007,31.45,31.096,0.126699,4443.1,2497.05,470.341,23.5171,1037.7,956.182,0,28.779,146.586,643.876,675.44,0.192872,0.378238,7.12965,0.0540805,0.00644808,0.274532,0.301028,0.376752,0.0497148,1.46675,0.0431678,0.0419483,0.00188846,0.588308,17.1975,321.84,1.4,0.0372878,18.0485
109500,8697.82,0.530873,31.19,30.988,0.136165,4570.64,2494.73,459.597,22.9799,1101.33,945.448,0,29.3881,147.119,646.641,677.68,0.192356,0.377279,7.1411,0.0528534,0.00647048,0.275201,0.301353,0.376229,0.0502226,1.48361,0.0413034,0.040165,0.00188899,0.588208,17.6799,328.68,1,0.037848,17.9735
110000,8657.9,0.528436,30.968,30.794,0.134293,4606.88,2482.81,460.198,23.0099,1118.58,925.844,0,29.0701,146.786,649.437,680.34,0.192241,0.377085,7.1412,0.0531662,0.00649074,0.276447,0.302767,0.37597,0.0499386,1.4933,0.0446961,0.0436067,0.00196235,0.587926,17.6572,326.88,1,0.0378096,17.7624
110500,8626.8,0.526538,31.13,31.174,0.135371,4514.41,2474.65,457.403,22.8701,1040.42,931.471,0,28.5704,147.116,652.113,682.96,0.192458,0.377656,7.13278,0.0530177,0.00650852,0.277339,0.306531,0.37669,0.0502519,1.4828,0.0455201,0.0441737,0.00202714,0.588253,17.7018,328.58,1.44,0.0384048,17.8641
111000,8652.88,0.52813,30.822,30.928,0.132154,4405.85,2480.04,449.098,22.4549,963.76,915.086,0,28.0916,147.155,654.956,685.72,0.191953,0.376718,7.1416,0.051908,0.00655998,0.278393,0.309471,0.376838,0.0502572,1.46835,0.0431217,0.0413812,0.00186987,0.588713,16.8547,318.94,2.1,0.0375779,17.9433
111500,8688.9,0.530328,30.938,31.472,0.143405,4368.24,2486.97,448.511,22.4256,982.528,932.992,0,28.1549,147.121,657.955,686.08,0.19106,0.37498,7.14759,0.0516217,0.00658669,0.278721,0.306876,0.374628,0.0503212,1.46026,0.0421907,0.0412576,0.00181528,0.589208,16.0913,313.26,0.9,0.0360198,18.0036
112000,8714.8,0.531909,31.332,30.944,0.124721,4445.07,2491.9,445.871,22.2936,1045.03,955.655,0,28.9639,147.26,660.83,689.62,0.190671,0.374221,7.16105,0.0511806,0.00660282,0.279,0.305713,0.374567,0.0500826,1.46491,0.0392984,0.0385554,0.00175926,0.589338,16.8356,320.32,0.9,0.0367479,18.0705
112500,8701.46,0.531095,31.092,30.808,0.128717,4575.05,2485.08,447.887,22.3944,1105.11,953.484,0,29.5791,147.116,663.497,691.86,0.190068,0.372904,7.15919,0.0514859,0.00662365,0.278816,0.305324,0.374473,0.0494345,1.48478,0.0437069,0.0424028,0.00189498,0.589861,17.3287,326.06,1.1,0.0375885,17.8215
113000,8718.56,0.532139,31.31,31.126,0.127229,4628.07,2488.05,459.058,22.9529,1122.14,946.966,0,29.2078,146.823,665.867,694.66,0.189625,0.372068,7.1608,0.0526447,0.00663566,0.279624,0.307386,0.375111,0.0496169,1.48941,0.0420014,0.0408324,0.00189379,0.590123,17.5472,329.06,1.3,0.0379755,17.7497
113500,8694.88,0.530693,31.238,31.27,0.136202,4538.73,2480.45,443.969,22.1985,1050.47,932.632,0,28.6728,147.022,668.363,697.86,0.189487,0.371898,7.15897,0.0510633,0.006651,0.281297,0.310633,0.375447,0.050302,1.47923,0.0424015,0.0409084,0.00188554,0.590614,17.3605,326.76,1.22,0.0377541,17.9941
114000,8752.02,0.534181,31.19,31.468,0.130555,4440.1,2494.63,440.581,22.029,973.242,935.205,0,28.1037,147.333,671.175,699.94,0.189057,0.371047,7.16098,0.0503445,0.00667856,0.281578,0.312206,0.375294,0.0512494,1.46318,0.0414831,0.0401156,0.00189748,0.59181,16.5867,319.34,1.4,0.0367337,17.8868
114500,8733.02,0.533021,31.054,31.404,0.136188,4384.39,2489.09,438.037,21.9019,990.256,935.923,0,28.225,147.171,674.314,702.68,0.188735,0.370323,7.17273,0.0501544,0.00668947,0.281403,0.310567,0.373614,0.0512109,1.45807,0.0439285,0.0429292,0.00190522,0.591861,16.8557,323.88,1.06,0.0371324,17.9198
115000,8812.64,0.537881,31.474,31.062,0.118932,4484.44,2507.72,455.246,22.7623,1052.25,967.457,0,29.0222,147.38,677.213,705.8,0.188258,0.369359,7.17141,0.0516712,0.00669681,0.281801,0.30949,0.372881,0.0510197,1.46146,0.044471,0.0435554,0.00182892,0.591808,16.5484,318.42,1.06,0.0362125,17.593
115500,8753.32,0.53426,31.204,31.092,0.126991,4592.26,2489.24,443.466,22.1733,1112.33,962.864,0,29.6221,147.133,680.041,708.26,0.187886,0.368685,7.16967,0.050674,0.00672362,0.282148,0.311157,0.372858,0.0511979,1.48125,0.0400047,0.0393752,0.00157818,0.591873,16.7556,321.88,0.9,0.0367444,17.5885
116000,8770.78,0.535326,31.458,31.158,0.124723,4644.48,2491.62,443.208,22.1604,1128.15,950.351,0,29.3367,146.864,682.588,711.32,0.187695,0.368369,7.1619,0.0505294,0.00676369,0.283273,0.313132,0.372508,0.0519144,1.48647,0.0413964,0.0403576,0.00178981,0.592299,17.5032,329.16,1.68,0.0379754,17.8581
116500,8768.44,0.535183,31.314,31.448,0.131835,4566.54,2489.88,447.917,22.3958,1060.81,944.955,0,28.7501,147.306,685.169,714.84,0.187249,0.367465,7.16787,0.0510828,0.00680691,0.284741,0.316594,0.372869,0.0530337,1.47628,0.0405046,0.0397501,0.00173971,0.592786,15.7189,311.12,0.9,0.0354567,17.9958
117000,8773.5,0.535492,31.376,31.592,0.129608,4451.01,2489.3,434.703,21.7351,980.158,944.716,0,28.2102,147.296,687.899,717.82,0.186691,0.366507,7.17501,0.0495534,0.0068467,0.285948,0.320361,0.372223,0.0542356,1.46333,0.0395418,0.0384298,0.00165889,0.59428,16.5283,322.32,1.3,0.0369289,17.9644
117500,8815.74,0.53807,31.38,31.74,0.133392,4413.05,2501.87,431.699,21.5849,998.001,952.456,0,28.2864,147.542,690.764,718.36,0.186395,0.365981,7.19475,0.048971,0.00687613,0.286592,0.319836,0.371317,0.0548744,1.45408,0.039991,0.03856,0.00167768,0.594797,16.3935,319.5,2.3,0.0370536,17.9702
118000,8817.12,0.538154,31.444,31.06,0.121831,4484.08,2500.27,431.348,21.5674,1055.76,965.106,0,29.0443,146.868,693.666,721.34,0.186191,0.365541,7.19861,0.0489351,0.00689614,0.286906,0.318209,0.370829,0.0547533,1.46058,0.0399061,0.0387238,0.00165789,0.594847,16.2092,315.3,1.6,0.0361877,17.8577
118500,8783.5,0.536102,31.314,31.35,0.126767,4603.96,2490.12,427.617,21.3809,1117.31,974.921,0,29.5918,147.132,696.485,723.84,0.18594,0.364892,7.20006,0.0486876,0.00690792,0.28751,0.318964,0.371032,0.0552409,1.47937,0.0429059,0.0416181,0.00171317,0.594573,15.686,310.38,1.6,0.0357397,17.8404
119000,8759.84,0.534658,31.498,31.146,0.126538,4641.92,2484.6,428.208,21.4104,1130.48,954.731,0,29.2661,146.907,699.1,725,0.186339,0.365579,7.19726,0.0488991,0.0069196,0.288893,0.321161,0.371649,0.0560428,1.48706,0.0437727,0.0418067,0.0018954,0.595016,16.8159,321.36,1.9,0.0372745,17.9924
119500,8747.9,0.533929,31.3,31.496,0.129952,4555.48,2483.75,430.905,21.5453,1054.05,948.536,0,28.7354,147.175,701.85,728.92,0.186592,0.366178,7.19808,0.0492772,0.00693528,0.289587,0.323935,0.3721,0.0572072,1.47614,0.0450421,0.043037,0.00194402,0.59628,15.2385,304.24,2.04,0.035419,18.0007
120000,8774.74,0.535568,31.402,31.542,0.131405,4452.42,2488.82,425.209,21.2604,976.885,946.422,0,28.2415,147.285,704.636,730.62,0.18626,0.365557,7.18848,0.0484745,0.00695563,0.290343,0.325419,0.371612,0.0582005,1.4634,0.042395,0.0401866,0.00182626,0.596901,16.318,316.86,3,0.0374344,15.9275
120500,8819.12,0.538276,31.396,31.836,0.135623,4415.83,2499.29,428.415,21.4208,999.896,953.318,0,28.2764,147.289,707.307,733,0.185909,0.364825,7.19308,0.0485882,0.00695842,0.29073,0.323946,0.370744,0.0586045,1.45489,0.0400918,0.0386757,0.00169994,0.59712,15.2512,307.08,1.2,0.0349599,17.2838
121000,8816.68,0.538127,31.46,31.126,0.1199,4483.2,2497.16,430.211,21.5106,1056.07,974.032,0,29.0595,146.894,709.988,735.24,0.185801,0.364483,7.19507,0.0488188,0.00697226,0.29103,0.32022,0.370926,0.057796,1.46049,0.0381577,0.0363544,0.00172196,0.59618,16.1734,314.8,1.8,0.036209,17.9555
121500,8745.38,0.533776,31.196,31.06,0.128379,4585.98,2478.72,423.177,21.1588,1116.3,963.652,0,29.7155,147.445,713.045,738.14,0.185903,0.364746,7.20404,0.0484078,0.00697365,0.290931,0.319213,0.371662,0.0574651,1.48054,0.0367319,0.0353735,0.00154523,0.596132,17.3778,327.12,1.58,0.037911,17.9235
122000,8767.14,0.535104,31.488,31.232,0.130098,4644.11,2485.96,426.285,21.3143,1133.84,953.233,0,29.3377,146.835,715.932,741.04,0.186187,0.365214,7.20265,0.0486325,0.00699469,0.291634,0.320472,0.374117,0.0578523,1.48661,0.0361355,0.03483,0.00151572,0.596264,17.4242,328.68,1.7,0.037937,17.9521
122500,8731.26,0.532914,31.424,31.458,0.132148,4552.89,2477.16,418.755,20.9377,1057.78,951.8,0,28.8799,147.102,718.543,744.14,0.186362,0.365686,7.20552,0.0479609,0.00699437,0.293134,0.322907,0.376156,0.0586925,1.47745,0.034582,0.033255,0.001525,0.596885,17.1231,325.48,1.3,0.0374875,17.9508
123000,8757.34,0.534506,31.318,31.592,0.131834,4445.81,2485.52,418.439,20.922,980.339,941.976,0,28.3649,147.141,721.281,746.7,0.18638,0.365837,7.2032,0.0477837,0.00700583,0.294145,0.323889,0.377124,0.0594062,1.46418,0.0380698,0.0369024,0.00167671,0.597714,15.8009,311.72,1,0.0356339,17.9998
123500,8801.3,0.537189,31.274,31.6,0.134559,4405.28,2494.6,410.791,20.5396,989.876,948.624,0,28.3245,147.161,724.012,750.4,0.18558,0.3644,7.21415,0.0466771,0.00701132,0.294435,0.323079,0.376052,0.0593458,1.45386,0.0360708,0.0348716,0.00156923,0.598785,16.0598,315.18,1.6,0.0362165,17.982
124000,8871.02,0.541444,31.736,31.386,0.116857,4503.09,2514.61,423.428,21.1714,1059.11,977.53,0,29.0326,146.959,726.962,753.54,0.185797,0.36489,7.21969,0.047752,0.00702615,0.293954,0.320786,0.375167,0.05884,1.45812,0.0367683,0.0356565,0.00156768,0.599046,15.6208,309.92,0.9,0.0349256,17.9699
124500,8794.42,0.536769,31.26,31.202,0.127538,4608.65,2492.59,422.259,21.1129,1118.57,972.975,0,29.6613,147.362,729.957,755.9,0.185694,0.364682,7.22066,0.0480239,0.00704674,0.294392,0.320769,0.373985,0.0587213,1.4794,0.0361551,0.0352848,0.00154071,0.599484,15.9359,312.66,0.9,0.0355356,17.8416
125000,8768.12,0.535164,31.392,31.09,0.124517,4646.63,2486.64,424.925,21.2463,1133.9,953.789,0,29.3346,147.16,732.749,758.18,0.186098,0.365454,7.21589,0.0484633,0.0070665,0.295236,0.322042,0.375392,0.0597299,1.48725,0.0336539,0.0327,0.00132855,0.599895,16.1863,315.36,1,0.0360133,17.8701
125500,8794.36,0.536765,31.418,31.61,0.131726,4575.41,2496.29,422.175,21.1088,1055.79,952.589,0,28.7807,147.18,735.391,760.74,0.186381,0.366172,7.20862,0.0480182,0.00707874,0.296393,0.32639,0.377084,0.0599057,1.47421,0.0390012,0.0371908,0.00169856,0.599992,15.5339,310.96,1.56,0.0357971,17.8483
126000,8781.32,0.535969,31.298,31.504,0.125557,4450.25,2490.75,412.146,20.6073,975.617,946.761,0,28.2796,147.659,738.099,763.4,0.186251,0.366064,7.20382,0.0469427,0.00708032,0.296701,0.329298,0.377578,0.0607998,1.462,0.0387031,0.0371917,0.00164834,0.600834,15.432,306.96,1.6,0.0353488,17.7671
126500,8850.84,0.540212,31.542,31.772,0.133761,4425.16,2509.92,413.663,20.6831,989.689,957.693,0,28.2754,147.146,740.767,766.64,0.185926,0.36552,7.21282,0.0467321,0.00708128,0.297111,0.326848,0.378363,0.0608007,1.45268,0.039699,0.0373304,0.0015653,0.600929,15.6397,311.68,3,0.0365739,17.8936
127000,8860.92,0.540828,31.536,31.218,0.119001,4495.97,2509.22,417.222,20.8611,1056.45,975.414,0,29.0946,147.199,743.829,769.72,0.185465,0.364634,7.20826,0.0470975,0.00709202,0.297187,0.325002,0.37857,0.0606077,1.45731,0.0390301,0.0371431,0.00156021,0.600199,16.0329,314.4,2.36,0.0364539,17.9275
127500,8824.48,0.538604,31.406,31.242,0.12094,4617.66,2499.18,416.686,20.8343,1113.24,983.04,0,29.7321,147.551,746.862,772.52,0.185511,0.364669,7.2094,0.0472168,0.00711562,0.298089,0.325225,0.379202,0.0608691,1.47758,0.0373393,0.0357147,0.00149851,0.599767,16.2812,317.42,1.34,0.0363628,17.95
128000,8816.9,0.538141,31.56,31.402,0.126991,4660.24,2498.39,414.971,20.7485,1128.67,961.552,0,29.369,147.015,749.558,775.38,0.185653,0.364879,7.21083,0.0470675,0.00713601,0.29966,0.32772,0.380077,0.0619897,1.48343,0.0405499,0.0382531,0.00166024,0.59919,16.4571,318.5,2.32,0.0371389,17.9237
128500,8820,0.53833,31.682,31.68,0.13178,4582.85,2496.87,411.52,20.576,1058.79,956.384,0,28.8303,146.795,752.331,778.44,0.185417,0.364443,7.19927,0.0466586,0.00714611,0.300991,0.330154,0.382182,0.0625092,1.47254,0.0370733,0.0358978,0.00149566,0.59939,16.5935,320.64,1.24,0.0365829,17.9001
129000,8863.44,0.540981,31.486,31.776,0.127993,4479.09,2508.79,399.742,19.9871,978.608,952.033,0,28.3166,147.653,754.888,782.2,0.185149,0.364067,7.20281,0.0450992,0.00716332,0.302228,0.33238,0.38289,0.0637333,1.45772,0.0410612,0.0385438,0.00169809,0.599868,14.9831,304.02,3.52,0.0358644,17.7872
129500,8879.58,0.541967,31.582,31.866,0.13432,4434.03,2512.95,397.687,19.8844,992.69,958.634,0,28.3181,147.082,757.823,785.16,0.185041,0.364009,7.20318,0.0447804,0.00716789,0.302373,0.330164,0.383164,0.0639286,1.45042,0.0389768,0.0373086,0.00159048,0.599382,15.4725,308.58,1.88,0.035337,17.8344
130000,8891.04,0.542666,31.676,31.386,0.117404,4505.58,2516.22,397.855,19.8928,1059.38,982.474,0,29.1256,147.332,760.64,786.34,0.185198,0.364383,7.20622,0.0447485,0.00718736,0.303024,0.328423,0.383428,0.0646184,1.45522,0.0380274,0.0365773,0.00150219,0.598802,15.4956,310.76,2.04,0.0356303,17.9173
130500,8869.02,0.541322,31.584,31.364,0.123447,4634.74,2509.78,397.939,19.897,1118.56,979.553,0,29.7697,147.575,763.521,789.2,0.184997,0.363921,7.21251,0.0448546,0.00720338,0.303521,0.328128,0.382874,0.064956,1.4752,0.0345992,0.0337256,0.00136965,0.5986,16.3227,317.08,1.2,0.0359172,17.9495
131000,8874.3,0.541644,31.686,31.522,0.126966,4680.67,2511,400.705,20.0353,1134.54,968.62,0,29.3869,147.035,766.454,792,0.185027,0.363948,7.21009,0.0451488,0.00722066,0.304509,0.32933,0.383431,0.065679,1.48013,0.0387018,0.0374119,0.00144695,0.599184,16.0062,317.34,2.04,0.0363803,17.9519
131500,8881.16,0.542063,31.746,31.798,0.127469,4605.24,2511.93,397.366,19.8683,1057.95,959.135,0,28.8358,147.163,769.254,795.18,0.184828,0.363721,7.20636,0.0447467,0.00723972,0.305346,0.330625,0.384585,0.0660808,1.46949,0.0379507,0.0365573,0.00146958,0.600023,15.6108,310.68,1.7,0.0355043,17.99
132000,8941.08,0.54572,31.674,31.902,0.124159,4506.7,2525.67,387.9,19.395,979.64,963.936,0,28.4208,147.731,771.834,798.04,0.184145,0.36258,7.21171,0.0433847,0.00725233,0.30536,0.330265,0.385111,0.0671538,1.45434,0.038498,0.0369287,0.00153612,0.600746,14.9684,306.08,1.98,0.0348165,17.9708
132500,8943.9,0.545892,31.75,31.958,0.125394,4456.7,2526.1,391.936,19.5968,997.39,968.769,0,28.3207,147.503,774.618,801.48,0.184025,0.362497,7.21217,0.0438163,0.00725115,0.304875,0.328063,0.384892,0.0679343,1.44766,0.0371885,0.0359698,0.00142784,0.601131,15.1978,308.82,1.1,0.0345991,17.9362
133000,8930.42,0.54507,31.806,31.548,0.112826,4520.82,2517.78,405.84,20.292,1057.84,995.984,0,29.1922,147.588,777.604,804.18,0.1835,0.361508,7.20059,0.0454505,0.00726373,0.304492,0.326039,0.384246,0.0671951,1.45366,0.0404111,0.0384696,0.00157514,0.600727,15.1115,307.26,2.16,0.0351303,17.9423
133500,8899.88,0.543206,31.538,31.408,0.122477,4643.75,2509.26,401.808,20.0904,1122.12,985.463,0,29.7603,147.502,780.532,807.28,0.183437,0.361299,7.20549,0.0451436,0.00727048,0.305007,0.325899,0.384369,0.0668999,1.47307,0.0383863,0.0370776,0.0015601,0.599425,15.5949,310.92,1.94,0.0355068,17.963
134000,8889.22,0.542555,31.658,31.55,0.126276,4686.15,2505.33,393.541,19.6771,1138.4,970.875,0,29.4811,147.143,783.15,809.72,0.183419,0.361397,7.19574,0.0442749,0.00728427,0.305792,0.327552,0.386598,0.067532,1.47947,0.0395336,0.038181,0.0016052,0.59859,16.057,317.8,1.08,0.0358249,17.999
134500,8878.06,0.541874,31.836,31.912,0.12503,4604.23,2500.45,386.971,19.3486,1069.35,973.003,0,28.9497,147.412,785.578,813.7,0.183106,0.360889,7.18954,0.0435906,0.00729212,0.306807,0.331105,0.388739,0.0685566,1.46978,0.0410532,0.039094,0.00160598,0.598891,15.2894,308.6,2.5,0.0357291,17.954
135000,8902.92,0.543391,31.474,31.722,0.125147,4492.45,2504.97,381.806,19.0903,984.374,961.631,0,28.4778,148.096,788.097,815.8,0.182643,0.360231,7.18924,0.0428938,0.00729163,0.307156,0.332932,0.389884,0.0694758,1.45527,0.0408569,0.0388892,0.00162019,0.598642,15.2109,308,2.64,0.0356034,18.0128
135500,8915.18,0.544139,31.73,32.012,0.12796,4445.47,2504.49,388.9,19.445,1001.63,973.045,0,28.4732,147.003,791.081,818.02,0.181912,0.358843,7.18818,0.0436204,0.00729126,0.306607,0.330629,0.390433,0.0690773,1.44846,0.0367887,0.0354678,0.00141786,0.598932,14.9475,306.16,1.88,0.0349483,17.8877
136000,8932.94,0.545223,31.788,31.444,0.114049,4520.62,2509.74,395.262,19.7631,1066.39,993.988,0,29.2906,147.626,793.964,820.48,0.182128,0.359331,7.19062,0.0442578,0.0072904,0.306796,0.328083,0.391555,0.0687539,1.45328,0.0354919,0.0343964,0.001382,0.598484,15.5552,311.94,1.2,0.0350777,17.9069
136500,8922.78,0.544603,31.672,31.474,0.12046,4650.88,2505.76,391.292,19.5646,1128.32,991.069,0,29.8581,147.398,796.996,824.32,0.181799,0.358691,7.19567,0.0438543,0.00729626,0.307968,0.328398,0.390743,0.0689157,1.47175,0.037434,0.0362861,0.00154294,0.598359,15.5368,311.28,1,0.034912,17.9611
137000,8931.46,0.545133,31.816,31.582,0.122891,4700.44,2507.39,387.164,19.3582,1140.71,981.842,0,29.544,147.189,799.87,828.6,0.181667,0.358485,7.19706,0.0433497,0.00730709,0.309963,0.332458,0.391852,0.0688366,1.47719,0.0399017,0.0384825,0.00167346,0.59879,14.7616,302.16,0.9,0.0338052,18.0286
137500,8931.88,0.545159,31.898,31.994,0.12348,4621.17,2508.94,382.192,19.1096,1071.77,974.604,0,29.0493,147.538,802.531,831.34,0.181881,0.358972,7.19629,0.0427914,0.00731218,0.311206,0.337443,0.393083,0.0708141,1.46646,0.0407941,0.0397311,0.00163263,0.599498,14.7826,304.94,1.26,0.0343114,17.9938
138000,8952.96,0.546445,31.674,31.914,0.123145,4509.44,2512.28,374.215,18.7107,986.106,969.236,0,28.5411,147.856,805.117,833.94,0.181437,0.358272,7.19357,0.0418041,0.0073063,0.311312,0.338948,0.393405,0.0716981,1.45283,0.0405155,0.0393734,0.00156935,0.599032,14.8433,304.92,0.9,0.0340195,17.9811
138500,9012.96,0.550107,31.982,32.248,0.129756,4479.75,2527.3,382.151,19.1075,1008.66,977.794,0,28.5761,147.384,807.714,836.52,0.180991,0.357376,7.19338,0.0424052,0.00730698,0.31164,0.337485,0.39343,0.0711822,1.44398,0.040939,0.0392535,0.00163444,0.598464,15.115,310.44,1.5,0.0347222,17.9122
139000,8994.86,0.549003,31.966,31.634,0.11422,4542.62,2521.13,383.016,19.1508,1069.31,1000.37,0,29.4036,147.797,810.574,839.46,0.180927,0.357407,7.19678,0.0425885,0.00731426,0.312051,0.336202,0.393241,0.0715668,1.45034,0.0402343,0.0387925,0.00165711,0.597773,14.9662,305.08,1.4,0.0341989,18.0126
139500,8954.42,0.546534,31.558,31.494,0.120366,4661.09,2508.97,379.54,18.977,1130.79,997.304,0,29.9593,147.535,813.42,842.36,0.180601,0.356908,7.20192,0.0423856,0.00733182,0.313228,0.337007,0.392413,0.0712213,1.4693,0.0388767,0.0375339,0.00148118,0.59688,14.7374,302.5,2.2,0.034556,17.7701
140000,8941.74,0.54576,31.994,31.882,0.121107,4703.33,2505.84,378.981,18.9491,1148.4,989.138,0,29.6344,147.382,816.273,844.9,0.180779,0.35713,7.19752,0.0423841,0.00734908,0.31435,0.338293,0.393705,0.071824,1.47589,0.0394645,0.0378362,0.0014932,0.596939,15.3968,310.36,2,0.0353642,16.065
140500,8925.68,0.54478,31.77,31.748,0.123701,4620.82,2499.95,378.776,18.9388,1076.66,970.746,0,29.041,147.153,818.897,846.66,0.180656,0.356861,7.18899,0.0424391,0.00735792,0.315556,0.343421,0.395461,0.0730279,1.46701,0.0403487,0.0383626,0.00161509,0.597325,14.5921,301.28,2.8,0.034895,17.3959
141000,8942.58,0.545812,31.714,32.112,0.123224,4505.94,2501.96,373.396,18.6698,993.387,977.742,0,28.6251,147.923,821.633,850.22,0.180013,0.355527,7.19656,0.0417621,0.00737244,0.316293,0.346723,0.39546,0.0739918,1.45342,0.0347057,0.0336044,0.0014338,0.597682,14.4505,300.06,2.16,0.0342561,17.7429
141500,8966.52,0.547273,31.734,31.952,0.126112,4462.3,2508.43,373.228,18.6614,1013.46,975.283,0,28.6507,147.482,824.49,852.8,0.179924,0.355444,7.19993,0.041629,0.00737684,0.316168,0.344272,0.395112,0.0746498,1.44591,0.0345785,0.0337318,0.00132741,0.597169,14.5826,301.64,0.9,0.033611,17.9404
142000,8996.38,0.549095,32.134,31.74,0.111158,4542.27,2514.54,380.264,19.0132,1071.82,1004.59,0,29.4201,147.616,827.307,855.06,0.17972,0.354985,7.2015,0.0422885,0.00738547,0.316872,0.34166,0.39488,0.074891,1.45047,0.0349377,0.0343986,0.00129701,0.597068,14.9943,306.02,0.9,0.0340053,17.9621
142500,8962.38,0.54702,31.61,31.45,0.120493,4666.16,2507.53,374.727,18.7363,1138.8,994.171,0,29.9201,147.613,830.153,858.18,0.179923,0.35532,7.20577,0.0418211,0.00739594,0.317804,0.343041,0.395868,0.0747438,1.4699,0.0338342,0.0331356,0.00130134,0.59686,15.1549,309.28,1,0.0345416,17.9872
143000,8953.1,0.546454,31.95,31.796,0.124202,4705.61,2506.06,380.343,19.0172,1148.19,979.739,0,29.5723,147.009,832.749,860.16,0.180288,0.356063,7.19803,0.0424841,0.00740104,0.318728,0.345281,0.39668,0.0744222,1.47515,0.0371792,0.0356205,0.00142475,0.596059,15.6538,313.44,1.6,0.0353692,17.8892
143500,8987.38,0.548546,32.18,32.212,0.122948,4642.17,2516.68,371.427,18.5714,1075.56,990.016,0,29.0205,147.633,835.216,862.64,0.180367,0.356325,7.19917,0.0413287,0.00742051,0.319994,0.349328,0.397624,0.0756958,1.46364,0.0380022,0.0357955,0.00153686,0.595655,14.4482,302.06,2.62,0.0346009,17.9945
144000,9009,0.549866,31.726,31.988,0.121984,4528.33,2518.26,365.58,18.279,996.357,972.408,0,28.6202,147.802,837.714,865.62,0.179732,0.35523,7.1869,0.0405829,0.00743945,0.320639,0.352571,0.397628,0.0766849,1.44982,0.0334772,0.0325738,0.00123569,0.595812,14.7938,306.12,1.3,0.034164,17.9623
144500,9033.54,0.551364,32.034,32.31,0.126384,4486.68,2524.62,369.022,18.4511,1008.28,987.378,0,28.5253,147.087,840.305,867.62,0.179557,0.354804,7.18738,0.0408409,0.00743389,0.321365,0.350544,0.398037,0.0758753,1.4426,0.0323754,0.0311424,0.00120501,0.595407,14.6717,304.66,2.2,0.0344127,18.0196
145000,9019.16,0.550486,32.144,31.786,0.112153,4550.48,2520.31,372.003,18.6002,1076.22,1005.74,0,29.3885,147.646,843.246,872.06,0.179732,0.355225,7.1926,0.0412537,0.00742904,0.321686,0.347617,0.396704,0.0755538,1.44929,0.0305082,0.0298222,0.00114192,0.595298,15.2421,311.18,1.3,0.0347015,17.9856
145500,8981.6,0.548193,31.75,31.62,0.116942,4674.4,2509.66,377.299,18.8649,1133.9,1003.69,0,29.9801,147.397,846.353,875.6,0.179534,0.354825,7.19464,0.0420114,0.00744194,0.322882,0.349458,0.396596,0.0754526,1.46918,0.0301535,0.029464,0.00118363,0.595082,14.6548,303.32,1.2,0.0339274,18.0048
146000,8969.06,0.547428,31.926,31.826,0.121741,4713.68,2506.6,369.012,18.4506,1153.29,988.953,0,29.6467,147.237,848.879,878.52,0.179605,0.354993,7.1928,0.0411472,0.00744242,0.324275,0.350788,0.397829,0.075424,1.47471,0.0319172,0.0312095,0.00124181,0.593694,15.1083,308.04,0.9,0.0343166,17.7452
146500,8979.56,0.548069,31.954,31.956,0.121817,4640.76,2509.91,372.546,18.6273,1077.84,984.227,0,29.0264,147.311,851.293,881.42,0.17974,0.355212,7.1923,0.0414935,0.0074528,0.32593,0.354761,0.399375,0.0751077,1.46435,0.0296906,0.0291519,0.00117509,0.593699,14.769,304.44,0.9,0.0338839,17.7408
147000,9015.9,0.550287,31.998,32.328,0.123944,4529.46,2517.64,358.89,17.9445,995.688,982.856,0,28.5327,147.651,853.739,883.92,0.17916,0.354124,7.19406,0.0398159,0.00744633,0.326886,0.357381,0.399531,0.0755588,1.44921,0.0346917,0.0334099,0.00138802,0.592787,14.7876,305.32,1.76,0.0343394,17.7256
147500,9056.82,0.552784,32.134,32.358,0.126236,4493.14,2527.55,356.175,17.8088,1017.76,983.613,0,28.6355,147.382,856.546,887.88,0.178782,0.353459,7.20247,0.0393308,0.0074428,0.328013,0.356107,0.399791,0.0751427,1.44147,0.0305982,0.0295349,0.00122576,0.592155,14.7816,306.1,1.34,0.0340524,17.8498
148000,9076.6,0.553992,32.222,31.784,0.110621,4569.28,2530.38,365.594,18.2797,1075.34,1006.51,0,29.3789,147.537,859.289,889.68,0.178397,0.352575,7.20337,0.0402966,0.00744802,0.328979,0.356036,0.400121,0.0744584,1.44603,0.0310245,0.0301093,0.00121252,0.591866,14.9853,307.44,0.9,0.0338559,18.0431
148500,9033.98,0.55139,31.968,31.908,0.118937,4691.19,2517.98,369.899,18.4949,1141.53,1007.77,0,29.8803,147.599,861.988,891.28,0.178148,0.352107,7.20929,0.0409587,0.00745665,0.329891,0.356905,0.400794,0.0738598,1.46606,0.0294703,0.0289502,0.0010551,0.59155,14.9906,308,1.1,0.0341919,17.8958
149000,9024,0.550781,32.128,32.022,0.119441,4729.85,2512.28,358.949,17.9475,1157.2,999.075,0,29.6056,147.259,864.511,892.16,0.177753,0.351264,7.20673,0.0397812,0.00745936,0.330663,0.358925,0.401774,0.0733496,1.47091,0.0304738,0.0298627,0.0011179,0.590871,15.0095,308,0.9,0.0340925,17.8447
149500,9041.5,0.551849,32.148,32.048,0.117874,4658.94,2517.06,362.951,18.1476,1080.88,988.494,0,29.0933,147.558,867.123,895.3,0.177718,0.351292,7.20767,0.0401501,0.00745827,0.332295,0.362852,0.402746,0.0735587,1.46006,0.0336359,0.0326315,0.00134089,0.591485,14.2754,301.12,1.1,0.0333812,18.0079
150000,9064.5,0.553253,31.986,32.43,0.119904,4547.5,2518.73,354.925,17.7462,1007.43,990.964,0,28.6089,147.858,869.556,898.2,0.176734,0.349468,7.20886,0.0391698,0.00745099,0.333279,0.365416,0.403055,0.0736435,1.4474,0.0313837,0.0305772,0.00121879,0.591375,13.9765,297.26,1.1,0.0328765,18.0586
150500,9085.82,0.554554,32.128,32.338,0.120053,4499.71,2520.69,359.678,17.9839,1016.73,995.724,0,28.6311,147.521,872.054,901.94,0.176112,0.348351,7.20294,0.0395969,0.00744599,0.333841,0.364446,0.40272,0.0735387,1.43907,0.0334094,0.0323823,0.00128686,0.589956,14.2374,300.02,1.1,0.0330749,17.6898
151000,9113.9,0.556268,32.41,32.07,0.108713,4584.06,2526.58,366.236,18.3118,1085.45,1024.1,0,29.4369,147.642,874.847,905.02,0.175829,0.347915,7.20839,0.0401987,0.00744489,0.333973,0.363181,0.402813,0.0732129,1.44455,0.0334022,0.0324603,0.00124929,0.589681,14.3558,301.72,1,0.0331408,17.7351
151500,9064.44,0.55325,31.98,31.736,0.11416,4698.84,2513.79,363.552,18.1776,1142.57,1010.59,0,29.9779,147.467,877.654,907.14,0.175857,0.347855,7.21413,0.0401186,0.00743877,0.334742,0.362571,0.402297,0.0715438,1.46362,0.0337654,0.0325876,0.00128073,0.589272,14.9341,307.86,1.2,0.0341185,17.9472
152000,9078.56,0.554111,32.21,32.11,0.118192,4749.66,2516.1,364.034,18.2017,1163.31,1004.24,0,29.6878,147.267,880.085,909.74,0.175697,0.347562,7.21114,0.0401074,0.00742836,0.336161,0.365144,0.40283,0.0708747,1.46831,0.0306001,0.029953,0.00111071,0.589533,14.5523,305.18,0.9,0.0335801,17.8612
152500,9074.36,0.553855,32.322,32.352,0.116389,4666.56,2515.4,354.583,17.7292,1095.95,994.837,0,29.206,147.85,882.515,912.32,0.175659,0.34764,7.21685,0.0390884,0.00742855,0.337563,0.369821,0.404218,0.0718088,1.4576,0.0325115,0.0317218,0.00127426,0.589022,14.2243,300.88,0.9,0.0331275,17.7977
153000,9093.7,0.555035,32.04,32.32,0.119184,4556.86,2516.93,348.523,17.4261,1004.28,993.856,0,28.7558,147.799,885.05,915.66,0.174896,0.346226,7.21472,0.0383425,0.00743633,0.338269,0.371898,0.404597,0.0717987,1.44519,0.0308686,0.0301882,0.00118753,0.58914,14.0215,298.62,0.9,0.0328082,17.8969
153500,9118.64,0.556558,32.162,32.4,0.118985,4512.87,2516.47,350.486,17.5243,1028.62,1001.98,0,28.7718,147.592,887.744,919.08,0.173815,0.344217,7.20031,0.0384451,0.00742911,0.338375,0.370912,0.405034,0.0722545,1.43776,0.0296753,0.029123,0.00109659,0.588966,13.9895,298.96,0.9,0.0327639,17.939
154000,9140.66,0.557902,32.43,32.166,0.105615,4593.25,2520.79,353.325,17.6663,1093.75,1033.54,0,29.614,148.014,890.623,921.08,0.173708,0.343967,7.19656,0.0386676,0.0074222,0.338895,0.369604,0.403509,0.0721245,1.4429,0.0278579,0.0273478,0.00103046,0.589429,14.2497,300.66,0.9,0.0328881,17.8692
154500,9088.04,0.55469,32,31.774,0.1133,4708.75,2505.95,356.993,17.8496,1153.56,1018.21,0,30.1636,147.464,893.601,924,0.173639,0.343735,7.19629,0.0392912,0.00741142,0.339579,0.369453,0.402146,0.0710731,1.46284,0.0300845,0.0295196,0.00107084,0.589721,14.1244,298.86,0.9,0.0328673,17.7526
155000,9105.02,0.555726,32.452,32.396,0.116992,4758.71,2509.75,358.653,17.9326,1171.21,1019.38,0,29.8219,147.556,896.393,926.9,0.173392,0.343334,7.19911,0.0393957,0.00742571,0.340643,0.372479,0.403187,0.071455,1.46646,0.0300222,0.0294607,0.00110985,0.589762,14.1334,299.52,0.9,0.0328646,17.8139
155500,9101.6,0.555518,32.166,32.194,0.113697,4678.69,2509.4,347.674,17.3837,1095.1,1008.24,0,29.3059,147.931,898.961,930.2,0.173482,0.343626,7.20575,0.0382065,0.00743126,0.341644,0.37687,0.404261,0.0720582,1.45691,0.0288422,0.0281584,0.00103488,0.588334,13.8047,296.74,1.08,0.0326555,17.991
156000,9151.02,0.558534,32.126,32.324,0.114185,4571.12,2520.43,339.628,16.9814,1014.35,996.861,0,28.7551,147.928,901.572,933.28,0.172894,0.342596,7.20338,0.037122,0.00743087,0.342269,0.377795,0.404888,0.0725171,1.44049,0.0293536,0.0284813,0.00107526,0.587656,14.2108,302.84,1.06,0.0331458,17.9718
156500,9187.48,0.560759,32.408,32.71,0.116903,4535.93,2529.35,345.52,17.276,1027.53,1011.76,0,28.763,147.492,904.269,936.8,0.172788,0.342595,7.19912,0.0376125,0.00743557,0.342246,0.37577,0.405073,0.0727588,1.43434,0.0304694,0.0297089,0.00108711,0.585892,13.596,293.44,0.9,0.0319044,17.9378
157000,9181.36,0.560386,32.536,32.082,0.101478,4602.88,2525.59,354.204,17.7102,1095.24,1034.44,0,29.5436,147.903,907.139,939.74,0.172498,0.342128,7.20182,0.0385953,0.00743651,0.34227,0.372882,0.404775,0.0725127,1.44009,0.0310591,0.0303243,0.00116736,0.585868,12.9947,286.34,0.9,0.0311836,17.857
157500,9137.56,0.557712,32.232,32.148,0.111427,4723.43,2514.3,352.378,17.6189,1158.52,1031.48,0,30.0205,147.926,910.14,942.92,0.172369,0.34198,7.2137,0.0385738,0.00743777,0.343389,0.374216,0.404775,0.0724515,1.45917,0.0303963,0.0300148,0.00105356,0.586265,13.8715,297.94,0.9,0.0325725,17.9583
158000,9139.82,0.55785,32.406,32.298,0.115292,4769.43,2517.17,356.37,17.8185,1170.36,1011.83,0,29.6728,147.166,913.088,945.86,0.172806,0.342958,7.2129,0.0389995,0.00744993,0.344897,0.377447,0.405123,0.073681,1.46433,0.0325697,0.0317731,0.00116208,0.585966,14.0078,299.06,1.1,0.0327914,17.761
158500,9125.44,0.556973,32.428,32.572,0.11707,4683.84,2513.81,350.573,17.5287,1096.68,1011.63,0,29.1977,147.655,915.566,949.42,0.172769,0.34297,7.22237,0.0384295,0.00745278,0.346684,0.381915,0.406029,0.0749661,1.45466,0.0302947,0.0291712,0.00113924,0.585475,14.1023,299.78,1.54,0.0331836,17.8669
159000,9157.24,0.558914,32.15,32.396,0.115083,4575.76,2521.92,333.219,16.661,1013.9,1000.23,0,28.8475,148.228,918.143,953.02,0.17244,0.34244,7.22883,0.0363966,0.00745401,0.347598,0.384113,0.406094,0.0768464,1.44105,0.0327214,0.0316397,0.00126396,0.585021,13.6882,295.28,1.5,0.0325743,18.1173
159500,9180.26,0.560319,32.396,32.662,0.115074,4534.19,2524.42,340.978,17.0489,1030.07,1016.93,0,28.8094,147.626,920.72,956.34,0.172034,0.341621,7.21214,0.0371475,0.00744452,0.347335,0.383182,0.405815,0.0778525,1.43508,0.0313056,0.0305988,0.00109041,0.58517,13.3036,291.2,0.9,0.0316851,18.0461
160000,9175.8,0.560046,32.606,32.106,0.104107,4603.29,2521.24,347.84,17.392,1097.75,1034.54,0,29.5947,147.579,923.65,958.68,0.171743,0.341064,7.21628,0.0379231,0.00744264,0.348038,0.381709,0.405842,0.0778314,1.44092,0.0326032,0.0317943,0.00120987,0.584606,14.2347,301.78,1.2,0.0330371,16.074
160500,9151.32,0.558552,32.024,31.946,0.113197,4729.37,2515.45,342.726,17.1363,1161.89,1023.65,0,30.1683,148.004,926.677,961.2,0.171674,0.34093,7.22951,0.0374613,0.00744644,0.348843,0.383235,0.406265,0.0785166,1.4591,0.0331168,0.0324193,0.00118929,0.584572,13.4413,290.4,1,0.0317631,17.4145
161000,9133.46,0.557462,32.418,32.344,0.113264,4770.76,2511.5,347.398,17.3699,1175.23,1021.28,0,29.8485,147.424,929.372,964.38,0.171859,0.341126,7.22358,0.0380426,0.00745172,0.350115,0.385646,0.406259,0.0787012,1.46576,0.0340085,0.0331418,0.00125315,0.584931,13.3637,291.9,0.9,0.0319211,17.9776
161500,9164.46,0.559354,32.418,32.41,0.110828,4698.15,2518.62,339.533,16.9766,1103.97,1011.83,0,29.3213,148.216,932.039,969.24,0.171556,0.34054,7.22745,0.0370557,0.007457,0.351791,0.390697,0.407173,0.0794469,1.45266,0.0355012,0.0342833,0.00130976,0.584842,13.6799,296.7,1.1,0.032439,17.9779
162000,9169.02,0.559633,32.364,32.644,0.112957,4581.79,2518.3,336.305,16.8153,1015.28,1017.96,0,28.8737,148.076,934.58,972.04,0.171121,0.339767,7.22727,0.0366888,0.00746903,0.352623,0.393963,0.407061,0.0801393,1.44095,0.0324447,0.0317372,0.00117371,0.584636,13.5709,296.48,0.9,0.0322919,18.0303
162500,9202.86,0.561698,32.26,32.412,0.116339,4545.55,2525.95,337.244,16.8622,1039.58,1006.12,0,28.9841,147.775,937.39,973.52,0.170765,0.3391,7.23542,0.0366478,0.0074699,0.352037,0.391992,0.406338,0.080238,1.43471,0.035018,0.0340603,0.00125737,0.584893,13.8054,297.82,1.28,0.0325197,17.9611
163000,9245.3,0.564288,32.864,32.414,0.102803,4627.88,2536.79,345.978,17.2989,1098.32,1040.74,0,29.6375,147.962,940.185,975.58,0.170842,0.339183,7.23103,0.0374357,0.00746381,0.352133,0.38928,0.406647,0.0809689,1.43775,0.0376565,0.036764,0.00132247,0.584996,14.0443,300.24,1,0.0324976,17.999
163500,9250.54,0.564608,32.766,32.51,0.115315,4761.09,2537.73,345.602,17.2801,1166.55,1035.57,0,30.1946,148.133,943.086,977.82,0.17075,0.339096,7.23447,0.0373636,0.00747516,0.352573,0.390142,0.407578,0.0817449,1.45366,0.0373975,0.0362218,0.00134458,0.584474,13.9543,300.1,1.3,0.0326194,17.939
164000,9284.04,0.566653,32.68,32.864,0.116955,4818.99,2548.11,346.134,17.3067,1180.84,1030,0,29.7979,147.281,945.769,979.94,0.17089,0.339393,7.23117,0.0372908,0.0074863,0.354034,0.394368,0.409025,0.0815381,1.45653,0.0362422,0.0349022,0.00122045,0.583729,13.8974,299.52,1.68,0.032762,17.7708
164500,9272.52,0.56595,32.968,33.006,0.114798,4736.79,2543.55,342.9,17.145,1106.49,1027.63,0,29.2946,147.8,948.526,983.06,0.170778,0.33932,7.22559,0.0369855,0.00749952,0.355894,0.396201,0.410048,0.0821201,1.44781,0.0355461,0.0348039,0.00127083,0.583046,14.1087,302.48,0.9,0.0325827,17.8797
165000,9299.16,0.567576,32.69,32.78,0.112366,4627.91,2550.83,335.311,16.7655,1023.07,1011.68,0,28.8694,148.072,951.015,987.44,0.170637,0.33908,7.22936,0.0360649,0.0074973,0.357081,0.397001,0.41004,0.0825401,1.43533,0.034339,0.0333514,0.00124964,0.583973,13.4163,295.02,0.9,0.0316816,17.9766
165500,9281,0.566467,32.576,32.88,0.119715,4577.22,2545.19,336.943,16.8472,1040.96,1020.7,0,28.8553,147.586,953.717,990.96,0.170518,0.338868,7.22397,0.0363044,0.00750019,0.357279,0.394276,0.408812,0.0823461,1.43266,0.0361015,0.0349012,0.00123418,0.584637,14.0131,301.28,0.9,0.0324157,17.9885
166000,9269.84,0.565786,33.086,32.604,0.100816,4634.62,2541.43,340.497,17.0248,1099.81,1047.71,0,29.5503,147.703,956.243,993.2,0.170715,0.339397,7.22024,0.0367393,0.00749625,0.357675,0.39373,0.408392,0.0820509,1.43632,0.0386128,0.0375211,0.00134216,0.584038,13.9882,300.68,1.08,0.0325044,17.9988
166500,9249.32,0.564534,32.526,32.506,0.113722,4763.68,2535.56,341.983,17.0992,1164.31,1043.79,0,30.125,148.113,959.317,995.74,0.170481,0.339145,7.22571,0.0369823,0.00749414,0.358828,0.393681,0.408108,0.0821433,1.45411,0.0352334,0.0345851,0.00120653,0.583746,13.5384,293.36,1,0.0317481,17.9369
167000,9269.88,0.565789,32.606,32.696,0.113256,4816.79,2543.47,336.272,16.8136,1180.93,1028.4,0,29.7796,147.505,962.066,997.34,0.170855,0.339902,7.22352,0.036282,0.00749867,0.359982,0.395961,0.408463,0.0820359,1.45805,0.0361959,0.0344599,0.00128894,0.582938,13.7842,299.24,1.4,0.0325247,17.9981
167500,9265.94,0.565548,32.914,32.962,0.114047,4735.97,2542.58,338.964,16.9482,1103.15,1026.31,0,29.3026,147.502,964.809,1000.38,0.171173,0.340659,7.21227,0.0365861,0.00750422,0.360893,0.398562,0.409249,0.0823406,1.44851,0.034109,0.0331965,0.00118805,0.582152,13.9362,300,1.1,0.0324408,17.9503
168000,9268.34,0.565695,32.62,32.706,0.113162,4617.84,2543.62,331.064,16.5532,1020.99,1016.8,0,28.9115,148.31,967.531,1003.46,0.171078,0.340602,7.21682,0.0357224,0.00750233,0.361547,0.400721,0.40995,0.0833647,1.43694,0.0377647,0.0363801,0.00138768,0.581786,13.4609,294.22,1.1,0.0318053,17.9905
168500,9318.12,0.568733,32.72,32.8,0.116694,4590.21,2552.91,331.496,16.5748,1039.33,1021.87,0,28.9819,147.711,970.263,1006.62,0.170377,0.339395,7.21351,0.0355791,0.00751266,0.361039,0.396993,0.409176,0.0827291,1.4314,0.0384131,0.0373449,0.00132796,0.581526,14.0484,301.22,0.98,0.0323316,17.9353
169000,9287.96,0.566892,33.014,32.736,0.105377,4645.02,2542.66,338.267,16.9134,1104.23,1053.39,0,29.6319,147.765,973.313,1010.02,0.170151,0.339003,7.20976,0.0364312,0.00751488,0.361184,0.394337,0.408804,0.0828132,1.43649,0.0379925,0.0369006,0.00132652,0.580894,13.5142,295.1,1.2,0.0318961,17.9203
169500,9251.98,0.564696,32.662,32.69,0.112597,4760.4,2535.82,334.273,16.7137,1163.74,1046.89,0,30.1884,148.188,976.58,1013.08,0.170435,0.339543,7.218,0.0361303,0.0075126,0.361707,0.393054,0.408519,0.0837635,1.45226,0.0384084,0.0371403,0.0013424,0.58061,13.418,293.74,1.3,0.0319197,17.9615
170000,9272.72,0.565962,32.618,32.65,0.112671,4817.6,2544.08,334.962,16.7481,1176.27,1032.6,0,29.8897,147.392,979.482,1016.78,0.170908,0.340503,7.21928,0.0361227,0.00751908,0.362877,0.395191,0.408876,0.0839943,1.45772,0.0382894,0.0373027,0.00139405,0.579951,13.6973,297.8,1.1,0.0322073,17.9464
170500,9249.84,0.564565,32.962,33.06,0.115946,4729.64,2540.23,330.051,16.5026,1098.35,1028.53,0,29.3701,147.8,982.121,1020.02,0.171284,0.341383,7.22131,0.0356828,0.00751625,0.364528,0.399033,0.409069,0.0853546,1.44908,0.040396,0.0394318,0.00150153,0.579894,14.2076,303.26,0.9,0.032747,17.6991
171000,9274.36,0.566062,32.552,32.61,0.112279,4618.18,2544.39,327.134,16.3567,1022.28,1012.74,0,28.9027,148.161,984.739,1023.54,0.170711,0.340318,7.22536,0.0352754,0.00751328,0.365272,0.402028,0.408637,0.0862819,1.43605,0.04035,0.0393026,0.00140017,0.580255,13.4945,296.28,1.3,0.0321304,17.7953
171500,9259.76,0.565171,32.702,32.886,0.11504,4566.2,2538.39,331.954,16.5977,1037.69,1024.25,0,28.9275,147.415,987.554,1025.34,0.170393,0.339696,7.22214,0.0358485,0.00750882,0.365196,0.398749,0.408363,0.0857954,1.43254,0.0420678,0.0405937,0.00142634,0.579888,14.1598,301.98,1.5,0.0329128,17.7688
172000,9277.22,0.566237,32.9,32.51,0.105053,4639.56,2541.03,339.145,16.9573,1103.19,1046.68,0,29.7493,148.154,990.311,1028.68,0.170135,0.339243,7.22531,0.0365613,0.00751113,0.365364,0.395383,0.408258,0.0849786,1.43666,0.0421506,0.040478,0.0016079,0.578894,14.1162,302.72,1.4,0.0328802,17.6196
172500,9272.74,0.565963,32.678,32.6,0.110652,4771.16,2543.57,336.023,16.8011,1164.16,1045.34,0,30.1374,147.974,993.133,1030.96,0.170547,0.340138,7.23381,0.0362341,0.00750392,0.366171,0.395327,0.409095,0.0848508,1.45242,0.0412028,0.0398111,0.00134939,0.578348,13.4289,293.16,1.34,0.031852,17.7176
173000,9265.64,0.56553,32.524,32.68,0.113941,4812.65,2546.84,337.853,16.8927,1176.81,1026.63,0,29.854,147.558,995.947,1033.96,0.171203,0.341359,7.24584,0.0364706,0.0075043,0.367067,0.395272,0.409786,0.0852196,1.45744,0.042669,0.041261,0.00144657,0.577329,13.6412,297.28,1.64,0.0324446,17.9272
173500,9258.98,0.565123,32.878,32.854,0.112372,4736.53,2543.14,335.905,16.7953,1104.95,1022.46,0,29.3646,147.688,998.429,1036.18,0.170957,0.340866,7.23917,0.0362791,0.00749611,0.368565,0.397527,0.410597,0.0861375,1.44937,0.0467469,0.0446995,0.00167932,0.57681,13.8025,298.34,2.64,0.033207,17.9178
174000,9300.76,0.567673,32.736,32.838,0.11019,4628.73,2550.7,330.825,16.5412,1020.18,1021.83,0,28.8746,148.25,1000.8,1038.86,0.170268,0.339469,7.23983,0.0355713,0.00748886,0.368908,0.399259,0.410611,0.0868455,1.43521,0.0457565,0.0440201,0.00164229,0.577183,13.6893,298.44,1.54,0.0324173,17.7292
174500,9283.56,0.566624,32.626,32.824,0.115816,4576.9,2544.52,334.822,16.7411,1045.86,1018.52,0,28.8984,147.895,1003.52,1041.4,0.170106,0.339116,7.23438,0.0360683,0.00747138,0.369518,0.396601,0.409437,0.0870312,1.43233,0.0445622,0.0432055,0.00152723,0.5772,13.8306,298.6,0.9,0.0321154,17.5322
175000,9302.22,0.567762,32.994,32.552,0.103154,4648.13,2548.71,345.725,17.2863,1097.28,1049.54,0,29.6696,147.758,1006.43,1043.66,0.170045,0.33899,7.23772,0.0371727,0.00746931,0.369994,0.397224,0.408634,0.0876815,1.43564,0.043159,0.0420012,0.00155159,0.576792,13.7807,299.8,0.9,0.0322086,17.5954
175500,9277.74,0.566268,32.674,32.792,0.112124,4770.73,2545.08,339.52,16.976,1162.38,1045.4,0,30.2262,147.927,1009.1,1046.96,0.170331,0.339721,7.24422,0.0365932,0.00748248,0.370451,0.399312,0.408319,0.0883713,1.45116,0.0452469,0.0441144,0.00160646,0.575775,13.4789,296.36,0.9,0.0319052,17.8919
176000,9287.52,0.566865,32.77,32.732,0.110761,4820.03,2548.71,340.721,17.0361,1175.89,1031.81,0,29.857,147.622,1012,1050.78,0.170519,0.340181,7.24342,0.036686,0.00749917,0.371487,0.401287,0.409503,0.0887826,1.45628,0.0500343,0.0480724,0.00174173,0.574729,14.3373,304.7,2.04,0.0333931,17.9351
176500,9307.4,0.568079,32.942,33.056,0.113804,4751.55,2553.57,330.985,16.5493,1103.67,1028.4,0,29.3864,147.902,1014.63,1053.68,0.170328,0.339819,7.2436,0.0355654,0.00750239,0.373176,0.404811,0.410904,0.0896886,1.44645,0.0470967,0.0453047,0.00173152,0.574198,13.7366,298.14,1.58,0.032386,18.0349
177000,9298.16,0.567515,32.604,32.666,0.108844,4626.63,2550.51,328.131,16.4066,1023.94,1016.33,0,28.8686,148.352,1016.87,1055.78,0.170176,0.339583,7.24481,0.0352892,0.00750734,0.373919,0.406833,0.410939,0.0897241,1.43467,0.0467826,0.0454115,0.00172818,0.573986,13.3513,294.24,1,0.0316556,18.0582
177500,9330.92,0.569514,32.87,32.962,0.109866,4593.09,2556.37,334.109,16.7054,1039.01,1031.36,0,28.8967,147.875,1019.67,1058.76,0.169808,0.33882,7.23865,0.0358104,0.00750298,0.373755,0.404436,0.410694,0.0884383,1.43016,0.041938,0.0407966,0.00150141,0.574134,13.1618,292.34,1.4,0.031562,18.0857
178000,9307.38,0.568077,33.004,32.738,0.104878,4650.56,2552.27,337.55,16.8775,1099.26,1050.21,0,29.5712,147.531,1022.44,1061.58,0.170355,0.339882,7.2387,0.0362711,0.00749553,0.373872,0.403096,0.409563,0.0880092,1.43497,0.0421903,0.0412076,0.0014571,0.574306,13.8973,300.28,1.12,0.0323454,18.0067
178500,9271.14,0.565865,32.668,32.638,0.110099,4770.53,2546.78,333.286,16.6643,1157.55,1045.97,0,30.1291,147.725,1025.59,1064.86,0.170784,0.340664,7.25034,0.0359469,0.00750713,0.37447,0.403972,0.409876,0.0883441,1.45219,0.0455477,0.0442063,0.00160268,0.574404,13.7302,298.44,1.3,0.0323641,18.0625
179000,9275.9,0.566156,32.642,32.734,0.110699,4820.36,2548.86,336.694,16.8347,1180.85,1032.51,0,29.8458,147.803,1028.59,1068.68,0.17076,0.340604,7.26122,0.0363003,0.00750764,0.375786,0.405076,0.410386,0.0890919,1.45794,0.0434842,0.0425976,0.00152013,0.575274,13.7021,296.5,0.9,0.0319214,18.0232
179500,9287.88,0.566887,32.882,32.926,0.113955,4744.61,2549.34,340.15,17.0075,1100.47,1023.38,0,29.2702,147.592,1031.15,1070.52,0.17035,0.339733,7.25386,0.0366277,0.00751936,0.377098,0.410077,0.410509,0.0884988,1.44729,0.0457716,0.0447401,0.00161573,0.575292,13.7095,297.98,0.9,0.0320456,17.8703
180000,9305.58,0.567968,32.842,32.962,0.109819,4626.92,2551.42,330.942,16.5471,1021.23,1024.61,0,28.8756,148.027,1033.74,1073.66,0.169987,0.338923,7.24623,0.0355676,0.00751653,0.378044,0.412609,0.410384,0.089158,1.43382,0.0485148,0.0469654,0.00172174,0.575156,13.7703,298.88,1.56,0.0324337,16.1204
180500,9305.46,0.56796,32.704,32.85,0.115601,4583,2548.64,337.05,16.8525,1036.55,1025.12,0,28.94,147.528,1036.46,1077.62,0.169617,0.338098,7.24373,0.0362253,0.00751417,0.378135,0.41163,0.41023,0.0874225,1.43102,0.0470589,0.0457513,0.00164798,0.574566,13.5758,297.38,1.62,0.0323099,17.4613
181000,9304.24,0.567886,33.196,32.75,0.102587,4644.69,2546.92,339.221,16.961,1099.04,1050.39,0,29.5908,147.59,1039.41,1080.88,0.169492,0.337727,7.24512,0.0364723,0.00752784,0.377921,0.409308,0.410366,0.0862854,1.43423,0.0446325,0.0435414,0.00157777,0.574443,14.0001,301.28,1.26,0.032559,17.7448
181500,9282.46,0.566556,32.648,32.588,0.112765,4770.45,2541.82,330.807,16.5403,1165.06,1042.26,0,30.1958,148.196,1042.57,1083.52,0.169485,0.337594,7.25262,0.0356429,0.00755735,0.377594,0.408105,0.409729,0.0860092,1.45116,0.0470072,0.0458549,0.00166906,0.573722,13.477,294.72,1,0.0317551,17.8082
182000,9313.3,0.568439,32.68,32.78,0.113463,4828.19,2550.45,329.227,16.4613,1185.55,1031.48,0,29.9064,147.896,1045.27,1086.56,0.169372,0.337362,7.25433,0.0353532,0.00757364,0.378626,0.410832,0.411188,0.0855237,1.45465,0.0488363,0.0470354,0.00173117,0.5734,13.73,298.3,2.4,0.0328508,17.774
182500,9310.8,0.568286,33.104,33.26,0.113493,4749.19,2547.93,330.275,16.5137,1105.45,1034.72,0,29.325,147.581,1047.96,1090.14,0.169121,0.336856,7.2499,0.0354732,0.00759559,0.379803,0.413029,0.41129,0.085872,1.44545,0.0494823,0.0478384,0.00195942,0.572755,14.231,305.38,1.6,0.0331444,17.9585
183000,9317.88,0.568718,32.834,32.814,0.108599,4631.91,2544.25,325.484,16.2742,1024.01,1023.79,0,28.9681,148.083,1050.47,1094.28,0.168315,0.335332,7.23708,0.0349304,0.00761022,0.380734,0.415438,0.412236,0.0853975,1.4337,0.0575767,0.0553785,0.00212579,0.572036,14.168,304.1,2.46,0.0334714,18.0475
183500,9342.56,0.570225,32.88,33.014,0.113064,4594.86,2548.49,336.053,16.8026,1045.54,1032.19,0,29.077,147.693,1053.03,1097.4,0.167934,0.33451,7.23035,0.03597,0.00760687,0.380617,0.41513,0.412479,0.0846868,1.42881,0.0520825,0.0502794,0.00189721,0.572074,13.8286,300.7,1.3,0.0323612,18.0419
184000,9363.9,0.571527,33.152,32.678,0.102073,4668.99,2553.38,335.965,16.7983,1110.16,1055.6,0,29.6947,147.858,1055.96,1100.3,0.167885,0.334439,7.23891,0.0358869,0.00761292,0.380737,0.411698,0.412757,0.0849318,1.43255,0.0498034,0.0478847,0.00179208,0.572779,13.3919,293.66,0.9,0.0313218,17.921
184500,9322.38,0.568993,32.756,32.852,0.110206,4786.11,2546.36,332.401,16.6201,1165.48,1051.04,0,30.1873,147.707,1058.9,1103.9,0.168243,0.335135,7.24786,0.0356617,0.00761684,0.381069,0.410199,0.413267,0.0848569,1.44908,0.0537163,0.0514435,0.00200229,0.573377,13.1285,292.2,2.06,0.0319599,17.7821
185000,9301.7,0.567731,32.896,33.008,0.116144,4822.48,2540.89,336.617,16.8309,1190.18,1036.9,0,29.9074,147.647,1061.78,1107.54,0.168435,0.335479,7.23793,0.0361967,0.00762011,0.382431,0.412136,0.412795,0.0848063,1.45473,0.0553316,0.0527421,0.00203093,0.573385,14.3405,305.48,2.36,0.0336127,17.8231
185500,9342.96,0.570249,33.096,33.076,0.111375,4760.32,2547.06,328.173,16.4086,1111.31,1033.29,0,29.3523,147.49,1064.43,1109.84,0.167597,0.333721,7.23654,0.0351348,0.00762246,0.383959,0.416067,0.413913,0.0845703,1.44373,0.0522609,0.050009,0.00197053,0.573018,13.4049,296.6,1.86,0.0322427,17.8432
186000,9365.96,0.571653,33.032,33.142,0.106069,4647.54,2549.38,341.059,17.053,1029.03,1037.38,0,28.9616,148.397,1067.19,1112.34,0.167093,0.3328,7.22804,0.0364242,0.00761159,0.385144,0.418084,0.414255,0.0855978,1.43098,0.0500907,0.0482611,0.00191691,0.573638,12.8534,288.48,1.7,0.0311734,17.9625
186500,9337.54,0.569918,32.852,32.964,0.113492,4590.42,2539.23,339.134,16.9567,1052,1026.3,0,29.0282,147.684,1069.96,1115.54,0.166762,0.332174,7.22429,0.0363271,0.00761773,0.38455,0.415484,0.414923,0.0842784,1.42833,0.0498274,0.0481833,0.00169316,0.573642,14.133,304.58,1.8,0.0330451,18.0047
187000,9353.6,0.570898,33.012,32.766,0.104103,4664.91,2543.27,335.755,16.7877,1112.87,1057.61,0,29.7517,147.925,1072.87,1119.02,0.166626,0.33199,7.22809,0.0359011,0.00763251,0.383943,0.412648,0.415032,0.0835445,1.43211,0.0475902,0.0466186,0.00174621,0.572523,13.6189,297.76,1.14,0.0319292,17.6826
187500,9308.54,0.568148,32.79,32.742,0.111769,4777.36,2532.12,337.608,16.8804,1175.58,1051.04,0,30.1886,148.145,1075.91,1121.58,0.166719,0.332006,7.2343,0.0362727,0.00765958,0.384186,0.41147,0.415324,0.0829061,1.44869,0.0487602,0.0477051,0.00172353,0.571314,13.401,294.46,0.9,0.0315947,17.7898
188000,9326.6,0.56925,32.856,32.848,0.108606,4834.26,2538.21,340.595,17.0298,1193.48,1041.6,0,29.9222,147.947,1078.63,1124.54,0.167014,0.332355,7.22796,0.036524,0.00766761,0.385286,0.412548,0.416503,0.0828001,1.45447,0.0510031,0.0493635,0.0019041,0.570582,14.3498,306.54,1.06,0.032902,17.8876
188500,9343.02,0.570253,33.124,33.256,0.112054,4759.29,2539.8,338.319,16.916,1115.04,1043.83,0,29.3997,147.528,1081.25,1127.36,0.166543,0.331325,7.22904,0.0362141,0.00767356,0.386633,0.41397,0.416719,0.0823524,1.44356,0.0476556,0.0462193,0.00178066,0.569739,13.5293,297.12,1.4,0.0320146,17.937
189000,9366.02,0.571656,32.898,32.93,0.10552,4650.1,2542.13,332.596,16.6298,1038.41,1032.64,0,29.0087,148.163,1083.71,1130.22,0.165922,0.330115,7.22221,0.0355146,0.00767564,0.386973,0.416039,0.417053,0.0821827,1.43172,0.0485987,0.0474677,0.00174072,0.568802,13.4411,296.52,1.1,0.0317334,17.6623
189500,9383.5,0.572723,32.914,33.066,0.115382,4607.95,2545.76,333.307,16.6653,1054.65,1031.27,0,28.9998,147.874,1086.37,1133.54,0.165665,0.329689,7.22484,0.0355237,0.00767996,0.386496,0.414233,0.417233,0.0814681,1.42679,0.0521905,0.0506703,0.00178859,0.569711,13.5935,297.74,1.1,0.031784,17.7092
190000,9355.48,0.571013,33.358,33.07,0.102094,4663.66,2536.93,344.765,17.2382,1113.31,1069.72,0,29.6815,147.692,1089.21,1136.86,0.165597,0.329523,7.22736,0.0368633,0.00767907,0.386258,0.411981,0.417478,0.0809776,1.43215,0.0504697,0.0489965,0.00184304,0.570125,13.5045,296.62,1.6,0.0320183,17.732
190500,9342.08,0.570195,32.78,32.624,0.108615,4789.83,2534.22,341.134,17.0567,1179.29,1052.28,0,30.3093,148.246,1092.23,1140.56,0.165576,0.329327,7.23284,0.0365154,0.00768379,0.386535,0.411801,0.417505,0.081115,1.44746,0.0532454,0.0511016,0.0019018,0.569708,13.5962,298.72,2,0.0325386,17.8512
191000,9356.84,0.571096,32.898,33.026,0.111058,4842.63,2537.37,338.133,16.9067,1192.75,1049.61,0,30.0212,147.537,1095.14,1143.7,0.165387,0.328806,7.22937,0.0361387,0.00771148,0.387599,0.413465,0.41803,0.081167,1.45206,0.0508916,0.0494455,0.00186961,0.569124,13.0735,291.24,1.18,0.0312159,17.6516
191500,9379.68,0.57249,33.3,33.374,0.109316,4773.41,2539.09,333.555,16.6778,1126.18,1052.96,0,29.556,148.003,1097.68,1146.16,0.164739,0.32742,7.21899,0.0355676,0.0077145,0.388897,0.417369,0.419266,0.0820119,1.44199,0.0534811,0.0518186,0.00196434,0.568763,12.9575,291.4,1.36,0.031277,17.5923
192000,9367.08,0.571721,32.826,32.974,0.10899,4648.72,2531.02,330.547,16.5273,1044.18,1030.58,0,29.0785,147.975,1100.47,1149.64,0.163915,0.325797,7.22271,0.0352883,0.00770154,0.389357,0.419643,0.419931,0.0823376,1.4312,0.0492101,0.0479882,0.00177524,0.568608,13.4318,296.16,0.9,0.0315603,17.6762
192500,9373.56,0.572117,33.026,33.022,0.111237,4600.94,2529.99,335.716,16.7858,1057.71,1040.43,0,29.0918,147.762,1103.21,1152.38,0.16367,0.325407,7.21538,0.0358191,0.00768031,0.389269,0.418292,0.420346,0.0818491,1.42634,0.0493526,0.0478153,0.00177182,0.569284,12.9652,289.72,1.1,0.0309738,17.8097
193000,9377.1,0.572333,33.15,32.868,0.101402,4671.59,2532.93,337.483,16.8742,1126.51,1068.06,0,29.79,148.13,1105.89,1155.86,0.163951,0.325986,7.21958,0.0359971,0.00767331,0.389505,0.417008,0.419608,0.0816611,1.43104,0.0489539,0.0475661,0.00169359,0.569642,13.0832,292.26,1.44,0.0314356,17.8337
193500,9347.88,0.570549,32.83,32.772,0.11018,4790.05,2527.17,333.212,16.6606,1179.77,1059.01,0,30.3438,147.881,1109.1,1158.14,0.164235,0.326648,7.22592,0.035646,0.00766999,0.390265,0.415247,0.419198,0.0807359,1.44682,0.0461286,0.0446653,0.00164714,0.569246,13.1994,293.22,1.1,0.0314356,17.6078
194000,9367.04,0.571719,33.022,33.11,0.108399,4844.39,2532.9,338.152,16.9076,1197.91,1056.49,0,30.0307,147.783,1111.66,1160.84,0.164522,0.327136,7.21726,0.0361021,0.0076759,0.391301,0.416752,0.420524,0.0800218,1.4514,0.04504,0.0439204,0.00168143,0.569122,13.5762,296.5,0.9,0.0316097,17.4757
194500,9373.46,0.572111,33.102,33.268,0.109656,4767.74,2532.05,328.567,16.4283,1125.56,1049.02,0,29.5102,147.927,1114.21,1164.04,0.164022,0.326112,7.21187,0.0350557,0.00767659,0.392216,0.419869,0.421771,0.0794155,1.44158,0.0482464,0.0469202,0.00172416,0.5693,12.951,291.42,1.1,0.0311525,17.7163
195000,9373.58,0.572118,32.952,33.026,0.105133,4650.1,2528.54,325.788,16.2894,1046.9,1038.67,0,29.1059,148.438,1116.62,1167.14,0.16351,0.324999,7.20642,0.0347589,0.00767107,0.392867,0.422401,0.421856,0.0797171,1.43091,0.0476009,0.046215,0.00170236,0.570071,13.2545,295.46,1,0.0315225,17.8066
195500,9365.5,0.571625,32.798,33.004,0.112016,4601.96,2525.42,326.447,16.3223,1061.62,1043.64,0,29.1287,147.739,1119.29,1169.84,0.163255,0.324478,7.2086,0.0348571,0.0076767,0.393249,0.421614,0.421208,0.0795697,1.42767,0.0443316,0.0431594,0.00150554,0.570247,13.3931,294.26,1.2,0.0315405,17.7701
196000,9385.5,0.572845,33.284,32.74,0.0990906,4674.9,2528.63,339.666,16.9833,1126.17,1065.67,0,29.8452,147.802,1122.48,1172.4,0.163127,0.324258,7.20953,0.0362038,0.00769724,0.3934,0.417467,0.420027,0.0797338,1.43149,0.0447562,0.0436663,0.00155152,0.569727,14.1075,303.4,1,0.0323617,17.7844
196500,9376.38,0.572289,32.942,32.898,0.106013,4799.16,2528.16,336.6,16.83,1187.78,1069.2,0,30.3943,148.293,1125.37,1175.2,0.16327,0.324417,7.21038,0.0359018,0.00770661,0.394064,0.416093,0.420509,0.0800647,1.44508,0.045776,0.0445985,0.00155835,0.569406,12.753,289.38,1.3,0.0310543,17.6524
197000,9372.52,0.572053,32.848,32.97,0.111414,4847.41,2525.5,332.753,16.6377,1202.88,1054.73,0,30.1392,148.084,1128.31,1178.8,0.162997,0.323852,7.21104,0.0355112,0.00771858,0.395526,0.417434,0.42074,0.0804652,1.4515,0.0453438,0.044338,0.0016197,0.56958,13.0407,292.06,1.1,0.0312187,17.8927
197500,9391.52,0.573213,33.27,33.326,0.10853,4774.05,2526.42,330.122,16.5061,1133.22,1056.51,0,29.586,147.984,1130.97,1180.5,0.162338,0.322435,7.20436,0.0351554,0.0077233,0.396087,0.418291,0.421252,0.0807731,1.4408,0.0474958,0.0459553,0.00177197,0.569793,12.8741,290.62,1.7,0.0313426,18.0954
198000,9391.98,0.573241,32.954,32.98,0.109463,4653.13,2525.25,322.651,16.1326,1051.23,1035.87,0,29.1983,148.316,1133.24,1184.38,0.16203,0.321735,7.20933,0.0343508,0.0077317,0.396215,0.421515,0.421793,0.0817074,1.42867,0.0398997,0.0390613,0.0014032,0.57041,14.0677,304.34,1.4,0.0326445,18.2143
198500,9419.88,0.574944,32.952,33.162,0.109908,4618.38,2527.42,328.295,16.4147,1066.23,1048.24,0,29.2114,147.808,1135.61,1188.52,0.161275,0.320207,7.19798,0.0348482,0.00772397,0.395814,0.42195,0.422283,0.0805194,1.42435,0.0416009,0.0407541,0.00145021,0.5707,13.3353,296.2,1.1,0.0315021,18.2223
199000,9384.52,0.572786,33.268,33.014,0.0996654,4672.75,2517.91,336.046,16.8023,1132.82,1077.03,0,29.9021,147.761,1138.64,1190.08,0.161464,0.320834,7.19531,0.0358161,0.00771875,0.39532,0.41924,0.421599,0.0801815,1.43056,0.0417853,0.0407144,0.00146112,0.570716,13.2955,294.98,1.32,0.0316133,18.3987
199500,9374.38,0.572167,32.992,32.802,0.104864,4796.68,2515.35,334.703,16.7351,1198.3,1067.46,0,30.4308,148.29,1141.57,1193.72,0.161251,0.32045,7.20122,0.0357061,0.00772541,0.39517,0.419033,0.421605,0.0801843,1.44435,0.0452206,0.0441771,0.00159707,0.571038,12.4145,284.34,0.9,0.030305,18.4529
200000,9404.46,0.574003,32.952,33.048,0.107569,4854.74,2523.15,330.301,16.515,1211.11,1058.9,0,30.0999,147.935,1144.14,1197.7,0.161245,0.320404,7.2012,0.0351239,0.00772783,0.396464,0.421569,0.421542,0.0798891,1.44855,0.0455338,0.0445417,0.00159865,0.570944,13.1278,292.9,1.1,0.0312091,16.461
200500,9398.96,0.573667,33.252,33.334,0.1101,4775.34,2518.2,321.366,16.0683,1139.19,1054.59,0,29.6244,147.806,1146.73,1199.28,0.160725,0.319485,7.19475,0.0341941,0.00771834,0.397722,0.425114,0.422317,0.0801483,1.44006,0.04668,0.0449806,0.00168285,0.571538,13.7161,300.92,1.26,0.0321857,17.8637
201000,9416.12,0.574714,33.08,33.152,0.104689,4661.46,2520.49,319.177,15.9589,1055.23,1051.53,0,29.1857,148.274,1148.86,1201.88,0.16037,0.318804,7.1928,0.0339007,0.00769105,0.397624,0.427913,0.422661,0.0803884,1.42784,0.0453222,0.0435573,0.00163951,0.571266,12.9257,292,1.5,0.0312879,18.4646
201500,9426.78,0.575365,33.012,33.142,0.109311,4619.18,2524.68,324.798,16.2399,1072.61,1047.35,0,29.2613,148,1151.04,1203.28,0.160467,0.319008,7.19645,0.0344567,0.00768547,0.397367,0.425878,0.422773,0.0795682,1.42353,0.0452397,0.0435678,0.00152227,0.57245,13.1327,292.92,1.6,0.0314426,18.4305
202000,9430.58,0.575597,33.374,33.074,0.0984469,4687.22,2526.96,328.28,16.414,1131.86,1078.11,0,29.9869,147.801,1153.86,1206.6,0.160856,0.31964,7.19733,0.0348184,0.00769156,0.397502,0.422259,0.42363,0.0795618,1.42789,0.0437037,0.0421567,0.00150456,0.573368,12.8684,290.26,1.84,0.0312977,18.3965
202500,9393.3,0.573322,33.1,32.958,0.110307,4802.16,2516.23,328.998,16.4499,1195.55,1073.34,0,30.5347,148.251,1157.09,1209.74,0.160615,0.319173,7.1999,0.0350277,0.0077127,0.397512,0.422268,0.424354,0.0797021,1.44302,0.0451261,0.0436814,0.00157563,0.573553,12.7383,288.18,1.6,0.0310255,18.4633
203000,9406.74,0.574142,32.95,33.118,0.110982,4856.01,2517.27,325.23,16.2615,1214.88,1061.29,0,30.2039,147.863,1159.84,1212.66,0.160228,0.318226,7.19657,0.0345849,0.00772082,0.397926,0.422396,0.424358,0.0788537,1.44871,0.0439101,0.0428684,0.00149803,0.573106,12.9972,289.3,1.06,0.0307831,18.3909
203500,9415.02,0.574647,33.284,33.34,0.107366,4780.08,2517.24,325.264,16.2632,1147.13,1055.71,0,29.6526,147.774,1162.27,1215.56,0.15988,0.317345,7.19206,0.0345524,0.00772145,0.398885,0.424861,0.424418,0.0796243,1.43876,0.0436124,0.0424959,0.00147659,0.572858,13.1756,294.9,0.9,0.0312813,18.405
204000,9467.3,0.577838,33.208,33.312,0.100493,4680.63,2527.13,319.019,15.951,1060.44,1062.14,0,29.2017,148.618,1164.52,1217.98,0.159131,0.315762,7.19397,0.0337033,0.00771307,0.399531,0.425888,0.424079,0.0799819,1.4259,0.045601,0.0443318,0.00163613,0.572586,12.3799,283.76,1.68,0.0303545,18.479
204500,9446.64,0.576577,32.996,33.018,0.108925,4624.55,2520.74,323.107,16.1554,1075.29,1046.52,0,29.2696,147.551,1166.85,1221.44,0.158972,0.315304,7.19447,0.0342097,0.00771226,0.398872,0.423156,0.423861,0.07786,1.42216,0.0448868,0.0438353,0.00149135,0.571714,13.6173,300.98,1.2,0.0319849,18.4893
205000,9465.06,0.577701,33.634,33.268,0.0980184,4697.05,2525.41,329.83,16.4915,1137.25,1086.52,0,29.9409,147.881,1169.49,1223.84,0.159158,0.315693,7.18761,0.0348566,0.00769597,0.398804,0.420489,0.423588,0.0766929,1.42574,0.0456151,0.0442034,0.00162851,0.570495,13.1537,294,1.3,0.0312577,18.5038
205500,9425.88,0.57531,33.102,33.134,0.107701,4811.62,2514.51,327.413,16.3707,1205,1078.88,0,30.5151,148.242,1172.39,1224.38,0.158976,0.31537,7.19262,0.0347391,0.00769537,0.400021,0.421775,0.423694,0.076861,1.44075,0.0432621,0.0417105,0.00143516,0.570601,12.5863,288.84,1.5,0.0309469,18.4371
206000,9456.62,0.577186,33.17,33.262,0.107207,4872.31,2524.22,328.882,16.4441,1219.04,1064.43,0,30.163,147.642,1175.25,1227.52,0.15913,0.315599,7.19422,0.034788,0.00770445,0.401381,0.425351,0.42364,0.076719,1.44571,0.0460994,0.0445844,0.00159215,0.569733,12.9543,291.6,1.46,0.0310875,18.4973
206500,9455.98,0.577147,33.472,33.516,0.101647,4794.19,2520.86,323.684,16.1842,1145.65,1069.78,0,29.6737,148.211,1177.97,1231.82,0.158677,0.314651,7.18837,0.0342355,0.0076992,0.402884,0.428763,0.423379,0.0776427,1.43663,0.0482379,0.0464256,0.00176622,0.569861,12.836,289.6,1.1,0.0306784,18.4801
207000,9461.6,0.57749,33.046,33.184,0.104986,4674.57,2520.89,317.228,15.8614,1067.29,1053.63,0,29.333,148.638,1180.59,1234.82,0.158539,0.314481,7.1825,0.0335283,0.00770095,0.403836,0.432627,0.423068,0.0776269,1.42484,0.0477156,0.045876,0.00167643,0.569479,12.2145,282.42,1.6,0.030193,18.4208
207500,9471.6,0.578101,33.022,33.044,0.106856,4629.46,2520.95,323.715,16.1858,1075.61,1050.18,0,29.3463,147.717,1183.56,1237.12,0.158367,0.314189,7.17487,0.0341803,0.00769301,0.404354,0.430532,0.423313,0.077297,1.42028,0.041128,0.0398316,0.00136369,0.569671,12.9524,292.36,1.16,0.0309643,18.3631
208000,9475.88,0.578362,33.602,33.302,0.0945528,4701.87,2526.17,325.833,16.2917,1135.06,1096.87,0,30.032,148.067,1186.09,1240.08,0.158902,0.315246,7.17934,0.034394,0.00768762,0.405162,0.428309,0.423291,0.077626,1.42493,0.0451044,0.0438081,0.00162518,0.569595,12.5676,287.54,1.2,0.0304723,18.4554
208500,9425.86,0.575309,32.932,32.928,0.102823,4812.38,2513.83,319.772,15.9886,1201.62,1079.29,0,30.5224,148.483,1189.11,1242.74,0.158882,0.315249,7.18804,0.0339276,0.0077062,0.405484,0.427312,0.423726,0.078045,1.44107,0.0462045,0.0452086,0.00161633,0.569975,12.1463,282.38,1.18,0.0300697,18.4488
209000,9452.44,0.576931,33.284,33.31,0.1042,4870.54,2520.31,320.093,16.0046,1223.61,1066.34,0,30.2655,147.729,1191.85,1247.1,0.158935,0.31542,7.17683,0.0338696,0.0077182,0.406448,0.429664,0.424898,0.0795804,1.44575,0.0482776,0.0467551,0.00172658,0.57056,13.0236,292.1,1.24,0.0310376,18.4775
209500,9458.16,0.57728,33.368,33.466,0.103868,4794.11,2517.14,319.975,15.9987,1149.09,1067.91,0,29.8266,148.072,1194.46,1250.04,0.158316,0.31416,7.16581,0.0338347,0.00771217,0.408745,0.432366,0.425716,0.0811232,1.43621,0.0476139,0.045885,0.00178981,0.57166,12.0789,281.86,1,0.029815,18.4514
210000,9463.92,0.577632,33.086,33.3,0.103145,4678.66,2521.66,316.029,15.8015,1065.43,1056.16,0,29.4611,148.6,1197.11,1253.2,0.158687,0.314874,7.17136,0.0333931,0.00771272,0.40975,0.433115,0.425839,0.0826659,1.42587,0.0486578,0.0474688,0.00176178,0.57204,12.6273,289.16,1,0.0305694,18.5124
210500,9474.14,0.578256,33.306,33.246,0.108357,4631.54,2522.72,320.575,16.0287,1076.63,1059.82,0,29.334,147.742,1199.61,1255.5,0.158675,0.314953,7.15841,0.0338446,0.00770139,0.410587,0.430639,0.426144,0.0826641,1.42039,0.0504416,0.0492364,0.00180236,0.572918,13.0913,291.82,1,0.0308179,18.5269
211000,9491.16,0.579294,33.45,33.236,0.0982933,4705.38,2527.3,326.503,16.3251,1141.93,1087.67,0,30.004,148.198,1202.39,1257.22,0.158714,0.315101,7.15709,0.0344068,0.00769989,0.411469,0.430166,0.4262,0.0830197,1.42363,0.0495669,0.0481976,0.00173378,0.573322,12.1558,282.56,1,0.029787,18.4505
211500,9440,0.576172,33.134,32.974,0.101749,4818.75,2519.12,326.394,16.3197,1205.09,1078.31,0,30.5522,148.346,1205.75,1259.62,0.159522,0.316593,7.16807,0.034579,0.00770566,0.411694,0.428652,0.42592,0.0833795,1.4412,0.0496572,0.0484446,0.001797,0.572879,12.4842,286.66,0.9,0.0303351,18.5021
212000,9479.3,0.578571,33.072,33.144,0.105706,4879.87,2530.86,325.756,16.2878,1217.65,1063.52,0,30.2406,148.133,1208.8,1262.64,0.159718,0.316857,7.1635,0.0343696,0.00772268,0.412545,0.432045,0.427005,0.0825886,1.44442,0.0521259,0.0503464,0.00190976,0.573047,12.6368,288.26,1.86,0.0309256,18.4714
212500,9477.1,0.578436,33.54,33.686,0.1059,4801.52,2528.17,320.311,16.0156,1145.2,1070.16,0,29.7303,148.19,1211.95,1264.02,0.159543,0.316582,7.15011,0.0338032,0.00772669,0.413941,0.436145,0.427775,0.0832254,1.43569,0.0516604,0.0504255,0.00186579,0.573197,12.5894,288.26,1.1,0.0304883,18.4756
213000,9494.2,0.57948,33.066,33.232,0.0991036,4688.04,2530.69,315.279,15.764,1064.48,1056.3,0,29.3162,148.779,1214.69,1267.06,0.15919,0.315884,7.15594,0.0332112,0.00771879,0.414148,0.436381,0.427595,0.0829723,1.42446,0.0516158,0.0501604,0.00181376,0.573167,11.919,279.58,1,0.0294563,18.4332
213500,9468.02,0.577882,33.164,33.224,0.10619,4629.76,2523.91,317.28,15.864,1078.46,1058.12,0,29.3698,148.006,1217.15,1270.6,0.159277,0.315997,7.14792,0.0335126,0.00770779,0.413482,0.430596,0.426669,0.0810938,1.42064,0.0502414,0.0486065,0.00171523,0.572726,12.9099,292.92,1.38,0.0311567,18.3751
214000,9492.56,0.57938,33.638,33.228,0.0961191,4709.38,2530.43,326.936,16.3468,1139.08,1091.6,0,29.9943,147.87,1219.86,1274.14,0.159482,0.316494,7.14855,0.034447,0.00771034,0.413792,0.427578,0.426092,0.0812325,1.42541,0.0497699,0.0481728,0.00174171,0.572362,12.6762,288.98,1.8,0.0309863,18.8221
214500,9444.92,0.576472,33.004,33.034,0.105031,4818.72,2523.47,326.403,16.3202,1199.37,1077.09,0,30.5229,148.406,1222.74,1276.78,0.160288,0.318075,7.15712,0.0345627,0.00770632,0.414402,0.426566,0.426639,0.0827377,1.44043,0.0520466,0.0503713,0.00187943,0.572044,12.5065,286.88,1.84,0.0308319,18.9092
215000,9473.22,0.578199,33.332,33.384,0.107037,4875.56,2528.75,327.414,16.3707,1213.55,1071.43,0,30.1985,147.697,1225.52,1279.34,0.159945,0.317278,7.14848,0.0345663,0.00770203,0.415147,0.427775,0.427351,0.0828472,1.44412,0.0538594,0.0509171,0.00201297,0.571409,12.7539,288.96,2.94,0.0318527,18.8495
215500,9479.04,0.578555,33.422,33.544,0.104016,4801.11,2528.02,323.787,16.1894,1144.75,1072.06,0,29.6896,148.079,1228.12,1282.84,0.159644,0.316643,7.14241,0.0341645,0.00770696,0.415648,0.429461,0.427836,0.0833489,1.43559,0.0543866,0.051876,0.00196631,0.571477,12.1696,284.04,2.36,0.0309232,18.8512
216000,9473.86,0.578239,33.098,33.258,0.104447,4681.19,2522.95,321.964,16.0982,1066.97,1053.1,0,29.3058,148.439,1230.82,1286.1,0.159017,0.315299,7.14305,0.0339839,0.00770705,0.416225,0.429472,0.428946,0.0835056,1.4251,0.0489067,0.0469334,0.00182224,0.571798,12.6412,288.72,1.76,0.030947,18.87
216500,9481.84,0.578726,33.312,33.298,0.103957,4635.65,2521.69,326.973,16.3487,1082.9,1060.71,0,29.3149,147.918,1233.59,1289.5,0.15852,0.314158,7.1409,0.034489,0.00772447,0.416339,0.427645,0.429125,0.0829599,1.42072,0.0505843,0.0488616,0.00177951,0.572026,12.7306,290.62,1.36,0.0308806,22.4221
217000,9496.08,0.579595,33.466,33.096,0.0979935,4707.42,2525.27,334.902,16.7451,1141.49,1085.7,0,30.0514,148.234,1236.38,1292.64,0.158584,0.314228,7.13975,0.035276,0.007731,0.416459,0.423381,0.429054,0.0826688,1.42448,0.0523196,0.050544,0.00192248,0.571186,12.5938,286.66,1.68,0.0305753,19.5624
217500,9455.58,0.577123,33.038,33.118,0.105219,4824.66,2517.63,325.365,16.2682,1203.96,1083.97,0,30.4654,148.212,1239.27,1296.06,0.158751,0.314502,7.15556,0.034411,0.00773837,0.416222,0.420924,0.428433,0.0821026,1.44025,0.0508743,0.0490404,0.00184323,0.570742,12.5543,287.22,1.48,0.0306392,18.8957
218000,9447.36,0.576621,33.308,33.286,0.103339,4870.69,2514.44,324.823,16.2412,1222.69,1076.48,0,30.2323,147.944,1242.42,1299.36,0.158584,0.314233,7.15736,0.034382,0.0077497,0.417316,0.423835,0.428372,0.0820136,1.44663,0.04629,0.0445557,0.00166886,0.570588,12.4972,284.48,1.82,0.0305706,18.944
218500,9475.3,0.578326,33.288,33.408,0.104339,4800.02,2517.51,321.712,16.0856,1158.83,1063.69,0,29.7709,148.228,1245.36,1302.82,0.15789,0.312692,7.15352,0.0339595,0.00775062,0.417939,0.427127,0.428985,0.0810788,1.43588,0.0493027,0.0475207,0.00184796,0.570208,12.0773,282.7,1.4,0.0303384,18.9764
219000,9469.2,0.577954,33.236,33.364,0.101713,4681.24,2513.87,317.25,15.8625,1068.03,1063.73,0,29.3574,148.036,1247.85,1305.3,0.157428,0.311605,7.15941,0.0335049,0.00774476,0.418369,0.428462,0.428434,0.0797983,1.42566,0.0449042,0.0435853,0.00160731,0.5693,12.2965,283.66,1.58,0.0303328,20.5336
219500,9518.08,0.580937,33.274,33.396,0.104089,4649.44,2526.25,322.082,16.1041,1085.32,1065.36,0,29.3813,148.018,1250.63,1307.56,0.157329,0.311319,7.16398,0.0338417,0.00774697,0.418394,0.426171,0.427895,0.0796697,1.41967,0.0444976,0.0433009,0.00155645,0.569546,12.2015,284.16,1.3,0.0300845,19.6388
220000,9481.98,0.578734,33.402,33.072,0.0953379,4706.3,2520.66,324.479,16.224,1145.67,1088.74,0,30.0895,148.237,1254.05,1311.08,0.157909,0.312488,7.1765,0.0342257,0.00775859,0.418339,0.422276,0.428098,0.0787957,1.42626,0.0447096,0.0438255,0.00154948,0.569816,11.9674,279.64,1.1,0.0295657,16.8158
220500,9472.08,0.57813,33.246,33.056,0.103205,4829.52,2522.32,322.202,16.1101,1203.38,1084.05,0,30.5512,148.279,1257.56,1313.56,0.158342,0.313468,7.19378,0.034012,0.00777229,0.419217,0.424257,0.428007,0.0796571,1.43991,0.0463289,0.0448058,0.00153171,0.569881,12.1363,281.9,1.64,0.0302216,18.2747
221000,9486.56,0.579014,33.372,33.532,0.104847,4880.51,2527.57,320.997,16.0499,1221.42,1078.13,0,30.2289,147.75,1260.64,1314.86,0.158606,0.313856,7.18477,0.0338396,0.00778569,0.420305,0.429557,0.42893,0.0807244,1.44359,0.0463433,0.0442077,0.00162606,0.570573,12.6196,289.66,2.68,0.0317099,18.909
221500,9464.92,0.577693,33.196,33.326,0.104725,4798.22,2519.93,314.946,15.7473,1150.13,1062.89,0,29.83,148.237,1263.43,1317.98,0.158263,0.313191,7.18319,0.0332757,0.00779826,0.420651,0.432525,0.429388,0.0807297,1.43679,0.0477115,0.0461669,0.00168672,0.570468,12.4644,287.06,1.4,0.0306152,18.8955
222000,9500.52,0.579866,33.26,33.32,0.102041,4689.69,2527.05,315.395,15.7698,1063.29,1061.93,0,29.2447,147.907,1265.91,1321.16,0.157996,0.312638,7.17825,0.033201,0.00779673,0.421171,0.434445,0.429392,0.0806287,1.42371,0.0468825,0.0447843,0.00172342,0.569818,12.8825,293.38,1.94,0.0314303,18.9488
222500,9531.06,0.58173,33.492,33.58,0.104259,4651.78,2534.11,319.407,15.9703,1081.54,1068.64,0,29.3714,148.213,1268.61,1324.2,0.157825,0.31238,7.17892,0.0335166,0.00779961,0.42133,0.431563,0.429171,0.0808074,1.41836,0.0434709,0.0420219,0.00150539,0.569869,12.3969,286.3,1.72,0.0304862,18.946
223000,9500.86,0.579886,33.544,33.246,0.0944431,4709.61,2525.11,326.733,16.3366,1143.58,1093.65,0,29.9705,147.924,1271.37,1326.5,0.157717,0.312177,7.17998,0.0343935,0.00779786,0.420926,0.427073,0.430089,0.0803106,1.42392,0.0481456,0.0462239,0.0016707,0.569582,12.4955,286.68,2.2,0.0310192,18.9707
223500,9477.88,0.578484,33.142,33.076,0.103999,4832.81,2522.28,324.755,16.2377,1202.8,1081.06,0,30.5568,147.957,1274.61,1330.16,0.158022,0.312814,7.18857,0.0342618,0.00778496,0.421142,0.425983,0.43138,0.0810452,1.43974,0.0516612,0.0496129,0.00184115,0.569606,12.03,280.64,1.9,0.0303135,18.9931
224000,9478.58,0.578527,33.37,33.508,0.106631,4878.56,2522.6,317.854,15.8927,1222.66,1080.14,0,30.2797,148.02,1277.78,1333.32,0.158157,0.313067,7.18299,0.0335429,0.00779074,0.422542,0.428829,0.432618,0.081908,1.44428,0.0495005,0.0480968,0.00174517,0.569717,12.083,281.16,1.48,0.0299117,18.9663
224500,9481.66,0.578715,33.496,33.526,0.10592,4802.37,2516.78,318.477,15.9238,1154.74,1072.95,0,29.7627,148.164,1280.59,1336.6,0.157159,0.311073,7.17561,0.0335945,0.00779186,0.423979,0.433451,0.433794,0.0815289,1.43555,0.0506896,0.0492861,0.00185434,0.570171,12.4695,287.8,0.9,0.0303157,18.9299
225000,9513.98,0.580687,33.218,33.332,0.104632,4693.83,2519.76,320.109,16.0054,1072.78,1063.48,0,29.2824,148.328,1283.07,1340.02,0.156373,0.309487,7.16175,0.0336498,0.00779127,0.425243,0.436631,0.434697,0.0820656,1.42302,0.0501337,0.0484682,0.00189708,0.570125,11.9415,280,1.5,0.0297345,18.9204
225500,9529.96,0.581663,33.278,33.346,0.103511,4653.21,2521.93,327.065,16.3532,1087.2,1069.17,0,29.3727,148.123,1285.93,1343.36,0.156107,0.308912,7.15681,0.0343214,0.00779133,0.425957,0.434984,0.43472,0.0811951,1.4189,0.0522611,0.0509051,0.00190595,0.570811,12.312,284.32,1.1,0.0299048,18.9352
226000,9536.74,0.582076,33.692,33.256,0.0929134,4721.92,2523.57,331.061,16.553,1152.54,1098.28,0,30.1027,148.38,1288.96,1345.9,0.156047,0.308886,7.16603,0.0347234,0.00780403,0.425677,0.431202,0.433991,0.0807861,1.42259,0.0522034,0.0506956,0.00193223,0.571023,12.6704,289.94,1.3,0.0305754,18.9619
226500,9486.94,0.579037,33.116,33.178,0.102997,4833.63,2513.02,322.078,16.1039,1214.33,1087.1,0,30.5548,148.002,1292,1348.22,0.15618,0.30909,7.17846,0.0339513,0.00781649,0.426105,0.43102,0.433949,0.0802435,1.4383,0.0527584,0.0512698,0.001895,0.570551,11.9846,280.72,0.9,0.0295439,18.9586
227000,9505.04,0.580142,33.556,33.604,0.10172,4887.04,2518.83,323.332,16.1666,1222.11,1084.82,0,30.2516,147.813,1295.08,1351.92,0.156338,0.309464,7.17325,0.0340193,0.00782212,0.427513,0.433156,0.434445,0.0809069,1.44261,0.0575082,0.0553826,0.00221525,0.570076,12.8572,291.22,1.1,0.0307039,18.9251
227500,9522.14,0.581185,33.298,33.426,0.10325,4814.64,2522.92,313.987,15.6993,1158.91,1072.03,0,29.7856,148.642,1298.14,1354.6,0.156217,0.309289,7.1747,0.0329792,0.00782835,0.42893,0.434806,0.434994,0.0816976,1.43311,0.0574228,0.0557538,0.002139,0.570705,11.8441,279.14,0.9,0.0292602,18.9641
228000,9532.86,0.58184,33.246,33.35,0.0969732,4699.81,2525.49,312.868,15.6434,1072.44,1063.29,0,29.3531,148.214,1301.02,1357.04,0.15619,0.30917,7.17909,0.0328248,0.00782903,0.430109,0.436915,0.435011,0.0813876,1.4219,0.0569021,0.0547376,0.00217974,0.570893,12.518,288.6,1.6,0.0305866,18.9438
228500,9569.9,0.5841,33.522,33.516,0.101857,4665.22,2534.62,316.855,15.8428,1086.01,1076.17,0,29.4178,148.201,1303.78,1358.92,0.155978,0.308729,7.18215,0.033113,0.00782984,0.430198,0.435758,0.434872,0.0810115,1.41645,0.0577655,0.0558907,0.00210791,0.571907,12.0184,281.96,1.48,0.0297294,18.9418
229000,9562.56,0.583652,33.834,33.458,0.0929974,4731.94,2533.62,326.675,16.3338,1148.96,1101.61,0,30.0939,148.352,1306.71,1361.82,0.156172,0.309064,7.18633,0.034173,0.00783694,0.43025,0.432127,0.434638,0.0811426,1.4218,0.0597135,0.0579269,0.00212507,0.572287,11.9748,280.62,1.2,0.0294641,18.9246
229500,9520.56,0.581089,33.082,33.106,0.101066,4845.36,2523.15,316.556,15.8278,1215.24,1083.73,0,30.5764,148.377,1309.65,1365.16,0.156063,0.308719,7.19174,0.0332497,0.00784658,0.430645,0.432124,0.435463,0.0815807,1.43684,0.0566593,0.0549491,0.00201875,0.573719,11.3771,273.32,1.3,0.028874,18.9452
230000,9513.08,0.580632,33.328,33.526,0.10169,4888.68,2521.12,316.864,15.8432,1232.67,1082.78,0,30.2719,148.235,1312.52,1368.76,0.155985,0.308504,7.18819,0.0333126,0.0078583,0.432223,0.435139,0.43618,0.0822633,1.44166,0.0594037,0.0572147,0.00228052,0.574124,11.8208,278.52,1.78,0.0297247,18.9445
230500,9507.34,0.580282,33.57,33.61,0.104604,4808.08,2516.93,314.096,15.7048,1157.54,1074.18,0,29.6889,148.029,1315.21,1372.08,0.155671,0.307795,7.18413,0.0330416,0.00787384,0.433521,0.440921,0.437218,0.0824359,1.433,0.0598997,0.0579557,0.00231819,0.575017,12.2566,284.48,1.32,0.0300861,18.9164
231000,9522.06,0.58118,33.206,33.32,0.101168,4698.34,2518.03,307.454,15.3727,1077.42,1064.19,0,29.3968,148.52,1317.62,1374.74,0.155092,0.306563,7.18471,0.0322924,0.00788149,0.434798,0.443464,0.437886,0.0829566,1.42283,0.0658347,0.0632729,0.0025079,0.575278,12.1203,282.58,1.5,0.0299294,18.958
231500,9580.36,0.584739,33.482,33.45,0.102004,4667.35,2529.37,317.7,15.885,1088.78,1071.91,0,29.3207,147.77,1319.99,1377.06,0.154672,0.305689,7.18081,0.0331677,0.00786874,0.435293,0.441922,0.438106,0.0826788,1.41598,0.0583177,0.0564921,0.00205625,0.575277,12.2656,285.5,0.9,0.0297593,19.0124
232000,9579.6,0.584692,33.948,33.598,0.0920926,4735.17,2529.64,315.744,15.7872,1154.63,1108.17,0,30.036,148.127,1322.87,1378.94,0.154942,0.306181,7.17514,0.0329668,0.00786542,0.43557,0.439117,0.438987,0.0827523,1.42018,0.0573064,0.0556276,0.00202641,0.575649,11.8648,280.1,1,0.0292514,18.9799
232500,9502.84,0.580007,33.168,33.236,0.101428,4841.08,2515.01,312.427,15.6213,1218.24,1090.14,0,30.6468,148.598,1326.05,1381.94,0.155485,0.307165,7.18613,0.0328782,0.00788223,0.436161,0.437563,0.439076,0.0838972,1.43783,0.0593821,0.0576112,0.00214886,0.576634,11.6813,278.36,1,0.0293038,18.8915
233000,9520.24,0.581069,33.38,33.43,0.10195,4892.83,2518.2,311.758,15.5879,1231.26,1084.24,0,30.2497,147.892,1328.93,1384.66,0.155426,0.307016,7.17496,0.0327513,0.00789288,0.437553,0.440503,0.439608,0.0844154,1.44184,0.06074,0.0585233,0.00221367,0.576595,12.3466,284.32,1.42,0.0300778,18.9277
233500,9531.24,0.581741,33.476,33.642,0.103288,4817.36,2519.97,308.584,15.4292,1159.69,1078.24,0,29.7962,148.277,1331.36,1387.2,0.155275,0.306677,7.17583,0.0323814,0.00789581,0.438153,0.444576,0.440272,0.0839924,1.43262,0.0606675,0.0591584,0.00230215,0.576469,11.9476,280.78,0.94,0.029429,18.9361
234000,9528.08,0.581548,33.236,33.34,0.0987621,4699.18,2516.64,304.37,15.2185,1077.91,1067.46,0,29.4544,148.493,1333.61,1390.16,0.154968,0.305993,7.16792,0.0319477,0.00788871,0.438528,0.447354,0.440624,0.0834619,1.42253,0.0580167,0.0561598,0.00214288,0.576035,12.3901,286.64,1.64,0.0304291,18.912
234500,9544.5,0.58255,33.378,33.494,0.101432,4656.53,2515.47,311.302,15.5651,1088.05,1075.98,0,29.4839,147.85,1336.4,1393.54,0.154278,0.304542,7.15054,0.0326188,0.00787269,0.438847,0.446878,0.440983,0.0814636,1.41763,0.0626374,0.060945,0.00233612,0.575189,11.9102,279.7,0.9,0.0292632,18.9522
235000,9559.88,0.583489,33.662,33.2,0.0898382,4728.51,2518.2,319.561,15.9781,1163.02,1100.24,0,30.2187,148.608,1339.4,1397.4,0.154227,0.3044,7.14564,0.0334395,0.00787922,0.439616,0.444595,0.441096,0.0821962,1.42106,0.0631015,0.0614875,0.00223056,0.5757,12.1047,283.6,0.9,0.029635,18.9303
235500,9546.98,0.582701,33.286,33.166,0.0974924,4855.94,2517.11,313.964,15.6982,1223.27,1092.99,0,30.7497,148.538,1342.66,1402.02,0.154467,0.304841,7.14896,0.0328883,0.00788386,0.44103,0.445557,0.441803,0.0834158,1.43587,0.0657415,0.0639393,0.00234976,0.575873,11.4789,274.3,1.2,0.0288463,18.9478
236000,9569.54,0.584078,33.462,33.546,0.101323,4908.96,2522.03,311.894,15.5947,1237.14,1089.46,0,30.3562,148.009,1345.74,1405.66,0.154412,0.304715,7.14492,0.0325969,0.00788455,0.442488,0.44858,0.443138,0.0838779,1.43947,0.061547,0.059312,0.00230866,0.576142,11.8884,279.38,1.18,0.0293062,18.9233
236500,9562.26,0.583634,33.752,33.954,0.102152,4827.84,2518.45,307.16,15.358,1170.42,1088.52,0,29.9042,148.587,1348.37,1408.64,0.154328,0.30454,7.13114,0.032126,0.00789206,0.443658,0.453816,0.443402,0.0840231,1.43115,0.0629414,0.0614548,0.00235443,0.575693,11.9852,282.06,1.1,0.0295429,18.9477
237000,9581.68,0.584819,33.268,33.336,0.0966185,4716.34,2518.33,299.399,14.97,1085.13,1072.57,0,29.5436,148.554,1350.9,1411.56,0.153407,0.302752,7.1326,0.0312494,0.00789659,0.443998,0.459618,0.443604,0.0837919,1.41969,0.0628194,0.0610399,0.00231451,0.575927,11.8127,279.8,1.1,0.0292588,18.9425
237500,9598.7,0.585858,33.562,33.61,0.0988157,4672.83,2521.3,301.334,15.0667,1095.04,1082.57,0,29.508,148.142,1353.04,1413.74,0.153297,0.302598,7.12667,0.031399,0.00791547,0.443756,0.458704,0.443034,0.0832139,1.41464,0.058585,0.0573845,0.00203835,0.575965,11.5666,277.34,1.1,0.0289526,18.9383
238000,9603.94,0.586178,33.856,33.398,0.089914,4742.49,2521.67,303.653,15.1827,1161.88,1111.57,0,30.2829,148.278,1355.58,1415.96,0.153092,0.302177,7.13446,0.0316286,0.00793535,0.443233,0.460044,0.442714,0.0823139,1.41905,0.0606861,0.0594045,0.0022182,0.57589,11.8708,279.52,0.9,0.0290779,18.9251
238500,9579.12,0.584663,33.18,33.238,0.0977054,4863.64,2517.33,298.501,14.9251,1227.58,1097.51,0,30.7932,149.008,1357.98,1418.08,0.153039,0.302222,7.15036,0.0311659,0.00793636,0.443686,0.462247,0.443186,0.083346,1.43318,0.0645429,0.0628551,0.00224371,0.57626,11.3119,273.62,1,0.0285778,18.9439
239000,9579.18,0.584667,33.506,33.602,0.102003,4909.79,2517.41,303.056,15.1528,1239.14,1093.04,0,30.4021,147.966,1360.76,1420.62,0.153111,0.302459,7.14866,0.0316426,0.00793908,0.444535,0.464776,0.44341,0.0826461,1.43827,0.063063,0.0611477,0.00225985,0.576359,11.9165,282.44,1.3,0.0296497,20.5392
239500,9581.26,0.584794,33.792,33.894,0.0998903,4833.98,2515.56,302.395,15.1198,1169.48,1097.12,0,29.9811,148.458,1363.76,1423.62,0.152859,0.302092,7.13769,0.0315683,0.0079426,0.445613,0.467748,0.444146,0.0825242,1.43026,0.0645156,0.0626242,0.00234012,0.576159,12.1485,285.16,0.9,0.0297024,19.5933
240000,9612.82,0.58672,33.358,33.478,0.0954618,4725.02,2519.91,299.612,14.9806,1090.77,1077.83,0,29.604,148.799,1366.09,1426.1,0.152175,0.300862,7.14044,0.0311727,0.00793267,0.44605,0.470787,0.444451,0.0829446,1.41803,0.0613145,0.0594346,0.00229185,0.575293,11.6827,278.82,0.9,0.0289543,16.6663
240500,9665.6,0.589941,33.66,33.634,0.0940156,4695.76,2528.68,299.284,14.9642,1099.9,1094.02,0,29.6222,148.465,1368.43,1428.36,0.151552,0.299786,7.13004,0.0309728,0.00793537,0.446169,0.470056,0.444538,0.0827223,1.41199,0.0604152,0.0584387,0.00221259,0.576631,11.8052,280.24,1.78,0.0294239,18.1601
241000,9642.08,0.588506,33.758,33.364,0.0855493,4755.2,2523.24,302.363,15.1182,1167.63,1113.43,0,30.2641,148.561,1371.64,1431.02,0.151542,0.299861,7.1366,0.0313689,0.00794379,0.446408,0.467229,0.444501,0.0825253,1.41705,0.0642178,0.0618461,0.00236048,0.577117,11.3851,275.62,1.3,0.0287947,18.9009
241500,9628.3,0.587665,33.742,33.636,0.0940804,4877.62,2521.13,300.7,15.035,1227.28,1116.16,0,30.7088,148.657,1374.4,1434.26,0.151753,0.300325,7.14313,0.0312381,0.0079379,0.44664,0.467735,0.44486,0.0832474,1.43066,0.0605363,0.0587553,0.00215804,0.576635,11.1281,272,1.2,0.028359,18.9069
242000,9650.68,0.589031,33.626,33.846,0.0992035,4933.09,2528.69,300.089,15.0044,1248.16,1101.05,0,30.3805,148.352,1377.17,1437.96,0.151985,0.300737,7.13915,0.0311022,0.00793281,0.447448,0.469553,0.445179,0.083134,1.43438,0.0589154,0.0568376,0.0021967,0.576723,11.3164,275.28,1.4,0.0287428,18.9167
242500,9645.86,0.588737,33.8,33.916,0.098042,4853.62,2525.01,298.849,14.9425,1173.88,1095.92,0,29.9033,148.476,1379.77,1440.82,0.151713,0.300234,7.13229,0.0309872,0.00793496,0.448615,0.474964,0.445988,0.0822368,1.42613,0.0563449,0.0546826,0.00207122,0.576182,11.6559,278.92,2.06,0.0295137,18.9428
243000,9668.28,0.590105,33.586,33.68,0.0932223,4742.91,2526.28,294.39,14.7195,1089.82,1086.16,0,29.5258,148.619,1382.08,1444.48,0.150994,0.298841,7.12811,0.0304563,0.00794328,0.449187,0.478064,0.44587,0.0815543,1.41499,0.060404,0.0581869,0.00220291,0.576399,11.3996,275.8,1.82,0.0289627,18.9028
243500,9664.76,0.58989,33.774,33.862,0.100101,4692.82,2524.56,295.481,14.7741,1105.04,1093.72,0,29.5678,148.177,1384.71,1448.02,0.150805,0.298411,7.12881,0.0305785,0.00794732,0.448177,0.476025,0.445366,0.0809151,1.41075,0.0610675,0.0585684,0.00225262,0.576126,11.905,282.46,2.04,0.0297844,18.9082
244000,9663.72,0.589827,34.004,33.498,0.0842579,4762.22,2521.72,304.618,15.2309,1171.4,1115.63,0,30.35,148.313,1387.7,1451.58,0.150655,0.298133,7.12698,0.0315327,0.0079493,0.448418,0.475221,0.4456,0.0800009,1.41648,0.0615346,0.0594266,0.00227726,0.575821,11.4402,275.46,1.2,0.0286168,18.9165
244500,9630.8,0.587817,33.542,33.566,0.0947514,4878.12,2514.62,298.419,14.921,1234.26,1113.79,0,30.7861,148.654,1390.86,1453.96,0.150546,0.297999,7.13792,0.030993,0.00796395,0.44862,0.474623,0.445703,0.0802365,1.43011,0.0612286,0.0593862,0.00218107,0.575154,11.2452,272.92,1.3,0.0285263,18.8713
245000,9615.88,0.586907,33.456,33.76,0.0986374,4918.38,2510.7,299.078,14.9539,1253.61,1097.81,0,30.5198,148.136,1393.95,1456.24,0.150683,0.298458,7.13084,0.0311149,0.00798109,0.450278,0.479505,0.446199,0.0804341,1.43546,0.0610148,0.0591119,0.00217962,0.575999,11.2762,273.12,1,0.0284149,18.8258
245500,9604.1,0.586188,33.734,33.808,0.0967945,4843.5,2504.65,298.303,14.9152,1181.63,1098.17,0,30.1295,148.439,1397.02,1459.68,0.150206,0.297649,7.12739,0.0310707,0.00798306,0.450985,0.482686,0.446477,0.0787811,1.42932,0.0611785,0.0592773,0.00230218,0.576225,11.3544,273.16,1.08,0.0284842,18.847
246000,9642.26,0.588517,33.566,33.686,0.0954437,4732.68,2509.72,292.005,14.6002,1105.19,1087.98,0,29.6879,148.552,1399.67,1462.76,0.149474,0.296273,7.12036,0.0302915,0.00798451,0.451123,0.48539,0.446224,0.0786783,1.41569,0.0617299,0.0597793,0.00229696,0.576926,11.2888,274.16,1.74,0.0288498,18.8791
246500,9664.28,0.589861,33.68,33.59,0.0963665,4693.07,2513.75,295.888,14.7944,1100.59,1096.97,0,29.6265,148.092,1402.55,1465.52,0.149342,0.296254,7.11398,0.0306239,0.00799374,0.450306,0.483671,0.445052,0.0776874,1.41105,0.0617129,0.0595971,0.00228268,0.57798,11.7266,279.56,1.2,0.0290377,18.8469
247000,9655.14,0.589303,34.046,33.692,0.0894429,4756.58,2509,302.748,15.1374,1180.09,1119.49,0,30.3724,148.242,1405.95,1468.86,0.149135,0.295869,7.11048,0.0313662,0.008001,0.451004,0.483804,0.445258,0.0778205,1.41582,0.0594,0.0576532,0.00222833,0.578119,10.9736,269.12,1.22,0.0280032,18.8573
247500,9624.04,0.587405,33.472,33.432,0.0947913,4877.17,2503.56,302.287,15.1144,1241.87,1113.01,0,30.845,148.519,1408.7,1472.32,0.149354,0.296244,7.11304,0.0314168,0.0080128,0.451834,0.487485,0.44558,0.0792744,1.43055,0.0606572,0.0589262,0.00220692,0.57757,10.7404,265.8,1.4,0.0278316,18.8527
248000,9650.42,0.589015,33.7,33.786,0.0965468,4932.65,2509.41,305.591,15.2796,1260.57,1106.61,0,30.5275,148.412,1411.6,1475.04,0.149357,0.296162,7.10123,0.0316764,0.0080092,0.453492,0.490239,0.446759,0.0792735,1.4343,0.0644677,0.0618582,0.00242503,0.577598,10.6811,264.16,1.1,0.0274253,18.8806
248500,9659.86,0.589591,33.864,33.996,0.0959128,4858.6,2512.06,305.749,15.2875,1188.3,1104.04,0,30.0111,148.671,1414.47,1478.44,0.149416,0.296194,7.09954,0.0316644,0.00800066,0.454317,0.494467,0.447201,0.0771132,1.42558,0.060694,0.058415,0.00228695,0.575942,11.3279,276.24,1.3,0.0287513,18.8675
249000,9676.5,0.590607,33.526,33.762,0.0939444,4744.65,2517.28,295.286,14.7643,1101.63,1089.63,0,29.6735,148.934,1417.31,1481.08,0.149412,0.296139,7.10746,0.0305255,0.00800446,0.454454,0.496187,0.44652,0.0753432,1.41432,0.0569441,0.0550796,0.00213656,0.576177,11.0027,269.96,0.9,0.0278442,18.8595
249500,9668.66,0.590128,33.758,33.678,0.0928317,4693.32,2512.26,296.451,14.8225,1109.25,1099.67,0,29.6758,148.193,1420.24,1482.82,0.149126,0.295546,7.0982,0.0306717,0.00800359,0.454665,0.493844,0.446012,0.0746263,1.41049,0.0592979,0.0574494,0.00213012,0.576208,11.3381,275.46,0.98,0.0284841,18.8571
250000,9662.24,0.589736,33.954,33.538,0.0842645,4761.31,2508.34,300.306,15.0153,1178.2,1121.95,0,30.326,148.283,1423.26,1484.5,0.148841,0.294943,7.09125,0.0310894,0.00800739,0.455063,0.49439,0.445619,0.0747089,1.41553,0.0611023,0.0593224,0.00222145,0.575819,10.8712,269,1,0.0278498,18.8596
250500,9649.54,0.588961,33.662,33.628,0.0965185,4884.12,2504.36,308.441,15.422,1243.97,1114.39,0,30.8117,148.608,1426.26,1487.68,0.148744,0.294775,7.08721,0.0319769,0.0080167,0.456613,0.499907,0.446378,0.0767059,1.42902,0.0625093,0.0603384,0.00231888,0.576385,10.9484,269.24,1.7,0.0283151,18.8206
251000,9680.22,0.590834,33.756,33.95,0.0954993,4939.07,2510.8,307.344,15.3672,1262.67,1116.22,0,30.5719,148.512,1429.26,1491.62,0.148461,0.294254,7.08272,0.0317624,0.00801553,0.457894,0.503995,0.447158,0.0777766,1.43141,0.0639918,0.0612583,0.00241696,0.575734,10.9615,268.6,2.24,0.0284168,18.8332
251500,9694.54,0.591708,33.974,34.002,0.0974119,4868.34,2515.43,300.955,15.0477,1187.58,1105.73,0,30.0936,148.591,1432.01,1493.8,0.148635,0.294602,7.08822,0.031055,0.00801416,0.45837,0.506332,0.447131,0.077565,1.42347,0.0639632,0.06147,0.00242885,0.574611,10.7453,266.76,1.8,0.0279252,18.8216
252000,9722.88,0.593437,33.846,33.968,0.0929427,4756.82,2518.78,301.593,15.0797,1100.72,1101.31,0,29.6371,148.477,1434.47,1493.2,0.148143,0.293602,7.07312,0.0310297,0.00799741,0.459326,0.507003,0.44769,0.0774503,1.41113,0.0628925,0.061002,0.00238404,0.574697,11.2137,274.84,1.46,0.0285299,18.7865
252500,9712.5,0.592804,33.962,33.976,0.0955719,4705.51,2514.61,305.047,15.2524,1115.69,1108.22,0,29.6539,148.211,1437.14,1496.66,0.148125,0.293523,7.06278,0.0314162,0.00799213,0.459505,0.506118,0.447969,0.0775983,1.40764,0.0617338,0.0598865,0.00222748,0.574603,11.3667,275.02,0.9,0.0282666,18.774
253000,9730.42,0.593898,34.098,33.708,0.0864363,4781.96,2517.64,310.294,15.5147,1181.01,1124.16,0,30.3916,148.48,1439.64,1500.1,0.147936,0.293088,7.06652,0.0319052,0.00799048,0.46011,0.504955,0.44783,0.077664,1.41238,0.0636375,0.0612355,0.00243693,0.57571,10.8983,269.64,1.2,0.0278731,18.7919
253500,9687.48,0.591277,33.726,33.71,0.0935498,4895.77,2505.33,307.413,15.3707,1246.26,1124.23,0,30.8695,148.663,1441.77,1503.9,0.147497,0.292278,7.06938,0.0317426,0.00798735,0.460785,0.507669,0.447986,0.0787094,1.42683,0.0635897,0.0613047,0.00240734,0.576359,10.1753,258.3,1.74,0.027044,18.7927
254000,9705.06,0.59235,34.036,34.204,0.0961773,4947.07,2506.05,310.017,15.5008,1268.13,1120.97,0,30.5625,148.069,1444.35,1506.9,0.147113,0.291537,7.05461,0.0319528,0.00798038,0.461743,0.511262,0.448572,0.0788465,1.43013,0.0627209,0.0605337,0.002378,0.576211,10.234,260.34,1.6,0.0271556,18.7796
254500,9696.08,0.591802,33.934,34.018,0.0937312,4867.25,2503.78,313.733,15.6866,1196.49,1109.61,0,30.1382,148.875,1446.84,1509.86,0.147134,0.291589,7.05887,0.0323622,0.00798769,0.462765,0.515275,0.448573,0.0782268,1.423,0.0663888,0.0637952,0.00253107,0.575816,10.713,267.22,1.28,0.0277187,18.776
255000,9728.82,0.5938,33.712,33.768,0.0901073,4759.57,2511.1,308.817,15.4409,1111.78,1099.55,0,29.7021,148.688,1448.94,1513.58,0.146872,0.291158,7.05528,0.0317464,0.00798827,0.463172,0.518734,0.4485,0.0779221,1.41086,0.0663913,0.0641522,0.00252691,0.576372,10.9061,270.32,1.5,0.0280594,18.7738
255500,9736.12,0.594246,33.96,34.082,0.0945889,4714.61,2513.45,305.927,15.2964,1120.84,1109.29,0,29.7817,148.358,1451.56,1516.7,0.147003,0.29148,7.0512,0.0314292,0.0079951,0.46331,0.519959,0.447825,0.0780228,1.40688,0.0666599,0.0643093,0.0024774,0.577017,11.036,271.9,1.16,0.0280241,18.8245
256000,9728,0.59375,34.12,33.738,0.0861434,4780.22,2511.29,310.594,15.5297,1189.11,1127.14,0,30.4308,148.255,1454.61,1519.74,0.147156,0.291747,7.05129,0.0319367,0.00800672,0.463619,0.519976,0.448246,0.0784541,1.41209,0.0673484,0.064391,0.00249746,0.577151,11.3294,275.2,2.1,0.0288596,18.7429
256500,9706.22,0.592421,33.89,33.754,0.0928939,4897.86,2504.59,310.611,15.5306,1250.25,1121.93,0,30.8815,148.624,1457.43,1522,0.14691,0.291256,7.05302,0.0320134,0.00801389,0.464553,0.522859,0.448574,0.0794584,1.42506,0.0673771,0.0647756,0.00252695,0.576968,10.6558,266.24,1.7,0.0278127,18.7798
257000,9730.16,0.593882,33.992,34.14,0.0941903,4954.45,2509.47,310.073,15.5036,1268.19,1124.16,0,30.5205,148.394,1460.11,1524.8,0.146775,0.291017,7.04359,0.0318742,0.00801246,0.465869,0.527297,0.448755,0.0794116,1.42893,0.0633272,0.0610929,0.00233337,0.576865,10.8263,269.7,1.94,0.0282146,18.7964
257500,9731.26,0.593949,34.026,34.168,0.0951635,4879.26,2509.47,308.808,15.4404,1197.07,1113.26,0,30.1341,148.513,1463.2,1528.14,0.146793,0.291088,7.03837,0.0317459,0.00801377,0.466256,0.529054,0.449157,0.0793517,1.42128,0.063318,0.061375,0.00240563,0.575375,11.0948,274.48,1.5,0.028466,18.7862
258000,9747.58,0.594945,33.85,34.04,0.0901152,4764.86,2510.89,300.816,15.0408,1113.35,1107.26,0,29.6608,148.57,1465.58,1532.02,0.146376,0.290245,7.03464,0.0308714,0.00800174,0.466656,0.528653,0.44879,0.07933,1.41017,0.0657075,0.0628704,0.00254178,0.574392,10.351,261.92,2.34,0.0275939,18.7255
258500,9742.48,0.594634,33.958,33.964,0.0948997,4714.03,2509.66,301.792,15.0896,1123.28,1108.08,0,29.7131,148.523,1468.38,1534.92,0.146462,0.290459,7.03188,0.0309817,0.00800254,0.467195,0.528247,0.448684,0.0787655,1.40606,0.0669427,0.0640599,0.00243781,0.573572,10.9782,271.64,2,0.0284241,18.6705
259000,9751.84,0.595205,34.168,33.742,0.0833373,4786.88,2508.67,306.809,15.3405,1191.94,1132.35,0,30.435,148.64,1470.91,1538.08,0.145988,0.289699,7.03246,0.0314709,0.00801228,0.46817,0.530258,0.449432,0.0790728,1.41062,0.0675409,0.0644493,0.00248683,0.573915,10.6558,267.44,1.9,0.0279085,20.2986
259500,9710.3,0.59267,33.71,33.7,0.0927343,4898.63,2498.44,305.998,15.2999,1254.75,1126.1,0,30.9128,148.741,1474.01,1541.72,0.145827,0.289367,7.04092,0.0315213,0.00802109,0.468484,0.532544,0.449763,0.0799504,1.42428,0.0638534,0.0609815,0.0023804,0.573665,11.1605,273.62,2.06,0.0287408,19.3401
260000,9727.32,0.593708,33.95,34.064,0.093276,4952.68,2504.71,302.303,15.1152,1272.5,1119.71,0,30.5556,148.573,1476.88,1544.14,0.146229,0.290129,7.04026,0.0310849,0.00803103,0.469716,0.535572,0.450389,0.0806238,1.42888,0.0616737,0.059852,0.00229631,0.572728,11.2391,274.64,1.28,0.028387,16.5766
260500,9726.94,0.593685,34.012,34.154,0.0967019,4877.95,2505.81,300.072,15.0036,1200.31,1113.59,0,30.1203,148.376,1479.68,1545.96,0.146301,0.290202,7.04253,0.0308539,0.00803216,0.470621,0.540684,0.450916,0.0806231,1.42169,0.0606078,0.0586576,0.00226971,0.572824,10.4059,263.36,1.74,0.0274831,18.1226
261000,9733.04,0.594058,33.922,34.12,0.0909473,4761.31,2507.55,297.29,14.8645,1114.31,1111.23,0,29.704,148.813,1482.02,1547.7,0.146177,0.289998,7.05568,0.0305521,0.00805524,0.471612,0.544901,0.450902,0.0815611,1.41146,0.0668595,0.0645306,0.00251748,0.573305,10.1471,258.22,1.88,0.0270233,18.8057
261500,9736.72,0.594282,33.738,33.716,0.0929556,4715.32,2509.07,295.153,14.7577,1126.68,1103,0,29.7521,148.478,1484.53,1550.64,0.146175,0.290033,7.0607,0.0303185,0.00806797,0.470975,0.544455,0.450685,0.0808647,1.40734,0.0645988,0.0616069,0.00248708,0.573937,11.2452,274.56,2.76,0.0291151,18.7986
262000,9710.24,0.592666,34.102,33.86,0.0883873,4771.55,2500.48,298.702,14.9351,1193.56,1126.61,0,30.4375,148.15,1487.22,1554.82,0.145939,0.289595,7.06096,0.03077,0.00807824,0.469669,0.543759,0.450937,0.0801336,1.41193,0.0645615,0.061804,0.00236304,0.573892,11.266,274.86,2.52,0.0291419,18.8105
262500,9680.8,0.590869,33.892,33.75,0.0934126,4889.99,2493.8,292.686,14.6343,1253.92,1127.93,0,30.938,148.71,1490.2,1557.74,0.146007,0.289796,7.06449,0.0302423,0.00807767,0.469514,0.542614,0.451554,0.080914,1.42619,0.0620741,0.0595855,0.00227334,0.572697,10.9251,268.56,1.9,0.0282317,18.8713
263000,9682.92,0.590999,33.784,33.922,0.0968723,4938.95,2494.93,293.825,14.6913,1273.62,1112.75,0,30.5759,147.883,1493.09,1559.94,0.146236,0.290272,7.0576,0.030352,0.00807173,0.470699,0.545587,0.452071,0.0802035,1.43153,0.0595337,0.0572386,0.00213174,0.571612,10.9661,268.86,1.6,0.0280766,18.7315
263500,9687.26,0.591263,33.936,34.094,0.095385,4864.69,2493.87,289.285,14.4643,1200.76,1116.7,0,30.1799,148.8,1495.85,1562.98,0.145843,0.289568,7.05391,0.0298682,0.00805969,0.471799,0.550379,0.452598,0.0791389,1.42348,0.0610055,0.0589873,0.00228486,0.570715,11.2373,276.04,1.7,0.0288761,18.7242
264000,9732.34,0.594015,33.874,33.974,0.0910066,4760.06,2504,289.688,14.4844,1111.59,1108.29,0,29.7598,148.276,1498.5,1567.02,0.145553,0.289111,7.05609,0.0297717,0.0080559,0.472465,0.552684,0.452761,0.0789818,1.41085,0.0640115,0.061223,0.00241921,0.571517,10.5329,265.86,2.1,0.0279158,18.7249
264500,9721.72,0.593367,33.774,33.818,0.0941594,4711.68,2501.12,283.323,14.1661,1129.34,1109.49,0,29.8471,148.617,1501.39,1568.52,0.145412,0.28877,7.06811,0.0291466,0.00806299,0.471813,0.551503,0.452087,0.0784306,1.40832,0.0543787,0.0525626,0.0020416,0.571217,10.8993,268.46,1.04,0.0276482,18.7165
265000,9729.12,0.593818,34.242,33.766,0.0853211,4779.45,2500.3,288.173,14.4087,1194.85,1133.19,0,30.4275,148.069,1504.05,1571.4,0.144993,0.287938,7.07213,0.0296244,0.00806746,0.471063,0.55192,0.451626,0.0769946,1.41157,0.057139,0.0549991,0.00201562,0.571717,10.9374,270.54,1.9,0.0282892,18.712
265500,9664.64,0.589883,33.748,33.874,0.0952753,4885.9,2482.34,286.108,14.3054,1258.18,1131.87,0,31.0319,148.775,1506.44,1574.8,0.144667,0.287408,7.07249,0.0296131,0.00806497,0.47053,0.554751,0.451827,0.0776216,1.42748,0.0553698,0.053555,0.00202964,0.571341,11.0657,271.3,1.3,0.0282281,18.7135
266000,9679.06,0.590763,33.58,33.626,0.0943885,4938.65,2483.22,286.266,14.3133,1276.34,1111.15,0,30.709,148.16,1509.16,1578.72,0.144393,0.286849,7.05994,0.0295836,0.00806096,0.470975,0.560893,0.452189,0.0779961,1.4318,0.0561093,0.0543965,0.00199295,0.571355,10.5163,262.78,1.3,0.0273192,18.6907
266500,9716.48,0.593047,34.138,34.214,0.095845,4873.55,2491.9,289.165,14.4582,1212.04,1120.25,0,30.2274,148.543,1512.05,1580.44,0.144302,0.286676,7.05473,0.0297663,0.00806492,0.471246,0.565339,0.452493,0.0779394,1.42187,0.0588717,0.0568522,0.00215948,0.570255,10.7462,267.66,1.76,0.0279395,18.6855
267000,9723.88,0.593499,33.776,33.976,0.0938926,4758.87,2495.88,285.625,14.2813,1126.33,1109.84,0,29.954,149.025,1514.99,1584.62,0.144401,0.286925,7.06722,0.0293818,0.00807981,0.471069,0.565747,0.452034,0.0768957,1.41188,0.058956,0.0563976,0.00214787,0.56978,10.9528,270.98,1.9,0.0283939,18.7254
267500,9739.96,0.59448,33.796,33.794,0.0919867,4714.72,2495.33,280.849,14.0425,1130.14,1110.69,0,29.8988,148.168,1517.85,1587.1,0.143774,0.285801,7.06091,0.0288417,0.00808907,0.470317,0.564852,0.451867,0.0759318,1.40678,0.057088,0.0548448,0.00200698,0.570006,10.8989,268.78,1.8,0.0280878,18.6944
268000,9730.72,0.593916,34.302,33.86,0.0847884,4781.24,2489.6,285.363,14.2681,1200.35,1141.33,0,30.5783,148.203,1520.76,1590.68,0.143425,0.285245,7.05163,0.0293388,0.00810245,0.470173,0.56696,0.452014,0.0762167,1.41195,0.0558456,0.0540021,0.00198424,0.570034,10.5961,266,1.1,0.0273966,18.7069
268500,9708.84,0.592581,33.776,33.716,0.0916523,4899.97,2483.28,279.241,13.962,1262.01,1134.88,0,31.074,148.873,1523.78,1594.4,0.14304,0.284508,7.06411,0.0287731,0.0081077,0.470601,0.569067,0.452284,0.0760227,1.42532,0.0566309,0.0547936,0.00203773,0.570128,10.9117,269.52,1.5,0.0280364,18.7017
269000,9717.16,0.593088,33.902,34.09,0.0967159,4948.05,2482.97,281.669,14.0835,1288.32,1122.5,0,30.7235,147.973,1526.7,1596.62,0.142851,0.284124,7.05169,0.0289941,0.00811864,0.470633,0.573436,0.452365,0.0756567,1.42891,0.0531525,0.0517232,0.00191949,0.570329,10.6872,266.72,0.98,0.0274489,18.7086
269500,9716.1,0.593024,34.04,34.232,0.0967639,4872.55,2483.63,285.426,14.2713,1215.71,1115.34,0,30.2365,148.025,1529.59,1598.68,0.142981,0.28442,7.05657,0.0293841,0.00813861,0.470697,0.57792,0.452837,0.0756234,1.42167,0.0551994,0.0537374,0.00198187,0.570444,10.4916,265.62,1.14,0.027439,18.7121
270000,9750.88,0.595146,34.02,34.032,0.0884391,4765.39,2491.39,275.772,13.7886,1127.46,1120.54,0,29.8568,148.602,1532.22,1601.34,0.142541,0.28357,7.06895,0.0282884,0.00813934,0.470535,0.578553,0.452998,0.0760244,1.40961,0.0545351,0.0523498,0.00203888,0.570259,10.718,268,2.16,0.0281586,18.7174
270500,9775.5,0.596649,34.02,34.014,0.0908712,4726.94,2496.01,279.383,13.9692,1138.69,1119.92,0,29.9358,148.125,1534.99,1604.64,0.142283,0.283086,7.06532,0.0285839,0.00813176,0.470389,0.575999,0.45278,0.0747764,1.40504,0.0577826,0.0557825,0.00205868,0.57144,10.6015,265.62,1.52,0.027471,18.7287
271000,9764.76,0.595994,34.168,33.802,0.0808385,4790.94,2489.76,279.321,13.9661,1207.9,1141.62,0,30.6356,148.643,1537.94,1608.9,0.141747,0.282144,7.06715,0.0286124,0.00812081,0.470575,0.575413,0.452749,0.0756005,1.40973,0.0568235,0.0546714,0.00205636,0.571785,10.4802,264.52,1.8,0.0275103,18.6707
271500,9736,0.594238,33.842,33.886,0.0926936,4909.95,2483.96,280.557,14.0279,1264.85,1138.22,0,31.0214,148.644,1540.54,1612.46,0.141875,0.282525,7.0719,0.028823,0.00812351,0.470825,0.57808,0.45288,0.077006,1.424,0.0553668,0.0532814,0.00202982,0.572225,10.5376,265.2,1.4,0.0274848,18.6484
272000,9727.48,0.593718,33.794,33.886,0.0938142,4951.68,2480.59,286.029,14.3014,1288.67,1124.8,0,30.7501,148.517,1543.54,1616.32,0.141852,0.282477,7.05831,0.0294123,0.00812959,0.471624,0.583262,0.45397,0.0773502,1.42838,0.056425,0.0543695,0.00210917,0.571171,10.5038,263.76,1.38,0.027313,18.6613
272500,9737.5,0.59433,33.958,34.138,0.0926646,4881.12,2485.19,292.619,14.631,1220.11,1119.61,0,30.3812,148.739,1546.59,1619.6,0.142193,0.283182,7.05687,0.0300601,0.00813429,0.472376,0.586688,0.454271,0.0768766,1.42096,0.0576066,0.0556809,0.0021455,0.569716,10.2653,260.66,1.7,0.0271296,18.7059
273000,9740,0.594482,33.762,33.89,0.0873769,4764.01,2483.42,287.242,14.3621,1134.25,1113.51,0,29.9913,148.7,1549.94,1623.46,0.141749,0.282329,7.06118,0.0295036,0.00813815,0.472424,0.588226,0.453898,0.076641,1.41087,0.0575726,0.0549113,0.00216446,0.569377,10.2766,260.28,2.34,0.0274517,18.7295
273500,9744.42,0.594752,33.94,33.982,0.0935939,4714.58,2483.39,281.009,14.0504,1144.6,1118.46,0,30.0832,148.381,1552.91,1626.72,0.141512,0.281984,7.06611,0.0288442,0.00814077,0.471733,0.586912,0.453636,0.076408,1.40606,0.0556104,0.0533521,0.00213275,0.569481,10.2702,260.4,1.74,0.0271171,18.6976
274000,9753.76,0.595322,34.29,33.906,0.0836826,4785.51,2485.15,278.532,13.9266,1207.45,1144.01,0,30.7728,148.398,1555.92,1630.44,0.141443,0.281846,7.07188,0.0285654,0.00814225,0.471778,0.584858,0.453427,0.0773494,1.41014,0.0557546,0.0534523,0.00203136,0.570091,10.5345,265.36,2,0.0277711,18.7202
274500,9729.4,0.593835,34.02,33.864,0.0955573,4905.34,2478.82,283.447,14.1724,1267.34,1135.7,0,31.1413,148.185,1558.84,1633.7,0.141255,0.281573,7.07167,0.0291464,0.00813657,0.473577,0.585781,0.453556,0.0776302,1.42346,0.0569359,0.0548656,0.00197333,0.569488,10.3528,261.82,1.36,0.0271054,18.7284
275000,9750.84,0.595144,33.882,34.026,0.0920563,4959.01,2486.15,287.075,14.3537,1292.28,1126.74,0,30.782,148.556,1562.03,1636.58,0.141543,0.282199,7.07548,0.0294518,0.00813829,0.475107,0.588435,0.453858,0.0775386,1.42721,0.0558572,0.0544263,0.00203458,0.568157,10.1402,258.04,1.82,0.0269461,18.7395
275500,9765.74,0.596053,34.23,34.368,0.0950105,4889.23,2490.52,292.425,14.6212,1218.06,1125.85,0,30.329,148.703,1564.98,1639.54,0.141595,0.282398,7.07316,0.0299585,0.00813537,0.476974,0.589951,0.454163,0.0770109,1.41917,0.0584719,0.0561078,0.00219464,0.567648,10.1304,260.98,1.3,0.026881,18.7214
276000,9787.82,0.597401,33.85,33.906,0.0896788,4776.07,2495.58,290.551,14.5275,1142.35,1106.17,0,29.9863,149.042,1568.14,1643.08,0.141394,0.281934,7.07907,0.0297026,0.00814075,0.476747,0.588571,0.453812,0.0766507,1.40747,0.0572877,0.0543637,0.00212761,0.567038,10.2828,262.94,2,0.0274284,18.7129
276500,9784.28,0.597185,33.972,34.15,0.0957967,4728.4,2493.83,285.369,14.2684,1139.21,1121.87,0,30.0333,148.178,1571.4,1646.42,0.141275,0.281755,7.08049,0.0291714,0.00815182,0.47627,0.586877,0.453612,0.0762282,1.4043,0.0551415,0.0526238,0.00195922,0.566806,10.6484,266.06,1.86,0.0276587,18.709
277000,9734.72,0.59416,34.49,34.054,0.087603,4780.11,2484.39,289.587,14.4794,1207.68,1141.8,0,30.6706,148.07,1574.63,1649.56,0.141763,0.282894,7.08982,0.0297594,0.00814656,0.476053,0.584485,0.453231,0.0762258,1.41088,0.0543622,0.0514777,0.00192379,0.567808,10.7098,267.4,2.7,0.0284104,18.6897
277500,9727.24,0.593704,33.762,33.73,0.0970917,4903.75,2483.71,286.734,14.3367,1269.13,1125.23,0,31.105,148.701,1577.49,1651.96,0.141842,0.283035,7.09447,0.0294869,0.00814509,0.476838,0.585383,0.453468,0.0777821,1.42335,0.0560525,0.0531818,0.00205687,0.568756,10.3704,262.58,3.36,0.0283263,18.6989
278000,9735.4,0.594202,34.024,34.204,0.0951444,4954.91,2487.26,293.596,14.6798,1292.53,1122.08,0,30.7636,148.084,1580.14,1655.12,0.142273,0.283796,7.08141,0.0301638,0.00815459,0.47781,0.588014,0.453519,0.0780959,1.42799,0.0545034,0.0518464,0.00200647,0.569628,10.4081,263.06,2.7,0.0279483,18.7195
278500,9728.38,0.593773,34.11,34.252,0.0953624,4877.81,2487.31,289.603,14.4801,1215.5,1123.77,0,30.3106,148.403,1582.93,1658.08,0.142446,0.284181,7.08762,0.0297807,0.00816915,0.478995,0.591641,0.45362,0.0786046,1.42128,0.0569625,0.0541827,0.00212588,0.569672,10.8033,269.56,3.26,0.0289204,18.7225
279000,9752.6,0.595251,33.818,33.83,0.0904166,4766.22,2489.31,280.973,14.0486,1133.8,1110.4,0,29.9582,148.835,1585.65,1660.96,0.141736,0.282803,7.09266,0.0288171,0.00816241,0.479752,0.5913,0.453505,0.07853,1.40959,0.0518219,0.0498405,0.00189378,0.569025,10.4452,263.96,1.8,0.027493,20.3095
279500,9774.6,0.596594,33.88,34.02,0.0948338,4726.09,2492.73,278.53,13.9265,1142.78,1117.7,0,30.0762,148.465,1588.4,1663.46,0.14152,0.282389,7.08474,0.028503,0.0081401,0.479451,0.589592,0.453743,0.07839,1.40495,0.0529589,0.0504701,0.00183092,0.569265,10.594,265.62,2.76,0.0281386,19.3955
280000,9751.3,0.595172,34.32,33.9,0.0881387,4787.08,2484.53,280.463,14.0231,1210.74,1138.39,0,30.7728,148.367,1591.12,1666.18,0.141497,0.282416,7.07416,0.0287735,0.00813497,0.479282,0.588042,0.453212,0.0788941,1.41083,0.0509091,0.0488614,0.00176292,0.570523,10.7479,268.54,1.72,0.0279162,16.7438
280500,9713.34,0.592855,33.818,33.772,0.0976246,4902.13,2474.63,279.416,13.9708,1270.57,1133.29,0,31.1907,148.692,1594.26,1669.72,0.141293,0.282013,7.07387,0.0287783,0.00813712,0.479248,0.587863,0.452876,0.0800434,1.42494,0.0536385,0.0514644,0.00191995,0.571044,10.6046,265.32,1.64,0.0276794,18.2244
281000,9747.22,0.594923,33.882,33.976,0.0930948,4961.18,2485.19,290.147,14.5073,1296.44,1120.79,0,30.8496,148.548,1597.2,1673.8,0.141686,0.282736,7.06741,0.02978,0.00814418,0.480059,0.592088,0.453203,0.0803871,1.4282,0.0511745,0.0494484,0.00189141,0.570317,10.0727,257.2,1.76,0.026797,18.8462
281500,9745.56,0.594822,34.21,34.35,0.0962605,4882.64,2486.82,292.659,14.6329,1226.16,1124.09,0,30.3602,148.631,1600.15,1675.94,0.141943,0.283313,7.07266,0.0300464,0.00816106,0.480083,0.594181,0.452965,0.0805075,1.42035,0.0513559,0.0495009,0.00196285,0.569541,10.3418,262.96,1.98,0.0274757,18.8737
282000,9773.2,0.596509,34.036,34.122,0.093328,4771.85,2492.53,283.495,14.1747,1132.82,1114.72,0,29.9247,148.473,1603.48,1678.24,0.141713,0.282974,7.07588,0.029021,0.00816178,0.479933,0.59321,0.452395,0.0801593,1.40861,0.052883,0.0510174,0.00190153,0.569308,9.86597,255.64,1.38,0.0263592,18.8749
282500,9788.04,0.597415,33.902,34.038,0.0970263,4730.19,2495.68,279.473,13.9737,1143.82,1118.42,0,30.032,148.559,1606.39,1681.54,0.141513,0.282609,7.07359,0.0285638,0.00815226,0.479055,0.592527,0.45227,0.0795081,1.40417,0.0538315,0.0515769,0.00192447,0.570204,10.4302,264.2,2,0.027557,18.8572
283000,9760.56,0.595737,34.388,33.918,0.0880204,4789.23,2486.93,286.075,14.3037,1210.1,1139.82,0,30.759,148.177,1609.23,1684.48,0.141592,0.28248,7.06669,0.0293291,0.00814594,0.47845,0.593243,0.452802,0.0800031,1.41016,0.047547,0.0463265,0.00166103,0.570264,10.7936,269.26,1.1,0.0276653,18.835
283500,9730.38,0.593895,33.968,33.918,0.093397,4906.36,2479.82,287.125,14.3563,1266.78,1137.16,0,31.1926,148.654,1612.05,1687.12,0.141561,0.282336,7.06932,0.0295237,0.00815139,0.478509,0.596043,0.453573,0.0815521,1.42396,0.0499911,0.0480649,0.00180045,0.569634,10.5078,265.9,1.6,0.0277343,18.8388
284000,9756.84,0.59551,33.852,34.008,0.0948792,4963.16,2486.76,287.568,14.3784,1299.01,1120.49,0,30.8261,148.571,1615.46,1690.1,0.141585,0.282343,7.06621,0.0294899,0.00816149,0.479024,0.598194,0.454756,0.0825882,1.42745,0.0486025,0.0469822,0.00176486,0.568956,9.8533,254.08,1.22,0.0262069,18.8766
284500,9757.36,0.595542,34.176,34.342,0.0951251,4884.83,2488.81,285.845,14.2923,1222.81,1123.99,0,30.3719,148.554,1618.64,1692.5,0.142046,0.283187,7.06055,0.0293144,0.00816975,0.48,0.600155,0.455507,0.0827558,1.41923,0.050513,0.0485339,0.0018768,0.568578,10.4809,265.2,1.5,0.0274798,18.865
285000,9772.3,0.596454,34.064,34.182,0.0924269,4770.58,2492.6,276.784,13.8392,1132.87,1114.73,0,29.9765,148.263,1621.51,1695.12,0.141864,0.282908,7.06784,0.0283374,0.00816404,0.479514,0.60146,0.455572,0.0815231,1.40827,0.0495318,0.0477632,0.00180247,0.567985,10.3411,263.52,1.3,0.0271261,18.8486
285500,9783.8,0.597156,34.134,34.146,0.0961415,4730.7,2492.45,275.985,13.7993,1145.54,1122.39,0,30.1273,148.249,1624.11,1697.32,0.141326,0.281915,7.07215,0.0282204,0.00814894,0.47913,0.602296,0.455136,0.0809372,1.40513,0.0480899,0.04686,0.00169774,0.568309,10.4455,264.46,1.3,0.0272134,18.8489
286000,9762.52,0.595857,34.26,33.926,0.0878419,4790.58,2485.97,279.55,13.9775,1211.04,1140.53,0,30.6964,148.314,1626.57,1700.72,0.141207,0.28167,7.07568,0.028644,0.00815312,0.478503,0.602314,0.454831,0.0820102,1.41008,0.0474227,0.0461591,0.001682,0.56837,11.0241,272.44,1.1,0.0279962,18.8391
286500,9726.7,0.593671,33.79,33.75,0.0955415,4906.11,2478.91,276.702,13.8351,1272.76,1130.56,0,31.1855,148.471,1629.13,1704.26,0.141295,0.281778,7.08095,0.0284593,0.00816034,0.47878,0.604715,0.455428,0.0833278,1.4239,0.0484317,0.0469955,0.00172781,0.56828,10.2178,261.02,1.2,0.026949,18.8586
287000,9722.12,0.593391,34.04,34.09,0.0948751,4951.51,2479.79,277.129,13.8565,1288.52,1130.72,0,30.8763,148.422,1631.76,1706.48,0.141795,0.282561,7.07515,0.0285155,0.00816051,0.47924,0.607818,0.456128,0.0840899,1.42936,0.0513309,0.049632,0.00184504,0.567235,10.63,267.6,0.9,0.0274848,18.8672
287500,9746.26,0.594865,34.072,34.188,0.0974215,4886,2485.1,272.464,13.6232,1219.03,1126.43,0,30.3787,148.602,1634.33,1710.12,0.141706,0.282411,7.07339,0.0279626,0.00815853,0.479697,0.610861,0.456287,0.0837382,1.42125,0.0496286,0.0481201,0.00186886,0.565968,10.3201,263.1,0.9,0.0269538,18.8776
288000,9789.38,0.597496,33.958,34.238,0.0910086,4779.07,2491.2,269.199,13.46,1136.95,1123.65,0,29.9529,148.869,1636.86,1713.96,0.14085,0.28073,7.07582,0.0275086,0.00815231,0.479454,0.612231,0.455917,0.0828858,1.40865,0.0456784,0.044232,0.00164583,0.564538,9.83115,256.3,1.1,0.0262472,18.8472
288500,9781.58,0.59702,34.084,34.016,0.0946109,4727.76,2484.65,271.473,13.5737,1148.71,1122.01,0,30.0445,148.309,1639.35,1713.4,0.140428,0.279874,7.0554,0.027762,0.0081436,0.47829,0.614289,0.455202,0.0819089,1.40461,0.0454082,0.0443061,0.00158309,0.564579,11.0865,272.94,0.9,0.0278681,18.8749
289000,9779.1,0.596869,34.3,33.84,0.0834328,4795.16,2481.79,271.355,13.5677,1214.28,1145.86,0,30.7363,148.164,1642.15,1716.72,0.140303,0.279722,7.04888,0.0277566,0.00813855,0.477773,0.616727,0.455163,0.0824322,1.40908,0.0462405,0.0447012,0.00161684,0.563591,10.2213,261.66,0.9,0.0267302,18.8361
289500,9747.1,0.594916,33.984,33.964,0.0934785,4912.48,2476.43,270.684,13.5342,1279.57,1138.87,0,31.1005,148.823,1644.82,1720.02,0.140484,0.280045,7.05704,0.027779,0.0081247,0.477893,0.618073,0.45511,0.0844315,1.42283,0.0467108,0.0454542,0.00157961,0.563616,10.0094,259.14,1.1,0.0266678,18.853
290000,9729.86,0.593864,33.852,34.074,0.0949016,4954.42,2475.6,274.37,13.7185,1297.47,1129.61,0,30.8592,148.769,1648.37,1723.78,0.141036,0.281086,7.05766,0.0282074,0.00811682,0.478001,0.621776,0.45534,0.0853133,1.42889,0.0485946,0.0469297,0.00167392,0.563512,10.6948,267.86,0.96,0.0275142,18.8547
290500,9764.36,0.595969,33.996,34.112,0.0922407,4890.8,2481.85,276.934,13.8467,1229.54,1121.14,0,30.3757,148.538,1651.33,1725.92,0.140539,0.28018,7.06363,0.0283724,0.00812476,0.478443,0.625681,0.455422,0.0840655,1.4198,0.0469824,0.0457297,0.00168173,0.562683,9.94922,255.9,0.9,0.0261568,18.8398
291000,9788.84,0.597463,34.058,34.146,0.0884982,4776.37,2487.76,274.119,13.706,1140.04,1121.12,0,29.9733,148.833,1653.77,1728.98,0.140389,0.279937,7.07367,0.0280107,0.00812943,0.47941,0.62545,0.455644,0.083604,1.40757,0.0432931,0.0421593,0.00152364,0.561659,10.4135,264.48,1.1,0.0270774,18.878
291500,9767.74,0.596176,33.832,33.864,0.0946934,4723.56,2484.24,271.008,13.5504,1146.34,1117.93,0,30.0527,148.489,1656.54,1732.7,0.140571,0.280296,7.08266,0.0277446,0.00812453,0.478996,0.6235,0.455468,0.0829779,1.40524,0.0436948,0.0425382,0.00148699,0.562452,10.624,265.8,1.1,0.0272737,18.8764
292000,9760,0.595703,34.442,34.136,0.0851577,4789.82,2484.94,273.928,13.6964,1209.66,1149.78,0,30.6987,148.361,1659.31,1735.44,0.141004,0.281039,7.08987,0.0280766,0.00812822,0.478961,0.625149,0.455521,0.0835996,1.41015,0.0437786,0.0428241,0.00142294,0.562406,10.0321,258.34,0.9,0.0264463,18.8739
292500,9713.5,0.592865,33.744,33.764,0.0991249,4903.45,2476.64,274.531,13.7266,1275.96,1129.43,0,31.1609,148.937,1662.47,1738.26,0.141237,0.281496,7.10165,0.0282758,0.00813921,0.480017,0.625702,0.455785,0.0848299,1.42519,0.0482036,0.0467115,0.00163255,0.561858,10.188,259.24,0.9,0.026658,18.8489
293000,9714.2,0.592908,33.89,33.932,0.0943192,4951.11,2477.86,275.724,13.7862,1288.84,1126.48,0,30.7741,147.992,1665.08,1741.58,0.141397,0.281771,7.10217,0.0283933,0.0081522,0.48185,0.627492,0.456342,0.0840202,1.43018,0.0447286,0.0435907,0.00155513,0.56204,10.634,267.42,0.9,0.0274879,18.8644
293500,9740.18,0.594493,34.224,34.37,0.0950567,4883.39,2484.31,276.615,13.8307,1219.31,1129.2,0,30.3579,148.687,1667.87,1744.64,0.141478,0.281887,7.09877,0.0284106,0.00815591,0.482249,0.630601,0.456424,0.0837141,1.42105,0.0435797,0.0426423,0.00149584,0.562105,9.87239,256.58,0.9,0.0263011,18.8588
294000,9757.98,0.59558,33.768,33.898,0.0898602,4769.34,2487.62,271.157,13.5579,1136.56,1116.94,0,30.0508,148.988,1670.84,1747.04,0.141039,0.281043,7.10893,0.0277966,0.0081482,0.481763,0.631603,0.455868,0.0830753,1.40977,0.0436423,0.0424752,0.0015134,0.5614,9.7052,252.84,1.3,0.0260723,18.8729
294500,9765.8,0.596057,33.92,33.934,0.0927367,4724.06,2485.17,266.828,13.3414,1140.72,1123.03,0,30.1008,148.242,1673.67,1750.28,0.140586,0.280193,7.09521,0.0273274,0.00813385,0.480545,0.630177,0.455584,0.0824715,1.40562,0.0410362,0.0396495,0.00143059,0.561454,10.1505,259.22,0.9,0.0265093,18.8471
295000,9758.4,0.595605,34.226,33.756,0.08369,4789.01,2481.89,268.074,13.4037,1210.28,1145.24,0,30.8122,148.735,1676.6,1755,0.140452,0.280065,7.0962,0.0274841,0.00813161,0.479862,0.629838,0.455833,0.0840902,1.41029,0.0448578,0.0435111,0.00151023,0.561981,9.85723,254.56,1.1,0.0261812,18.8304
295500,9717.74,0.593124,33.84,33.986,0.0982215,4906.48,2472.93,268.461,13.4231,1271.28,1141.73,0,31.1789,148.431,1679.44,1756.16,0.140331,0.279903,7.10482,0.0276339,0.00813907,0.480499,0.632909,0.456111,0.0856745,1.42523,0.0481158,0.0468405,0.00161126,0.562044,10.2324,261.74,0.9,0.0268936,18.8614
296000,9725.4,0.593591,34.026,34.064,0.0966241,4953.07,2473.56,273.876,13.6938,1299.36,1127.05,0,30.885,148.163,1682.21,1759.4,0.140282,0.279898,7.09467,0.0281686,0.00814703,0.481885,0.637479,0.456682,0.0857981,1.42905,0.0476727,0.046448,0.00162722,0.561087,10.7259,268.16,0.9,0.0275248,18.8384
296500,9745.16,0.594797,34.168,34.35,0.095113,4883.82,2475.87,278.112,13.9056,1223.67,1131.47,0,30.4641,148.561,1684.82,1763.54,0.139837,0.279105,7.08915,0.0285506,0.00816145,0.483021,0.638964,0.456999,0.0855936,1.42032,0.0499343,0.0482902,0.00188087,0.560658,10.1353,260.08,0.9,0.0266524,18.8711
297000,9768.3,0.59621,33.98,34.012,0.0909684,4770.95,2478.06,269.728,13.4864,1142.96,1119.91,0,30.1191,148.626,1687.83,1766.22,0.139315,0.278155,7.08909,0.0276243,0.00815223,0.482457,0.638802,0.456831,0.0847126,1.40907,0.0477577,0.0462687,0.00166173,0.560788,9.87846,257.8,1.38,0.026592,18.8826
297500,9780.66,0.596964,34.012,34.078,0.0973832,4726.27,2478.51,270.75,13.5375,1148.15,1126.09,0,30.1461,148.311,1691.05,1769.72,0.138791,0.277173,7.09039,0.0276908,0.0081431,0.480322,0.636434,0.456373,0.0826245,1.404,0.0459346,0.0445854,0.00159833,0.561385,11.0689,273,1,0.0279285,18.8771
298000,9768,0.596191,34.322,33.892,0.0896273,4790.86,2477.22,272.141,13.6071,1217.98,1141.61,0,30.7426,148.309,1693.65,1772.6,0.139011,0.277632,7.10652,0.0278717,0.00813612,0.479338,0.634523,0.456263,0.0814642,1.40941,0.0473635,0.0457889,0.00159701,0.561043,10.1354,258.4,1.2,0.0265754,18.8442
298500,9767.04,0.596133,34.086,34.054,0.0927386,4919.51,2477.35,274.189,13.7094,1280.86,1144.51,0,31.1363,148.595,1696.51,1775.48,0.138675,0.276992,7.1212,0.0280855,0.00813244,0.479504,0.635827,0.456347,0.0817928,1.42204,0.0484652,0.046752,0.00161752,0.560741,10.2304,261.78,1.74,0.0272234,18.8739
299000,9748.02,0.594972,33.946,34.096,0.0944381,4961.39,2470.95,269.181,13.4591,1299.84,1135.13,0,30.9057,148.424,1699.18,1778.56,0.138577,0.276743,7.11365,0.02762,0.00813736,0.479858,0.638318,0.456511,0.0815342,1.42814,0.0506703,0.048725,0.00172559,0.560728,9.41321,248.34,1.3,0.0257343,20.4932
299500,9772.58,0.596471,34.16,34.284,0.091174,4892.73,2476.32,269.933,13.4966,1229.85,1133.71,0,30.5137,148.557,1702.22,1782.34,0.138433,0.276412,7.11744,0.0276312,0.00814608,0.48086,0.63926,0.456729,0.0812625,1.41919,0.0453369,0.0440326,0.00165922,0.560305,9.74631,255.24,0.9,0.0260701,19.5684
300000,9830.88,0.60003,34.4,33.6385,0.0786521,4420.85,2480.46,254.95,12.7475,970.727,1135.55,0,29.672,148.341,1704.64,1784.04,0.136847,0.273315,7.11634,0.0259287,0.00812856,0.478279,0.631057,0.456036,0.0764065,1.37074,0.044159,0.0431045,0.00143029,0.562282,11.7691,283.885,0.884615,0.0288433,18.946
