tick,population,occupancy,births_per_tick,deaths_per_tick,starved_share,inflow_in,cost_out,transfer,transit_loss,overflow,death_loss,extinct,energy_mean,age_mean,generation_mean,generation_max,active_params_frac,expressed_hidden_frac,msg_bandwidth,transfer_per_cell,eta_mean,div_weights,div_learning,div_masks,weight_drift,habitat_match,bonds_per_cell,bonded_frac,bond_flow_per_cell,reward_gate_mean,group_size_mean,group_size_max,groups_5plus,in_groups_5plus,ticks_per_s
500,8521.44,0.520107,31.8,31.938,0.00319926,4455.03,2766.36,16732.4,836.623,2.32291,861.416,0,27.4175,152.683,3.79676,15.04,0.26717,0.508509,5.92294,1.96253,0.00553069,0.0271283,0.027556,0.0846601,0.0382775,1.49383,0.872456,0.668434,0.0351792,0.597758,5.96552,139.56,216.2,0.176169,41.6645
1000,8632.06,0.526859,27.366,27.254,5e-05,4495.21,2791.66,17823.5,891.175,4.18513,783.501,0,28.8129,154.064,6.89909,16.04,0.26676,0.508318,5.89441,2.06477,0.00553036,0.0373468,0.0374457,0.114101,0.0392026,1.48785,0.77574,0.623083,0.0325435,0.597771,3.74226,103.1,124.84,0.0954323,42.6041
1500,8676.74,0.529586,28.772,28.75,0,4509.12,2786.19,17532.5,876.624,2.23396,821.621,0,28.3563,149.16,10.0979,18.74,0.264591,0.504609,5.80481,2.02057,0.00553654,0.0451613,0.0465164,0.136012,0.0381275,1.48476,0.76218,0.6162,0.0339695,0.597879,3.7353,103.46,122.6,0.0927697,42.8995
2000,8726.78,0.53264,29.85,29.68,6.26959e-05,4525.68,2789.08,17718.1,885.904,3.287,866.829,0,28.5697,152.168,13.3444,22.88,0.263304,0.502587,5.72136,2.03034,0.00554168,0.0520697,0.0537514,0.154103,0.0392639,1.48161,0.772113,0.622194,0.0356406,0.59792,3.63445,99.28,130.78,0.0973076,44.0656
2500,8782.5,0.536041,28.916,28.81,0,4546.06,2801.82,17912,895.601,3.38542,835.4,0,28.6385,151.961,16.5308,25.94,0.263013,0.502361,5.6881,2.03952,0.0055405,0.0575697,0.060043,0.17071,0.0392862,1.4789,0.762662,0.616129,0.0352209,0.597899,3.69175,104.14,122.54,0.0906304,44.344
3000,8853.2,0.540356,29.514,29.374,0,4571.1,2812.72,17928.5,896.427,3.70005,849.137,0,28.5155,150.883,19.6809,29.06,0.261813,0.500403,5.63223,2.02508,0.00554942,0.0625871,0.0659041,0.18546,0.0389961,1.47512,0.757996,0.612694,0.0356524,0.598328,3.62871,100.72,124.5,0.0909924,44.45
3500,8919.44,0.544399,30.006,29.864,0,4592.53,2821.37,18032.3,901.613,3.60534,865.823,0,28.5619,151.483,22.8582,34.04,0.260751,0.498743,5.56047,2.02169,0.00555913,0.0675919,0.0714348,0.197428,0.0391187,1.4713,0.75773,0.611671,0.0360544,0.598734,3.67452,103.98,131.2,0.0956276,44.4409
4000,8999.02,0.549257,29.93,29.758,0,4620.85,2836.1,18169.6,908.48,5.67342,863.857,0,28.5906,151.242,26.1515,37.98,0.259842,0.49726,5.49841,2.01907,0.00557196,0.0719977,0.0771409,0.207087,0.0393952,1.46728,0.76144,0.610975,0.0357823,0.599202,3.74198,105.06,138.48,0.101056,44.8989
4500,9088.08,0.554692,30.574,30.388,0,4650.31,2850.29,18228,911.403,4.22724,879.563,0,28.5178,151.068,29.4496,40.52,0.258814,0.495603,5.4054,2.00572,0.00558206,0.0765242,0.081703,0.216361,0.0393194,1.46193,0.752182,0.609618,0.0358228,0.599499,3.56374,101.64,127.24,0.0905177,44.7089
5000,9159.58,0.559056,30.624,30.518,0,4672.88,2859.1,18354.3,917.714,5.04089,890.27,0,28.6399,151.471,32.6929,44.24,0.258123,0.494551,5.31207,2.00385,0.0055856,0.0803108,0.0863671,0.226784,0.0398356,1.45783,0.73672,0.599282,0.0353795,0.599822,3.47698,99.8,116.58,0.0831063,43.5596
5500,9209.98,0.562133,30.566,30.502,0,4689.02,2866.29,18389.5,919.477,5.76068,889.315,0,28.6407,151.4,35.9573,47.22,0.257626,0.493761,5.24852,1.9967,0.00559015,0.0841698,0.0918245,0.237355,0.0402919,1.45477,0.738163,0.59886,0.0356208,0.599998,3.47622,100.14,120.6,0.0852484,44.2348
6000,9263.6,0.565405,31.086,30.97,0.00019802,4705.9,2870.86,18427.4,921.369,8.31209,905.999,0,28.6417,151.346,39.1842,51.92,0.256695,0.492323,5.17655,1.98923,0.0056119,0.0880143,0.0972535,0.246095,0.040978,1.45141,0.730298,0.594853,0.0352928,0.599893,3.46045,100.06,121.9,0.0855881,44.231
6500,9306.84,0.568044,30.95,30.908,6.15385e-05,4718.74,2880.29,18513.9,925.697,6.52867,903.773,0,28.7128,151.832,42.4114,55.84,0.256787,0.492711,5.13319,1.98928,0.0056346,0.0914431,0.10041,0.253498,0.0418286,1.44862,0.719766,0.588745,0.0347254,0.599708,3.55309,105.7,113.4,0.0799048,44.2456
7000,9301.2,0.5677,30.92,30.894,0,4717.76,2878.39,18450.9,922.546,6.9499,904.801,0,28.7205,151.201,45.5571,58.86,0.257382,0.493976,5.09484,1.98372,0.0056444,0.0948751,0.103182,0.260367,0.0422975,1.44904,0.713545,0.585666,0.0347926,0.599549,3.53727,105.98,106.64,0.0752615,43.9247
7500,9320.08,0.568853,31.2,31.164,0,4721.81,2875.45,18452.9,922.643,7.96978,918.072,0,28.8102,151.688,48.7964,61.84,0.25744,0.494206,5.01276,1.9799,0.00565446,0.0985561,0.107114,0.266376,0.0432019,1.44787,0.700772,0.576147,0.0339079,0.599476,3.35486,99.24,108.64,0.0757688,43.8692
8000,9342.58,0.570226,31.098,31.1,0,4728.46,2876.92,18487.2,924.361,9.54542,915.068,0,28.8193,151.483,52.0162,65.36,0.256899,0.493397,4.97712,1.97882,0.00565159,0.102171,0.110576,0.272575,0.0434449,1.44595,0.702808,0.574477,0.0342953,0.59942,3.44689,102.72,104.22,0.0736785,44.3906
8500,9347.46,0.570524,31.308,31.246,5.8651e-05,4730.12,2867.12,18514.4,925.718,8.97973,924.173,0,28.9624,151.211,55.0905,69.26,0.255982,0.491951,4.91352,1.98069,0.00565908,0.105428,0.113792,0.277429,0.0432853,1.44573,0.703898,0.574443,0.0348211,0.599548,3.41256,100.5,110.78,0.0788118,42.9009
9000,9387.76,0.572983,31.272,31.202,0,4742.08,2870.01,18615.5,930.775,9.2958,926.925,0,29.0897,151.351,58.2341,72.14,0.255289,0.490757,4.85501,1.98296,0.00566644,0.108347,0.117784,0.281628,0.0439382,1.44304,0.700819,0.57357,0.034313,0.599275,3.38457,101.1,109.78,0.0770923,43.975
9500,9417.6,0.574805,31.368,31.32,0.000130233,4750.49,2871.36,18597.2,929.859,11.6873,934.237,0,29.117,151.49,61.3718,75.82,0.25481,0.489865,4.80397,1.97473,0.00567999,0.110979,0.120946,0.287369,0.0445029,1.44119,0.700884,0.575481,0.0345059,0.599289,3.35653,99.54,103.18,0.0727907,44.5279
10000,9433.44,0.575771,31.604,31.592,6.36943e-05,4754.87,2870.77,18615.1,930.758,14.4264,942.928,0,29.1297,151.329,64.6554,80.64,0.254402,0.489353,4.76926,1.97332,0.00570626,0.113896,0.123401,0.292917,0.0445406,1.4403,0.709216,0.579813,0.0348491,0.599149,3.46864,104.44,110.18,0.0765221,44.2404
10500,9468.16,0.577891,31.502,31.38,0,4765.12,2871.34,18660.8,933.041,14.51,938.233,0,29.2189,151.542,67.9637,84.54,0.253887,0.488465,4.69737,1.9709,0.00573312,0.116556,0.126285,0.298848,0.0449993,1.43807,0.700505,0.575268,0.0347204,0.598814,3.34636,99.2,112.72,0.0768636,44.2838
11000,9499.54,0.579806,31.76,31.678,0,4774.84,2868.38,18680.1,934.003,15.8119,953.199,0,29.3259,151.159,71.1789,87.28,0.253167,0.487368,4.6152,1.96642,0.00575215,0.118871,0.128688,0.302481,0.0460054,1.43614,0.686082,0.564914,0.0340705,0.598314,3.35103,101.84,101.3,0.0711018,44.0164
11500,9511.26,0.580521,31.698,31.734,0.000118036,4777.66,2865.73,18704.1,935.207,18.6781,958.347,0,29.4398,151.839,74.4314,90.26,0.252821,0.487052,4.57328,1.96653,0.00576585,0.121363,0.131255,0.305787,0.0470873,1.43543,0.690537,0.567661,0.0339843,0.598172,3.30597,99.86,100.62,0.0697392,44.5014
12000,9513.02,0.580629,31.582,31.55,0,4778.13,2856.48,18701.8,935.088,19.5898,957.784,0,29.6018,151.324,77.6515,94.76,0.252325,0.48608,4.49865,1.96591,0.00577506,0.123923,0.133821,0.309758,0.0478693,1.43505,0.687055,0.562059,0.0336554,0.598225,3.2842,98.16,109.74,0.0755687,43.9744
12500,9558.42,0.5834,32.104,32.004,0,4790.65,2858.71,18737.8,936.889,21.4686,975.604,0,29.636,151.41,80.8852,99.36,0.25162,0.484598,4.42654,1.96035,0.00578334,0.126484,0.13576,0.312671,0.0482021,1.43211,0.684619,0.562156,0.0338536,0.598164,3.19858,95.38,105.8,0.0721676,44.3247
13000,9590.76,0.585374,31.814,31.768,0.000123457,4801.13,2860.97,18805.3,940.266,22.8938,971.873,0,29.7325,151.9,84.0801,101.84,0.25124,0.484199,4.37484,1.96077,0.00580508,0.128937,0.13909,0.315396,0.0494588,1.4303,0.672383,0.555837,0.0332281,0.598164,3.05274,91.54,97.36,0.0655164,41.9322
13500,9597.4,0.585779,32.058,32.036,0,4803.25,2856.4,18797.6,939.882,22.526,981.706,0,29.7935,151.154,87.2358,105.06,0.250769,0.483574,4.34371,1.95862,0.00580824,0.131281,0.140922,0.318147,0.0498751,1.43002,0.659332,0.547814,0.0327415,0.598383,3.2229,99.82,87.74,0.0608615,42.6176
14000,9626.46,0.587552,32.17,32.16,5.98802e-05,4811.23,2860.62,18832.9,941.643,22.431,988.439,0,29.8075,151.485,90.5326,108.44,0.250398,0.48297,4.31805,1.95637,0.00581696,0.133692,0.142877,0.320829,0.0501582,1.42804,0.667923,0.552957,0.0329285,0.59815,3.20748,97.76,94.7,0.0654323,43.8893
14500,9626.48,0.587554,31.906,31.88,0,4811.67,2860.04,18859.3,942.966,23.9314,979.259,0,29.8941,151.746,93.8172,110.86,0.250567,0.483303,4.30494,1.95911,0.00582884,0.135657,0.144492,0.323595,0.0506545,1.42808,0.658828,0.545462,0.0326819,0.598164,3.18405,97.96,90.34,0.0628282,43.8995
15000,9641.1,0.588446,32.246,32.164,0,4815.05,2859.97,18801.1,940.055,24.3887,990.677,0,29.889,151.531,97.079,114.32,0.250767,0.483796,4.25253,1.9501,0.00584174,0.137749,0.14655,0.326214,0.0512953,1.42723,0.661528,0.547376,0.0326213,0.598655,3.18994,97.78,96.38,0.0659806,42.2731
15500,9656.1,0.589362,32.28,32.286,6.30915e-05,4820.04,2860.74,18785,939.25,25.635,995.393,0,29.8966,151.27,100.263,117.52,0.250831,0.484087,4.20717,1.94541,0.00584117,0.140384,0.1475,0.329028,0.0513907,1.42606,0.649487,0.539524,0.0322564,0.598924,3.21029,100.08,87.04,0.0601189,41.531
16000,9674,0.590454,32.35,32.29,0,4825,2862.03,18794.9,939.745,27.4891,994.585,0,29.8957,151.233,103.617,121.02,0.250519,0.483617,4.19477,1.94283,0.00584043,0.143045,0.148793,0.331443,0.0514058,1.42512,0.644768,0.535031,0.0320949,0.599067,3.19741,100.26,91.7,0.0630292,41.915
16500,9712.7,0.592816,32.292,32.208,6.11621e-05,4840.06,2866.14,18853.3,942.664,27.8653,994.609,0,29.9581,151.506,106.904,125.18,0.250082,0.482912,4.14846,1.9411,0.00585091,0.145641,0.149479,0.334233,0.0520205,1.42391,0.638682,0.53111,0.0317357,0.599297,3.25488,102.7,90.22,0.0616866,41.3277
17000,9773.02,0.596498,32.606,32.528,5.46448e-05,4860.6,2875.88,18950.3,947.514,30.32,1007.83,0,30.0109,151.615,110.081,127.94,0.249365,0.48158,4.11644,1.93904,0.00584073,0.147604,0.14937,0.338388,0.0519015,1.42119,0.628868,0.525736,0.0311021,0.599761,3.17457,101.36,80.66,0.0559298,42.5337
17500,9785.38,0.597252,32.564,32.534,0,4864.42,2882.64,18948,947.398,27.8132,1003.02,0,29.9849,151.431,113.156,132.14,0.249679,0.482169,4.12402,1.93636,0.00584107,0.149475,0.150203,0.341089,0.0515761,1.42035,0.6311,0.526517,0.0311682,0.599715,3.15272,99.8,79.9,0.0552203,43.8762
18000,9796.6,0.597937,32.618,32.606,0,4867.26,2879.99,18934.6,946.73,31.5001,1009.77,0,29.9784,151.856,116.441,135.46,0.248915,0.480994,4.10819,1.93277,0.00585335,0.151328,0.15313,0.343486,0.0520655,1.41937,0.62901,0.525615,0.0313497,0.600111,3.22691,102.68,83.92,0.0582876,43.7923
18500,9797.84,0.598013,32.688,32.702,0,4867.58,2878.39,18979.2,948.961,29.2616,1010.04,0,29.9956,151.413,119.637,139.52,0.248558,0.480379,4.1113,1.93709,0.00585778,0.153388,0.155208,0.346695,0.0523588,1.41932,0.620884,0.519157,0.0307437,0.600602,3.18331,102.56,80.66,0.0552658,42.7932
19000,9818.2,0.599255,32.882,32.826,0,4872.68,2877.86,18979.9,948.997,30.9169,1014.84,0,29.9804,151.241,122.829,141.74,0.248176,0.479619,4.07544,1.93314,0.00586954,0.155379,0.157934,0.350135,0.0537189,1.418,0.612377,0.515383,0.0301659,0.599548,3.06777,98.42,74.3,0.0516323,41.5709
19500,9823.9,0.599603,32.666,32.622,5.31915e-05,4874.2,2871.89,19025.3,951.266,33.7433,1013.54,0,30.14,151.481,126.03,144.86,0.247439,0.47828,4.04101,1.93664,0.00587327,0.157359,0.158619,0.352363,0.0540745,1.41754,0.613692,0.511772,0.03021,0.598679,3.16668,101.78,84.06,0.0568074,42.1935
20000,9832.74,0.600143,32.884,32.924,6.11621e-05,4876.33,2873.99,18984,949.201,34.7926,1021.3,0,30.0362,151.176,129.184,148.66,0.247544,0.478623,4.02884,1.9307,0.00588071,0.159455,0.160674,0.353615,0.0538059,1.41704,0.621,0.518659,0.03061,0.598189,3.16094,101.52,81.9,0.0561689,37.0309
20500,9838.4,0.600488,32.876,32.82,6.41026e-05,4877.83,2875.73,18988.6,949.431,35.9607,1017.15,0,30.0463,151.396,132.379,151.88,0.247935,0.479561,4.0165,1.93005,0.00588594,0.161525,0.162568,0.356187,0.053743,1.41669,0.599716,0.504515,0.0299623,0.597462,3.16381,102.74,77.1,0.0535338,41.9118
21000,9838.24,0.600479,32.698,32.728,0,4878.03,2871.35,18963,948.149,37.662,1014.86,0,30.1116,151.411,135.462,156.34,0.247728,0.479228,3.98474,1.92748,0.00589563,0.163703,0.164819,0.358328,0.0545103,1.41675,0.600884,0.50618,0.0295971,0.597575,3.02791,97.6,68.4,0.0482197,43.524
21500,9857.82,0.601674,32.962,32.93,6.53595e-05,4882.32,2869.35,18996,949.799,40.8766,1022.93,0,30.1928,151.46,138.624,158.26,0.247219,0.478218,3.94397,1.92699,0.00591024,0.16613,0.167714,0.360601,0.0555759,1.41516,0.585083,0.494371,0.0286926,0.597392,3.08175,101,69.46,0.0486119,44.0521
22000,9866.94,0.60223,32.776,32.752,5.89971e-05,4884.75,2866.05,18996.7,949.838,38.1554,1024.07,0,30.3021,151.469,141.624,162.72,0.246851,0.477659,3.90614,1.92529,0.00592583,0.168138,0.169178,0.361192,0.0565285,1.41463,0.586416,0.496069,0.0288402,0.597501,3.03379,99.22,67.46,0.0475156,44.1829
22500,9855.4,0.601526,32.886,32.924,0,4882.02,2857.2,18992.7,949.633,38.7507,1034.82,0,30.465,151.47,144.635,164.58,0.246526,0.477224,3.86791,1.92713,0.00593744,0.169942,0.16997,0.363138,0.057194,1.41516,0.578197,0.488717,0.0287953,0.597625,2.94323,95.38,65.44,0.046676,43.4942
23000,9868.86,0.602347,32.994,32.924,6.11621e-05,4884.98,2857.39,19026.7,951.337,40.6558,1038.49,0,30.4883,151.554,147.918,169.12,0.246312,0.477045,3.84645,1.92796,0.00595673,0.171834,0.171609,0.365234,0.0580509,1.41419,0.581409,0.490705,0.0284835,0.59792,3.13996,104.2,63.22,0.0463751,43.9737
23500,9875.2,0.602734,32.842,32.796,0.000128308,4886.73,2854.66,18982.7,949.137,40.7547,1034.78,0,30.4962,151.278,151.13,172.1,0.246387,0.477202,3.80204,1.92226,0.00597417,0.173774,0.173398,0.366633,0.059468,1.41387,0.566473,0.480479,0.0275617,0.597491,3.11291,104.16,64.02,0.0459041,43.7807
24000,9882.54,0.603182,33.054,33.078,0,4889.04,2852.69,19008.7,950.435,44.7844,1046.48,0,30.5824,151.682,154.518,175.44,0.246012,0.476682,3.78385,1.92346,0.00597084,0.175459,0.175201,0.367788,0.0599057,1.4134,0.56242,0.478164,0.0277333,0.596415,3.13408,106.18,57.48,0.0424591,44.0006
24500,9887.34,0.603475,32.866,32.844,0,4891.08,2852.73,18968.2,948.412,46.577,1037.76,0,30.5726,151.401,157.834,178.22,0.246052,0.476959,3.77201,1.91844,0.00594405,0.177187,0.176673,0.369506,0.0602563,1.41323,0.554024,0.4725,0.0274141,0.595903,3.03648,102.92,53.98,0.0399557,44.1984
25000,9901.72,0.604353,33.106,33.094,0,4895.39,2846.39,18952.3,947.618,49.7224,1052.08,0,30.6496,151.487,161.111,181.84,0.24512,0.475309,3.72132,1.91405,0.00595175,0.178584,0.178937,0.37124,0.0609482,1.41241,0.551497,0.468382,0.0273418,0.594896,3.04922,103.38,59.7,0.0429366,43.9964
25500,9917.54,0.605319,33.026,32.996,0,4899.1,2843.7,18990.5,949.527,49.6655,1050.37,0,30.7614,151.57,164.449,186.16,0.244816,0.474757,3.67697,1.91485,0.00596322,0.180369,0.180394,0.371778,0.0618535,1.41131,0.544237,0.465528,0.0267325,0.594955,3.01004,101.58,53.04,0.0388804,44.2583
26000,9924.42,0.605739,33.19,33.186,0.000119971,4901,2839.86,18975.7,948.786,51.456,1061.41,0,30.8254,151.044,167.661,190.14,0.244438,0.474114,3.63751,1.91203,0.0059767,0.182373,0.182245,0.373192,0.0618044,1.41095,0.550926,0.469021,0.0272175,0.59433,2.93862,98.04,57.18,0.0413978,43.7479
26500,9926.48,0.605864,33.08,33.088,6.96864e-05,4902.07,2843.03,18953.1,947.653,54.2048,1059.55,0,30.7614,151.351,170.938,193.1,0.244597,0.474466,3.65247,1.90934,0.00598094,0.184207,0.183785,0.375266,0.0632004,1.41079,0.548503,0.467575,0.0270147,0.593741,2.90669,97.88,54.8,0.0403617,43.5681
27000,9918.94,0.605404,33.076,33.062,6.0423e-05,4900.11,2839.26,18945.3,947.266,57.3246,1053.12,0,30.7883,151.592,173.861,197.18,0.244288,0.473874,3.65745,1.91002,0.00598952,0.185414,0.185443,0.376837,0.0644495,1.41156,0.549311,0.468075,0.0267034,0.593262,2.98559,100.4,59.54,0.0422032,42.653
27500,9933.2,0.606274,33.088,33.076,5.49451e-05,4903.75,2834.54,18966.1,948.304,59.0109,1060.72,0,30.9092,151.515,176.942,198.74,0.243513,0.472449,3.61723,1.90937,0.00598907,0.186933,0.186251,0.37808,0.0652779,1.41042,0.546067,0.46586,0.0268244,0.593186,3.01225,101.62,55.34,0.0407297,43.0014
28000,9921.24,0.605544,33.144,33.118,6.13497e-05,4901.35,2828.37,18962.5,948.123,61.4318,1063.88,0,30.9599,151.539,180.07,202.88,0.243277,0.472257,3.60722,1.9113,0.00599495,0.188576,0.186974,0.378856,0.0662301,1.41144,0.540546,0.461211,0.0267727,0.593564,2.9083,97.98,55.12,0.0399973,41.3517
28500,9928.2,0.605969,33.106,33.132,5.66572e-05,4903.13,2830.99,18945.3,947.263,61.1452,1064.68,0,30.9454,151.489,183.314,206.1,0.243722,0.473276,3.58828,1.90823,0.00602149,0.190233,0.188525,0.380075,0.0678032,1.41111,0.541382,0.461328,0.0263211,0.593368,2.9114,98.62,58.36,0.0415649,42.3934
29000,9923.64,0.605691,33.032,33.026,0,4902.79,2828.96,18950.3,947.515,61.0595,1063.6,0,31.0209,151.663,186.458,209.6,0.24398,0.473681,3.56449,1.90961,0.00603967,0.191992,0.189316,0.380166,0.0691333,1.41141,0.536479,0.459627,0.0259858,0.594147,2.8651,96.84,53.64,0.0386707,43.7461
29500,9936.58,0.606481,33.02,32.99,5.84795e-05,4905.7,2828.32,18963.2,948.158,58.228,1065.69,0,31.0384,151.437,189.68,213.52,0.24378,0.473255,3.5309,1.90842,0.0060204,0.193772,0.191095,0.380671,0.0694163,1.4105,0.539827,0.46205,0.0262247,0.593939,2.91403,99.32,48.3,0.0363974,43.9018
30000,9949.68,0.60728,33.246,33.22,0.000125838,4908.38,2835.55,18979.7,948.985,56.8643,1071.81,0,30.9709,151.597,192.828,217.98,0.244182,0.474013,3.55617,1.90757,0.00599736,0.195468,0.192454,0.381512,0.0695452,1.40956,0.52062,0.45028,0.0256136,0.593974,2.82914,97.28,46.16,0.0346886,43.5721
30500,9942.02,0.606813,33.092,33.128,6.36943e-05,4906.97,2834.69,18978.3,948.916,56.4098,1067.36,0,30.9676,151.754,196.016,220.76,0.244291,0.474282,3.55996,1.9089,0.00599415,0.197444,0.193342,0.383041,0.0698555,1.41019,0.522627,0.447584,0.0256216,0.593928,2.86866,98.38,50.52,0.0374568,42.3889
31000,9943.08,0.606877,32.978,33.022,0,4906.8,2832.23,18946,947.298,57.2984,1064.63,0,30.9883,151.6,199.33,225.2,0.244223,0.474087,3.53821,1.90545,0.00601051,0.199489,0.194004,0.385076,0.0695816,1.40996,0.515355,0.442572,0.0254095,0.594094,2.93512,101.4,45.68,0.0348724,37.4916
31500,9926.98,0.605895,33.164,33.162,0.000123714,4903.36,2822.17,18948.8,947.439,56.3841,1077.19,0,31.1236,151.495,202.417,227.9,0.24391,0.473439,3.50728,1.90882,0.00603711,0.201616,0.194603,0.386399,0.0700289,1.41113,0.501969,0.436007,0.0252187,0.594593,2.92706,102.8,40.66,0.0320001,37.5737
32000,9934.36,0.606345,33.126,33.098,0.000121042,4904.7,2824.72,18966,948.3,58.4874,1075.36,0,31.1158,151.651,205.728,230.52,0.244096,0.473567,3.50898,1.90913,0.00604853,0.203039,0.195634,0.387382,0.070604,1.41061,0.495844,0.429137,0.0248105,0.594546,2.70864,93.36,48.38,0.0352515,37.7463
32500,9959.82,0.607899,33.092,33.056,5.8309e-05,4911.52,2826.6,19010.6,950.532,57.1347,1072.28,0,31.1278,151.682,208.955,234.56,0.243537,0.472575,3.48467,1.90873,0.00604979,0.204236,0.196892,0.388303,0.0713734,1.40889,0.500537,0.434253,0.0251969,0.594665,2.7437,94.74,40.26,0.0310966,37.518
33000,9958.68,0.60783,33.254,33.278,0.000133482,4910.88,2823.98,19029,951.452,57.0837,1079.77,0,31.1778,151.567,212.066,238.28,0.243584,0.472547,3.46433,1.9108,0.0060529,0.205833,0.197777,0.388772,0.0723029,1.40873,0.482913,0.419715,0.0242793,0.594763,2.73809,95.64,39.48,0.0308534,37.8539
33500,9932.74,0.606246,33.144,33.118,5.91716e-05,4904.25,2818.46,18956.8,947.84,57.5251,1079.73,0,31.2305,151.381,215.02,241.82,0.244009,0.473389,3.45644,1.90852,0.00605739,0.20726,0.198427,0.389876,0.0731184,1.41058,0.484274,0.420924,0.0243563,0.595337,2.84464,100.88,35.24,0.0289603,37.5435
34000,9938.48,0.606597,33.138,33.226,6.06061e-05,4906.25,2819.12,18951.9,947.594,59.5821,1079.72,0,31.2072,151.435,218.154,244.8,0.243971,0.473402,3.449,1.90692,0.00607487,0.208225,0.199611,0.391135,0.0742654,1.4104,0.482455,0.420202,0.0241771,0.595429,2.73667,96.3,36.42,0.0291781,37.5741
34500,9940.96,0.606748,33.138,33.04,6.38978e-05,4906.63,2811.47,18979.3,948.967,62.6072,1080.27,0,31.3355,151.241,221.32,248.46,0.243093,0.471678,3.42247,1.90921,0.00610502,0.209757,0.20055,0.392491,0.0750572,1.41041,0.487131,0.423251,0.0239462,0.595587,2.69752,92.76,40.02,0.0305781,36.9756
35000,9957.94,0.607784,33.29,33.324,0,4911.87,2816.63,19020.2,951.01,58.174,1089.99,0,31.3482,151.612,224.488,251.48,0.243177,0.471896,3.41694,1.91006,0.00613221,0.210899,0.202444,0.393703,0.0758836,1.40928,0.490453,0.425068,0.0245873,0.59454,2.70231,93.48,41.12,0.031018,37.0554
35500,9956.26,0.607682,33.116,33.074,0,4911.02,2815.6,19058.6,952.93,59.7559,1077.49,0,31.3965,151.555,227.69,254.78,0.243175,0.472099,3.41914,1.91423,0.00614565,0.212166,0.204984,0.394406,0.0763453,1.40937,0.48191,0.417895,0.0243658,0.593576,2.73746,95.18,41.98,0.031889,37.0375
36000,9954.7,0.607587,33.172,33.252,0,4911.03,2815.16,19021.9,951.094,61.5415,1083.88,0,31.3202,151.198,230.974,258.7,0.242651,0.471394,3.44665,1.91085,0.00613786,0.213476,0.206513,0.394399,0.07679,1.4095,0.477989,0.414424,0.0237397,0.592387,2.77714,98.12,38.7,0.0301389,37.0125
36500,9931.22,0.606154,33.21,33.194,0,4905.65,2804.69,19081,954.05,62.1402,1084.38,0,31.4664,151.487,234.204,261.96,0.242184,0.470739,3.44304,1.92132,0.00613677,0.214575,0.208162,0.395269,0.0774076,1.41135,0.472309,0.411336,0.0236808,0.59237,2.71132,95.1,37.12,0.0289791,37.4628
37000,9947.56,0.607151,33.072,33.028,5.50964e-05,4909.34,2803.19,19127.3,956.367,65.4582,1081.37,0,31.5169,151.457,237.402,266.54,0.2415,0.469594,3.42251,1.92282,0.006121,0.215904,0.209966,0.396505,0.0766018,1.41016,0.476395,0.413369,0.0239015,0.592907,2.70199,94.98,39.04,0.0306318,37.5341
37500,9957.58,0.607762,33.368,33.36,0,4912.3,2798.14,19112.6,955.632,66.5787,1092.99,0,31.5259,151.204,240.717,271.76,0.240646,0.468057,3.39344,1.91941,0.00614134,0.217226,0.210936,0.397117,0.0779722,1.40944,0.474185,0.411412,0.023596,0.593176,2.7492,96.04,42.96,0.0331378,37.1711
38000,9976.96,0.608945,33.168,33.106,0,4917.17,2807.51,19171.8,958.588,65.8026,1084.05,0,31.4635,151.5,243.754,273.86,0.240821,0.468658,3.42475,1.9216,0.00613477,0.218033,0.211667,0.397445,0.0786354,1.40829,0.475113,0.412963,0.0238234,0.593381,2.68706,93.58,37.28,0.0293982,36.1981
38500,9981.76,0.609238,33.384,33.422,0,4918.89,2807.44,19189.7,959.487,62.2998,1091.23,0,31.5123,151.843,246.909,274.94,0.240665,0.468575,3.41131,1.92248,0.0061545,0.218718,0.212902,0.399821,0.078852,1.40776,0.473854,0.411009,0.023955,0.592996,2.74581,96.88,40.9,0.0317448,37.2281
39000,9986.92,0.609553,33.284,33.228,5.7971e-05,4919.42,2802.91,19181.7,959.087,67.1893,1087.9,0,31.5032,151.032,250.367,278.86,0.239861,0.467061,3.40763,1.92069,0.00615374,0.219811,0.214563,0.401836,0.0787248,1.40733,0.470914,0.409449,0.0237577,0.592442,2.6449,91.76,34.14,0.0274702,37.6594
39500,9981,0.609192,33.334,33.366,0,4918.46,2798.34,19189.4,959.469,71.5537,1092.47,0,31.5013,151.52,253.635,282.14,0.239396,0.466215,3.41199,1.92259,0.00613777,0.221609,0.216039,0.402101,0.0794051,1.40794,0.460725,0.400794,0.0234126,0.592641,2.55461,89.18,36.84,0.0281333,37.6591
40000,9992.5,0.609894,33.296,33.31,0,4920.87,2800.69,19240.2,962.012,71.4918,1087.72,0,31.4968,151.688,256.622,285.3,0.238923,0.465403,3.43187,1.92547,0.00612903,0.222609,0.215702,0.402654,0.0804,1.407,0.461448,0.402963,0.0236314,0.592681,2.76655,98.72,34.54,0.027972,30.8765
40500,9987.1,0.609564,33.204,33.222,0,4919.76,2798.2,19206.9,960.344,74.9351,1081.6,0,31.4974,151.503,259.936,290.36,0.238998,0.46552,3.42221,1.92317,0.00612808,0.224015,0.215477,0.404381,0.0812433,1.40748,0.453498,0.395064,0.0233443,0.59208,2.68692,94.86,38.88,0.030226,34.6654
41000,9990.42,0.609767,33.318,33.278,0.000110152,4921.01,2801.35,19278.1,963.906,72.5352,1086.41,0,31.5084,151.936,263.267,294.62,0.239008,0.465559,3.44207,1.92966,0.00611919,0.225952,0.217517,0.405721,0.0818396,1.40715,0.44676,0.391918,0.0229766,0.59133,2.69072,96.98,29.3,0.0251985,36.89
41500,9991.76,0.609849,33.276,33.268,0,4920.44,2802.56,19257.4,962.868,68.8576,1083.82,0,31.4792,151.439,266.55,298.98,0.239001,0.465607,3.44832,1.92733,0.0061282,0.227505,0.217505,0.407062,0.0818335,1.40691,0.455262,0.396774,0.0231612,0.590927,2.69042,96,35.38,0.0283976,36.551
42000,9994.54,0.610018,33.204,33.174,0,4921.36,2800.31,19276.7,963.835,71.7427,1083.21,0,31.5844,151.823,269.943,302.2,0.23911,0.465865,3.41754,1.92873,0.00611914,0.228594,0.21753,0.408027,0.0812562,1.40691,0.449497,0.392714,0.0227195,0.59142,2.72115,97.08,32.42,0.026953,36.7599
42500,9989.04,0.609683,33.392,33.422,0,4920.57,2800.11,19198.7,959.936,69.7851,1091.52,0,31.5526,151.273,273.16,304.02,0.239699,0.467011,3.39051,1.92198,0.0061292,0.229391,0.217628,0.40943,0.0812174,1.40725,0.448784,0.393803,0.0229226,0.591345,2.7104,97.8,28.32,0.0246559,36.6157
43000,10000.9,0.610404,33.346,33.306,0,4922.99,2802.49,19211.9,960.596,68.8027,1090.2,0,31.6128,151.67,276.372,307.36,0.239972,0.467744,3.37199,1.92103,0.0061178,0.230228,0.217919,0.409682,0.0825486,1.40661,0.444431,0.387856,0.022584,0.590652,2.6805,96.3,35.06,0.0280224,36.8939
43500,9987.84,0.609609,33.212,33.274,5.95238e-05,4920.23,2801.54,19129.2,956.46,69.7368,1091.56,0,31.6527,151.578,279.559,310.66,0.24084,0.469572,3.34759,1.91525,0.00611717,0.2318,0.217203,0.409675,0.0846462,1.40758,0.439989,0.384934,0.0218735,0.589684,2.66082,96.14,34.42,0.0278585,36.8878
44000,9994.44,0.610012,33.31,33.328,0,4921.71,2803.42,19061.2,953.06,71.4367,1096.28,0,31.6462,151.632,282.594,309.28,0.24118,0.47038,3.32329,1.90718,0.00612427,0.233174,0.21718,0.409886,0.086724,1.40708,0.448285,0.393445,0.0222069,0.58953,2.63573,94.26,31.56,0.026097,36.7755
44500,9976.78,0.608934,33.238,33.23,6.07903e-05,4917.34,2798.66,19023.1,951.156,69.0967,1093.92,0,31.7134,151.455,285.924,312,0.241501,0.471263,3.31208,1.90674,0.00613454,0.234085,0.216869,0.410416,0.0876071,1.40829,0.43422,0.380807,0.0213712,0.58988,2.61043,93.62,32.26,0.0262781,36.5041
45000,9992.38,0.609886,33.42,33.394,5.73066e-05,4921.38,2800.33,19009.8,950.491,68.1316,1104.29,0,31.7269,151.426,289.242,314.76,0.241596,0.471497,3.27594,1.90243,0.00615787,0.235116,0.217192,0.410533,0.0894675,1.40722,0.441456,0.387846,0.0217861,0.590291,2.69294,96.98,29.68,0.0252568,36.3691
45500,10001.4,0.610438,33.356,33.3,5.91716e-05,4924.35,2797.55,19016.3,950.815,74.5932,1100.93,0,31.7792,151.445,292.543,318.26,0.24104,0.470486,3.25302,1.90136,0.00617482,0.236267,0.218613,0.411417,0.0902492,1.40663,0.440075,0.388076,0.0216037,0.590301,2.64008,94.92,27.52,0.0240722,36.5773
46000,10003.3,0.610553,33.294,33.382,0,4924.55,2800.02,19053.4,952.668,72.2536,1099.57,0,31.7405,151.479,295.515,324.5,0.241104,0.470658,3.26708,1.90471,0.0061876,0.237438,0.220661,0.412471,0.0904251,1.40641,0.443294,0.389606,0.0220871,0.590645,2.50242,88.46,27.48,0.0230641,37.2048
46500,9998.84,0.610281,33.354,33.288,5.84795e-05,4922.68,2793.6,19011.3,950.566,73.5593,1102.08,0,31.7665,151.355,298.642,328.46,0.241073,0.470737,3.22322,1.90135,0.00621139,0.238865,0.222051,0.412806,0.0914181,1.40672,0.43882,0.384855,0.0217323,0.591069,2.65593,94.64,30.78,0.02586,36.6252
47000,10011.9,0.611079,33.366,33.372,5.58659e-05,4927.06,2794.1,19072.6,953.629,74.9982,1104.6,0,31.8259,151.576,301.457,333.7,0.240718,0.470253,3.21145,1.90499,0.00621401,0.239999,0.222525,0.413166,0.0921051,1.40586,0.435449,0.383377,0.0215172,0.591999,2.57315,92.84,28.7,0.0242122,36.4801
47500,10014.4,0.611233,33.38,33.364,0,4927.67,2794.69,19093.8,954.688,70.5694,1104.14,0,31.8468,151.362,304.622,337.04,0.240793,0.470557,3.20642,1.90662,0.00620417,0.241809,0.222524,0.414145,0.0924199,1.40583,0.433407,0.381594,0.0213681,0.592186,2.50258,88.02,28.8,0.0237858,36.4025
48000,10016.2,0.611343,33.346,33.33,5.89971e-05,4927.51,2793.21,19099.1,954.954,71.855,1106.89,0,31.8773,151.65,308.013,340.66,0.24057,0.470159,3.20934,1.90681,0.0061944,0.243329,0.223141,0.415301,0.0916419,1.40569,0.422813,0.371876,0.0209718,0.592446,2.56117,93.22,25.12,0.0222606,36.6819
48500,10026.3,0.611959,33.55,33.624,0,4929.58,2789.3,19075.7,953.783,76.2718,1115.57,0,31.8773,151.57,311.081,343.62,0.239694,0.4685,3.19365,1.90256,0.00618264,0.24418,0.223701,0.41524,0.0912451,1.40473,0.423086,0.373407,0.0211933,0.593389,2.63877,95.98,28.4,0.024316,36.5918
49000,10018.8,0.611498,33.294,33.224,5.98802e-05,4927.95,2782.65,19100.7,955.035,75.8267,1108.64,0,31.9796,151.606,314.266,346.46,0.23901,0.467235,3.18839,1.90649,0.00616643,0.2454,0.224944,0.415154,0.0914684,1.40535,0.425309,0.37478,0.0211774,0.594357,2.56551,92.68,28.14,0.0238964,35.4571
49500,10022.8,0.611742,33.402,33.406,6.34921e-05,4928.91,2779.9,19092.8,954.64,80.2322,1113.56,0,31.9659,151.424,317.645,350.9,0.238482,0.466264,3.18148,1.90494,0.00616576,0.246619,0.225891,0.415176,0.092643,1.40507,0.424241,0.375025,0.0210829,0.594755,2.62557,95.26,26.56,0.0230181,35.3349
50000,10021.8,0.611683,33.492,33.492,6.15385e-05,4929.23,2781.89,19092.9,954.644,78.3247,1115.79,0,31.973,151.34,321.061,354.2,0.238863,0.466895,3.18274,1.90513,0.00618507,0.24759,0.226503,0.416254,0.0936106,1.40511,0.418275,0.369914,0.0206967,0.594902,2.70074,98.94,23.96,0.0221933,35.6556
50500,10018,0.611451,33.458,33.452,5.8309e-05,4927.42,2778.6,19052.9,952.645,80.5724,1117.89,0,31.9775,151.668,324.34,358.62,0.238794,0.466624,3.16404,1.90186,0.00619967,0.248472,0.227931,0.416852,0.0940169,1.4052,0.421484,0.372304,0.0210124,0.59477,2.62621,95.68,26.94,0.023436,36.0699
51000,10027,0.612002,33.292,33.268,0,4929.76,2774.87,19080.6,954.03,82.8183,1111.2,0,32.0614,151.378,327.629,363.16,0.238409,0.466039,3.13908,1.90292,0.00620607,0.249983,0.230011,0.416929,0.0942201,1.4048,0.402013,0.356994,0.0200828,0.594841,2.55418,93.54,23.66,0.021302,35.5387
51500,10025.8,0.611926,33.408,33.442,0,4929.55,2777.81,19079.1,953.957,83.5133,1117.45,0,32.0309,151.855,330.908,368.24,0.238686,0.466714,3.14872,1.90301,0.0062274,0.250917,0.230706,0.416956,0.0944258,1.40466,0.403209,0.356594,0.0203304,0.594878,2.40565,86.42,19.72,0.0188645,35.5911
52000,10017.1,0.611393,33.336,33.382,5.64972e-05,4927.34,2775.07,19055.7,952.788,84.3698,1114.11,0,32.014,151.4,334.061,371.98,0.238362,0.466207,3.16516,1.90233,0.00623877,0.251822,0.232563,0.417051,0.094522,1.40527,0.400678,0.353294,0.0201083,0.595619,2.48956,91.22,25.06,0.0221498,35.8865
52500,10020.5,0.6116,33.468,33.412,0,4928.35,2774.34,19073.8,953.692,85.5085,1117.36,0,32.0143,151.51,337.301,375.04,0.237929,0.465605,3.17479,1.90349,0.00623181,0.252566,0.233919,0.417184,0.0949845,1.40529,0.40993,0.362419,0.0207507,0.596571,2.48366,90.34,22.02,0.0202354,35.649
53000,10029.3,0.612142,33.482,33.44,5.88235e-05,4930.72,2776.76,19106.1,955.307,84.0002,1115.01,0,31.9862,151.485,340.722,376.82,0.237848,0.465491,3.1773,1.90503,0.00623094,0.254019,0.234871,0.417466,0.0962744,1.40465,0.407476,0.36049,0.0205324,0.596508,2.48298,90.4,24.62,0.0216995,35.5676
53500,10023.5,0.611787,33.302,33.33,0,4929.12,2773.95,19092.5,954.625,86.661,1110.49,0,32.0041,151.47,343.884,379,0.237689,0.464982,3.17805,1.90477,0.00624427,0.255484,0.236188,0.417039,0.0983869,1.40515,0.408823,0.360382,0.0204614,0.595909,2.49084,90.5,24.26,0.0215188,36.4942
54000,10029.6,0.612161,33.598,33.546,0,4930.77,2774.78,19056.2,952.81,89.8294,1117.72,0,31.9734,151.358,346.965,384.7,0.23785,0.46526,3.15763,1.9,0.00624815,0.256231,0.237372,0.417256,0.0991813,1.40449,0.399772,0.353635,0.0200939,0.596536,2.55121,94.2,22.98,0.0209033,36.7378
54500,10022.6,0.611731,33.178,33.3,0,4929.03,2772.2,19037.6,951.878,91.2679,1109.06,0,32.0359,151.66,350.204,387.6,0.238041,0.465709,3.14185,1.89947,0.00627128,0.257162,0.238145,0.418303,0.100907,1.40507,0.397107,0.351436,0.0197586,0.596439,2.5281,93.56,24.44,0.0219629,36.8312
55000,10019.6,0.611548,33.454,33.416,0,4928.21,2769.13,19058.6,952.928,88.6589,1118.07,0,32.0595,151.572,353.443,389.68,0.237747,0.46512,3.13882,1.90213,0.00625612,0.259026,0.238674,0.418873,0.10183,1.4055,0.404275,0.356708,0.0198942,0.596888,2.53402,92.8,25.4,0.0225201,35.7324
55500,10014.7,0.611248,33.4,33.396,0,4927.1,2760.76,19081.2,954.062,91.9332,1116.67,0,32.1521,151.461,356.452,389.96,0.237002,0.463745,3.11291,1.90533,0.00623726,0.260414,0.239195,0.418975,0.101781,1.40554,0.392584,0.347324,0.0194621,0.597345,2.38851,86.22,24.7,0.0212101,35.2553
56000,10018.4,0.611476,33.51,33.488,5.73066e-05,4927.99,2753.36,19109.4,955.47,92.5953,1127.01,0,32.2872,151.275,359.576,389.58,0.236442,0.462665,3.07026,1.90743,0.00624426,0.261638,0.239682,0.420019,0.102136,1.40561,0.391182,0.348014,0.0195459,0.598282,2.35168,84.64,22.82,0.0202548,35.7015
56500,10028.2,0.612073,33.408,33.406,0,4930.13,2756.36,19080.3,954.017,98.1141,1122.21,0,32.2345,151.462,362.634,391.84,0.236574,0.462899,3.06654,1.90267,0.00624338,0.263531,0.239588,0.420461,0.103471,1.40467,0.385236,0.342834,0.019045,0.599053,2.44001,90.08,20.5,0.0194505,35.9274
57000,10020,0.61157,33.428,33.438,0,4928.01,2750.94,19067.1,953.353,96.4096,1126.2,0,32.3158,151.522,365.805,393.44,0.236397,0.462759,3.04921,1.90291,0.00626213,0.26493,0.240342,0.420696,0.105913,1.40525,0.377754,0.335217,0.0186237,0.598958,2.53678,95.06,22.04,0.0206612,36.2006
57500,10036.1,0.612555,33.386,33.362,0,4932.93,2748.51,19119.8,955.991,101.001,1124.91,0,32.3786,151.564,368.942,397.22,0.235422,0.460953,3.03657,1.90511,0.00627458,0.265846,0.241525,0.420493,0.1072,1.40425,0.377209,0.336917,0.0186441,0.599268,2.4577,91.8,19.42,0.0189239,36.0888
58000,10053.7,0.61363,33.578,33.538,0,4936.9,2754.91,19108.2,955.408,99.6852,1128.49,0,32.2808,151.437,371.855,401.62,0.2356,0.461362,3.04516,1.90061,0.00629516,0.266964,0.243068,0.420183,0.109215,1.40309,0.376949,0.335418,0.0184686,0.599246,2.4444,90.46,19.4,0.0188829,36.1673
58500,10043.3,0.612993,33.48,33.478,0,4934.15,2751.72,19116.2,955.811,98.5936,1125.35,0,32.3841,151.543,375.069,404.82,0.235758,0.461849,3.03364,1.90338,0.00629348,0.26797,0.244081,0.421,0.109205,1.40378,0.372769,0.333074,0.0180983,0.598193,2.39323,89.58,20.12,0.0189502,36.0519
59000,10036.4,0.612574,33.404,33.44,0,4932.84,2746.01,19124.2,956.208,98.1684,1128.22,0,32.4541,151.099,378.448,407.14,0.235145,0.460681,3.02624,1.90548,0.00630171,0.268192,0.245135,0.421351,0.108551,1.40411,0.371427,0.332377,0.0181509,0.598134,2.30505,83.32,20.48,0.0185018,36.5498
59500,10035.8,0.612539,33.596,33.638,0,4931.66,2745.85,19109.2,955.462,98.0748,1137.1,0,32.4731,151.506,381.76,410.82,0.235216,0.460925,3.0277,1.9041,0.00631205,0.268756,0.24467,0.421635,0.109488,1.40408,0.367957,0.328661,0.0180067,0.598372,2.46322,92.76,17.4,0.0179404,36.7453
60000,10033.5,0.612397,33.466,33.394,6.21118e-05,4930.5,2744.78,19139.7,956.986,98.6872,1129.38,0,32.4886,151.57,384.899,414.68,0.235012,0.460714,3.03747,1.90758,0.00631059,0.270293,0.246524,0.422738,0.110342,1.40398,0.365215,0.326855,0.0179563,0.598228,2.56814,97.66,18.68,0.0194099,31.2149
60500,10012.2,0.611097,33.208,33.294,0.000121283,4925.42,2743.5,19106.3,955.317,100.288,1124.86,0,32.4856,151.471,388.176,418.76,0.235217,0.461124,3.06841,1.9083,0.00629764,0.27119,0.248775,0.423269,0.110831,1.40545,0.361944,0.323821,0.018049,0.598255,2.27882,83.6,18.1,0.0173654,35.9253
61000,10013.4,0.611171,33.526,33.544,0.000189801,4924.77,2743.49,19047.8,952.393,101.885,1131.31,0,32.4323,151.359,391.417,421.58,0.23498,0.460653,3.08761,1.90224,0.00630101,0.272199,0.250548,0.423875,0.111703,1.40549,0.359772,0.321861,0.017798,0.598102,2.30994,85.48,20.14,0.0184848,38.6526
61500,10000.1,0.610356,33.262,33.276,0,4921.49,2738.39,19048.7,952.437,105.522,1122.59,0,32.5088,151.627,394.62,424.36,0.234707,0.460084,3.08816,1.90486,0.00630191,0.273019,0.25126,0.424183,0.111964,1.40606,0.350197,0.314083,0.0172993,0.597975,2.46048,92.98,16.74,0.0175655,38.6095
62000,10014.3,0.611222,33.418,33.362,0.000118876,4925.52,2738.31,19097.8,954.89,99.0284,1129.94,0,32.5555,151.303,397.715,428.82,0.234403,0.459504,3.06622,1.90705,0.00629738,0.274143,0.251083,0.424924,0.111508,1.40526,0.356944,0.319852,0.0176454,0.597756,2.38345,89.22,15.56,0.0167087,37.8936
62500,10020.4,0.611599,33.424,33.416,0,4926.83,2739.72,19094.4,954.721,101.032,1131.81,0,32.561,151.331,400.778,432.48,0.234176,0.459023,3.0805,1.90555,0.00628986,0.274766,0.251649,0.425456,0.11084,1.40481,0.352749,0.317499,0.0176934,0.598956,2.42917,91.8,15.56,0.0171923,37.5822
63000,10018.5,0.611478,33.438,33.442,5.84795e-05,4925.78,2738.45,19105.1,955.255,103.622,1131.09,0,32.5365,151.547,403.736,436.52,0.234165,0.458888,3.07298,1.90699,0.00628511,0.275662,0.252754,0.426324,0.111152,1.40481,0.353293,0.316461,0.0177264,0.599927,2.34998,88.26,18.88,0.0185566,38.3188
63500,10014.9,0.611263,33.396,33.46,6.0423e-05,4924.76,2735.48,19090.8,954.542,104.41,1129.8,0,32.5453,151.41,406.968,439.3,0.233929,0.458559,3.07032,1.90623,0.00627764,0.276505,0.25381,0.425905,0.111988,1.40509,0.34778,0.313559,0.017352,0.599959,2.43921,92.88,17.5,0.018178,38.7083
64000,10025.2,0.611887,33.35,33.264,0,4927.47,2736.25,19136,956.8,106.41,1125.62,0,32.5895,151.841,410.153,442.94,0.233691,0.458311,3.06733,1.90881,0.00625227,0.276821,0.254154,0.426041,0.111485,1.40437,0.343167,0.308923,0.0169122,0.59963,2.37517,90.28,14.78,0.0161883,38.6199
64500,10030.8,0.612233,33.378,33.382,0,4928.48,2741.13,19149.1,957.457,101.91,1128.93,0,32.5584,151.696,413.374,445.62,0.233967,0.458767,3.08174,1.90903,0.00623744,0.277042,0.255007,0.425963,0.112141,1.40381,0.341528,0.307088,0.0169317,0.599289,2.41473,91.82,17.48,0.0179662,38.6699
65000,10008.8,0.610891,33.436,33.464,0.000181094,4923.79,2736.2,19125.9,956.296,104.638,1130.18,0,32.5639,151.452,416.555,447.84,0.233868,0.458519,3.09461,1.9109,0.00623253,0.277814,0.255795,0.426972,0.112381,1.4053,0.338536,0.304978,0.0171212,0.600554,2.32545,87.94,13.72,0.0155199,38.7776
65500,10003.1,0.610542,33.364,33.436,6.07903e-05,4921.04,2735.79,19064.8,953.239,106.663,1128.08,0,32.5178,151.477,419.895,451.22,0.234013,0.458723,3.09623,1.90589,0.00624197,0.278305,0.256021,0.427673,0.11251,1.40554,0.344825,0.310023,0.0172988,0.601795,2.451,93.76,14.52,0.0165017,38.2748
66000,10005,0.610657,33.28,33.218,5.69801e-05,4921.54,2734.35,19028.4,951.418,106.716,1123.29,0,32.5009,151.374,423.125,455.64,0.23392,0.458747,3.08739,1.90189,0.00624125,0.279313,0.257899,0.428107,0.111637,1.40556,0.342008,0.307988,0.0168227,0.602025,2.52331,96.52,17.16,0.0180662,38.5752
66500,10013.1,0.611152,33.376,33.38,0.000126989,4924.92,2729.59,19000.3,950.013,117.023,1128.13,0,32.5521,151.674,426.254,458,0.2333,0.45752,3.05675,1.89754,0.00624915,0.28014,0.258889,0.428497,0.112454,1.40523,0.330845,0.299572,0.0162162,0.601223,2.39088,92.24,13.42,0.0157726,38.7682
67000,10024,0.611816,33.406,33.304,0.000179912,4926.85,2726.25,19034.7,951.735,111.457,1133.56,0,32.6514,151.512,429.282,460.96,0.232749,0.456293,3.02963,1.89892,0.00626235,0.281137,0.258713,0.428745,0.112215,1.40435,0.332809,0.300873,0.0164134,0.601459,2.26735,85.52,13.42,0.0150855,38.6507
67500,10033,0.612368,33.446,33.54,0.000432035,4928.54,2726.54,18997.8,949.888,117.027,1137.84,0,32.6045,151.433,432.418,463.66,0.232358,0.455628,3.03501,1.89352,0.00626812,0.282752,0.259093,0.428983,0.111537,1.40352,0.3238,0.293468,0.0161787,0.601201,2.22385,83.82,13.46,0.0148767,38.8342
68000,10043.3,0.612993,33.344,33.274,0.000251852,4930.36,2729.56,19020.2,951.008,116.678,1129.36,0,32.5973,151.759,435.318,467.72,0.23215,0.455278,3.05296,1.89382,0.00625646,0.283544,0.259911,0.428567,0.11207,1.40253,0.318311,0.287441,0.0160458,0.601049,2.28013,87.38,15.14,0.01626,38.7495
68500,10039.5,0.612765,33.642,33.654,0.000124641,4930.28,2732.71,18956.8,947.841,116.785,1137.33,0,32.5163,151.17,438.498,471.9,0.232462,0.455887,3.07489,1.88822,0.00623774,0.284966,0.261664,0.428414,0.112056,1.403,0.317868,0.289381,0.0160732,0.600416,2.27312,86.24,11.38,0.0141932,38.6657
69000,10036.2,0.612561,33.484,33.516,0.000117851,4930.17,2735.08,18940.7,947.035,117.496,1132.77,0,32.5123,151.575,441.614,474.56,0.232512,0.456032,3.10381,1.88724,0.0062212,0.286159,0.262445,0.428871,0.111472,1.40331,0.313593,0.283789,0.0156495,0.600235,2.28678,88.26,11.52,0.0144207,38.4188
69500,10025.5,0.611906,33.376,33.368,6.34921e-05,4927.23,2730.82,18908.7,945.433,118.968,1130.52,0,32.5535,151.396,444.629,478.78,0.232351,0.455537,3.10454,1.88606,0.00621482,0.287203,0.264193,0.429231,0.110942,1.4041,0.313282,0.284234,0.0159484,0.600743,2.36727,91.36,12.48,0.0153346,38.5756
70000,10016.4,0.611351,33.436,33.432,0.00018514,4924.11,2732.81,18881.3,944.063,115.655,1133,0,32.5129,151.472,447.777,482.38,0.232842,0.456428,3.12858,1.88504,0.00621162,0.287981,0.26581,0.429507,0.109633,1.40462,0.304514,0.277473,0.0154744,0.60106,2.40873,94.28,9.78,0.0142403,38.6797
70500,10015.6,0.611306,33.388,33.41,0.000233321,4923.34,2732.91,18880.7,944.033,110.884,1133.34,0,32.5574,151.519,450.83,484.62,0.232708,0.456185,3.13045,1.88512,0.00623856,0.28893,0.266909,0.430228,0.109648,1.40442,0.317223,0.286929,0.0158768,0.600009,2.39268,92.84,12.98,0.0157054,38.7815
71000,9998.14,0.610238,33.392,33.378,0.00012843,4919.21,2721.67,18802.1,940.107,124.174,1135.24,0,32.6198,151.298,453.92,487.58,0.232034,0.45499,3.10853,1.88057,0.00622692,0.290267,0.268156,0.430643,0.109176,1.40577,0.314108,0.28352,0.0159856,0.599723,2.25648,85.36,13.54,0.0152111,38.7875
71500,10008.2,0.610851,33.216,33.224,0.000179352,4922.31,2720.25,18802.8,940.139,127.612,1129.99,0,32.6425,151.671,457.137,491.16,0.231336,0.453678,3.10858,1.87874,0.00624114,0.291104,0.268356,0.431061,0.109688,1.40519,0.312081,0.282793,0.0157596,0.60001,2.51931,98.18,13.02,0.0164679,38.0642
72000,10025.7,0.611923,33.54,33.548,0.000182659,4927.32,2724.77,18767.8,938.39,127.772,1138.57,0,32.5808,151.288,460.143,494.62,0.231034,0.453206,3.12351,1.87197,0.00626569,0.29216,0.269432,0.430801,0.110151,1.40401,0.30765,0.28001,0.0154537,0.600118,2.30999,89.24,11.02,0.0141436,37.7808
72500,10014.2,0.611217,33.296,33.312,0.000423741,4924.54,2725.56,18721.7,936.083,133.122,1131.33,0,32.5834,151.933,463.325,497.86,0.231168,0.45345,3.15805,1.86952,0.00625074,0.293138,0.272847,0.430478,0.112169,1.4048,0.300691,0.272737,0.0152549,0.599527,2.32371,90.8,11.56,0.0147498,37.8094
73000,10013.3,0.611165,33.416,33.382,0.000641299,4923.21,2722.46,18630.1,931.505,132.992,1130.62,0,32.5723,150.992,466.439,501.92,0.230856,0.452786,3.15267,1.86054,0.00625011,0.293637,0.275406,0.430534,0.112776,1.40481,0.300746,0.274017,0.0151889,0.598708,2.36089,91.66,10.64,0.0142017,42.5998
73500,10011.6,0.611062,33.49,33.52,0.000304468,4923.8,2726.96,18583.2,929.159,136.361,1138.07,0,32.5909,151.657,469.612,505.6,0.231454,0.45398,3.17087,1.85616,0.00625307,0.294678,0.277619,0.430245,0.114605,1.40514,0.287873,0.262671,0.0144629,0.597954,2.26234,88.28,9.72,0.0134163,46.0182
74000,10003.2,0.610547,33.312,33.352,0.000488677,4921.2,2722.89,18468.3,923.414,138.173,1134.25,0,32.5455,151.21,472.692,510.64,0.231576,0.454209,3.14827,1.84624,0.00624227,0.295061,0.278387,0.429943,0.114342,1.40563,0.281179,0.258033,0.0140625,0.598692,2.15006,83.26,8.36,0.0121817,45.7569
74500,10012.9,0.611141,33.38,33.314,0.00070396,4924.04,2723.1,18450.1,922.503,144.725,1132.72,0,32.5707,151.457,476.051,516.52,0.231577,0.454185,3.12559,1.84263,0.00625987,0.29578,0.280144,0.430039,0.116102,1.40508,0.281488,0.257584,0.0140206,0.599346,2.20063,85.46,7.9,0.0121969,47.6997
75000,10004.1,0.610604,33.354,33.406,0.000722404,4921.92,2722.2,18366.3,918.315,147.247,1134.23,0,32.5342,151.285,479.186,519.2,0.231708,0.454396,3.13124,1.83587,0.00626242,0.296636,0.280776,0.429894,0.116472,1.40565,0.280225,0.256292,0.0141106,0.599537,2.33929,92.36,7.88,0.0128126,47.7074
75500,10001.9,0.610468,33.438,33.506,0.000502191,4921.49,2716.83,18335.1,916.755,149.006,1142.14,0,32.5741,151.568,482.368,523.78,0.231057,0.453283,3.12542,1.83316,0.00628023,0.297695,0.281537,0.430507,0.116421,1.40591,0.278006,0.254032,0.0139169,0.59819,2.33113,92.64,9.92,0.0138703,47.6814
76000,10009.3,0.610917,33.256,33.158,0.000596768,4922.8,2721.11,18308.9,915.447,154.981,1127.46,0,32.5535,151.588,485.792,527.68,0.230883,0.453056,3.15612,1.8292,0.00628532,0.297782,0.283078,0.430518,0.117362,1.40509,0.279777,0.25501,0.0139641,0.597862,2.4297,96.22,11.2,0.0149486,47.4298
76500,10018.6,0.611486,33.44,33.452,0.000476924,4924.33,2721.84,18192.7,909.634,153.97,1140.69,0,32.51,151.519,489.126,530.88,0.231101,0.453511,3.13371,1.81589,0.00628874,0.298045,0.284344,0.430785,0.117719,1.40459,0.272988,0.249242,0.0134781,0.598414,2.38816,94.82,8.52,0.0134769,47.1442
77000,10007.7,0.610822,33.436,33.442,0.000653714,4922.39,2720.17,18120.7,906.036,157.412,1139.38,0,32.5651,151.404,492.324,535.48,0.230958,0.453473,3.1508,1.81068,0.00627421,0.298613,0.286675,0.430785,0.117622,1.40525,0.27134,0.247405,0.0135285,0.59821,2.33008,91.92,10.56,0.0144382,47.1446
77500,10008,0.610842,33.332,33.334,0.000714262,4923,2723.16,17986.6,899.328,161.319,1138.77,0,32.4981,151.352,495.545,539.3,0.231202,0.453878,3.16883,1.79721,0.00625921,0.299539,0.288134,0.430536,0.118517,1.40533,0.266027,0.243231,0.0131765,0.597199,2.33444,93.1,8.38,0.0131738,47.3852
78000,10014.9,0.611261,33.384,33.384,0.000861256,4924.67,2730.55,17841.6,892.082,165.942,1140.41,0,32.3796,151.746,498.774,543.54,0.231754,0.454969,3.19338,1.78151,0.0062142,0.300052,0.288978,0.431032,0.118529,1.40493,0.266257,0.243478,0.0133674,0.597765,2.29174,90.36,10.56,0.0141066,47.5183
78500,10007.3,0.6108,33.29,33.328,0.000356711,4923.16,2730.46,17775.1,888.753,167.879,1135.35,0,32.3742,151.432,502.209,547.46,0.23187,0.455272,3.20587,1.7762,0.00619644,0.300536,0.289996,0.431358,0.119114,1.40563,0.263819,0.241073,0.013271,0.597473,2.32586,93.04,10.74,0.0145629,47.5355
79000,9976.32,0.608906,33.358,33.37,0.00141996,4914.16,2729.65,17627.7,881.387,172.98,1135.72,0,32.3088,151.281,505.097,548,0.232282,0.455875,3.26211,1.76696,0.00617283,0.300935,0.292589,0.430542,0.120118,1.40747,0.261371,0.238642,0.0133232,0.596772,2.38339,94.28,10.56,0.0145968,47.4948
79500,9987.84,0.609609,33.326,33.352,0.00114146,4916.51,2739.97,17526.7,876.336,171.584,1132.05,0,32.1837,151.641,508.32,551.24,0.23269,0.456617,3.3051,1.75481,0.00615926,0.301368,0.295786,0.430215,0.121219,1.40634,0.261993,0.239899,0.0131619,0.596774,2.30155,91.78,6.46,0.0120692,47.0418
80000,10006.6,0.610757,33.352,33.254,0.00118091,4922.53,2746.92,17385.1,869.256,178.292,1125.45,0,32.0284,151.207,511.255,555.54,0.23279,0.456781,3.32416,1.73736,0.00614847,0.302176,0.298256,0.430779,0.121381,1.40566,0.25505,0.234236,0.0128146,0.596972,2.37613,95.06,10.4,0.0145155,38.7983
80500,9998.12,0.610237,33.372,33.424,0.00132283,4920.2,2743.69,17264.7,863.234,183.603,1132.39,0,32.0011,151.344,514.143,557.62,0.2325,0.456342,3.33149,1.72679,0.00614207,0.30238,0.300536,0.430861,0.120004,1.40608,0.257068,0.235421,0.0129113,0.597704,2.42091,97.54,9.8,0.0143114,37.607
81000,10005.8,0.610707,33.37,33.332,0.00138764,4922.76,2747.4,17211.5,860.574,187.023,1127.01,0,31.9962,151.597,517.103,557.7,0.231923,0.455422,3.38585,1.72015,0.0061349,0.303396,0.302843,0.431813,0.119175,1.4057,0.249055,0.229227,0.0125777,0.596394,2.32594,92.92,7.18,0.012583,38.9135
81500,10023.2,0.61177,33.482,33.438,0.0012676,4927.94,2751.41,17075.1,853.757,196.124,1129.93,0,31.9453,151.502,520.133,556.08,0.23156,0.454738,3.39855,1.70356,0.00615705,0.304325,0.305876,0.432217,0.121361,1.40474,0.250805,0.230189,0.0127331,0.595061,2.48936,100.64,8.16,0.0138134,38.7842
82000,10031.6,0.612281,33.386,33.412,0.00215796,4929.18,2753.24,16909,845.45,196.22,1129.5,0,31.9077,151.377,523.201,559.6,0.231446,0.454759,3.4046,1.68557,0.00615734,0.305665,0.306968,0.432107,0.122058,1.40398,0.246215,0.225542,0.0123877,0.594587,2.23402,89.46,10.76,0.0139837,38.4745
82500,10041,0.612855,33.546,33.444,0.00237469,4930.52,2755.55,16794.4,839.721,200.743,1135.99,0,31.8816,151.537,526.476,562.96,0.23141,0.454802,3.40932,1.67259,0.00613062,0.306416,0.30729,0.431624,0.123501,1.40308,0.237503,0.218188,0.0121583,0.594715,2.38879,95.66,10.5,0.0144152,38.857
83000,10055.4,0.613735,33.552,33.574,0.00266625,4934.73,2763.35,16604.2,830.208,205.398,1136.51,0,31.7869,151.591,529.872,567,0.231404,0.454944,3.44486,1.65127,0.00608891,0.30682,0.308378,0.431618,0.124556,1.402,0.234648,0.215826,0.0120606,0.595744,2.26994,91.82,6.92,0.0121801,38.979
83500,10041.2,0.612864,33.436,33.494,0.00217746,4930.56,2759.49,16457.9,822.893,210.689,1139.42,0,31.7888,151.647,533.033,570.18,0.231118,0.454284,3.46583,1.63904,0.00605848,0.307274,0.309737,0.431374,0.125351,1.40279,0.226181,0.208492,0.0116354,0.597835,2.30524,94.34,5.78,0.0120979,38.8381
84000,10031,0.612241,33.48,33.478,0.00233305,4927.29,2762.73,16291.3,814.565,216.799,1135.66,0,31.6465,151.394,536.2,573.64,0.231626,0.455195,3.50071,1.6241,0.00603786,0.30745,0.311713,0.431459,0.123977,1.40351,0.22179,0.20497,0.0115607,0.600344,2.30988,94.02,5.36,0.011626,38.5855
84500,10022.9,0.611749,33.562,33.558,0.00366056,4925.5,2764.52,16157.7,807.885,219.947,1135.23,0,31.6454,151.378,539.313,576.62,0.231822,0.455644,3.52942,1.61207,0.00602454,0.307895,0.313918,0.431249,0.124823,1.40418,0.22441,0.207012,0.0116963,0.600868,2.3682,96.18,5.56,0.0119911,38.5833
85000,10012.6,0.611122,33.306,33.392,0.00424863,4923.08,2764.88,16043.8,802.192,226.619,1131.72,0,31.6271,151.636,542.132,582.98,0.231686,0.45545,3.56666,1.60236,0.00598498,0.308821,0.314851,0.430984,0.125532,1.40471,0.220143,0.203135,0.0113951,0.599386,2.43285,99.04,5.8,0.0123481,38.8951
85500,9996.64,0.610146,33.416,33.358,0.00310449,4918.34,2766.3,15836.4,791.822,232.355,1129.76,0,31.4612,151.264,544.966,588.46,0.231865,0.455852,3.6215,1.58418,0.00596429,0.310229,0.316979,0.430722,0.125251,1.40598,0.222924,0.205698,0.0115932,0.599046,2.42887,98.86,5.64,0.0122846,38.9384
86000,9998.38,0.610253,33.368,33.456,0.0046784,4919.1,2774.45,15751.3,787.567,234.928,1124.96,0,31.3953,151.339,547.805,589.74,0.232195,0.456493,3.67933,1.57539,0.00595654,0.311161,0.319496,0.429893,0.124399,1.40588,0.215927,0.198868,0.0113855,0.597738,2.3154,94.92,7.06,0.0128343,38.603
86500,9996.58,0.610143,33.406,33.382,0.00448381,4918.53,2785.17,15586.9,779.347,226.336,1126.87,0,31.3831,151.373,550.621,594.48,0.23299,0.457993,3.74239,1.55922,0.00593505,0.311806,0.321747,0.429234,0.123356,1.40584,0.213077,0.197242,0.0114711,0.59663,2.3676,96.94,5.22,0.0118642,38.1308
87000,9977.56,0.608982,33.306,33.344,0.00387163,4913.56,2782.6,15397.1,769.856,236.178,1124.1,0,31.34,151.291,553.443,596.58,0.233337,0.45879,3.75477,1.54317,0.00592851,0.312187,0.322617,0.429019,0.123064,1.40727,0.206808,0.19145,0.0108397,0.596576,2.33057,95.42,5.12,0.0116927,38.5332
87500,9972.46,0.608671,33.31,33.316,0.00419343,4911.61,2785.16,15243.7,762.187,244.462,1124.85,0,31.2842,151.522,556.282,599.72,0.233162,0.458323,3.80333,1.52859,0.00592309,0.312652,0.324143,0.429143,0.124267,1.40724,0.207399,0.190812,0.0112554,0.596955,2.46319,100.86,8.98,0.0143864,38.5955
88000,9946,0.607056,33.216,33.28,0.00490568,4904.97,2782.37,14989.1,749.455,253.667,1121.78,0,31.1683,151.349,559.19,602.84,0.233391,0.458711,3.83823,1.50705,0.0059191,0.313506,0.325394,0.42851,0.124281,1.40905,0.201825,0.187201,0.0107973,0.596183,2.34137,95.46,5.66,0.0121494,43.6534
88500,9936.56,0.606479,33.242,33.24,0.00425963,4902.31,2788.91,14767.5,738.374,260.631,1120.9,0,31.0547,151.244,562.01,605.16,0.233775,0.459397,3.91016,1.48618,0.00591209,0.314062,0.326301,0.427757,0.125607,1.40967,0.200709,0.185779,0.0109615,0.594281,2.40365,98.58,4.2,0.0116076,47.0104
89000,9954.58,0.607579,33.378,33.332,0.00363781,4907.51,2800.7,14541.6,727.079,265.104,1118.33,0,30.9186,151.273,564.771,607.68,0.234234,0.460123,3.95603,1.4608,0.0058901,0.314176,0.327386,0.427493,0.126315,1.40874,0.1968,0.182242,0.0106666,0.594092,2.44807,100.94,6.84,0.0131794,45.3436
89500,9954.16,0.607554,33.162,33.196,0.00512759,4907.22,2808.99,14273.7,713.684,276.119,1111.36,0,30.6871,151.202,567.687,611.18,0.234523,0.460563,4.02039,1.43394,0.0058639,0.314488,0.328022,0.426252,0.126722,1.40846,0.195769,0.18125,0.0105875,0.593898,2.37215,97.7,5.5,0.0121864,44.5947
90000,9934.54,0.606356,33.186,33.196,0.00483234,4901.5,2814.05,14069,703.451,279.277,1106.48,0,30.6227,151.432,570.774,614.58,0.235241,0.461786,4.09138,1.41617,0.00584052,0.314868,0.32676,0.425013,0.127385,1.40986,0.189677,0.175872,0.0102562,0.592528,2.39334,99.02,5.18,0.0121797,43.5297
90500,9914.44,0.605129,33.052,33.078,0.00532904,4897.71,2816.44,13710.3,685.515,289.754,1104.91,0,30.4209,151.082,573.407,617.58,0.235596,0.462579,4.14501,1.38286,0.00582162,0.315692,0.326126,0.423555,0.12496,1.41127,0.191311,0.176422,0.010445,0.591978,2.4989,102.54,6.36,0.0131279,39.0747
91000,9902.7,0.604413,33.202,33.242,0.00607496,4894.1,2819.82,13499.8,674.992,294,1110.83,0,30.4113,151.533,576.282,620.24,0.236123,0.463756,4.18688,1.36324,0.00582749,0.316771,0.32651,0.422739,0.125123,1.412,0.185961,0.172267,0.0101266,0.59078,2.43725,101.04,5.16,0.0123963,38.6135
91500,9895.68,0.603984,32.97,32.984,0.00586635,4891.74,2833.58,13153.1,657.653,303.172,1100.5,0,30.2748,151.399,579.306,624.32,0.237324,0.466032,4.28134,1.32917,0.00582981,0.317092,0.329043,0.421732,0.126124,1.41243,0.177316,0.164563,0.00961289,0.590127,2.61303,107.74,5.52,0.013429,38.0295
92000,9875.32,0.602742,33.102,33.096,0.00666654,4886.69,2842.76,12863.6,643.179,308.99,1100.1,0,29.9696,151.077,582.396,630.04,0.238457,0.468249,4.36048,1.30259,0.00582891,0.317541,0.329781,0.421724,0.12625,1.41364,0.179755,0.166268,0.0100024,0.589149,2.48932,104.06,6.16,0.0133009,37.9952
92500,9851.2,0.60127,32.872,33.04,0.00830849,4879.19,2847.79,12568.3,628.417,311.796,1094.17,0,29.8296,151.349,585.359,632.94,0.239309,0.469992,4.43583,1.27581,0.00580745,0.317048,0.330936,0.420468,0.126459,1.41512,0.173371,0.161103,0.00966741,0.589939,2.5981,107.46,4.04,0.0126343,37.1413
93000,9815.06,0.599064,32.792,32.814,0.00718139,4870.09,2846.48,12320.7,616.036,319.487,1089.65,0,29.729,151.194,588.317,639.42,0.239656,0.470589,4.50656,1.25529,0.00579722,0.316612,0.33386,0.41917,0.127857,1.41746,0.173093,0.159935,0.0096839,0.590421,2.61358,108.76,5.46,0.0135462,37.3774
93500,9787.28,0.597368,32.744,32.78,0.0082098,4860.87,2847.33,11966.6,598.332,328.629,1090.19,0,29.6579,151.422,591.391,642.08,0.240256,0.471613,4.56771,1.22267,0.00578908,0.315201,0.335294,0.41833,0.128427,1.41879,0.163903,0.151899,0.00910019,0.590005,2.68678,109.8,5.58,0.0136148,38.0984
94000,9769.3,0.596271,32.606,32.636,0.00662297,4856.22,2849.53,11685,584.248,336.307,1088.18,0,29.4908,151.251,594.304,646.06,0.240698,0.472465,4.62102,1.19609,0.0057749,0.314783,0.336905,0.41753,0.12697,1.42015,0.161898,0.149733,0.00916132,0.590289,2.56241,106.6,5.64,0.0134759,37.9394
94500,9755.1,0.595404,32.684,32.774,0.00776122,4852.05,2855.76,11333.2,566.66,347.83,1090.88,0,29.3945,151.394,597.301,649.82,0.241667,0.474264,4.67343,1.16176,0.00573623,0.314027,0.338775,0.416075,0.125566,1.42128,0.16407,0.15161,0.00925321,0.591232,2.51667,104.38,4.86,0.0129354,37.3656
95000,9712.06,0.592777,32.496,32.56,0.0105969,4840.81,2861.01,10960.7,548.034,353.896,1084.72,0,29.2855,151.527,600.097,652.42,0.243131,0.476946,4.77196,1.12856,0.00570329,0.312093,0.340401,0.413768,0.125037,1.42407,0.154948,0.143638,0.00880665,0.592285,2.58056,106.8,4.34,0.0127731,37.756
95500,9663.12,0.58979,32.134,32.272,0.00898222,4825.62,2861.76,10505.3,525.266,367.579,1074.65,0,28.9797,151.124,603.229,655.86,0.244476,0.479545,4.84736,1.08714,0.00571257,0.311324,0.342094,0.412303,0.124526,1.42689,0.156668,0.144321,0.00870403,0.593515,2.55474,105.3,4.7,0.0129682,38.3498
96000,9616.32,0.586934,32.428,32.514,0.0104172,4812.81,2859.98,10132.1,506.604,371.706,1082.82,0,28.8988,151.207,606.058,659.16,0.245188,0.48086,4.93402,1.05362,0.00569788,0.310279,0.343639,0.409802,0.122856,1.42998,0.150154,0.138803,0.00851071,0.595616,2.68697,109.92,4.6,0.0133843,38.6485
96500,9595.12,0.58564,32.01,32.052,0.0100191,4806.93,2860.25,9746.02,487.301,383.085,1075.73,0,28.7928,151.065,609.054,660.92,0.24551,0.481573,4.98994,1.01573,0.00567085,0.309201,0.346064,0.407508,0.119891,1.4315,0.143728,0.132648,0.00825032,0.597433,2.69812,111,5.88,0.0143057,38.6394
97000,9593.36,0.585532,32.18,32.1,0.00979463,4805.28,2864.58,9358.26,467.913,400.956,1080.47,0,28.5094,151.075,612.048,664.22,0.245282,0.481362,5.05986,0.975509,0.00566094,0.308023,0.34798,0.405363,0.119099,1.43131,0.139304,0.127954,0.00795898,0.598563,2.60981,107.46,6.98,0.0145566,38.7351
97500,9563.14,0.583688,32.152,32.238,0.0117955,4796.96,2861.93,8962.19,448.109,410.263,1081.2,0,28.4177,150.999,614.751,667.16,0.245362,0.48177,5.12474,0.937146,0.00564142,0.306483,0.346682,0.402832,0.117456,1.43336,0.132704,0.122904,0.00765245,0.599582,2.68861,110.2,5.42,0.0139995,38.8067
98000,9532.12,0.581794,31.864,31.866,0.0125709,4788.57,2864.49,8616.68,430.834,419.635,1073.73,0,28.3144,151.006,617.504,670.94,0.246105,0.483224,5.20842,0.903957,0.00564266,0.30586,0.348288,0.400787,0.116318,1.4353,0.119879,0.112668,0.00704918,0.600482,2.77482,114.46,2.98,0.0131556,38.4045
98500,9536.08,0.582036,31.902,32.026,0.0109173,4790,2878.21,8184,409.2,433.815,1076.52,0,28.092,151.301,620.177,674.24,0.246795,0.484585,5.29902,0.858196,0.00562773,0.304083,0.349163,0.398421,0.115087,1.43509,0.114088,0.107176,0.00681867,0.60179,2.57681,107.08,2.08,0.0118236,38.442
99000,9486.38,0.579003,31.73,31.824,0.0119566,4774.77,2880.8,7679.02,383.951,445.697,1072.24,0,27.9315,151.226,623.043,678.62,0.248022,0.486808,5.41588,0.809441,0.00559017,0.301304,0.349346,0.395307,0.112621,1.43815,0.109039,0.101544,0.00645621,0.603571,2.74276,111.98,2.18,0.0124457,38.6681
99500,9454.72,0.57707,31.752,31.732,0.0125794,4766.12,2884.56,7229.55,361.477,447.876,1075.44,0,27.6893,151.12,625.829,681.86,0.248474,0.487751,5.5324,0.764657,0.00556374,0.298679,0.349032,0.392123,0.110353,1.44021,0.105099,0.0992899,0.00639358,0.604935,2.52132,104.5,2.4,0.0118125,38.8405
100000,9423.82,0.575184,31.38,31.53,0.0129234,4756.64,2889.79,6883.13,344.156,454.335,1067.88,0,27.687,151.299,628.373,682.4,0.249155,0.489132,5.64968,0.730367,0.00555636,0.295275,0.34823,0.388215,0.109288,1.44203,0.100279,0.0944179,0.00611638,0.605699,2.5798,107.66,3.16,0.0126458,31.7647
100500,9376.5,0.572296,31.454,31.482,0.0121359,4741.1,2886.42,6469.73,323.487,470.595,1069.11,0,27.5781,151.359,630.982,684.84,0.249472,0.48981,5.75712,0.689982,0.00553342,0.292707,0.345581,0.385098,0.107598,1.44477,0.0951732,0.0903973,0.00592709,0.604635,2.99866,121.82,1.4,0.0132182,35.6931
101000,9363.74,0.571517,31.286,31.35,0.0123081,4736.62,2893.07,6086.4,304.32,478.491,1061.98,0,27.4117,151.014,633.735,688.06,0.250225,0.491211,5.83003,0.649984,0.00552294,0.290685,0.3427,0.382009,0.107011,1.44542,0.088186,0.0831073,0.00542975,0.60421,2.92509,117.7,2.18,0.0132704,38.6786
101500,9322.14,0.568978,31.336,31.404,0.0113816,4723.74,2890.86,5708.95,285.447,484.129,1066.89,0,27.1582,150.893,636.367,691.24,0.250688,0.492106,5.91398,0.612391,0.00549759,0.288502,0.342897,0.378872,0.107509,1.44786,0.0877256,0.0827791,0.00562263,0.603498,2.61895,107.52,3,0.0127442,39.0567
102000,9293.3,0.567218,31.096,31.09,0.0123138,4715.44,2892.45,5347.62,267.381,491.483,1067.82,0,27.2651,151.366,639.007,693.54,0.251239,0.493155,5.99656,0.575425,0.00547135,0.285984,0.342932,0.375753,0.107737,1.44968,0.0848922,0.0793196,0.00543991,0.603091,2.62914,108.02,3.68,0.0131302,39.0293
102500,9309.54,0.568209,31.162,31.096,0.0126526,4721.55,2909.33,4991.28,249.564,495.646,1067.37,0,27.0093,151.005,641.596,697.56,0.252156,0.495044,6.07006,0.536158,0.00545352,0.283351,0.342225,0.372574,0.106867,1.44897,0.0818664,0.0770329,0.00531133,0.603328,2.97931,120.7,2.58,0.0138311,38.8156
103000,9297.12,0.567451,31.25,31.4,0.0145094,4716.68,2916.62,4608.09,230.405,503.817,1072.82,0,26.7474,150.992,644.066,701.18,0.25287,0.496529,6.15021,0.495614,0.00544148,0.281116,0.341053,0.369174,0.106579,1.44957,0.0767761,0.0725249,0.00502004,0.603657,2.76493,113.36,2.2,0.0128684,38.1922
103500,9267.48,0.565642,31.066,31.014,0.0120264,4708.33,2912.51,4392.62,219.631,505.666,1072,0,26.8121,151.211,646.624,705.84,0.252977,0.496863,6.20277,0.47398,0.00544716,0.280103,0.340122,0.366892,0.106805,1.45164,0.075906,0.0724464,0.00512493,0.603711,2.73534,112.34,1.48,0.0123872,38.6979
104000,9271.96,0.565916,31.074,31.136,0.0120396,4709.65,2918.69,4121.66,206.083,505.898,1077.72,0,26.7254,150.89,649.063,705.38,0.252868,0.496755,6.25715,0.444528,0.00544332,0.278371,0.340679,0.364849,0.106177,1.45133,0.076972,0.0726793,0.00523094,0.603177,2.77552,113.76,1.6,0.0126099,38.7147
104500,9262.98,0.565367,31.082,31.038,0.0127475,4707.75,2922,3819.89,190.994,520.317,1076.74,0,26.696,151.05,651.508,707.76,0.252934,0.49709,6.31592,0.412385,0.00544322,0.276658,0.341589,0.362231,0.106946,1.45186,0.0759697,0.071716,0.00503201,0.602055,2.96357,119.32,2.94,0.0140093,38.6295
105000,9285.88,0.566765,31.21,31.202,0.0141415,4714.74,2929.63,3643.22,182.161,519.675,1086.39,0,26.6225,151.129,653.957,707.48,0.252559,0.496474,6.35024,0.392343,0.00544234,0.274907,0.34205,0.36049,0.107546,1.45065,0.0708494,0.067106,0.00469262,0.601459,2.89955,118.02,2.3,0.0135098,38.8415
105500,9282.42,0.566554,31.11,31.156,0.0141764,4713.19,2931.61,3417.9,170.895,530.18,1080.5,0,26.5186,150.776,656.457,709.42,0.252417,0.496271,6.39714,0.368202,0.00545495,0.272521,0.343329,0.357904,0.106925,1.45078,0.0675861,0.0641966,0.0044762,0.600899,2.82814,116.22,2.38,0.0132644,38.7402
106000,9269.58,0.56577,31.072,31.064,0.0138283,4710.9,2937.5,3186.43,159.322,527.053,1085.45,0,26.5191,150.888,658.761,707.06,0.253181,0.497825,6.45636,0.343752,0.0054544,0.270429,0.342148,0.353518,0.107321,1.452,0.064927,0.0614228,0.00434347,0.600246,2.93924,119.88,2.4,0.0137353,38.0575
106500,9246.68,0.564373,31.052,31.026,0.0142346,4703.58,2934.8,3031.12,151.556,527.957,1090.06,0,26.451,151.139,661.094,710.46,0.25366,0.498757,6.47962,0.327805,0.00544545,0.268875,0.340197,0.351104,0.109141,1.45341,0.0645943,0.0612152,0.00434241,0.599919,2.7934,114.52,2,0.0129391,37.7875
107000,9265.32,0.56551,31.044,31.046,0.0137002,4709.73,2945.18,2936.02,146.801,523.509,1092.91,0,26.4819,150.987,663.618,714.18,0.253888,0.499305,6.5106,0.316887,0.00547215,0.268543,0.340259,0.350276,0.110462,1.45228,0.0652584,0.061833,0.00433253,0.599986,2.83572,115.92,3.18,0.0138179,38.6041
107500,9259.12,0.565132,31.102,31.148,0.0165436,4707.42,2946.01,2814.47,140.723,524.577,1098.82,0,26.3963,150.957,666.347,716.32,0.254066,0.499573,6.53429,0.303962,0.00550147,0.268267,0.34162,0.351068,0.110494,1.45271,0.0663227,0.0630143,0.00426208,0.599966,2.83241,115.6,2.48,0.013347,38.2729
108000,9225.64,0.563088,30.892,30.936,0.0148481,4699.01,2939.78,2695.35,134.768,527.407,1094.59,0,26.5396,151.059,668.894,717.58,0.254148,0.499813,6.57144,0.292161,0.0055329,0.268442,0.34223,0.352701,0.110952,1.45512,0.0671033,0.0633441,0.00446304,0.59989,2.77473,114.1,2.58,0.0132908,38.2597
108500,9228.02,0.563234,31.026,31.07,0.0150024,4698.7,2941.22,2574.61,128.731,536.547,1096.01,0,26.4885,151.106,671.547,719.98,0.254025,0.499655,6.58947,0.278997,0.00555226,0.268819,0.344213,0.354945,0.110933,1.45481,0.0645647,0.0616124,0.00422643,0.600177,2.64397,109.04,2.3,0.0125522,38.8955
109000,9210.4,0.562158,30.976,30.99,0.0163513,4693.82,2937.83,2486.49,124.325,540.388,1093.7,0,26.5025,150.921,673.986,723.66,0.254173,0.500022,6.60544,0.269962,0.00556269,0.269943,0.345257,0.357045,0.110694,1.45597,0.0597115,0.0570427,0.00392962,0.60014,2.9535,120.58,1.7,0.0134956,39.0606
109500,9206.56,0.561924,30.784,30.788,0.014693,4693.07,2940.44,2347.53,117.376,538.222,1092.83,0,26.5416,151.138,676.363,727.04,0.254593,0.500842,6.62509,0.254983,0.00559064,0.270009,0.347004,0.358973,0.111143,1.45641,0.0580012,0.0554444,0.00374404,0.600284,2.83264,115.86,1.56,0.012917,38.8949
110000,9219.36,0.562705,30.958,30.95,0.0166049,4697.18,2942.64,2260.5,113.025,540.856,1099.19,0,26.6235,151.007,678.617,729.14,0.254142,0.500027,6.63074,0.245197,0.00561403,0.269803,0.34549,0.358524,0.111388,1.45571,0.0590939,0.0566446,0.00391035,0.599511,2.86014,116.7,2.38,0.013478,38.4642
110500,9225.06,0.563053,31.048,30.976,0.0149275,4699.98,2947.23,2177.28,108.864,541.416,1102.54,0,26.6234,150.784,681.132,731.76,0.254212,0.500103,6.66086,0.23602,0.00563547,0.269806,0.346111,0.358097,0.111431,1.45577,0.0560419,0.0540411,0.00367821,0.600178,2.65378,110.62,1.2,0.0121403,38.3007
111000,9221.34,0.562826,30.9,30.914,0.0167209,4699.33,2947.33,2128.01,106.4,542.568,1104.46,0,26.7122,151.412,683.813,736.34,0.254133,0.499885,6.6763,0.230769,0.00567097,0.270841,0.34807,0.358989,0.111985,1.45594,0.0557632,0.0538071,0.00360473,0.601117,2.93495,119.12,0.9,0.0128748,37.9665
111500,9229.78,0.563341,30.962,30.996,0.0158978,4703.22,2952.7,2073.83,103.692,543.609,1101.19,0,26.7143,150.867,686.728,742.82,0.254271,0.499954,6.69438,0.224691,0.00571854,0.271522,0.352302,0.359604,0.1128,1.45583,0.0598027,0.0575946,0.00387354,0.602639,2.702,111.96,0.9,0.0120875,38.5266
112000,9219.84,0.562734,30.954,30.906,0.0154833,4700.5,2954.41,1980.58,99.0289,542.616,1102.53,0,26.6783,150.812,689.244,745.44,0.254738,0.500715,6.72357,0.214817,0.00576259,0.271854,0.354725,0.360505,0.113458,1.45665,0.0566031,0.0546443,0.00366353,0.603396,2.58581,107.18,1.4,0.0118462,37.8629
112500,9236.54,0.563754,31.036,31.012,0.0161718,4705.68,2958.01,1894.85,94.7423,549.726,1104.32,0,26.7444,151.291,691.807,747.78,0.254113,0.499458,6.73994,0.205149,0.00579342,0.271768,0.358195,0.361294,0.112295,1.45544,0.052324,0.0509337,0.00334822,0.603308,2.77461,113.92,1.1,0.0124004,37.5013
113000,9212.56,0.56229,30.864,30.954,0.016743,4698.02,2953.22,1769.73,88.4867,553.234,1101.67,0,26.7176,150.804,694.185,749.6,0.254111,0.499275,6.77803,0.192098,0.00583591,0.271352,0.358435,0.360303,0.112227,1.45709,0.049057,0.0476979,0.00309545,0.603286,2.74151,113.22,1.48,0.0125561,37.7827
113500,9220.96,0.562803,30.998,30.96,0.0165969,4700.98,2958.45,1679.96,83.9982,550.329,1108.1,0,26.7959,150.879,696.707,750.34,0.254265,0.499405,6.80022,0.182192,0.0058622,0.271427,0.359166,0.359942,0.112689,1.45675,0.0465432,0.0456257,0.00291606,0.603973,2.89356,117.94,0.9,0.0127536,37.7799
114000,9205.64,0.561868,30.92,30.956,0.0158013,4697.97,2952.89,1592.37,79.6184,554.288,1112.37,0,26.8372,151.225,699.293,752.8,0.253734,0.498333,6.8178,0.172978,0.00587801,0.271729,0.361105,0.359252,0.113409,1.458,0.048406,0.0473174,0.00301517,0.605148,2.8529,117.28,1.1,0.0128456,37.8018
114500,9216.82,0.56255,30.834,30.852,0.0154768,4701.43,2958.38,1541.98,77.0992,554.587,1108.07,0,26.8821,151.18,701.942,756.1,0.253742,0.498418,6.84231,0.167302,0.00590984,0.271472,0.363568,0.358824,0.11436,1.45735,0.0454687,0.0444858,0.00297401,0.605532,2.76798,114.04,0.9,0.0123301,37.798
115000,9200.54,0.561556,30.892,30.886,0.0165118,4695.69,2957.49,1423.84,71.1921,555.399,1111.59,0,26.9551,150.854,704.488,757.82,0.2539,0.498678,6.88241,0.154757,0.00594062,0.271303,0.364876,0.357543,0.113345,1.45826,0.0430374,0.0423981,0.00282829,0.605234,2.8651,117.22,0.9,0.0127066,37.9527
115500,9200.68,0.561565,31.056,31.028,0.0166273,4695.77,2960.29,1344.42,67.221,551.319,1119.08,0,26.9276,150.815,707.014,758.28,0.253863,0.498608,6.91552,0.146122,0.00595025,0.27075,0.364566,0.356754,0.113351,1.45817,0.0423438,0.0416851,0.00267238,0.604305,2.83624,117.1,0.9,0.012692,38.0288
116000,9216.06,0.562504,30.914,30.934,0.0174064,4701.46,2968.49,1255.15,62.7574,556.957,1113.71,0,26.9519,151.118,709.709,760.26,0.253754,0.498475,6.95798,0.13619,0.00596865,0.270452,0.364752,0.356505,0.113863,1.45754,0.040677,0.0402278,0.00256868,0.604146,2.75242,112.8,0.9,0.012201,37.8226
116500,9207.1,0.561957,30.978,31.032,0.0193855,4698.75,2969.85,1174.09,58.7047,554.569,1115.37,0,26.9858,151.015,712.665,760.06,0.253874,0.498732,7.00166,0.12752,0.00598634,0.270553,0.366872,0.356615,0.114595,1.45828,0.0401843,0.0397606,0.00255361,0.604207,2.76694,113.98,0.9,0.0123434,38.0969
117000,9192.56,0.561069,30.744,30.78,0.0183506,4694.06,2967.28,1109.33,55.4667,556.754,1111.85,0,26.9975,150.842,715.793,761.64,0.253459,0.498066,7.04789,0.120677,0.00601614,0.271013,0.368928,0.355575,0.1147,1.45898,0.0411861,0.0405074,0.00259522,0.604094,2.87874,117.88,0.9,0.0127861,37.3664
117500,9151.18,0.558544,30.854,30.832,0.0186532,4680.99,2954.39,1079.21,53.9608,558.464,1115.24,0,27.1527,151.08,718.362,763.92,0.253157,0.497632,7.06558,0.117931,0.00605371,0.271826,0.370148,0.354964,0.115252,1.46126,0.0409118,0.0403218,0.00256311,0.603744,2.87321,117.78,0.9,0.0128352,36.6106
118000,9152.3,0.558612,30.688,30.756,0.0208449,4680.37,2953.29,1055.13,52.7567,555.229,1112.68,0,27.2281,150.809,720.88,767.74,0.252836,0.497036,7.07334,0.115284,0.00609682,0.273236,0.372202,0.355641,0.115588,1.46116,0.0430558,0.0425421,0.00287526,0.603445,2.57887,107.82,1,0.0117982,37.148
118500,9144.42,0.558131,30.802,30.842,0.0195443,4679.76,2952.2,1021.24,51.0619,555.626,1123.13,0,27.25,150.837,723.657,771.12,0.252645,0.496733,7.09497,0.11168,0.0061367,0.274366,0.375185,0.357584,0.116237,1.46188,0.0421816,0.0415211,0.00273545,0.60371,2.70565,111.76,1,0.0122417,37.619
119000,9148,0.55835,30.828,30.678,0.0185717,4679.96,2949.8,1002.47,50.1236,563.288,1115.34,0,27.28,150.827,726.398,773.74,0.252132,0.495786,7.09537,0.109584,0.00616263,0.275027,0.377065,0.359228,0.116981,1.46171,0.0410324,0.0405469,0.00254415,0.603282,2.88375,117.72,0.9,0.0128367,37.7282
119500,9173.98,0.559935,30.782,30.764,0.0187668,4690.12,2960.43,985.487,49.2743,559.16,1124.2,0,27.3502,151.481,728.973,776.14,0.25227,0.49624,7.10996,0.107421,0.0062004,0.275373,0.380553,0.360282,0.118429,1.4606,0.0387169,0.0382132,0.00242009,0.603739,2.67894,111.8,0.9,0.0121538,37.6644
120000,9192.72,0.561079,30.804,30.806,0.0202277,4696.44,2965.53,968.159,48.408,560.045,1116.27,0,27.3003,150.966,731.788,778.76,0.252001,0.495915,7.11364,0.105318,0.00621914,0.27616,0.382578,0.361043,0.118103,1.45961,0.0422071,0.0415761,0.00260354,0.604132,2.76811,113.72,0.9,0.0123361,31.6005
120500,9187.86,0.560782,30.932,30.99,0.0187886,4695.17,2964.07,951.406,47.5703,559.487,1127.95,0,27.2871,150.967,734.283,781.74,0.251936,0.496107,7.11754,0.103549,0.00622638,0.276383,0.381509,0.361169,0.118632,1.46004,0.0421897,0.0416434,0.00259498,0.603756,2.71506,112.9,0.9,0.0122542,35.4209
121000,9201.96,0.561643,30.816,30.768,0.0182851,4699.06,2968.1,934.925,46.7462,560.983,1120.89,0,27.3208,151.193,736.862,784.34,0.25166,0.495746,7.13148,0.101601,0.0062224,0.277043,0.380234,0.360482,0.118621,1.45908,0.0441821,0.0433973,0.00277072,0.603397,2.6679,110.1,0.9,0.0119305,37.9783
121500,9184.3,0.560565,30.914,30.9,0.0169467,4692.81,2964.95,909.661,45.4831,557.257,1124.04,0,27.3675,150.78,739.488,786.5,0.252064,0.496704,7.14219,0.0990454,0.00625402,0.27763,0.380379,0.359275,0.119406,1.46028,0.0421955,0.0414793,0.00251739,0.60337,2.69828,111.56,0.9,0.0121099,38.1313
122000,9182.92,0.560481,30.838,30.874,0.0195937,4693.83,2967.4,892.948,44.6474,559.774,1119.81,0,27.5021,151.192,742.473,789.82,0.252001,0.496712,7.1611,0.0972405,0.00628838,0.278868,0.384128,0.359341,0.120647,1.4602,0.0465349,0.0456178,0.00282807,0.604139,2.70487,112.14,1.1,0.0122812,38.1783
122500,9195.34,0.561239,30.902,30.902,0.0212788,4696.97,2970.9,872.22,43.611,561.312,1122.06,0,27.5595,151.036,745.406,793.52,0.251876,0.496545,7.16991,0.094855,0.00633523,0.280478,0.387581,0.359949,0.120289,1.45948,0.0459272,0.0451682,0.00281204,0.604956,2.79122,114.54,0.9,0.0124215,37.9135
123000,9172.34,0.559835,30.95,31,0.0194933,4690.15,2964.73,848.626,42.4313,561.376,1126.27,0,27.594,151.045,748.124,796.34,0.251908,0.496753,7.17965,0.0925198,0.00638001,0.28177,0.389919,0.361023,0.120891,1.46088,0.0439763,0.0433855,0.00268127,0.605832,2.75126,113.58,1.1,0.0124714,38.1889
123500,9164.68,0.559368,30.736,30.718,0.0198127,4686.61,2961.48,847.75,42.3875,557.271,1118.76,0,27.5685,150.622,750.939,799.9,0.251908,0.496859,7.17807,0.0925019,0.00638888,0.28207,0.390779,0.361819,0.121296,1.4613,0.0442783,0.0434815,0.00280445,0.606103,2.65625,110.56,0.9,0.0120292,38.3292
124000,9169.38,0.559655,30.87,30.862,0.0197592,4688.83,2965.99,837.877,41.8939,557.796,1124.8,0,27.5885,150.72,753.567,803.1,0.252235,0.497528,7.18501,0.0913772,0.00641414,0.282586,0.392696,0.362317,0.122528,1.46104,0.0449345,0.0441253,0.00268001,0.606886,2.77217,113.96,0.9,0.0123912,38.143
124500,9151.9,0.558588,30.794,30.818,0.0182657,4683.06,2959.72,828.339,41.417,561.519,1122.71,0,27.7303,151.301,756.297,805.96,0.251977,0.49699,7.1939,0.0905096,0.00645878,0.283857,0.394856,0.362663,0.123178,1.46199,0.042049,0.0414459,0.00257865,0.60764,2.59243,108.18,0.9,0.0117863,38.0308
125000,9141.56,0.557957,30.656,30.676,0.0192991,4679.54,2955.89,813.107,40.6553,558.525,1120.77,0,27.707,150.74,758.974,809.2,0.251779,0.496618,7.20069,0.088946,0.00649578,0.284746,0.396519,0.362977,0.123516,1.46258,0.0428019,0.0420166,0.00262487,0.607933,2.75339,114.24,0.9,0.0124609,38.5183
125500,9179.12,0.560249,30.81,30.77,0.0182553,4691.29,2966.98,813.049,40.6525,556.168,1123.45,0,27.6729,150.787,761.61,811.88,0.251545,0.496248,7.20759,0.0885763,0.00652478,0.285533,0.398519,0.36342,0.123913,1.46031,0.0407225,0.0400122,0.00248582,0.608721,2.60907,109.22,0.9,0.0118629,38.5628
126000,9165.86,0.55944,30.91,30.938,0.0208254,4686.6,2962.08,804.895,40.2448,562.922,1125.25,0,27.7059,150.891,764.415,815.1,0.25129,0.495735,7.20984,0.0878138,0.0065471,0.286232,0.400887,0.363557,0.123344,1.46078,0.03993,0.0394391,0.00235313,0.609446,2.67862,111.36,0.9,0.0121175,38.2075
126500,9151.5,0.558563,30.814,30.798,0.0191502,4682.4,2958.22,779.742,38.9871,557.209,1125.63,0,27.7944,150.87,767.14,818.64,0.251323,0.495849,7.21906,0.0852047,0.00656284,0.287342,0.403235,0.36348,0.12481,1.4618,0.0383891,0.0377663,0.00225564,0.609825,2.75095,113.88,0.9,0.0124098,38.3247
127000,9174.96,0.559995,30.884,30.9,0.018768,4689.35,2961.9,767.991,38.3996,559.739,1131.19,0,27.8222,150.842,769.679,821.8,0.250644,0.494737,7.22029,0.083705,0.00658656,0.287691,0.404003,0.36334,0.126098,1.46033,0.0394631,0.0387917,0.00236831,0.609771,2.7306,113.24,0.9,0.0123073,38.2191
127500,9158.64,0.558999,30.72,30.762,0.0189511,4685.51,2956.89,757.159,37.858,559.872,1127.22,0,27.8751,150.983,772.167,825.16,0.250523,0.494587,7.22751,0.0826707,0.00661094,0.288543,0.405991,0.362935,0.127309,1.46169,0.0413608,0.0407384,0.00243773,0.609512,2.73895,112.9,0.9,0.0122907,38.3094
128000,9161.08,0.559148,30.87,30.774,0.0196078,4686.17,2956.93,747.138,37.3569,565.16,1126.21,0,27.9559,150.901,774.625,825.92,0.250202,0.49397,7.23198,0.0815556,0.00664068,0.289159,0.407821,0.36244,0.128243,1.46125,0.0427567,0.0420012,0.00250193,0.609311,2.72734,113.44,1.1,0.0124537,37.4274
128500,9180.32,0.560322,30.706,30.758,0.0175476,4691.2,2961.39,751.336,37.5668,566.916,1123.62,0,27.9534,151.228,777.254,829.04,0.250058,0.493704,7.2315,0.0818421,0.00666248,0.289736,0.409561,0.362615,0.129125,1.46022,0.041881,0.0412362,0.00239947,0.609564,2.38455,100.44,0.9,0.010906,37.8498
129000,9164.72,0.55937,31.01,30.97,0.0190085,4685.35,2958.19,765.139,38.257,561.823,1131.24,0,27.9225,150.479,780.036,831.92,0.250397,0.494287,7.23028,0.0834867,0.00667525,0.290345,0.409394,0.362997,0.129865,1.46088,0.0426422,0.041944,0.00250305,0.609794,2.5332,106,0.9,0.0115321,38.9159
129500,9170.94,0.55975,30.656,30.646,0.0190792,4688.45,2961.47,757.102,37.8551,565.457,1118.4,0,27.9798,151.172,783.127,834.58,0.250274,0.494027,7.24882,0.0825553,0.00668824,0.290873,0.411767,0.364339,0.131132,1.46053,0.0395197,0.0391075,0.00226237,0.610166,2.59196,108.38,0.9,0.0117843,38.8966
130000,9161.68,0.559185,30.932,30.956,0.0201356,4685.3,2959.34,755.436,37.7718,566.406,1124.52,0,28.0438,150.846,785.954,837.2,0.250496,0.494383,7.24136,0.0824552,0.00671505,0.291282,0.414844,0.36474,0.13221,1.46113,0.0433703,0.0426126,0.00248936,0.61025,2.6081,108.52,0.9,0.0118068,38.8985
130500,9173.22,0.559889,30.748,30.77,0.0208371,4688.58,2963.5,741.435,37.0718,568.516,1119.64,0,28.0322,151.063,788.895,840.22,0.250442,0.494108,7.25616,0.0808256,0.0067349,0.291887,0.417014,0.365011,0.131956,1.46046,0.0415288,0.0406391,0.00240138,0.610199,2.71563,112.2,0.9,0.012195,38.2147
131000,9170.48,0.559722,30.842,30.828,0.0201773,4687.42,2963.47,748.922,37.4461,562.571,1121.51,0,27.9639,150.684,791.955,843.14,0.250497,0.494278,7.25848,0.0816664,0.00674205,0.293346,0.420051,0.365437,0.131049,1.46038,0.0415567,0.040826,0.00231457,0.610789,2.67663,111.2,0.9,0.0120858,38.6868
131500,9146.7,0.55827,30.778,30.876,0.0191271,4680.77,2956.28,736.323,36.8161,566.842,1122,0,28.0822,150.877,795.131,846.6,0.250519,0.494397,7.26566,0.0805004,0.00673327,0.294454,0.423479,0.365787,0.131581,1.46228,0.0416542,0.0411075,0.00236199,0.61145,2.61912,108.72,0.9,0.0118519,38.5918
132000,9151.36,0.558555,30.776,30.71,0.0198377,4683.03,2959.61,727.891,36.3945,567.167,1120.41,0,28.1447,150.996,798.025,849.7,0.250764,0.494943,7.2669,0.0795391,0.00674403,0.29549,0.424206,0.365967,0.13256,1.4621,0.0418332,0.041088,0.00239165,0.612443,2.6536,110.38,0.9,0.0120289,38.7351
132500,9134.74,0.55754,30.736,30.726,0.0206481,4677.3,2955.51,718.698,35.9349,559.893,1123.33,0,28.1477,150.711,800.76,852.58,0.250829,0.495277,7.27578,0.0786764,0.00677215,0.296504,0.425684,0.365785,0.134596,1.46297,0.0406122,0.0400801,0.00220626,0.612907,2.57711,107.2,0.9,0.0117033,38.4543
133000,9162.1,0.55921,30.92,30.942,0.0202415,4685.99,2962.14,698.742,34.9371,567.302,1126.49,0,28.1457,150.786,803.553,855.74,0.250387,0.494521,7.28104,0.0762655,0.00679685,0.298163,0.428265,0.365766,0.1354,1.46135,0.0422275,0.0415661,0.00233169,0.613018,2.57837,107.84,0.9,0.011733,38.7992
133500,9149.74,0.558456,30.698,30.696,0.0215549,4682.43,2957.84,686.069,34.3035,564.336,1120.64,0,28.2473,150.86,806.482,859.48,0.250023,0.493822,7.29369,0.0749824,0.00680403,0.298999,0.429916,0.365469,0.136269,1.46195,0.0434753,0.0428217,0.00245613,0.613411,2.70657,111.82,0.9,0.0121888,38.6439
134000,9161.48,0.559172,30.78,30.786,0.019128,4686.07,2958.79,714.439,35.7219,566.465,1124.02,0,28.1935,151.001,809.389,863.16,0.249607,0.492981,7.29419,0.0779836,0.00680947,0.299769,0.430827,0.365976,0.135488,1.4614,0.0430843,0.0424621,0.00236916,0.613424,2.71078,112.16,0.9,0.0122067,38.8188
134500,9150.76,0.558518,30.916,30.9,0.0217258,4682.89,2954.6,697.353,34.8677,568.192,1128.78,0,28.2328,150.832,812.333,867.04,0.249336,0.492352,7.29951,0.0762074,0.00682154,0.300689,0.431701,0.366713,0.13521,1.46216,0.0436841,0.0427205,0.00241341,0.612046,2.57558,107.96,0.9,0.0117593,38.708
135000,9157.2,0.558911,30.646,30.606,0.0199761,4684.88,2955.75,679.393,33.9697,570.212,1116.68,0,28.3208,150.914,815.472,868.04,0.248992,0.49159,7.30903,0.0741924,0.00683701,0.301735,0.432035,0.366861,0.137046,1.46155,0.0431319,0.0424045,0.00231595,0.611408,2.78018,114.92,0.9,0.0125137,38.5015
135500,9160.9,0.559137,30.85,30.856,0.020274,4685,2956.48,686.301,34.3151,568.894,1125.71,0,28.3022,150.991,818.358,870.8,0.24897,0.491535,7.31148,0.0749166,0.00685127,0.30277,0.43332,0.366908,0.138506,1.46131,0.0424849,0.041747,0.00236448,0.611147,2.54205,106.32,0.9,0.0115721,38.1133
136000,9173.58,0.559911,31.034,31.054,0.0207673,4689.42,2962.46,683.072,34.1536,568.409,1128.85,0,28.2761,150.572,821.59,873.14,0.249156,0.491745,7.31752,0.0744609,0.0068687,0.303958,0.435239,0.367554,0.139574,1.46054,0.042641,0.0419935,0.0022424,0.61114,2.72793,112.62,0.9,0.0122439,38.04
136500,9175.06,0.560001,30.796,30.764,0.0195332,4690.39,2963.63,657.845,32.8923,566.183,1123.91,0,28.4165,150.95,824.61,876.06,0.249106,0.491691,7.32791,0.0717,0.00688482,0.305419,0.436428,0.368687,0.140138,1.46059,0.0435999,0.0430506,0.00220524,0.610981,2.66423,111.08,0.9,0.0120748,38.8181
137000,9165.6,0.559424,30.88,30.88,0.0208438,4687.17,2959.57,654.823,32.7411,565.572,1127.48,0,28.4034,150.431,827.394,878.38,0.249013,0.491587,7.32197,0.0714432,0.00689454,0.306125,0.436964,0.369673,0.138913,1.46105,0.043482,0.0427095,0.00223548,0.61021,2.77802,114.96,0.9,0.012504,39.0191
137500,9195.62,0.561256,30.928,30.92,0.0219178,4696.42,2968.32,658.513,32.9256,571.271,1125.63,0,28.4185,151.068,830.267,881.54,0.24877,0.491054,7.33013,0.0716109,0.00689996,0.307159,0.440129,0.370522,0.140705,1.4593,0.0422634,0.0414589,0.00223916,0.610336,2.53224,105.92,0.9,0.0114794,38.4829
138000,9206.64,0.561929,31.096,31.022,0.0213268,4700.31,2969.87,664.613,33.2307,568.425,1129.98,0,28.3334,150.536,833.324,884.88,0.248354,0.490224,7.33389,0.072188,0.0069072,0.308313,0.441598,0.370893,0.141533,1.45867,0.0410303,0.0403416,0.00214659,0.610315,2.5864,108.72,0.9,0.0117729,38.4165
138500,9180.14,0.560311,30.93,30.992,0.0204742,4693.18,2963.39,661.988,33.0994,568.189,1130.69,0,28.3754,150.757,836.258,888.36,0.248627,0.490925,7.3339,0.072111,0.00690087,0.309061,0.442184,0.371414,0.14159,1.46054,0.0416602,0.0409042,0.00220944,0.609905,2.55956,107.16,0.9,0.0116343,38.6862
139000,9173.62,0.559913,30.822,30.824,0.0202259,4689.99,2959.74,656.525,32.8263,571.091,1125.24,0,28.4492,150.972,839.208,891.24,0.24856,0.490882,7.33181,0.0715665,0.00689631,0.310045,0.442944,0.372065,0.141474,1.46102,0.0409526,0.0402484,0.00217939,0.609047,2.70335,112.06,0.9,0.012179,38.8477
139500,9174.32,0.559956,30.706,30.76,0.0225645,4690.92,2960.64,654.223,32.7112,568.501,1121.63,0,28.3951,150.608,842.176,894.34,0.248451,0.490566,7.33681,0.0713097,0.00690142,0.310884,0.445172,0.372415,0.14181,1.46078,0.040801,0.0402037,0.00211842,0.608714,2.66856,110.88,0.9,0.0120485,38.8752
140000,9175.26,0.560013,31.032,31.032,0.0199246,4691.09,2963.02,649.055,32.4528,567.746,1136.72,0,28.3364,150.961,845.072,898.02,0.24883,0.491176,7.34146,0.0707397,0.00691166,0.311731,0.44575,0.372495,0.142269,1.46086,0.0392718,0.0387005,0.00210735,0.608458,2.55347,107.22,0.9,0.0116508,31.772
140500,9162.4,0.559229,30.708,30.734,0.0215434,4687.26,2960.36,633.031,31.6516,568.159,1121.88,0,28.4989,151.134,847.982,900.3,0.248865,0.491313,7.34884,0.0690906,0.0069128,0.312986,0.447181,0.372533,0.14338,1.46158,0.041209,0.0405519,0.00215514,0.607966,2.60505,108.7,0.9,0.0118283,36.0242
141000,9155.74,0.558822,30.884,30.904,0.0208041,4684.23,2959.03,625.683,31.2842,567.641,1131.37,0,28.4874,150.855,850.702,903.8,0.24903,0.491723,7.35443,0.0683371,0.00691383,0.314031,0.448815,0.372206,0.145332,1.46197,0.0400394,0.0394583,0.00205988,0.607845,2.35851,99.72,0.9,0.0108555,38.7659
141500,9154.34,0.558737,30.782,30.678,0.0204181,4684.24,2959.05,617.973,30.8987,564.888,1124.05,0,28.5487,150.731,853.668,905.9,0.249015,0.491693,7.35809,0.0675071,0.00691675,0.314848,0.450387,0.372964,0.145826,1.46197,0.0398344,0.039183,0.00205058,0.607873,2.71872,112.58,0.9,0.0122637,38.8877
142000,9192.56,0.561069,30.934,30.936,0.0232787,4696.31,2971.86,623.727,31.1864,564.359,1129.62,0,28.4081,150.678,856.545,909.32,0.249036,0.491808,7.36265,0.067851,0.006923,0.315451,0.451396,0.374245,0.147337,1.45974,0.0410682,0.0405547,0.00214632,0.608411,2.75095,113.52,0.9,0.0123164,38.4247
142500,9172.94,0.559872,30.908,30.926,0.0227146,4691.03,2964.51,626.161,31.3081,564.65,1131.07,0,28.4196,150.874,859.421,911.74,0.248872,0.491589,7.3592,0.0682614,0.0069325,0.316487,0.452603,0.374793,0.147838,1.46099,0.0366892,0.0362772,0.00185599,0.608645,2.63294,109.8,0.9,0.0119321,38.6466
143000,9177.26,0.560135,30.868,30.834,0.021512,4691.14,2965.78,617.203,30.8601,566.596,1127.26,0,28.5094,150.971,862.204,915.28,0.248921,0.491661,7.35667,0.0672539,0.00692615,0.31773,0.453591,0.37432,0.147572,1.46055,0.0410391,0.0403551,0.00210936,0.608457,2.69962,111.76,0.9,0.0121443,38.8826
143500,9159.62,0.559059,30.776,30.862,0.022204,4686.88,2962.93,608.138,30.4069,564.179,1128.18,0,28.5251,150.879,865.138,919,0.249152,0.492042,7.36344,0.0663928,0.00692447,0.318773,0.454881,0.374555,0.146754,1.46162,0.0428441,0.0419576,0.0022176,0.608262,2.69399,112.32,1.1,0.01233,38.2479
144000,9192.56,0.561069,31.1,30.986,0.0231423,4696.01,2969.95,606.46,30.323,564.899,1131.08,0,28.5632,150.692,867.98,923.48,0.248642,0.490917,7.36493,0.0659731,0.00693586,0.320106,0.45595,0.374499,0.147232,1.45965,0.0424855,0.0418175,0.00223062,0.608254,2.72205,112.04,0.9,0.0121524,37.8808
144500,9207.16,0.56196,30.894,30.844,0.0208766,4701.19,2972.62,602.642,30.1321,563.635,1129.82,0,28.5427,150.745,870.808,926.22,0.248167,0.489941,7.37288,0.0654528,0.00695035,0.321114,0.457656,0.374145,0.147605,1.45895,0.0396758,0.0391503,0.00207528,0.608769,2.44375,103.44,0.9,0.0112009,37.6987
145000,9190.76,0.560959,30.982,31.02,0.0225074,4695.33,2965.33,605.737,30.2868,568.389,1130.65,0,28.5799,150.69,873.814,926.44,0.247797,0.489076,7.37256,0.0659066,0.00695889,0.321813,0.459165,0.374871,0.147727,1.45976,0.0398609,0.0394302,0.00201869,0.609032,2.68427,110.4,0.9,0.0119768,38.5009
145500,9188.2,0.560803,30.908,30.956,0.0218161,4695.34,2964.29,607.159,30.358,572.951,1129.53,0,28.7048,150.845,876.692,929.44,0.247473,0.488426,7.38415,0.0660808,0.00696888,0.322055,0.46069,0.374806,0.148769,1.45986,0.0409109,0.0403536,0.00217005,0.608685,2.56936,107.3,0.9,0.0116419,38.4865
146000,9181.3,0.560382,31.02,31.03,0.0217095,4692.57,2960.39,602.021,30.1011,565.706,1137.48,0,28.6716,150.614,879.527,932.98,0.247273,0.487974,7.38266,0.0655703,0.00698345,0.322362,0.46225,0.376148,0.149521,1.46027,0.0385222,0.0378098,0.00197027,0.608097,2.58954,108.16,0.9,0.0117447,38.4463
146500,9182.96,0.560483,30.89,30.924,0.0208456,4692.8,2960.02,591.708,29.5854,569.256,1134.78,0,28.7073,150.793,882.415,936.02,0.246922,0.487204,7.39313,0.0644351,0.00700593,0.323165,0.462449,0.376316,0.149734,1.46009,0.0394218,0.0388359,0.00203955,0.607068,2.48524,104.46,0.9,0.0113409,38.2995
147000,9188.5,0.560822,30.94,30.936,0.0205538,4694.3,2961.83,585.059,29.2529,565.128,1134.38,0,28.7333,150.536,885.432,939.14,0.246819,0.487038,7.39916,0.0636727,0.00703626,0.324066,0.462952,0.376966,0.149278,1.45956,0.0381037,0.0375661,0.00190198,0.606732,2.67711,112.62,0.9,0.0122236,38.5401
147500,9184.5,0.560577,30.93,30.902,0.0207866,4693.31,2958.46,584.482,29.2241,566.977,1137.82,0,28.7079,150.764,888.385,942.9,0.246525,0.486539,7.39817,0.0636383,0.00705361,0.324463,0.464887,0.378175,0.149378,1.46011,0.0388108,0.0383186,0.00197209,0.606552,2.49222,103.62,0.9,0.0112452,38.3978
148000,9192.6,0.561072,31.008,31.056,0.0217359,4696.54,2963.13,593.327,29.6663,569.229,1139.22,0,28.6853,150.603,891.355,946.1,0.246772,0.486955,7.40079,0.0645443,0.00707687,0.32549,0.466766,0.378108,0.148696,1.45949,0.0380093,0.0373653,0.00196408,0.605644,2.66475,110.56,0.9,0.0119888,38.3631
148500,9204.38,0.561791,31.05,30.91,0.0198339,4700,2965.37,591.185,29.5592,570.211,1132.59,0,28.7585,150.84,894.399,949.34,0.246523,0.48667,7.40599,0.064229,0.00710784,0.326628,0.467652,0.378941,0.149532,1.45902,0.0372798,0.0367868,0.00191761,0.605322,2.52617,106.8,0.9,0.0115714,38.4184
149000,9222.74,0.562911,31.036,31.028,0.0207578,4706.26,2969.25,587.443,29.3722,572.315,1135.07,0,28.6921,150.735,897.381,952.3,0.246054,0.485823,7.40911,0.0636955,0.00712493,0.327573,0.469109,0.379724,0.14729,1.45791,0.0364542,0.035847,0.00188996,0.605468,2.5962,109.46,0.9,0.0118299,38.0745
149500,9215.26,0.562455,30.978,31.054,0.0198866,4703.86,2967.74,585.874,29.2937,573.796,1135.59,0,28.655,150.577,900.013,954.98,0.246191,0.4861,7.40792,0.0635768,0.00713402,0.328066,0.468554,0.38121,0.146077,1.45818,0.035337,0.0347575,0.00182291,0.605891,2.65361,110.6,0.9,0.0119701,37.8237
150000,9201.3,0.561603,30.968,30.97,0.0205611,4700.06,2964.84,581.478,29.0739,570.757,1136.65,0,28.7062,151.065,902.856,958.12,0.246483,0.486645,7.40944,0.0631954,0.00713227,0.328629,0.467785,0.382507,0.147253,1.45922,0.0349721,0.0344569,0.00171613,0.605992,2.48204,105.26,0.9,0.0114052,38.9514
150500,9209.26,0.562089,30.886,30.914,0.0209421,4702.25,2965.33,573.52,28.676,572.202,1129.3,0,28.7798,150.905,905.954,960.98,0.246117,0.485838,7.4091,0.0622765,0.00714436,0.329508,0.466539,0.383456,0.147259,1.45871,0.0353173,0.0347156,0.00180505,0.606123,2.63482,109.36,0.9,0.0118362,39.1551
151000,9198.86,0.561454,30.942,30.928,0.0208938,4698.45,2960.94,577.847,28.8924,571.811,1137.06,0,28.7474,150.639,909.058,963.92,0.246015,0.485705,7.40824,0.0628164,0.0071663,0.329763,0.466712,0.383584,0.146929,1.45935,0.0346209,0.0339664,0.00173145,0.606613,2.49965,106.24,0.9,0.0115074,38.8
151500,9201.58,0.56162,31.126,31.074,0.019493,4699.57,2961.18,574.08,28.704,573.717,1141.51,0,28.8607,150.97,911.951,967.72,0.24584,0.485447,7.41025,0.0623904,0.00718318,0.330435,0.467289,0.384045,0.147395,1.45919,0.035435,0.0348502,0.0018284,0.606881,2.64625,110.3,0.9,0.0119522,38.5687
152000,9216.28,0.562517,30.966,30.982,0.021273,4704.43,2964.35,554.623,27.7312,568.474,1137.52,0,28.8072,150.513,915.131,970.98,0.24535,0.484498,7.42408,0.0601793,0.00720966,0.331188,0.469414,0.384861,0.14668,1.4584,0.0364772,0.0359283,0.00180989,0.606709,2.57442,108.24,0.9,0.0117078,38.3358
152500,9224.54,0.563021,31.086,31.08,0.0227747,4707.53,2967.35,552.203,27.6102,575.109,1141.01,0,28.8336,150.824,918.023,973.08,0.245263,0.484327,7.42861,0.0598627,0.00722623,0.331975,0.470553,0.385602,0.148039,1.45789,0.0367197,0.0360194,0.00188528,0.607412,2.6022,109.66,0.9,0.0118494,37.9873
153000,9236.26,0.563737,31.13,31.152,0.021881,4710.55,2970.01,555.119,27.756,573.404,1136.59,0,28.7629,150.713,920.789,976.08,0.245069,0.483806,7.43398,0.0601032,0.00724599,0.333052,0.471508,0.385565,0.147921,1.45722,0.0369784,0.0361857,0.00182057,0.607911,2.495,104.04,0.9,0.0112259,38.1932
153500,9219.68,0.562725,31.048,30.952,0.0221411,4704.85,2965.17,545.464,27.2732,574.438,1138.19,0,28.87,150.799,923.526,979.18,0.245101,0.483936,7.43765,0.0591628,0.00724304,0.333757,0.472897,0.385719,0.14828,1.45804,0.0367464,0.0359591,0.00176498,0.608315,2.59002,109.02,0.9,0.0117841,37.8928
154000,9236.22,0.563734,30.978,31.006,0.022956,4710.46,2968.49,552.922,27.6461,573.17,1137.55,0,28.8112,150.713,926.059,981.86,0.244635,0.482958,7.44171,0.0598642,0.00724845,0.334964,0.473865,0.385524,0.149623,1.45709,0.0372485,0.0367072,0.00190525,0.608768,2.69857,112.08,0.9,0.0121026,37.7647
154500,9238.9,0.563898,31.194,31.176,0.0217119,4710.85,2968.92,550.057,27.5029,573.146,1143.75,0,28.8415,150.853,928.717,985.02,0.244507,0.48265,7.44408,0.0595372,0.00725122,0.336031,0.475451,0.385369,0.149558,1.45683,0.0394249,0.0386456,0.00201946,0.608585,2.38892,101.18,0.9,0.0109189,38.8469
155000,9244.3,0.564227,31.09,31.118,0.0242548,4712.64,2970.02,543.467,27.1733,576.881,1137.94,0,28.8129,150.825,931.594,988.16,0.244316,0.482284,7.44837,0.0587893,0.00727497,0.336967,0.477432,0.385422,0.149415,1.4565,0.0392446,0.0385478,0.00195763,0.608446,2.37391,100.56,0.9,0.0108407,38.8956
155500,9233.72,0.563582,31.158,31.148,0.0227469,4708.79,2966.43,540.939,27.047,576.154,1141.64,0,28.8701,150.717,934.298,990.42,0.244417,0.482418,7.44842,0.0585827,0.00729293,0.337254,0.478929,0.385426,0.149678,1.45727,0.0375068,0.0366836,0.00188626,0.608954,2.47737,104.72,0.9,0.0113062,38.7855
156000,9215.66,0.562479,31.072,31.106,0.0215632,4703.24,2961.27,543.748,27.1874,575.982,1139.66,0,28.9296,150.645,937.373,991.66,0.24455,0.482646,7.44549,0.0590019,0.00728681,0.338647,0.480814,0.385969,0.148577,1.45833,0.0378416,0.0369321,0.00190551,0.608479,2.34073,98.96,0.9,0.0106966,38.4323
156500,9225.26,0.563065,30.884,30.896,0.0207804,4707.37,2965.59,541.569,27.0785,573.975,1137.16,0,28.8684,150.94,940.11,992.22,0.24461,0.48273,7.4488,0.0587052,0.00728136,0.339402,0.481296,0.385959,0.148629,1.45773,0.0363566,0.0356064,0.00185212,0.607102,2.52728,106.56,0.9,0.0115158,38.6923
157000,9234.7,0.563641,31.12,31.058,0.0210384,4709.19,2963.09,552.608,27.6304,575.419,1139.06,0,28.8543,150.699,943.262,996.02,0.243675,0.480926,7.4493,0.0598411,0.00729514,0.339989,0.483124,0.386579,0.147282,1.45705,0.0383456,0.0373234,0.00196312,0.606263,2.47552,104.58,1,0.0113467,38.5602
157500,9251.38,0.564659,31.222,31.166,0.0215041,4714.43,2965.97,544.777,27.2389,578.653,1144.1,0,28.8469,150.711,946.287,999.6,0.243244,0.480211,7.44823,0.0588856,0.00730934,0.340644,0.484608,0.387363,0.146098,1.45603,0.03921,0.0384448,0.00191218,0.60575,2.57168,108.24,1,0.0117287,38.8608
158000,9236.88,0.563774,30.984,31.102,0.0205745,4710.79,2961.61,534.343,26.7172,582.896,1142.76,0,29.0001,151.239,949.344,1001.78,0.243178,0.480238,7.45293,0.0578492,0.00733364,0.341102,0.487277,0.388373,0.146472,1.45701,0.0376802,0.0370068,0.00190063,0.60437,2.43301,102.18,0.9,0.0110258,39.0063
158500,9238.14,0.563851,31.136,31.062,0.0216999,4710.81,2963.75,532.827,26.6414,578.781,1138.83,0,28.9136,150.556,952.199,1005.02,0.243509,0.480872,7.4551,0.0576773,0.00734247,0.341737,0.487875,0.388864,0.145641,1.45696,0.0371525,0.0361656,0.00185492,0.603882,2.53012,105.96,0.9,0.0114251,38.7619
159000,9238.7,0.563885,31.16,31.152,0.0215077,4710.53,2959.58,531.413,26.5706,582.163,1143.76,0,29.0144,150.76,954.925,1008.14,0.242819,0.479462,7.45208,0.0575205,0.00734605,0.341907,0.490027,0.388886,0.145264,1.45687,0.0369357,0.0362234,0.0018224,0.602543,2.41375,101.94,1.1,0.0111056,38.8458
159500,9233.7,0.56358,30.986,31.05,0.0230233,4709.38,2959.18,526.708,26.3354,581.759,1139.09,0,29.0685,150.823,957.801,1010.88,0.242835,0.47945,7.45954,0.0570431,0.00736177,0.342891,0.492419,0.389591,0.146971,1.45707,0.0356205,0.0349751,0.00178787,0.601847,2.49306,104.62,0.9,0.0112949,39.0112
160000,9248.8,0.564502,31.19,31.12,0.0220554,4714.26,2961.62,531.931,26.5966,582.611,1143.17,0,28.998,150.75,960.67,1014.9,0.242473,0.478846,7.45761,0.057513,0.00736183,0.344149,0.494397,0.389879,0.14754,1.45629,0.0363132,0.0356215,0.00184302,0.602585,2.61353,110.22,0.9,0.0118805,32.243
160500,9257.48,0.565032,31.128,31.138,0.0229503,4717.02,2963.41,531.591,26.5796,582.185,1144.05,0,28.9719,150.865,963.435,1017.1,0.242277,0.478327,7.46017,0.0574233,0.00735584,0.344874,0.496538,0.389737,0.148455,1.45577,0.0319672,0.0313425,0.00159616,0.603027,2.52438,106.82,1.1,0.0116078,35.9135
161000,9268.78,0.565721,31.35,31.28,0.0223355,4720.01,2966.64,532.092,26.6046,579.942,1147.06,0,28.9743,150.541,965.943,1021.1,0.242279,0.478376,7.45765,0.0574068,0.00735578,0.344996,0.49769,0.390766,0.149453,1.45499,0.0334504,0.0326563,0.00182212,0.603097,2.52372,106.36,0.9,0.0114357,38.6399
161500,9273.06,0.565983,31.25,31.266,0.0214071,4721.46,2970.64,522.275,26.1138,579.1,1147.35,0,29.0089,150.638,968.603,1025.08,0.24261,0.479092,7.4649,0.0563213,0.00737361,0.345502,0.499456,0.391178,0.150164,1.45472,0.033727,0.0331038,0.00167412,0.603313,2.59944,109.22,0.9,0.0117416,38.943
162000,9274.46,0.566068,31.258,31.242,0.0233572,4722.43,2972.6,515.488,25.7744,576.418,1143.94,0,29.0218,150.68,971.565,1028.36,0.242777,0.479364,7.4666,0.0555813,0.00738595,0.34638,0.500848,0.391367,0.149885,1.45463,0.0335888,0.0330412,0.00161767,0.602359,2.52911,106.92,0.9,0.0114961,39.0971
162500,9272.66,0.565958,31.038,31.096,0.022474,4720.98,2972.93,510.252,25.5126,580.951,1141.33,0,29.0563,151.108,974.492,1031.82,0.242807,0.479484,7.47916,0.0550283,0.00741087,0.346903,0.502092,0.391217,0.151439,1.45464,0.0328488,0.0324607,0.00163422,0.600909,2.61154,109.28,0.9,0.0117501,38.9489
163000,9226.94,0.563168,31.128,31.158,0.0215014,4707.5,2960.3,516.464,25.8232,580.645,1141.84,0,29.0755,150.634,977.549,1034.8,0.243121,0.479949,7.48057,0.0559734,0.00742359,0.347892,0.501827,0.390749,0.151539,1.45764,0.0330119,0.0324138,0.00161768,0.599774,2.48409,105.16,0.9,0.0113607,38.54
163500,9241.02,0.564027,31.404,31.414,0.0218468,4711.92,2961.36,514.704,25.7352,581.611,1151.97,0,29.065,150.507,980.261,1037.02,0.242473,0.478628,7.48092,0.0556976,0.0074243,0.348983,0.503515,0.390483,0.151205,1.45676,0.033962,0.0335314,0.00166104,0.599903,2.4663,104.36,0.9,0.0112583,38.7009
164000,9259.94,0.565182,30.978,30.894,0.0228442,4716.94,2965.95,511.078,25.5539,579.094,1134.25,0,29.1095,150.831,983.406,1039.5,0.2423,0.478227,7.48113,0.0551925,0.00743348,0.349725,0.50355,0.390721,0.151404,1.45546,0.0313082,0.0309151,0.00155045,0.599567,2.55172,108.36,0.9,0.0116673,38.5148
164500,9264.6,0.565466,31.366,31.308,0.0209537,4718.53,2966.52,507.201,25.3601,579.816,1150.19,0,29.0707,150.405,986.557,1042.6,0.242132,0.47781,7.47761,0.0547461,0.00744104,0.350759,0.503616,0.391531,0.14887,1.45507,0.0338365,0.0331651,0.00170199,0.599811,2.42818,103.04,0.9,0.0110891,38.599
165000,9280.26,0.566422,31.212,31.26,0.022588,4723.55,2972,510.413,25.5207,582.973,1144.72,0,29.1149,151.147,989.573,1044.1,0.241968,0.477432,7.48804,0.0550006,0.00745564,0.351508,0.502607,0.391776,0.148424,1.45413,0.037495,0.0367666,0.00184527,0.59996,2.38324,101.68,0.9,0.0109203,38.5677
165500,9257.6,0.565039,31.164,31.188,0.0225805,4716.14,2962.16,503.341,25.167,582.074,1146.6,0,29.0903,150.584,992.342,1047.24,0.241562,0.476566,7.49047,0.0543696,0.00746616,0.352423,0.502502,0.390894,0.148,1.45552,0.0332366,0.0326357,0.00162292,0.599391,2.57613,108.88,0.9,0.0117283,38.6724
166000,9275.58,0.566136,31.124,31.124,0.0215112,4722.08,2967.81,501.458,25.0729,583.743,1140.92,0,29.1659,151.054,994.945,1050.64,0.241464,0.476273,7.49483,0.0540616,0.00748158,0.353714,0.504115,0.391199,0.149743,1.45453,0.0339807,0.0334568,0.00168402,0.599112,2.43054,104,0.9,0.0111787,38.6142
166500,9292.2,0.567151,31.23,31.176,0.0216151,4727.14,2971.87,496.345,24.8172,583.137,1145.31,0,29.1502,150.874,997.77,1053.46,0.241246,0.475754,7.49742,0.053415,0.00747778,0.354646,0.505793,0.391874,0.150254,1.45357,0.0341765,0.0336276,0.00173324,0.599057,2.50848,106.72,0.9,0.0114535,38.4085
167000,9297.4,0.567468,31.312,31.324,0.0231683,4728.88,2970.74,491.693,24.5847,586.966,1149.12,0,29.1949,151.01,1000.45,1056.28,0.240729,0.474733,7.49521,0.0528852,0.00748219,0.354906,0.506166,0.392794,0.150361,1.45322,0.0341403,0.0333292,0.00164602,0.599246,2.57952,108.38,0.9,0.0116179,37.9627
167500,9288.9,0.566949,31.28,31.26,0.0214594,4726.26,2962.06,498.491,24.9246,585.217,1149.35,0,29.1754,150.605,1003.18,1058.56,0.239743,0.472926,7.49491,0.0536654,0.00748805,0.355594,0.508142,0.393474,0.150608,1.45392,0.0361099,0.0354747,0.00174255,0.59863,2.53199,107.06,1.08,0.011586,37.3589
168000,9307.1,0.56806,31.482,31.448,0.0232044,4731.59,2968.07,500.306,25.0153,586.663,1154.66,0,29.1703,150.601,1006.04,1061.1,0.239745,0.4729,7.49585,0.0537555,0.00748647,0.356741,0.510026,0.394773,0.149271,1.45255,0.0333753,0.0328381,0.00165054,0.597611,2.62374,110.76,0.9,0.011865,37.3947
168500,9313.46,0.568448,31.212,31.262,0.0223761,4733.79,2971.36,496.423,24.8211,588.459,1150.51,0,29.1418,151.002,1008.95,1065.92,0.239825,0.473109,7.49815,0.0533018,0.00748714,0.356876,0.511482,0.395311,0.149947,1.45199,0.0350689,0.0344054,0.00173089,0.597286,2.64589,111.16,1.1,0.0120052,37.2147
169000,9300.72,0.567671,31.312,31.28,0.0222505,4729.38,2967.12,498.171,24.9086,587.42,1148.26,0,29.1191,150.708,1011.77,1069.8,0.239815,0.472902,7.50114,0.0535629,0.00748555,0.357281,0.513451,0.395747,0.151436,1.45283,0.0347818,0.0341386,0.00165896,0.596796,2.56329,108.4,0.9,0.0116187,37.7661
169500,9302.26,0.567765,31.278,31.396,0.0227139,4730.47,2964.87,497.883,24.8941,593.19,1151.08,0,29.148,151.123,1014.92,1072.38,0.239346,0.472087,7.49883,0.053523,0.00748725,0.357812,0.515085,0.396436,0.152742,1.45292,0.033916,0.033344,0.00175519,0.596946,2.37504,102.04,0.9,0.0109345,38.634
170000,9289.36,0.566978,31.276,31.214,0.0215962,4725.83,2957.58,504.113,25.2057,594.14,1147.38,0,29.163,150.682,1017.94,1076.16,0.238899,0.471171,7.4988,0.0542674,0.00749513,0.357951,0.515533,0.396589,0.151871,1.45382,0.0366197,0.0357434,0.00179044,0.596875,2.41964,102.04,0.9,0.0109431,38.1437
170500,9295.58,0.567357,31.344,31.282,0.0201635,4728.33,2960.24,499.946,24.9973,595.656,1150.88,0,29.164,150.923,1020.83,1077.4,0.238925,0.47113,7.50344,0.0537831,0.00750103,0.358521,0.517343,0.397188,0.152395,1.45345,0.0353254,0.0346993,0.00166568,0.596324,2.43678,104.44,0.9,0.0111961,37.291
171000,9292.06,0.567142,31.066,31.11,0.022103,4727.67,2960.45,505.913,25.2957,593.414,1139.91,0,29.15,150.814,1023.61,1080.54,0.239063,0.471433,7.5029,0.0544456,0.0075176,0.359393,0.520638,0.397386,0.152328,1.45362,0.0345313,0.0339437,0.00167749,0.596067,2.52685,106.48,0.9,0.0114208,38.3745
171500,9283.44,0.566616,31.428,31.37,0.0220303,4724.76,2956.03,500.073,25.0037,593.351,1151.73,0,29.1857,150.686,1026.5,1084.6,0.238881,0.471126,7.49663,0.053868,0.00752377,0.360416,0.522428,0.397596,0.152673,1.45399,0.0341602,0.033445,0.00175364,0.595721,2.61039,109.72,0.9,0.0117827,38.3436
172000,9303.36,0.567832,31.302,31.37,0.0221254,4731.18,2962.48,496.569,24.8285,594.094,1152.85,0,29.2025,150.856,1029.25,1088.48,0.238774,0.470942,7.5019,0.0533755,0.00754158,0.361567,0.523981,0.397979,0.152369,1.45287,0.0346451,0.034052,0.00173182,0.596022,2.58826,109.58,1.1,0.0118454,37.8446
172500,9312.46,0.568387,31.408,31.33,0.0216354,4732.67,2964.55,487.253,24.3627,590.716,1151.84,0,29.2101,150.645,1031.89,1091.86,0.23875,0.470876,7.50101,0.052323,0.00754021,0.361613,0.524794,0.398159,0.151879,1.45205,0.0335209,0.0327392,0.00168675,0.596348,2.52075,106.7,0.9,0.0114209,38.1076
173000,9315.66,0.568583,31.442,31.448,0.0248901,4734.15,2963.86,490.058,24.5029,595.187,1152.1,0,29.1797,150.791,1034.67,1092.9,0.238407,0.470213,7.5007,0.0526061,0.0075521,0.362735,0.52513,0.397774,0.151524,1.45204,0.0344394,0.0337331,0.00165257,0.5961,2.52801,108.38,0.9,0.0116,38.2287
173500,9314.06,0.568485,31.22,31.268,0.0224652,4734.04,2960.97,487.973,24.3987,593.182,1151.31,0,29.2463,150.752,1037.27,1095.18,0.238008,0.469422,7.50464,0.0523915,0.00755452,0.36352,0.525743,0.396551,0.151163,1.45244,0.0336097,0.0330171,0.00161219,0.596672,2.41908,103.12,0.9,0.0110387,38.265
174000,9299.64,0.567605,31.308,31.276,0.0211386,4730.51,2958.08,489.775,24.4888,595.555,1153.24,0,29.2439,150.988,1040.07,1099.36,0.238186,0.469735,7.5052,0.0526661,0.00756009,0.364708,0.527353,0.396645,0.150836,1.45326,0.0334983,0.0329176,0.00164838,0.597511,2.48731,106.4,0.9,0.01141,38.3212
174500,9286.88,0.566826,31.226,31.27,0.0210751,4726.66,2955.87,492.822,24.6411,594.789,1153.87,0,29.272,150.979,1042.83,1102.5,0.238507,0.470488,7.50551,0.0530658,0.00758256,0.365971,0.527892,0.396308,0.150952,1.45406,0.0307656,0.0300698,0.00150375,0.597756,2.58955,107.86,0.9,0.0115783,38.381
175000,9296.12,0.56739,31.304,31.266,0.0222173,4728.78,2959.64,489.212,24.4606,595.242,1150.97,0,29.2403,150.942,1045.72,1106.26,0.238734,0.470986,7.50761,0.0526247,0.0075976,0.366455,0.528975,0.395181,0.151193,1.45352,0.0312683,0.0307563,0.00145322,0.598289,2.33075,99.46,0.9,0.0106665,38.3644
175500,9296.44,0.56741,31.182,31.216,0.021628,4728.82,2961.51,497.082,24.8541,588.6,1148.86,0,29.1603,150.671,1048.59,1109.9,0.238972,0.471336,7.50868,0.0534694,0.00760054,0.367681,0.529213,0.396154,0.15091,1.45327,0.031577,0.031022,0.00147534,0.597153,2.38428,101.14,0.9,0.0108446,38.3868
176000,9300.22,0.56764,31.564,31.518,0.0224569,4729.77,2964.63,489.24,24.462,589.709,1155.91,0,29.1805,150.56,1051.52,1113.9,0.239338,0.472019,7.50621,0.0526061,0.00760436,0.369203,0.530608,0.396955,0.151733,1.45301,0.0319179,0.031191,0.0014884,0.596463,2.53424,107.3,0.9,0.0115011,38.4295
176500,9308.22,0.568129,31.308,31.294,0.0208448,4732.28,2965.49,486.29,24.3145,593.741,1148.41,0,29.2387,150.646,1054.41,1116.22,0.239027,0.471406,7.50889,0.0522432,0.00761314,0.370658,0.530905,0.397011,0.151003,1.4526,0.0317751,0.0311196,0.00152422,0.595961,2.41877,102.82,0.9,0.0110131,38.5362
177000,9310.86,0.56829,31.302,31.312,0.0222056,4732.92,2962.53,492.954,24.6477,590.316,1151.71,0,29.1539,150.444,1057.09,1119.08,0.238438,0.470215,7.5044,0.0529437,0.00761895,0.371903,0.531691,0.397202,0.15005,1.45245,0.0313464,0.0308891,0.00152008,0.595738,2.46536,104.72,0.9,0.0112129,38.3468
177500,9327.06,0.569279,31.428,31.382,0.0207717,4737.96,2964.06,495.569,24.7785,598.481,1149.33,0,29.2041,150.845,1059.37,1121.3,0.237777,0.468871,7.50313,0.0531328,0.00762655,0.372731,0.531046,0.396929,0.150944,1.45134,0.0314177,0.0308108,0.0015129,0.596732,2.26018,96.88,0.9,0.0103522,38.5347
178000,9320.08,0.568853,31.606,31.684,0.0213695,4735.62,2960.11,495.502,24.7751,597.695,1162.22,0,29.2469,150.642,1062.11,1123.8,0.237396,0.468157,7.50698,0.0531645,0.00763181,0.373345,0.533202,0.396767,0.149592,1.45174,0.0324658,0.0318584,0.00152167,0.59697,2.44244,104.24,1.2,0.0113043,37.6933
178500,9304.2,0.567883,31.002,31.022,0.0222874,4731.06,2954.38,484.127,24.2064,599.455,1140.62,0,29.345,150.865,1064.58,1126.1,0.237094,0.467652,7.51539,0.0520331,0.00763863,0.373511,0.533593,0.397064,0.150917,1.45265,0.0341348,0.0334577,0.00166774,0.596262,2.41741,103.08,1,0.0110959,38.8004
179000,9327.22,0.569288,31.584,31.496,0.020899,4738.19,2958.79,491.305,24.5653,604.631,1157.21,0,29.2722,150.858,1067.37,1129.02,0.236742,0.467049,7.51045,0.0526746,0.00765952,0.374451,0.534103,0.397395,0.150658,1.45147,0.0350973,0.0341816,0.00160731,0.595691,2.44544,105.18,1.1,0.0113401,38.5767
179500,9317.42,0.56869,31.288,31.276,0.0215976,4735.06,2959.44,486.662,24.3331,598.35,1148.48,0,29.3121,150.955,1070.39,1131.76,0.237348,0.46842,7.51202,0.052231,0.00767612,0.375187,0.534159,0.397662,0.150414,1.45202,0.034976,0.0343729,0.00165295,0.594832,2.55203,107.7,0.9,0.0115207,38.3359
180000,9318.42,0.568751,31.424,31.508,0.022334,4734.66,2962.94,481.973,24.0987,597.686,1153.43,0,29.2529,150.531,1073.07,1134.36,0.237918,0.469572,7.51099,0.0517222,0.00768013,0.375458,0.53335,0.397924,0.15067,1.45175,0.033514,0.0330096,0.00155038,0.594647,2.49209,104.92,0.9,0.0112244,31.6693
180500,9298.7,0.567548,31.324,31.324,0.0231225,4728.61,2958.1,480.872,24.0436,599.365,1146.9,0,29.3501,150.897,1075.44,1137.4,0.237999,0.46975,7.51769,0.0517139,0.00769416,0.376077,0.532782,0.398223,0.15248,1.45275,0.0333765,0.0326754,0.00161282,0.594851,2.54078,107.66,0.9,0.0115437,36.0826
181000,9295.18,0.567333,31.322,31.302,0.0219319,4726.99,2959.46,479.163,23.9581,593.474,1148.24,0,29.2721,150.543,1078.29,1139.88,0.238531,0.470796,7.51634,0.0515499,0.007709,0.376484,0.532376,0.398545,0.153355,1.453,0.0330534,0.0325822,0.00146751,0.594279,2.56902,108.5,0.9,0.0116393,38.8543
181500,9291.68,0.567119,31.292,31.318,0.0229524,4726.77,2958.1,479.796,23.9898,600.34,1145.69,0,29.3449,150.898,1081.04,1141.92,0.238403,0.470491,7.5162,0.0516365,0.00772194,0.377037,0.533558,0.399308,0.154122,1.45331,0.0358173,0.0349196,0.00164944,0.593621,2.43785,104.16,0.9,0.0111729,38.6025
182000,9287.46,0.566862,31.218,31.218,0.0212448,4725.73,2958.28,463.796,23.1898,595.48,1145.93,0,29.4327,150.676,1083.66,1144.42,0.238609,0.470946,7.52378,0.0499382,0.00773488,0.377845,0.533351,0.399526,0.155228,1.45371,0.0324083,0.0316547,0.0014393,0.593103,2.41722,103.16,0.9,0.0110706,38.7447
182500,9278.84,0.566335,31.286,31.286,0.0223566,4723.24,2954.57,459.131,22.9565,596.276,1150.92,0,29.4099,150.714,1086.47,1147.48,0.238401,0.470645,7.52422,0.0494819,0.00775122,0.378761,0.53158,0.399688,0.154835,1.4542,0.0337454,0.033211,0.00155018,0.593189,2.60518,109.72,0.9,0.0117932,38.8625
183000,9317.66,0.568705,31.432,31.396,0.0219546,4734.61,2965.78,461.087,23.0543,595.32,1151.09,0,29.3711,150.719,1089.29,1150.6,0.238151,0.470195,7.52788,0.0494851,0.00777426,0.379321,0.530732,0.400254,0.155525,1.45174,0.0345283,0.0337641,0.00157028,0.59292,2.31605,99.74,1.1,0.0107675,38.9524
183500,9320.34,0.568868,31.388,31.366,0.022547,4735.4,2964.21,458.898,22.9449,597.855,1148.79,0,29.4053,150.659,1092.07,1154.7,0.237714,0.469434,7.53144,0.0492362,0.00779108,0.379807,0.532288,0.400349,0.155314,1.45163,0.0346044,0.0340186,0.00158783,0.592793,2.46964,104.92,1.1,0.0113246,38.6152
184000,9342.36,0.570212,31.392,31.336,0.0233635,4742.13,2972.71,459.573,22.9787,594.687,1150.03,0,29.3497,150.901,1094.83,1159.16,0.237959,0.469954,7.53549,0.0491923,0.00781152,0.381042,0.532617,0.401148,0.15493,1.45039,0.032132,0.0314277,0.00144875,0.593777,2.40149,103.08,1,0.0110462,38.6471
184500,9337.04,0.569888,31.576,31.572,0.0229098,4741.31,2971.81,458.205,22.9102,594.122,1155.36,0,29.4219,150.801,1097.59,1162.34,0.238106,0.470278,7.53196,0.0490747,0.00782594,0.382419,0.531738,0.402342,0.1549,1.4508,0.0331699,0.0324054,0.00158229,0.593408,2.50532,105.34,1,0.0113005,38.8732
185000,9328.68,0.569377,31.416,31.446,0.0245769,4738.33,2971.23,461.609,23.0804,592.047,1151.47,0,29.3424,150.358,1100.48,1165.16,0.238449,0.470977,7.53556,0.0494843,0.00783893,0.383396,0.530048,0.402782,0.153193,1.45124,0.0333341,0.0325516,0.00158845,0.592366,2.47396,105.48,0.9,0.0112721,38.7681
185500,9328.16,0.569346,31.474,31.502,0.023815,4739.05,2972.61,453.798,22.6899,594.634,1152.79,0,29.4155,150.881,1103.27,1168.1,0.238568,0.471179,7.54118,0.0486478,0.00786046,0.384691,0.530622,0.402612,0.152346,1.45149,0.034124,0.0333479,0.00149294,0.592167,2.5424,107.92,0.9,0.0115315,38.1855
186000,9351.78,0.570787,31.35,31.364,0.0212185,4747.14,2978.16,446.634,22.3317,591.805,1148.62,0,29.3626,150.875,1105.94,1170.98,0.238102,0.470186,7.54881,0.0477593,0.00787123,0.384771,0.53257,0.401699,0.149492,1.45023,0.0318407,0.0312526,0.00141161,0.591642,2.31189,98.9,0.9,0.010542,37.4058
186500,9333.68,0.569683,31.584,31.498,0.0222571,4740.69,2972.73,446.228,22.3114,591.258,1156.2,0,29.438,150.633,1108.62,1174.06,0.238186,0.470199,7.54904,0.0478086,0.00786886,0.385208,0.533912,0.402124,0.149778,1.45114,0.0335135,0.033025,0.00145134,0.591676,2.44738,104.64,0.9,0.011178,37.4208
187000,9339,0.570007,31.406,31.452,0.0235039,4741.54,2972.17,430.946,21.5473,589.841,1154.24,0,29.5153,150.719,1110.97,1175.44,0.237682,0.469111,7.55414,0.0461448,0.00788379,0.385361,0.534793,0.401755,0.15087,1.45054,0.0315576,0.0310587,0.00134006,0.592314,2.42991,103.42,0.9,0.0110383,37.1676
187500,9354.32,0.570942,31.5,31.512,0.0228449,4745.93,2976.08,422.584,21.1292,591.352,1157.19,0,29.5247,150.783,1113.59,1176.8,0.23754,0.468913,7.55771,0.0451756,0.00790151,0.385503,0.538357,0.401812,0.150287,1.44974,0.0309546,0.0304479,0.00128183,0.59306,2.46852,105.88,1.1,0.011389,37.2355
188000,9340.98,0.570128,31.442,31.464,0.0236188,4742.05,2972.44,420.582,21.0291,589.913,1157.72,0,29.5818,150.919,1116.17,1178.34,0.23758,0.468897,7.55975,0.0450251,0.00790577,0.385801,0.539766,0.401251,0.150202,1.45054,0.0313701,0.0309121,0.00137191,0.593547,2.39505,102.32,0.9,0.0109215,37.2775
188500,9339.88,0.570061,31.524,31.508,0.020939,4741.43,2973.16,416.858,20.8429,588.347,1160.65,0,29.5645,150.617,1119.17,1182.34,0.237789,0.469124,7.55996,0.0446325,0.00792269,0.38574,0.542897,0.401718,0.150043,1.45058,0.0297544,0.0292342,0.00121089,0.593494,2.29757,98.32,0.9,0.0104952,37.1077
189000,9362.08,0.571416,31.59,31.512,0.022688,4748.5,2981.18,416.507,20.8253,584.864,1162.24,0,29.4732,150.664,1122.14,1185.98,0.237953,0.469513,7.56009,0.0444883,0.00793073,0.386291,0.54425,0.402352,0.150099,1.4492,0.0290535,0.0287224,0.00117949,0.593408,2.36156,101.92,0.9,0.0108537,37.0488
189500,9351.36,0.570762,31.404,31.45,0.0217513,4746.01,2980.16,418.037,20.9019,585.834,1155.34,0,29.5578,150.921,1124.97,1188.56,0.238277,0.470183,7.56066,0.0447034,0.00792682,0.387032,0.545858,0.402698,0.150599,1.44991,0.0275517,0.027188,0.00110252,0.593099,2.42686,104.4,0.9,0.0111276,37.4239
190000,9351.48,0.570769,31.414,31.44,0.0226927,4745.74,2975.66,415.486,20.7743,592.89,1157.42,0,29.5793,150.907,1127.48,1192.68,0.237447,0.468629,7.56601,0.0444296,0.00792557,0.387504,0.54749,0.402544,0.149745,1.44992,0.0291882,0.0287284,0.00120054,0.592588,2.31437,99.94,0.9,0.0106586,37.6004
190500,9351.06,0.570743,31.588,31.578,0.0208811,4746.28,2973.34,423.963,21.1981,595.039,1160.19,0,29.5399,150.833,1130.55,1196.9,0.237133,0.468091,7.56007,0.0453384,0.00793362,0.388178,0.547696,0.402342,0.14789,1.45012,0.0286338,0.0282424,0.00121783,0.591945,2.42117,104.2,0.9,0.0111116,36.9522
191000,9334.14,0.569711,31.324,31.344,0.0213886,4740.44,2967.53,411.503,20.5751,594.417,1153.99,0,29.6784,150.938,1133.93,1200.02,0.237099,0.46804,7.56493,0.044086,0.0079561,0.388746,0.548151,0.401891,0.146302,1.45126,0.0283133,0.0280134,0.00113754,0.591973,2.4098,103.22,0.9,0.0110232,38.1355
191500,9346.9,0.57049,31.46,31.44,0.0227607,4744.47,2969.42,416.7,20.835,591.83,1159.52,0,29.5794,150.435,1136.87,1201.98,0.236779,0.467305,7.55808,0.0445811,0.00795568,0.389739,0.549943,0.402326,0.143737,1.45029,0.0265801,0.0262892,0.00110694,0.592292,2.56307,109.52,0.9,0.0116848,38.698
192000,9348.3,0.570575,31.632,31.648,0.0227317,4744.95,2970.22,411.063,20.5532,597.484,1164.69,0,29.6498,150.959,1139.81,1205.12,0.236776,0.467307,7.55864,0.0439723,0.00796133,0.390152,0.549939,0.402505,0.143426,1.45005,0.0275006,0.0272181,0.0011075,0.591995,2.42817,104.02,0.9,0.011094,38.6478
192500,9346.92,0.570491,31.394,31.314,0.0234244,4744.07,2966.85,406.284,20.3142,597.523,1152.81,0,29.6481,150.788,1142.45,1207.4,0.236304,0.466411,7.55864,0.0434671,0.00796499,0.390655,0.548808,0.4018,0.143035,1.45013,0.027936,0.0274824,0.00113145,0.591517,2.51253,107.7,0.9,0.0114896,37.9019
193000,9356.72,0.571089,31.586,31.652,0.0225441,4747.1,2970.08,410.655,20.5328,596.425,1166.62,0,29.5964,150.744,1144.7,1210.9,0.236385,0.466502,7.55469,0.0438887,0.0079614,0.390858,0.550746,0.401266,0.142675,1.44959,0.02973,0.0293923,0.0012125,0.591394,2.37712,101.8,0.9,0.0108462,38.0536
193500,9356.16,0.571055,31.356,31.356,0.0227595,4746.77,2967.75,408.258,20.4129,594.773,1155.84,0,29.7123,150.955,1147.62,1214.38,0.236043,0.465783,7.55725,0.0436345,0.00796419,0.390503,0.551712,0.400498,0.14268,1.44977,0.0305302,0.0301347,0.00125595,0.591995,2.35024,101.86,0.9,0.0108509,38.5458
194000,9343.98,0.570311,31.52,31.452,0.0214224,4743.21,2963.75,413.367,20.6684,601.976,1160.71,0,29.6219,150.789,1150.16,1217.34,0.235994,0.465713,7.55501,0.0442385,0.0079499,0.390442,0.552464,0.400325,0.142173,1.45046,0.0308826,0.0305294,0.00131005,0.591896,2.47158,105.46,0.9,0.0112545,37.9603
194500,9349.96,0.570676,31.514,31.582,0.0239818,4744.58,2965.02,414.518,20.7259,599.115,1160.16,0,29.5879,150.793,1153.22,1220.72,0.235955,0.465673,7.55248,0.0443332,0.00795859,0.391071,0.552678,0.400674,0.141884,1.44999,0.0281528,0.0279389,0.00118049,0.5921,2.19935,94.44,0.9,0.0100694,38.0193
195000,9350.9,0.570734,31.41,31.374,0.0220132,4745.34,2964.97,410.396,20.5198,602.219,1153.04,0,29.6412,150.779,1156.3,1223.64,0.235879,0.465636,7.55124,0.0438885,0.00796843,0.391023,0.553989,0.400858,0.141564,1.44999,0.0283655,0.0280319,0.00113567,0.592871,2.33297,100.68,0.9,0.0107354,38.0332
195500,9367.38,0.57174,31.718,31.668,0.0238173,4749.95,2965.97,416.418,20.8209,597.953,1165.02,0,29.5919,150.391,1159.24,1226.8,0.235252,0.464397,7.54585,0.0444544,0.00798233,0.39167,0.555523,0.400973,0.140244,1.44899,0.0295879,0.0292377,0.00123669,0.592739,2.52715,107.48,0.9,0.0114384,38.6268
196000,9361,0.57135,31.502,31.58,0.0222327,4748.74,2962.13,416.06,20.803,605.629,1165.35,0,29.6794,150.843,1162.1,1232.16,0.234765,0.46333,7.55009,0.0444464,0.00798839,0.392355,0.556592,0.401136,0.140364,1.44938,0.0310099,0.030431,0.00131239,0.592903,2.31735,99.38,0.9,0.0105833,38.5488
196500,9361.72,0.571394,31.546,31.49,0.0234124,4748.4,2960.43,412.519,20.626,606.905,1155.36,0,29.6736,150.582,1165.03,1236.56,0.234464,0.462642,7.54985,0.044064,0.00800155,0.393524,0.557267,0.401456,0.140353,1.44919,0.0293629,0.0290082,0.00120516,0.593269,2.43267,103.78,0.9,0.0110539,37.5063
197000,9368.84,0.571829,31.624,31.582,0.0235868,4750.52,2960.17,420.546,21.0273,610.384,1163.23,0,29.647,150.845,1168.03,1239.6,0.234084,0.461921,7.54882,0.0448875,0.00801056,0.394578,0.556529,0.401422,0.139461,1.44886,0.0300828,0.0296323,0.0011654,0.593236,2.5497,108.34,0.9,0.0115291,37.9449
197500,9385.2,0.572827,31.57,31.574,0.0240356,4756.13,2964.48,417.35,20.8675,607.268,1160.32,0,29.6335,150.767,1171.38,1243.44,0.233842,0.461393,7.55032,0.0444693,0.00801096,0.395855,0.559426,0.40133,0.137896,1.44781,0.0297659,0.0294442,0.00124039,0.593361,2.52671,108.06,0.9,0.0114817,37.8427
198000,9379.48,0.572478,31.69,31.698,0.0228061,4754.33,2960.21,419.766,20.9883,608.483,1169.48,0,29.6317,150.723,1174.43,1247.1,0.233459,0.460456,7.54852,0.0447536,0.00801437,0.396657,0.560303,0.401036,0.135199,1.4482,0.0286585,0.0283258,0.00121055,0.593278,2.48,106.76,0.9,0.0113483,38.0294
198500,9370.48,0.571929,31.5,31.516,0.0228687,4751.66,2961.17,420.146,21.0073,609.401,1160.22,0,29.6462,150.782,1177.44,1250.14,0.234063,0.461635,7.55083,0.0448369,0.00801669,0.396658,0.559301,0.400879,0.135431,1.44875,0.0319485,0.0315922,0.00137798,0.59298,2.39196,102.16,0.9,0.0108701,37.9182
199000,9378.7,0.57243,31.662,31.602,0.0219417,4754.68,2965.37,415.581,20.779,601.256,1162.03,0,29.6111,150.355,1180.35,1253.28,0.23436,0.462235,7.54815,0.0443109,0.00803197,0.396753,0.560239,0.401378,0.133914,1.44829,0.0306821,0.0303474,0.00125732,0.592608,2.37265,102.62,0.9,0.0109089,38.6598
199500,9388.78,0.573046,31.606,31.632,0.0229047,4757.33,2965.41,414.727,20.7363,603.543,1167.73,0,29.657,150.798,1182.77,1256.46,0.23392,0.461375,7.54609,0.0441729,0.00803674,0.397142,0.560336,0.402175,0.135128,1.4477,0.0309695,0.030488,0.00131911,0.592308,2.42437,104.14,0.9,0.0110539,38.6228
200000,9387.98,0.572997,31.628,31.636,0.0213647,4757.68,2963.57,419.939,20.997,610.289,1165.86,0,29.6466,151.036,1185.29,1258.78,0.233485,0.460594,7.548,0.0447316,0.0080294,0.39765,0.561652,0.403155,0.135197,1.44759,0.0290506,0.0287821,0.00116792,0.591961,2.48488,106.24,0.9,0.0112846,31.7566
200500,9386.82,0.572926,31.568,31.58,0.0211569,4756.45,2959.44,421.552,21.0776,607.787,1163.69,0,29.6673,150.485,1187.98,1261.8,0.232977,0.459729,7.54291,0.0449081,0.0080283,0.397456,0.562805,0.404126,0.134196,1.44772,0.0322963,0.0317934,0.00133485,0.592386,2.42921,104.04,0.9,0.0110464,36.1146
201000,9382.7,0.572675,31.616,31.672,0.0200376,4755.24,2956.26,419.398,20.9699,612.223,1170.23,0,29.7258,150.846,1190.82,1265.58,0.232642,0.458952,7.54181,0.0446985,0.00804449,0.397761,0.564012,0.404471,0.133203,1.44788,0.0304761,0.0301096,0.00125725,0.592249,2.59242,110.26,0.9,0.0117158,38.7294
201500,9378.84,0.572439,31.428,31.4,0.0204192,4754.07,2953.64,415.127,20.7563,613.372,1159.26,0,29.7863,150.969,1193.51,1268.16,0.232359,0.458286,7.54553,0.0442616,0.00803987,0.397197,0.56405,0.404882,0.134465,1.44823,0.0311331,0.0307343,0.00126608,0.591242,2.46401,105.28,0.9,0.0111934,38.2644
202000,9389.48,0.573088,31.684,31.646,0.021753,4757.2,2952.93,417.865,20.8933,613.34,1171.68,0,29.7641,150.716,1195.98,1270.18,0.231691,0.45708,7.54124,0.0445034,0.0080355,0.396853,0.566136,0.405233,0.133362,1.44752,0.0324742,0.0321462,0.00129475,0.591132,2.42949,105.02,0.9,0.011152,38.3777
202500,9385.22,0.572828,31.468,31.528,0.02205,4756.12,2950.19,407.149,20.3575,617.439,1166.54,0,29.9072,151.115,1198.79,1272.78,0.231423,0.456713,7.54191,0.0433823,0.00803568,0.397411,0.567378,0.405624,0.133621,1.44787,0.0328856,0.0325425,0.00138266,0.591045,2.34399,101.26,0.9,0.0107545,38.7892
203000,9405.36,0.574058,31.776,31.654,0.0205065,4762.01,2951.92,426.45,21.3225,619.807,1166.88,0,29.7239,150.187,1201.31,1275.8,0.230801,0.455446,7.53484,0.0453413,0.00803387,0.397414,0.566541,0.405571,0.134507,1.44669,0.0332057,0.0326614,0.00138376,0.590919,2.34827,102.18,1.08,0.0109207,38.8085
203500,9407.46,0.574186,31.748,31.778,0.022557,4763.23,2951.71,426.546,21.3273,626,1170.9,0,29.7904,150.784,1204.25,1279.04,0.230573,0.455028,7.53512,0.045341,0.00803788,0.397716,0.568621,0.406571,0.134172,1.44654,0.0327969,0.032142,0.00136994,0.591714,2.38689,102.36,0.9,0.0108495,38.7612
204000,9391.42,0.573207,31.554,31.584,0.0225052,4757.96,2945.68,414.325,20.7163,626.026,1162.87,0,29.8463,150.879,1206.93,1282.34,0.230438,0.454929,7.53595,0.0441177,0.00803528,0.397484,0.569891,0.407679,0.13399,1.44752,0.031113,0.0305637,0.00127766,0.591996,2.26841,97.94,0.9,0.0103978,38.4868
204500,9386.88,0.57293,31.614,31.668,0.0223199,4756.67,2943.53,417.734,20.8867,624.986,1164.8,0,29.7952,150.56,1209.44,1285.78,0.230312,0.454624,7.53397,0.0445018,0.0080275,0.397532,0.570269,0.407696,0.133729,1.44777,0.0307919,0.0304276,0.00128682,0.592302,2.55614,109,0.9,0.0115762,38.6245
205000,9380.58,0.572545,31.582,31.528,0.0205954,4754.32,2938.68,414.172,20.7086,623.791,1170.64,0,29.8872,150.649,1212.54,1288.58,0.229778,0.453495,7.53537,0.0441521,0.00803491,0.397965,0.572386,0.407521,0.132719,1.44804,0.0337077,0.0331428,0.00141299,0.591744,2.37239,101.06,0.9,0.0107392,38.9148
205500,9408.54,0.574252,31.746,31.712,0.0224695,4762.38,2947.31,407.59,20.3795,625.415,1171.71,0,29.8729,150.971,1215.42,1292,0.229728,0.453524,7.54002,0.0433211,0.00802927,0.398067,0.573978,0.406794,0.132367,1.44634,0.0348993,0.0342617,0.00149281,0.591138,2.61869,111.42,0.9,0.0118089,38.8079
206000,9391.56,0.573215,31.556,31.62,0.0217615,4757.8,2943.66,410.305,20.5152,624.523,1168.23,0,29.8911,150.667,1218.49,1294.8,0.229893,0.453768,7.5429,0.0436885,0.00802895,0.39818,0.575094,0.406473,0.131675,1.44737,0.0355961,0.0350638,0.00143572,0.590994,2.40617,103.02,0.9,0.0109377,39.0075
206500,9395.94,0.573483,31.694,31.638,0.0222599,4758.91,2946.23,405.725,20.2863,622.606,1169.59,0,29.8673,150.72,1221.8,1297.38,0.230197,0.454467,7.54222,0.0431811,0.00802438,0.398436,0.575666,0.406326,0.130636,1.44725,0.0361044,0.0355106,0.00149648,0.591973,2.61371,111.38,0.9,0.0118201,38.8369
207000,9392.64,0.573281,31.624,31.632,0.0225263,4757.86,2943.42,405.741,20.287,622.939,1170.1,0,29.9331,150.772,1224.82,1299.58,0.229861,0.453853,7.54083,0.043198,0.00801885,0.398615,0.576219,0.406182,0.128957,1.44732,0.0345711,0.0340899,0.00144175,0.592808,2.62891,110.94,0.9,0.0117742,38.738
207500,9408.66,0.574259,31.638,31.618,0.0234846,4763.19,2945.44,403.818,20.1909,619.817,1170.91,0,29.8917,150.55,1227.61,1302.62,0.229277,0.452673,7.54122,0.0429201,0.00801468,0.398346,0.575913,0.405733,0.127323,1.44637,0.036566,0.0360259,0.0014911,0.592749,2.46153,105.14,0.9,0.0111421,38.81
208000,9426.4,0.575342,31.932,31.87,0.0215417,4768.12,2947.31,409.306,20.4653,629.13,1176.03,0,29.9257,150.738,1230.51,1305.7,0.228754,0.451776,7.53803,0.0434218,0.0080044,0.398103,0.57517,0.404953,0.126927,1.44531,0.038274,0.037661,0.00159786,0.592402,2.51617,107.3,0.9,0.0113516,38.7373
208500,9429.68,0.575542,31.702,31.696,0.0214049,4769.56,2943.14,405.542,20.2771,630.551,1177.85,0,29.9584,150.856,1233.27,1308.46,0.227771,0.450114,7.54108,0.0430069,0.00800635,0.398639,0.578007,0.40452,0.126685,1.44527,0.0388765,0.038062,0.0015463,0.592214,2.34419,100.78,0.9,0.01065,38.9194
209000,9441.28,0.57625,31.824,31.768,0.0232073,4772.83,2944.93,408.042,20.4021,626.296,1179.07,0,29.9042,150.608,1236.2,1311.62,0.227474,0.449704,7.54055,0.0432185,0.00800717,0.399133,0.579218,0.404227,0.124172,1.44453,0.0424821,0.0413005,0.00182894,0.591857,2.41718,103.72,1,0.0109999,38.6449
209500,9461.06,0.577457,31.798,31.818,0.0202254,4778.86,2951.02,407.402,20.3701,630.228,1176.3,0,29.8984,150.75,1239.18,1314.62,0.227357,0.449756,7.54353,0.0430609,0.00801502,0.40022,0.580815,0.404061,0.122992,1.44315,0.0421564,0.0414906,0.00171208,0.591451,2.49509,106.64,1,0.0112878,38.6694
210000,9447.44,0.576626,31.826,31.874,0.024168,4774.36,2947.59,404.798,20.2399,630.166,1177.72,0,29.8816,150.59,1242.2,1317.1,0.22749,0.45006,7.54336,0.0428474,0.00802354,0.401095,0.581862,0.404562,0.121588,1.44386,0.0424792,0.0418654,0.00180031,0.592221,2.55765,108.92,0.9,0.0114962,38.8641
210500,9453.98,0.577025,31.81,31.81,0.0237987,4776.74,2952.58,404.838,20.2419,628.33,1169.79,0,29.8579,150.559,1245.34,1321.3,0.227971,0.451146,7.54535,0.0428214,0.00802442,0.401665,0.582643,0.404665,0.120813,1.44357,0.0390989,0.0385932,0.00164504,0.59247,2.49083,107.62,1,0.0114012,39.0665
211000,9437.38,0.576012,31.874,31.874,0.0227868,4771.47,2946.01,407.42,20.371,630.893,1180.82,0,29.8949,151.034,1248.64,1324.54,0.227646,0.450468,7.55014,0.0431711,0.00802908,0.402801,0.583935,0.404558,0.119292,1.44462,0.0448564,0.0438242,0.00192712,0.59228,2.588,108.96,1.18,0.0116527,38.7736
211500,9439.3,0.576129,31.858,31.894,0.0224576,4772.96,2945.02,404.937,20.2469,633.204,1176.5,0,29.892,150.577,1251.3,1327.96,0.227298,0.449895,7.54877,0.0428992,0.00802606,0.403021,0.584307,0.404441,0.117626,1.44457,0.04466,0.043626,0.00192506,0.592526,2.53852,108.5,0.9,0.0114622,38.6707
212000,9444.96,0.576475,31.764,31.734,0.0235907,4773.57,2945.93,397.544,19.8772,630.739,1171.51,0,29.9508,150.735,1254.11,1330.38,0.22717,0.44977,7.55373,0.0420907,0.00803186,0.402531,0.584621,0.40427,0.116319,1.44414,0.0449899,0.0439864,0.00194523,0.592056,2.57249,108.94,1.1,0.0115959,38.9595
212500,9448.34,0.576681,31.958,31.904,0.0210847,4775.19,2946.31,397.363,19.8681,630.673,1180.79,0,29.9478,150.439,1256.83,1333.46,0.227019,0.449456,7.55101,0.0420563,0.00802497,0.401969,0.585834,0.404304,0.11505,1.4439,0.0450896,0.044243,0.00192433,0.591684,2.53012,108.08,0.9,0.0114069,38.9125
213000,9467.08,0.577825,31.832,31.792,0.0224106,4781.05,2951.54,392.245,19.6122,631.327,1171.91,0,29.9557,150.777,1259.8,1336.28,0.226917,0.449383,7.55326,0.0414324,0.00802367,0.402163,0.585954,0.404011,0.113204,1.44295,0.0459602,0.045096,0.00193713,0.591639,2.43154,103.64,0.9,0.0109142,38.9781
213500,9465.56,0.577732,31.91,31.948,0.0241225,4780.07,2951.78,395.59,19.7795,636.671,1177.39,0,29.9587,150.826,1262.43,1340.16,0.226954,0.449273,7.55492,0.0417924,0.00803261,0.402256,0.586086,0.404069,0.112971,1.44262,0.0441096,0.0433764,0.00188178,0.591627,2.59528,110.76,0.9,0.0116654,38.1812
214000,9459.04,0.577334,31.88,31.9,0.0233484,4778.38,2948.95,394.403,19.7202,635.779,1176.19,0,29.944,150.841,1264.93,1343.04,0.226813,0.448978,7.55379,0.0416956,0.00802898,0.403122,0.586843,0.404793,0.112282,1.44316,0.0474029,0.0464684,0.00197879,0.591961,2.37435,102.6,1.1,0.0109105,38.301
214500,9464.32,0.577656,31.832,31.788,0.023145,4779.19,2946.12,391.53,19.5765,632.986,1171.89,0,29.9854,150.448,1267.55,1345.68,0.226233,0.447902,7.55322,0.0413693,0.00802338,0.404197,0.587674,0.405524,0.111727,1.44303,0.0462712,0.0452463,0.00191567,0.591997,2.56199,108.66,0.9,0.0114435,38.6297
215000,9467.94,0.577877,32.044,32.086,0.0234997,4780.91,2948.99,387.44,19.372,633.411,1183.83,0,29.9593,150.778,1270.25,1348.68,0.226447,0.448249,7.55443,0.0409214,0.00803077,0.405001,0.588991,0.405749,0.113479,1.44283,0.0443935,0.0435401,0.00181762,0.592394,2.33773,101.14,1.3,0.0108691,38.5444
215500,9457.62,0.577247,31.806,31.766,0.0234175,4777.8,2947.1,386.713,19.3357,634.915,1175.24,0,29.9974,150.543,1273.03,1350.76,0.22664,0.448618,7.55642,0.0408892,0.00802221,0.405892,0.588613,0.40539,0.115772,1.44342,0.0468524,0.0458798,0.00189995,0.592695,2.49836,107.22,0.9,0.0112986,38.3025
216000,9456.76,0.577195,31.866,31.856,0.0215314,4778.06,2942.81,385.736,19.2868,637.149,1177.68,0,30.0537,150.973,1275.74,1353.54,0.225972,0.447445,7.55342,0.0407891,0.00801703,0.406707,0.588766,0.40459,0.116493,1.4436,0.0470374,0.0460562,0.00192059,0.592008,2.35221,101.1,0.9,0.0106574,38.3373
216500,9466.48,0.577788,31.88,31.918,0.0220339,4780.31,2944.56,384.35,19.2175,639.244,1179.79,0,30.04,150.785,1278.66,1355.28,0.225702,0.446964,7.55568,0.0406011,0.00801428,0.40666,0.588996,0.403594,0.115384,1.44281,0.0474615,0.0466228,0.00203438,0.590341,2.47666,105.22,0.9,0.01108,38.5563
217000,9458.4,0.577295,31.8,31.792,0.0231293,4777.52,2941.04,385.171,19.2585,636.003,1177.05,0,30.0332,150.555,1281.71,1357.5,0.225589,0.446927,7.55486,0.0407228,0.00801671,0.407445,0.589326,0.40445,0.114002,1.44323,0.0447126,0.0439387,0.00177033,0.590414,2.50035,105.94,0.9,0.0111659,38.758
217500,9463.98,0.577635,31.978,31.944,0.0222999,4779.62,2944.53,387.179,19.359,640.391,1177.99,0,30.0805,150.758,1284.39,1359.36,0.225793,0.447356,7.55626,0.0409108,0.00802235,0.408428,0.589975,0.404759,0.114239,1.44282,0.0488134,0.0478475,0.00208465,0.589763,2.43194,104.48,0.9,0.0110079,38.7401
218000,9459.7,0.577374,31.678,31.71,0.0219365,4778.69,2943.8,379.748,18.9874,634.954,1176.37,0,30.0393,150.895,1287.32,1363.2,0.225876,0.447572,7.55747,0.0401435,0.00802008,0.408834,0.590492,0.404377,0.113616,1.4432,0.0490869,0.0480595,0.00207331,0.590006,2.46776,105.9,0.9,0.0111606,38.806
218500,9466.58,0.577794,31.984,31.93,0.0203613,4780.47,2946.58,376.985,18.8493,636.169,1181.34,0,30.105,150.659,1289.87,1364.6,0.226036,0.447957,7.55653,0.0398228,0.00801906,0.408612,0.591657,0.403836,0.112762,1.44275,0.0494667,0.0483512,0.00205043,0.589804,2.41902,103.68,0.9,0.0109182,38.7359
219000,9478.78,0.578539,32.09,32.132,0.0233396,4784.03,2951.63,377.932,18.8966,634.02,1186.37,0,30.0681,150.869,1292.71,1364.48,0.226327,0.448529,7.55465,0.0398715,0.008034,0.408684,0.591443,0.40261,0.112597,1.44215,0.048374,0.047471,0.00192993,0.589037,2.35234,101.26,0.9,0.0106468,38.9738
219500,9463.52,0.577607,31.728,31.744,0.0210975,4780.01,2946.83,382.968,19.1484,633.411,1176.27,0,30.034,150.608,1295.49,1363.58,0.226259,0.448508,7.55415,0.0404681,0.00805143,0.409082,0.592992,0.401747,0.112526,1.44312,0.0499297,0.048725,0.00205486,0.588206,2.39589,103.5,0.9,0.0109009,38.953
220000,9464.26,0.577653,31.916,31.91,0.0220813,4780.12,2947.41,374.287,18.7143,631.856,1184.54,0,30.0677,150.667,1298.42,1366.06,0.226308,0.448722,7.55577,0.0395468,0.00804858,0.409631,0.593756,0.402145,0.113088,1.44309,0.0502784,0.0489025,0.00215611,0.588271,2.43825,104.02,1,0.0110087,32.0827
220500,9475.76,0.578354,31.86,31.866,0.0232147,4782.68,2948.1,379.774,18.9887,635.615,1174.95,0,30.0814,150.888,1301.11,1368.96,0.22583,0.447878,7.55631,0.0400788,0.00804641,0.409987,0.594384,0.402457,0.112071,1.44215,0.0518755,0.0508582,0.00213902,0.588462,2.44292,104.56,1,0.0110593,35.73
221000,9470.98,0.578063,31.898,31.832,0.0217816,4781.43,2944.09,381.62,19.081,639.478,1179.13,0,30.078,150.79,1304.04,1371.46,0.225348,0.447008,7.55603,0.0402936,0.00804558,0.41057,0.595889,0.401988,0.110673,1.44246,0.0522688,0.0512574,0.00216548,0.588606,2.47247,106.02,0.9,0.0111566,38.7361
221500,9485.26,0.578934,31.968,31.94,0.0219778,4786.29,2945.65,373.988,18.6994,637.495,1185.95,0,30.0757,150.84,1307.1,1374.48,0.224754,0.445988,7.55808,0.0394282,0.00804855,0.411638,0.596947,0.402189,0.110239,1.44153,0.0528776,0.0517619,0.00214663,0.588327,2.56939,108.82,1.3,0.0116425,38.9761
222000,9486.98,0.579039,31.876,31.914,0.0226499,4786.53,2943.98,372.492,18.6246,642.123,1178.66,0,30.1919,150.998,1309.96,1378.68,0.224339,0.445192,7.56238,0.0392638,0.00805247,0.412298,0.596602,0.40304,0.11001,1.4415,0.0557406,0.0545788,0.00229946,0.588804,2.51891,107.3,0.9,0.0112757,39.0649
222500,9484.94,0.578915,31.856,31.826,0.0223611,4785.58,2941.67,376.668,18.8334,638.999,1182.92,0,30.1579,150.76,1312.85,1381.9,0.22414,0.444773,7.55878,0.0397123,0.00805156,0.413056,0.596587,0.404031,0.110315,1.44156,0.0538501,0.052526,0.00221377,0.589686,2.52998,107.82,0.9,0.0113317,38.6024
223000,9502.92,0.580012,32.096,32.096,0.0225519,4790.45,2945.8,374.613,18.7307,637.458,1191.81,0,30.1129,150.553,1315.52,1385.04,0.224024,0.444539,7.55213,0.0394208,0.0080505,0.413483,0.597308,0.404774,0.109781,1.44043,0.0557212,0.0545193,0.00224966,0.589943,2.33356,100.18,0.9,0.0105078,38.3012
223500,9501.42,0.579921,31.924,31.96,0.0224385,4790.8,2942.98,373.943,18.6971,644.091,1184.87,0,30.1644,150.909,1318.36,1388.46,0.223599,0.44364,7.54687,0.0393564,0.00804932,0.413617,0.596704,0.40428,0.109348,1.44057,0.0579882,0.0565841,0.00238264,0.590044,2.46988,105.74,0.9,0.0110903,38.8625
224000,9501.82,0.579945,32.042,31.958,0.0207983,4790.63,2937.62,372.654,18.6327,645.26,1185.64,0,30.2618,150.725,1321.25,1390.26,0.222768,0.442005,7.5414,0.0392197,0.00804863,0.413642,0.596964,0.404422,0.108981,1.44042,0.0570204,0.0558962,0.00235303,0.590538,2.43584,104,0.9,0.0109101,38.9805
224500,9512.84,0.580618,32.088,32.122,0.0216041,4794.05,2940.42,373.805,18.6903,645.757,1191.82,0,30.232,150.665,1324.16,1392.68,0.222585,0.441697,7.54492,0.0392946,0.00804618,0.414462,0.598363,0.404525,0.108255,1.43979,0.0590575,0.0576928,0.00244442,0.591215,2.31343,98.96,0.9,0.0103637,39.0606
225000,9510.84,0.580496,31.996,31.986,0.0227891,4793.29,2939.54,374.013,18.7006,645.319,1186.02,0,30.2485,150.716,1327.05,1395.66,0.22248,0.441422,7.54776,0.0393249,0.00803409,0.415185,0.599118,0.404931,0.107922,1.43992,0.0611759,0.0596072,0.00254817,0.59195,2.54808,108.3,1.1,0.0114525,38.7855
225500,9517.5,0.580902,32.036,31.996,0.0219112,4795.3,2941.82,367.453,18.3727,649.337,1188.19,0,30.2872,150.986,1329.77,1400.74,0.222543,0.44144,7.55232,0.0386084,0.00802997,0.415068,0.600949,0.40554,0.107345,1.43975,0.0583759,0.0570351,0.00243713,0.592501,2.48406,106.06,0.9,0.0111048,38.8084
226000,9498.14,0.57972,31.82,31.906,0.0223598,4790.13,2934.68,368.987,18.4494,650.579,1181.8,0,30.329,150.826,1332.56,1405.64,0.222216,0.440857,7.54977,0.0388481,0.00802807,0.414967,0.602916,0.405667,0.107016,1.44079,0.0625933,0.0610037,0.00256125,0.591895,2.45909,104.76,1.1,0.011093,39.0141
226500,9505.6,0.580176,32.082,32.038,0.0210414,4791.45,2934.07,374.098,18.7049,648.051,1190.56,0,30.2683,150.635,1335.52,1407.62,0.221862,0.440242,7.54566,0.0393556,0.00802608,0.414925,0.603773,0.405544,0.106613,1.44025,0.0651029,0.0636954,0.00267716,0.590304,2.32627,99.08,0.9,0.0103876,38.8804
227000,9512.98,0.580626,32.064,32.048,0.022371,4793.63,2939.64,372.125,18.6063,649.65,1190.02,0,30.3063,150.879,1338.13,1408.16,0.222275,0.44113,7.55093,0.0391174,0.0080391,0.415199,0.605272,0.405363,0.106611,1.43976,0.0691173,0.0673075,0.00284644,0.591183,2.43601,104.06,1.1,0.0110018,38.8848
227500,9505.46,0.580167,31.856,31.928,0.0232997,4790.99,2937.19,367.114,18.3557,648.44,1184.68,0,30.3064,151.005,1340.93,1410.78,0.222209,0.441008,7.55472,0.0386212,0.00804173,0.415857,0.605963,0.4055,0.106731,1.44013,0.0693427,0.0675584,0.00292121,0.591653,2.5449,107.76,1.3,0.0114988,38.3617
228000,9505.86,0.580192,32.106,32.08,0.0226749,4790.89,2940.14,366.153,18.3076,646.629,1189.46,0,30.286,150.657,1343.74,1414.56,0.222723,0.442055,7.55302,0.0385189,0.00802316,0.417015,0.606695,0.40686,0.107166,1.44001,0.0668709,0.0651203,0.00279647,0.593015,2.63984,111.18,1.28,0.0118565,38.7945
228500,9506.42,0.580226,31.968,31.994,0.0230374,4791.45,2940.04,366.783,18.3391,648.067,1183.11,0,30.2892,150.945,1346.29,1418.4,0.222519,0.441679,7.55695,0.0385823,0.00802328,0.417926,0.60833,0.406642,0.10787,1.44,0.0693789,0.0674683,0.00282805,0.593893,2.49378,106.5,1.1,0.0112641,38.9641
229000,9506.64,0.580239,32.08,32.026,0.0216435,4790.45,2940.07,365.859,18.293,646.398,1184.86,0,30.3236,150.6,1349.05,1421.42,0.222685,0.441883,7.55684,0.0384847,0.00802318,0.418676,0.608993,0.405933,0.108791,1.44,0.0666446,0.0651635,0.00276108,0.594413,2.383,102.2,0.9,0.0107077,38.8224
229500,9505.28,0.580156,32.142,32.124,0.022878,4791.01,2939.86,362.351,18.1175,646.67,1190.45,0,30.3308,150.531,1352.01,1425.12,0.222673,0.441837,7.55668,0.0381209,0.00801993,0.418561,0.609856,0.405282,0.109077,1.44014,0.0642454,0.0626991,0.00263918,0.593537,2.47557,106.02,1.1,0.011219,38.7459
230000,9503.2,0.580029,31.856,31.904,0.0234944,4790.72,2936.88,359.097,17.9548,645.497,1181.93,0,30.3315,150.626,1355.24,1427.2,0.22237,0.441433,7.55442,0.0377869,0.00803406,0.418036,0.612148,0.405063,0.108544,1.44046,0.0620709,0.0606756,0.00247012,0.591753,2.45602,104.6,0.9,0.0109694,38.9077
230500,9504.32,0.580098,32.092,32.104,0.0238965,4790.42,2934.05,361.843,18.0922,655.787,1189.45,0,30.4048,150.922,1358.41,1430.32,0.221928,0.440786,7.55071,0.0380716,0.00803038,0.418727,0.613645,0.405403,0.109647,1.4403,0.0599223,0.0585061,0.00241769,0.590683,2.42808,103.88,0.9,0.0108965,38.9165
231000,9514.46,0.580717,32.094,32.056,0.0234649,4794.01,2936.2,359.102,17.9551,650.07,1189.32,0,30.3817,150.742,1360.98,1433.74,0.221749,0.440385,7.54862,0.0377427,0.00802206,0.418954,0.61405,0.40536,0.110124,1.43982,0.0632428,0.0618069,0.00252346,0.59094,2.29434,97.9,1.1,0.0103585,38.876
231500,9507.42,0.580287,31.81,31.838,0.0222809,4792.72,2935.13,356.443,17.8222,651.924,1184.46,0,30.3956,150.986,1363.51,1437.5,0.221852,0.440632,7.55069,0.0374911,0.00801913,0.419263,0.61528,0.405174,0.110788,1.44026,0.0585674,0.0574798,0.00226963,0.590939,2.34889,100.78,0.9,0.0105599,38.7248
232000,9502.5,0.579987,31.956,31.942,0.0220911,4790.63,2933.26,356.501,17.825,651.51,1186.04,0,30.4079,150.981,1366.18,1440.5,0.2218,0.440516,7.55321,0.0375166,0.00801854,0.419499,0.617425,0.40539,0.110436,1.44051,0.0608337,0.0594216,0.00242205,0.590818,2.46034,104.9,0.9,0.0110053,38.85
232500,9496.58,0.579625,32.044,32.056,0.0238509,4788.76,2927.09,363.761,18.188,656.641,1189.69,0,30.4167,150.872,1368.9,1443.6,0.221107,0.43928,7.54933,0.0383048,0.00801415,0.419759,0.617792,0.4047,0.110684,1.44078,0.0587144,0.0576676,0.002391,0.589477,2.4464,104.62,0.9,0.0109822,38.7624
233000,9499.96,0.579832,31.892,31.898,0.0232529,4789.55,2928.06,363.616,18.1808,657.606,1185.1,0,30.4323,150.907,1372.43,1446.4,0.220991,0.439091,7.55563,0.0382754,0.00802406,0.420848,0.6193,0.404342,0.109539,1.44062,0.0627839,0.0610849,0.00252609,0.588607,2.34907,101.6,0.9,0.0106534,38.8473
233500,9513.06,0.580631,31.916,31.922,0.0226408,4793.68,2932.27,366.942,18.3471,655.324,1183.15,0,30.4034,150.95,1375.57,1449.36,0.220896,0.438878,7.55818,0.0385722,0.00802433,0.421505,0.620304,0.403172,0.108349,1.43973,0.0645721,0.0628692,0.00267611,0.587102,2.33407,99.36,0.9,0.0104069,38.771
234000,9505.34,0.58016,32.068,32.062,0.0216615,4791.16,2930.32,369.296,18.4648,655.37,1192.25,0,30.4097,150.951,1378.54,1453.58,0.221033,0.43927,7.5589,0.0388518,0.00802465,0.421644,0.62117,0.402216,0.10806,1.44033,0.063644,0.0618581,0.00261754,0.585965,2.20478,94.46,1.3,0.0101056,39.1088
234500,9507.64,0.5803,32.006,32.002,0.0212002,4792.03,2932.42,370.047,18.5023,655.726,1186.15,0,30.3838,150.744,1381.66,1456.28,0.221232,0.439701,7.55783,0.0389206,0.00802134,0.421526,0.622923,0.401535,0.108101,1.43993,0.0608899,0.0595878,0.00244881,0.58555,2.51245,106.72,0.9,0.0111886,38.6623
235000,9508.48,0.580352,31.994,31.926,0.0229258,4791.87,2937.57,368.051,18.4026,652.684,1184.36,0,30.3936,150.974,1384.78,1459.14,0.221972,0.441259,7.56501,0.0387078,0.00803374,0.421866,0.624274,0.401925,0.108154,1.43986,0.0619166,0.0603728,0.00253615,0.586029,2.37064,101.42,0.9,0.0106258,38.7841
235500,9500.14,0.579843,31.998,32.012,0.0218641,4789.46,2936.57,363.525,18.1762,646.938,1184.66,0,30.3251,150.671,1387.64,1462.52,0.222163,0.441742,7.56865,0.0382645,0.0080434,0.421682,0.627796,0.401588,0.10734,1.4404,0.0623608,0.0608513,0.00257441,0.586391,2.34431,100.86,0.9,0.0105782,38.7204
236000,9492.72,0.57939,31.948,32.058,0.0256117,4787.32,2936.18,357.075,17.8538,648.525,1186.53,0,30.396,150.705,1390.74,1465.36,0.222443,0.442333,7.5703,0.0376155,0.00804941,0.421703,0.629112,0.401627,0.106953,1.4407,0.0584489,0.0573769,0.0022932,0.586811,2.48559,106.02,0.9,0.0111331,38.8631
236500,9504.78,0.580126,32.036,31.91,0.0225438,4790.88,2938.1,354.417,17.7209,646.608,1184.26,0,30.3845,150.496,1393.74,1469.26,0.222273,0.441992,7.56536,0.0372892,0.00804686,0.422295,0.63077,0.401637,0.107063,1.44021,0.061309,0.0597371,0.00248916,0.587528,2.58859,109.24,0.9,0.0114526,38.4092
237000,9498.06,0.579716,32.002,32.068,0.0241261,4789.73,2937.59,346.418,17.3209,648.332,1186.46,0,30.4611,150.804,1396.77,1471.6,0.22238,0.442152,7.57168,0.0364722,0.00804876,0.423069,0.632355,0.401749,0.108294,1.44066,0.0625635,0.0609968,0.0024614,0.587776,2.33817,99.5,0.9,0.0104398,38.5908
237500,9506.46,0.580228,31.952,31.954,0.0224607,4791.96,2937,343.935,17.1968,652.191,1184.92,0,30.459,150.994,1399.65,1474.18,0.221879,0.441275,7.5715,0.0361787,0.00804879,0.423521,0.633945,0.402492,0.108732,1.44028,0.0597657,0.0585244,0.00238427,0.58692,2.392,101.94,0.9,0.0106901,38.6842
238000,9502.88,0.58001,32.014,31.97,0.0221321,4790.18,2932.91,339.171,16.9586,650.047,1192.38,0,30.5212,150.917,1402.51,1476.98,0.221351,0.440217,7.57327,0.0356915,0.00805428,0.423932,0.635565,0.402026,0.108964,1.44031,0.0593038,0.0578916,0.00239628,0.586499,2.35906,101.62,1,0.0107061,38.9456
238500,9508.72,0.580366,32.066,32.094,0.0224727,4792.37,2932.69,343.683,17.1842,648.326,1191.35,0,30.4692,150.405,1405.63,1481.22,0.221054,0.439575,7.57101,0.036144,0.00806991,0.424895,0.637725,0.401547,0.10722,1.43999,0.0565153,0.0553544,0.00221214,0.586975,2.39115,102.26,1,0.0107709,39.0629
239000,9510.16,0.580454,31.952,31.948,0.0211601,4793.21,2934.31,339.873,16.9937,653.421,1190.39,0,30.5462,151.008,1408.76,1484.52,0.221207,0.439733,7.57174,0.0357374,0.00807374,0.425506,0.638016,0.402315,0.10761,1.44002,0.0611761,0.0595526,0.002422,0.58715,2.24786,96.22,0.9,0.0100769,38.9438
239500,9508.76,0.580369,31.968,31.98,0.0236817,4791.92,2933,336.176,16.8088,650.811,1186.53,0,30.5362,150.564,1411.79,1487.14,0.221157,0.439476,7.56979,0.035354,0.00807433,0.425866,0.637941,0.403089,0.107096,1.44,0.0614556,0.0600126,0.00247521,0.587262,2.32965,100.46,0.9,0.0105295,38.6527
240000,9505.06,0.580143,32.132,32.124,0.0243204,4791.02,2931.67,338.434,16.9217,652.573,1197.67,0,30.5454,150.967,1414.6,1489.72,0.221076,0.439284,7.57044,0.0356053,0.00807775,0.425585,0.639757,0.402703,0.107364,1.44024,0.0602249,0.0587392,0.00234025,0.586209,2.58252,110,0.9,0.0115334,32.1078
240500,9512.94,0.580624,31.952,31.986,0.0243528,4793.39,2932.2,336.395,16.8198,652.907,1189.39,0,30.4994,150.706,1417.24,1492.14,0.220647,0.438343,7.57076,0.0353617,0.00807019,0.426189,0.64092,0.401873,0.108061,1.43956,0.0617217,0.0602984,0.00238817,0.586204,2.47288,105.66,0.9,0.0110727,36.1883
241000,9517.1,0.580878,32.08,31.97,0.0236163,4794.69,2932.23,339.308,16.9654,652.665,1186.99,0,30.526,150.692,1420.22,1495.08,0.22047,0.43797,7.57262,0.0356522,0.0080666,0.426867,0.641904,0.402224,0.107409,1.43939,0.0598236,0.0584703,0.0023188,0.585213,2.36008,100.9,0.9,0.0105622,38.942
241500,9507.68,0.580303,32.132,32.186,0.0236493,4792.26,2929.77,342.698,17.1349,659.599,1195.56,0,30.5375,150.818,1423.13,1497.48,0.220626,0.438326,7.56581,0.0360444,0.00806967,0.427315,0.640619,0.402472,0.106563,1.43999,0.0601915,0.0588409,0.0024073,0.584735,2.45035,104.24,0.9,0.0109255,38.4461
242000,9512.94,0.580624,31.946,31.968,0.0248774,4793.08,2930.93,335.572,16.7786,652.628,1185.66,0,30.4904,150.448,1425.5,1500.5,0.220535,0.437945,7.56903,0.0352752,0.00806509,0.427832,0.640904,0.402274,0.106816,1.43959,0.0595309,0.058053,0.002418,0.584707,2.28373,97.84,0.9,0.0102459,38.3289
242500,9506.2,0.580212,32.124,32.11,0.0232388,4791.68,2927.97,336.787,16.8394,652.967,1194.57,0,30.5443,150.609,1428.44,1502.56,0.220342,0.437479,7.5697,0.0354282,0.00806209,0.428357,0.64138,0.402377,0.107604,1.44006,0.0603718,0.0590864,0.00240272,0.584044,2.37147,101.48,0.9,0.0106377,38.6094
243000,9504.38,0.580101,32.086,32.084,0.0239483,4790.29,2924.91,338.584,16.9292,660.844,1190.66,0,30.5138,150.658,1431.06,1505.38,0.219936,0.436916,7.57097,0.0356243,0.00806588,0.42847,0.643647,0.402423,0.106926,1.44019,0.0600023,0.0588304,0.00241989,0.583773,2.39384,102.56,0.9,0.0107591,38.921
243500,9520.32,0.581074,31.972,31.998,0.024859,4795.53,2929.28,334.033,16.7016,660.342,1186.4,0,30.5977,150.868,1433.89,1508.54,0.219753,0.436574,7.5774,0.0350862,0.00806923,0.429458,0.644568,0.402679,0.105951,1.43937,0.0615325,0.0600846,0.00245608,0.583804,2.36192,101.86,0.9,0.0106608,39.0891
244000,9505.14,0.580148,32.026,32.086,0.0241479,4791.29,2924.49,334.048,16.7024,658.591,1190.15,0,30.584,150.581,1436.79,1510.16,0.21969,0.436547,7.5736,0.0351437,0.0080782,0.430394,0.646112,0.402339,0.105457,1.44019,0.0623253,0.0606692,0.00251037,0.583983,2.48186,105.2,0.9,0.0110296,38.9202
244500,9482.84,0.578787,31.984,31.948,0.0227362,4784.47,2917.66,335.179,16.759,660.765,1192.38,0,30.6046,150.537,1439.87,1512.36,0.219732,0.436634,7.57343,0.0353459,0.00809017,0.431492,0.647453,0.40268,0.104761,1.4416,0.0626726,0.0613609,0.00243218,0.584055,2.31903,98.72,0.9,0.0103728,38.9548
245000,9491.66,0.579325,32.018,31.996,0.0237761,4787.38,2922.19,335.591,16.7796,658.474,1191.18,0,30.5707,150.786,1443.01,1515.7,0.219981,0.43723,7.57537,0.035357,0.00808566,0.432379,0.649527,0.403128,0.104799,1.44107,0.0643426,0.0627389,0.00255626,0.584293,2.31241,99.36,1.1,0.0105363,38.8867
245500,9480.78,0.578661,31.866,31.882,0.0237668,4784.65,2920.21,331.978,16.5989,657.671,1187.08,0,30.631,150.705,1446.09,1519.46,0.220283,0.437732,7.57305,0.0350165,0.00807644,0.432736,0.649713,0.40322,0.105998,1.44189,0.0602493,0.0588528,0.00236775,0.584202,2.26282,97.16,0.9,0.0102124,39.0498
246000,9489.38,0.579186,31.978,31.964,0.0241411,4787.19,2922.18,336.607,16.8303,657.232,1191.82,0,30.619,150.885,1448.74,1522.94,0.220193,0.437476,7.57019,0.0354717,0.0080668,0.433186,0.648936,0.403848,0.107242,1.44131,0.0625931,0.0611009,0.00248324,0.58477,2.44064,104.38,1.1,0.0110636,38.9484
246500,9495.28,0.579546,32.03,31.984,0.0238823,4788.22,2919.87,338.614,16.9307,663.424,1190.14,0,30.5643,150.854,1451.42,1525.84,0.2196,0.436407,7.56795,0.0356612,0.00806979,0.43386,0.649223,0.403606,0.107237,1.44092,0.0611929,0.0600366,0.00242596,0.585808,2.51766,107.28,0.9,0.0112613,38.7449
247000,9498.1,0.579718,31.944,31.95,0.0232667,4790.13,2918.37,341.237,17.0619,660.919,1188.55,0,30.5889,150.439,1454.56,1528.6,0.219133,0.435591,7.56628,0.0359275,0.00808912,0.434383,0.650994,0.403196,0.105569,1.4408,0.0593948,0.0580979,0.0024038,0.584597,2.3909,101.94,0.9,0.0106966,38.9097
247500,9508.46,0.58035,32.106,32.148,0.0229258,4793.13,2917.06,337.303,16.8651,664.017,1195.34,0,30.6141,150.525,1457.66,1532.18,0.218356,0.433879,7.56721,0.0354738,0.00809623,0.435445,0.652236,0.403594,0.105201,1.44019,0.0592388,0.0579284,0.00235287,0.584427,2.34773,100.62,1.1,0.010648,39.0188
248000,9509.74,0.580428,32.112,32.1,0.023332,4792.93,2916.94,338.085,16.9043,667.702,1193.97,0,30.6364,150.618,1461.07,1536.18,0.218353,0.433815,7.56296,0.0355517,0.00810582,0.436384,0.653731,0.404536,0.105072,1.43994,0.0577981,0.0568705,0.00222208,0.585037,2.41857,103.58,0.9,0.0108578,38.9632
248500,9520,0.581055,32.106,32.098,0.0232682,4796.69,2924.88,337.895,16.8948,656.534,1196,0,30.5711,150.312,1463.9,1539.04,0.21907,0.435244,7.56641,0.0354929,0.00810887,0.436263,0.653534,0.404486,0.106418,1.43944,0.0620715,0.060599,0.00250047,0.584789,2.43628,104.14,1.08,0.0109984,38.3557
249000,9537.02,0.582094,32.174,32.1,0.0235337,4800.71,2928.78,341.894,17.0947,659.668,1195.99,0,30.5761,150.845,1467.07,1543.18,0.218894,0.434965,7.57041,0.0358491,0.00812487,0.436748,0.653442,0.404297,0.107624,1.43847,0.0627107,0.0615237,0.00246214,0.584128,2.30891,99.04,0.9,0.0103505,38.8163
249500,9536.3,0.58205,32.046,32.066,0.0231701,4801.4,2928.36,345.195,17.2598,665,1191.4,0,30.5873,150.752,1470.17,1547.22,0.218768,0.434565,7.56973,0.0361977,0.0081338,0.437425,0.652696,0.404904,0.107153,1.43842,0.0603418,0.0589157,0.0023111,0.584433,2.38555,102.4,0.9,0.0107,39.0225
250000,9528.5,0.581573,32.154,32.156,0.0236551,4798.21,2926.61,348.647,17.4324,662.569,1191.29,0,30.5779,150.9,1473.28,1550.68,0.218937,0.434819,7.56901,0.03659,0.0081368,0.438106,0.652533,0.405457,0.106997,1.4387,0.0584022,0.0571154,0.00234981,0.583876,2.37817,102.66,0.9,0.0107364,38.5318
250500,9540.28,0.582292,32.112,32.1,0.0232093,4801.87,2928.14,345.79,17.2895,664.143,1191.07,0,30.5812,150.498,1475.98,1554.06,0.218522,0.43399,7.57136,0.0362455,0.00814697,0.438793,0.653242,0.405053,0.106443,1.43813,0.0614874,0.0600765,0.00239958,0.583164,2.48247,106.22,0.9,0.0110951,38.6285
251000,9543.72,0.582502,32.17,32.14,0.0236821,4802.38,2928.05,347.66,17.383,657.389,1198.04,0,30.5215,150.544,1478.92,1556.54,0.218518,0.433974,7.56399,0.0364278,0.00814593,0.43938,0.652806,0.405549,0.106922,1.43778,0.0568531,0.0557509,0.00226895,0.58332,2.37433,101.82,0.9,0.0106338,37.8363
251500,9553.5,0.583099,32.29,32.292,0.0227512,4805.92,2928.79,345.056,17.2528,664.206,1201.29,0,30.6072,150.792,1482.22,1559.78,0.218033,0.433199,7.56678,0.0361178,0.00814944,0.439588,0.652803,0.405536,0.106699,1.43724,0.0597299,0.0584466,0.00240682,0.58285,2.19685,95.52,0.9,0.00995958,38.2541
252000,9556.12,0.583259,32.1,32.16,0.024352,4806.71,2929.62,347.712,17.3856,666.926,1190.38,0,30.6203,150.695,1485.23,1563.16,0.217958,0.433223,7.56965,0.0363865,0.00813689,0.439846,0.653024,0.404534,0.10804,1.43696,0.0576276,0.0564746,0.00233074,0.581598,2.32041,99.88,0.9,0.0104165,38.5626
252500,9519,0.580994,32.088,32.118,0.022179,4795.65,2918.36,343.819,17.191,664.593,1194.77,0,30.5599,150.718,1488.18,1565.5,0.218061,0.43342,7.56773,0.0361192,0.00813442,0.439509,0.65222,0.404103,0.108304,1.43951,0.060817,0.0595397,0.00242385,0.580356,2.42741,103.04,0.9,0.0107888,38.7492
253000,9533.16,0.581858,32.214,32.158,0.0240318,4799.99,2923.12,351.015,17.5508,665.787,1193.61,0,30.6286,150.599,1491.22,1568.5,0.21813,0.433481,7.5679,0.0368207,0.00813639,0.439719,0.653485,0.403181,0.108992,1.43873,0.0632172,0.061709,0.00258375,0.579411,2.33665,100.26,1.1,0.0105832,37.7028
253500,9543.1,0.582465,32.126,32.128,0.0251128,4802.6,2927.23,344.482,17.2241,665.979,1190.21,0,30.5763,150.455,1493.71,1571.28,0.21821,0.433548,7.57066,0.0360974,0.00813817,0.439641,0.654595,0.402975,0.108599,1.43785,0.0649102,0.0633257,0.00255793,0.579828,2.40048,102.76,0.9,0.010729,40.7677
254000,9526.18,0.581432,32.12,32.13,0.0233954,4798.07,2920.96,341.295,17.0648,664.468,1196.57,0,30.5618,150.49,1496.92,1573.9,0.217986,0.43322,7.57348,0.0358278,0.00815106,0.43974,0.656092,0.402905,0.107239,1.43897,0.0599573,0.0582416,0.00237944,0.579651,2.47497,105.42,1.1,0.0111295,44.9754
254500,9525.4,0.581384,32.174,32.16,0.02157,4797.7,2918.19,337.772,16.8886,667.699,1199.82,0,30.6699,150.768,1500.16,1576.2,0.21756,0.432773,7.5743,0.0354604,0.00815055,0.43994,0.658745,0.403064,0.106112,1.43905,0.0624101,0.0611147,0.00242709,0.578208,2.33034,100.16,0.9,0.0104825,46.413
255000,9535.74,0.582015,32.006,32.026,0.0238131,4800.56,2922.03,342.96,17.148,667.091,1188.38,0,30.5822,150.544,1503.59,1578.5,0.217696,0.43316,7.57076,0.035966,0.00816312,0.439897,0.660458,0.403559,0.105345,1.43837,0.0608758,0.0600284,0.0023657,0.578445,2.35682,100.96,0.9,0.0105525,47.0297
255500,9547.22,0.582716,32.392,32.306,0.0243158,4802.91,2923.75,344.046,17.2023,665.742,1200.52,0,30.5582,150.62,1506.2,1581.5,0.217548,0.432698,7.56773,0.0360363,0.00816242,0.43958,0.661536,0.403272,0.105461,1.4375,0.0610138,0.059736,0.002422,0.579099,2.44697,104.66,0.9,0.0109289,46.4437
256000,9547.54,0.582736,31.942,32.024,0.0241376,4804.2,2924.84,333.963,16.6981,669.612,1188.26,0,30.6651,150.907,1508.98,1584.94,0.21757,0.432552,7.57111,0.0349788,0.00815804,0.439635,0.661544,0.402735,0.106365,1.4376,0.058902,0.057624,0.00228666,0.579159,2.35493,101.22,0.9,0.0105653,46.5773
256500,9530.12,0.581672,32.142,32.16,0.0234274,4799.5,2923.08,336.066,16.8033,665.664,1198.2,0,30.6329,150.873,1512.05,1587.86,0.218024,0.433304,7.57785,0.0352632,0.00816185,0.440385,0.662533,0.403424,0.106712,1.43878,0.0607833,0.0592914,0.0024261,0.580167,2.42836,103.46,0.9,0.0108125,46.6784
257000,9532.9,0.581842,32.232,32.212,0.0249766,4799.28,2921.65,339.5,16.975,664.866,1198.54,0,30.5624,150.527,1514.79,1589.88,0.217735,0.4326,7.57294,0.0356141,0.00815528,0.440314,0.662228,0.402979,0.1065,1.43846,0.0626335,0.0616451,0.002523,0.580397,2.4155,102.76,0.9,0.0107482,46.7916
257500,9543.74,0.582504,32.158,32.134,0.0232148,4802.13,2921.67,337.77,16.8885,666.611,1194.11,0,30.6501,150.68,1517.17,1591.7,0.217244,0.431535,7.57202,0.0353917,0.00815857,0.440701,0.661604,0.402661,0.107014,1.43768,0.0609915,0.0598769,0.00243289,0.580051,2.40253,103.24,0.9,0.0107813,46.799
258000,9551.08,0.582952,32.196,32.17,0.0234745,4804.71,2924.49,338.789,16.9395,665.683,1199.29,0,30.567,150.619,1519.76,1594.14,0.217294,0.431851,7.57343,0.0354714,0.00817025,0.441137,0.663606,0.401318,0.107461,1.43732,0.0614015,0.0602393,0.00231624,0.579013,2.29151,99.08,0.9,0.0103414,46.813
258500,9552.4,0.583032,32.192,32.16,0.0243102,4804.49,2926.1,339.88,16.994,667.72,1191.83,0,30.6254,150.78,1522.69,1596.22,0.217498,0.432528,7.57703,0.0355806,0.00818645,0.441603,0.66453,0.399049,0.108703,1.4372,0.0600328,0.0588854,0.00247586,0.577605,2.49076,105.88,0.9,0.0110485,46.6605
259000,9555.78,0.583239,32.098,32.156,0.0248068,4806.78,2928.35,334.166,16.7083,666.864,1190.78,0,30.5954,150.726,1525.53,1598.68,0.217495,0.432612,7.58063,0.03497,0.00819775,0.442118,0.665116,0.398057,0.109486,1.43709,0.0632289,0.0618999,0.00246523,0.577709,2.39697,103.38,0.9,0.0107835,46.4717
259500,9550.12,0.582893,32.254,32.218,0.0229662,4804.57,2924.77,340.177,17.0089,662.703,1200.03,0,30.5545,150.358,1528.49,1601.66,0.217317,0.432312,7.5824,0.0356203,0.00819884,0.44284,0.666704,0.398476,0.109461,1.43757,0.0595355,0.0581952,0.0023885,0.577676,2.28872,98.24,0.9,0.010252,46.8605
260000,9547.64,0.582742,32.138,32.176,0.0240667,4804.07,2925.74,346.217,17.3109,667.934,1198.28,0,30.5902,151.161,1531.43,1603.64,0.217449,0.432547,7.58861,0.0362625,0.00820796,0.443257,0.667628,0.398771,0.110245,1.43767,0.0607399,0.0592044,0.00242263,0.577032,2.3227,100.62,0.9,0.0104969,39.7772
260500,9550.02,0.582887,32.26,32.19,0.0241028,4804.6,2925.52,340.469,17.0235,665.796,1193.76,0,30.5584,150.462,1534.14,1607.46,0.217324,0.432193,7.58722,0.0356515,0.00821285,0.443788,0.666101,0.398842,0.109439,1.43743,0.0590235,0.0577941,0.00241995,0.576978,2.46909,105.36,0.9,0.0109948,43.9754
261000,9565.14,0.58381,32.25,32.296,0.0254486,4808.78,2928.65,334.4,16.72,668.585,1194.67,0,30.6233,150.686,1537.16,1608,0.217118,0.431818,7.58494,0.0349608,0.00822656,0.444416,0.665997,0.399246,0.109557,1.43648,0.0602884,0.0588873,0.00245652,0.576623,2.2925,98.4,0.9,0.0102498,46.4588
261500,9563.38,0.583702,32.222,32.194,0.0225135,4808.92,2924.5,335.929,16.7965,669.372,1198.51,0,30.6186,150.746,1540.11,1610.06,0.216534,0.430655,7.58127,0.0351266,0.00824169,0.444927,0.666998,0.398691,0.110766,1.4366,0.0598556,0.0585254,0.00245277,0.575382,2.30986,99.62,0.9,0.010381,46.5667
262000,9545.9,0.582635,31.956,31.988,0.0235133,4803.2,2916.91,329.87,16.4935,675.004,1189.46,0,30.6735,150.894,1542.98,1611.84,0.216172,0.429899,7.58155,0.0345564,0.00824676,0.44544,0.668122,0.398387,0.112165,1.43767,0.0612947,0.0599366,0.00245119,0.57376,2.23281,96.3,1.1,0.0101533,46.6724
262500,9569.66,0.584086,32.368,32.368,0.0242681,4809.89,2921.1,330.007,16.5004,668.137,1202.23,0,30.6601,150.479,1545.98,1592.24,0.215715,0.428937,7.57909,0.0344849,0.0082401,0.44587,0.66988,0.39809,0.111839,1.43618,0.0613031,0.0599009,0.00250339,0.573716,2.29269,98.82,0.9,0.0102922,46.8626
263000,9562.96,0.583677,32.304,32.314,0.0235211,4808.16,2919.02,327.864,16.3932,678.427,1203.47,0,30.7307,151.004,1549.13,1588.42,0.215509,0.428539,7.5848,0.0342847,0.00823941,0.446086,0.670586,0.398722,0.112686,1.43636,0.0623816,0.0608484,0.0025155,0.573453,2.40221,103.32,1,0.0108122,45.7668
263500,9551.26,0.582963,32.03,32.03,0.0241837,4803.85,2911.72,324.324,16.2162,674.532,1191.24,0,30.7779,150.478,1552.62,1591.08,0.214855,0.427279,7.58861,0.0339562,0.00825291,0.446675,0.6718,0.397832,0.113003,1.43709,0.0679241,0.0660671,0.00275005,0.572292,2.30153,98.66,1.1,0.0103926,45.3427
264000,9559.66,0.583475,32.336,32.286,0.0238165,4806.78,2910.36,326.861,16.3431,684.339,1199.54,0,30.7926,150.607,1555.34,1592.16,0.214243,0.426065,7.58828,0.034192,0.00826106,0.447606,0.67234,0.397192,0.113018,1.43679,0.0649839,0.0635487,0.00264305,0.57232,2.47464,105.4,1,0.0110442,45.5599
264500,9563.46,0.583707,32.156,32.146,0.0232267,4808.02,2907.64,324.405,16.2202,686.804,1195.55,0,30.8798,151.135,1558.24,1594.58,0.213502,0.424658,7.58918,0.0339213,0.00826314,0.448479,0.67401,0.39619,0.112845,1.43649,0.0660779,0.0648085,0.00263872,0.573501,2.42008,103.98,0.9,0.0108337,41.1903
265000,9577.88,0.584587,32.216,32.218,0.0231989,4812.49,2909.96,325.396,16.2698,682.976,1196.57,0,30.8144,150.325,1561.32,1598.5,0.213105,0.423935,7.5907,0.033974,0.00826945,0.44952,0.674075,0.396068,0.111475,1.43554,0.0650215,0.06356,0.00253432,0.574312,2.29397,98.32,0.9,0.0102274,38.8903
265500,9584.6,0.584998,32.444,32.456,0.0249759,4813.45,2909.14,324.001,16.2001,689.97,1207.81,0,30.7647,150.815,1564.52,1601.2,0.212617,0.422955,7.59167,0.0338041,0.00828012,0.450114,0.674161,0.39604,0.110021,1.43493,0.0653798,0.0639756,0.00257485,0.574465,2.36919,100.98,0.9,0.0104947,38.9395
266000,9568.2,0.583997,32.192,32.166,0.0236244,4808.76,2901.81,322.814,16.1407,685.518,1203.09,0,30.8505,150.678,1567.79,1603.08,0.212329,0.422432,7.59202,0.0337381,0.00828851,0.450719,0.673966,0.395508,0.108683,1.43622,0.0640041,0.0627897,0.00256618,0.573958,2.1089,91.2,1.1,0.00959704,39.0111
266500,9589.66,0.585306,32.294,32.242,0.0236748,4815.49,2908.56,318.4,15.92,686.564,1199.37,0,30.8248,150.699,1570.89,1605.48,0.21221,0.422209,7.59152,0.0332021,0.00830233,0.451435,0.674202,0.39491,0.108745,1.43458,0.0655542,0.0643195,0.00264958,0.573806,2.48442,106.56,0.9,0.0110766,38.6022
267000,9598.88,0.585869,32.38,32.44,0.0234243,4817.66,2911.13,325.002,16.2501,687.184,1207.03,0,30.8109,150.691,1574.02,1608.96,0.212129,0.422023,7.59432,0.0338589,0.00832397,0.452187,0.674242,0.395152,0.109633,1.43394,0.0670899,0.0655504,0.00270197,0.573996,2.43838,104.6,1.2,0.0110078,38.7482
267500,9578.98,0.584655,32.292,32.25,0.0232254,4812.08,2906.29,324.301,16.215,686.236,1204.13,0,30.8956,150.775,1577.24,1612.18,0.212343,0.422393,7.59936,0.0338555,0.00834443,0.453037,0.67587,0.394593,0.108724,1.43544,0.067127,0.0654837,0.00274052,0.574039,2.29095,98.24,1,0.0102686,38.8841
268000,9594.58,0.585607,32.332,32.314,0.0233027,4816.89,2914.46,318.903,15.9451,679.617,1206.57,0,30.7453,150.458,1580.54,1615.2,0.212805,0.423292,7.60117,0.0332379,0.00836101,0.45332,0.67675,0.39454,0.108676,1.43433,0.0685969,0.0669294,0.00274611,0.5718,2.27791,97.82,1,0.0102064,39.0288
268500,9599.56,0.585911,32.292,32.334,0.0246762,4818.38,2918.64,317.088,15.8544,679.021,1200.03,0,30.8173,150.786,1583.57,1618.2,0.21313,0.42393,7.6084,0.0330316,0.00837544,0.453808,0.677186,0.393654,0.108722,1.43399,0.0685761,0.0669679,0.00270129,0.570665,2.37895,101.86,1,0.0106256,39.1014
269000,9574.54,0.584384,32.26,32.284,0.0234354,4810.79,2910.98,310.772,15.5386,680.934,1207.44,0,30.8934,150.799,1586.63,1622.3,0.21321,0.424025,7.60775,0.0324582,0.00838983,0.454826,0.677757,0.393526,0.108589,1.43561,0.0623159,0.0613195,0.00250079,0.570738,2.33153,100.1,0.9,0.0104234,38.9677
269500,9577.98,0.584594,32.31,32.31,0.0235887,4811.5,2910.15,309.841,15.492,680.993,1204.93,0,30.9424,150.768,1589.47,1626.26,0.212955,0.423358,7.60682,0.0323494,0.00838032,0.456233,0.676769,0.393087,0.109437,1.43547,0.0631232,0.0615028,0.00255504,0.571434,2.31935,99.96,0.9,0.0104009,38.8196
270000,9576.28,0.58449,32.108,32.09,0.0242027,4811.09,2910.89,305.876,15.2938,684.698,1195.86,0,30.9443,150.917,1592.49,1629.66,0.213079,0.423618,7.60896,0.0319412,0.00837461,0.457729,0.676165,0.392887,0.109795,1.43538,0.0601024,0.058837,0.0023564,0.572505,2.38029,102.26,0.9,0.0106396,38.872
270500,9594.38,0.585594,32.314,32.304,0.0233989,4816.52,2915.1,303.501,15.175,680.59,1204.24,0,30.9207,150.819,1595.58,1633.26,0.212834,0.42318,7.6066,0.0316327,0.00836083,0.458412,0.677154,0.392919,0.110203,1.4343,0.0674962,0.0655891,0.00267355,0.572613,2.3714,101.4,0.9,0.0105309,38.9594
271000,9599.08,0.585881,32.444,32.454,0.0236874,4817.96,2914.54,303.209,15.1604,683.321,1209.31,0,30.9208,150.795,1598.6,1636.48,0.212516,0.422467,7.60721,0.0315873,0.00835094,0.459202,0.677476,0.392874,0.109999,1.43412,0.066225,0.0646184,0.00258166,0.571791,2.31264,99.4,0.9,0.0103181,38.8843
271500,9598.48,0.585845,32.27,32.304,0.0240684,4818.33,2916.01,304.787,15.2394,678.372,1206.7,0,30.9133,150.605,1601.51,1639.42,0.212644,0.422598,7.61266,0.0317541,0.00835164,0.460375,0.678384,0.392889,0.11023,1.43417,0.0685436,0.0667015,0.00286131,0.57201,2.2393,96.46,1.3,0.0102148,38.5226
272000,9588.36,0.585227,32.3,32.254,0.0226548,4815.12,2912.04,304.748,15.2374,685.529,1202.33,0,30.9476,150.743,1604.27,1642.04,0.21243,0.422126,7.61461,0.0317834,0.00836249,0.461173,0.676885,0.392675,0.110202,1.43461,0.0739235,0.0718562,0.00300494,0.573114,2.35511,100.74,0.9,0.0104721,38.9211
272500,9607.76,0.586411,32.366,32.318,0.024342,4820.44,2917.36,303.481,15.174,685.425,1199.98,0,30.9035,150.716,1606.79,1644.44,0.212509,0.422242,7.60975,0.0315875,0.00835032,0.462091,0.677462,0.392662,0.111192,1.43356,0.07122,0.0692257,0.00286524,0.574222,2.33266,100.72,1.3,0.01065,38.9108
273000,9626.78,0.587572,32.412,32.394,0.0237883,4826.01,2924.58,304.296,15.2148,679.469,1205.85,0,30.8437,150.81,1609.62,1647.94,0.212793,0.422737,7.60468,0.0316091,0.00834395,0.462537,0.677208,0.392794,0.11111,1.43231,0.0726518,0.0705039,0.00296943,0.57357,2.52639,107.7,0.9,0.0111456,38.9295
273500,9609.88,0.586541,32.604,32.652,0.0228557,4821.68,2921.66,299.544,14.9772,678.727,1212.6,0,30.8905,150.502,1612.38,1652.5,0.213259,0.423546,7.60264,0.03117,0.00834291,0.46315,0.675211,0.392219,0.111184,1.4337,0.0720961,0.0700524,0.00289325,0.573936,2.30803,99.6,0.9,0.0103229,38.3435
274000,9597.3,0.585773,32.128,32.19,0.0250841,4817.79,2919.08,295.935,14.7967,679.093,1197.77,0,31.0149,150.779,1614.87,1656.8,0.213387,0.423576,7.60472,0.0308348,0.00833925,0.462695,0.674545,0.39167,0.111762,1.43434,0.0722896,0.0703246,0.00291351,0.575902,2.34655,100.54,0.9,0.010436,37.8809
274500,9618.5,0.587067,32.56,32.434,0.0236309,4823.66,2923.02,299.355,14.9678,677.434,1210.31,0,30.9034,150.413,1617.66,1659.96,0.213129,0.423092,7.59905,0.0311239,0.00833362,0.462848,0.674255,0.391646,0.112692,1.43284,0.067295,0.0655708,0.00269901,0.577443,2.46451,105.98,0.9,0.0109787,37.954
275000,9618.06,0.58704,32.582,32.596,0.0256998,4824.44,2923.58,294.695,14.7347,679.286,1212.32,0,30.952,150.631,1620.65,1664.38,0.213145,0.423225,7.60153,0.0306398,0.00832366,0.463896,0.674534,0.392067,0.113203,1.433,0.0662121,0.0647026,0.00268734,0.577686,2.33553,100.74,1.1,0.0105377,38.2242
275500,9617.54,0.587008,32.31,32.346,0.0252366,4824.45,2922.88,298.731,14.9365,679.914,1202.74,0,30.9588,150.731,1623.22,1667.68,0.212955,0.422816,7.60751,0.0310612,0.00832917,0.465251,0.674567,0.391842,0.113164,1.43302,0.0652887,0.0635169,0.00265134,0.579447,2.35505,101.62,0.9,0.0105265,37.9157
276000,9611.5,0.586639,32.418,32.424,0.0238842,4822.69,2922.5,297.629,14.8815,678.815,1208.75,0,30.9128,150.779,1625.79,1671.8,0.213229,0.423408,7.60772,0.030966,0.00833236,0.465695,0.675493,0.39162,0.112872,1.43355,0.0654269,0.063764,0.002653,0.580535,2.18668,95.04,0.9,0.009851,38.2567
276500,9629.78,0.587755,32.52,32.492,0.0245855,4826.86,2923.19,298.475,14.9238,680.182,1208.94,0,30.8782,150.655,1629.01,1674.56,0.212494,0.422026,7.60481,0.0309951,0.00835016,0.465546,0.67677,0.391576,0.112161,1.4323,0.06825,0.0661213,0.00275847,0.580678,2.33683,100.3,1.1,0.0104769,38.3627
277000,9634.12,0.58802,32.4,32.386,0.0235984,4828.68,2924.52,298.19,14.9095,679.099,1207.06,0,30.9078,150.748,1631.82,1678.42,0.212436,0.42187,7.60775,0.0309514,0.0083563,0.466432,0.678745,0.39167,0.113399,1.43208,0.0662342,0.0643139,0.00263387,0.581142,2.39475,103.14,0.9,0.0106673,38.7915
277500,9628.88,0.5877,32.4,32.396,0.0223681,4827.89,2920.37,298.736,14.9368,685.507,1203.57,0,31.0055,150.522,1634.75,1676.58,0.211987,0.420913,7.60587,0.0310253,0.00836336,0.467079,0.678805,0.391725,0.114094,1.43244,0.0652985,0.0637137,0.00264627,0.582026,2.35362,101.34,0.9,0.0104873,38.8143
278000,9628.8,0.587695,32.484,32.502,0.0227588,4827.55,2917.2,293.931,14.6965,692.014,1207.39,0,31.0424,151.091,1637.87,1680.28,0.211463,0.419772,7.61019,0.0305265,0.00837734,0.467235,0.678914,0.390751,0.113796,1.43253,0.062863,0.0612472,0.00248713,0.582336,2.35694,101.44,1.2,0.0106465,38.9014
278500,9624.64,0.587441,32.312,32.32,0.0233791,4826.57,2915.7,290.271,14.5136,686.107,1205.13,0,31.0869,150.554,1640.84,1684,0.211365,0.419497,7.60811,0.0301593,0.00837928,0.467122,0.679598,0.389925,0.112572,1.43272,0.0657415,0.0637069,0.00262401,0.583569,2.49488,107.06,1.18,0.0112249,38.6624
279000,9610.26,0.586564,32.442,32.44,0.0241226,4821.62,2911.81,292.233,14.6116,687.075,1208.38,0,31.075,150.611,1643.55,1687.18,0.211508,0.419799,7.60624,0.0304083,0.00837985,0.466582,0.680643,0.389443,0.112092,1.43347,0.0651729,0.0632188,0.00257514,0.584173,2.16486,93.3,0.9,0.00966888,38.9008
279500,9623.04,0.587344,32.436,32.436,0.0232253,4825.13,2916.62,297.36,14.868,686.658,1211.42,0,30.9776,150.622,1646.17,1690.66,0.211744,0.420298,7.60282,0.0309008,0.00837048,0.46722,0.680673,0.389847,0.112897,1.43263,0.0632608,0.0615524,0.00250974,0.584605,2.35305,100.76,0.9,0.0104341,38.7923
280000,9624.56,0.587437,32.38,32.41,0.0241484,4825.63,2919.67,301.7,15.085,686.29,1205.65,0,30.9467,151.002,1649.07,1694.42,0.212085,0.420929,7.60675,0.0313468,0.00838436,0.467233,0.681058,0.389675,0.114065,1.43248,0.0651396,0.063373,0.00255014,0.585642,2.30164,99.4,1.1,0.0103877,31.9138
280500,9609.1,0.586493,32.336,32.296,0.0242217,4821.07,2916.86,296.95,14.8475,681.389,1201.53,0,31.0078,150.527,1652.15,1697.22,0.212387,0.42145,7.60802,0.0309029,0.00840353,0.466809,0.6816,0.389878,0.114505,1.43338,0.0644393,0.0629052,0.00257116,0.585425,2.34595,101.12,1.1,0.0105876,35.6736
281000,9615.4,0.586877,32.544,32.514,0.0241697,4822.83,2922.83,297.152,14.8576,679.334,1209.46,0,30.9492,150.691,1655.22,1701.28,0.213164,0.423018,7.60442,0.0309035,0.00841078,0.46689,0.682696,0.389762,0.114508,1.43304,0.0667106,0.0647331,0.00264011,0.584113,2.50137,107.14,1.1,0.0112055,38.4049
281500,9612.94,0.586727,32.432,32.464,0.0236336,4822.32,2923.31,291.215,14.5608,683.812,1209.93,0,31.044,150.932,1658.13,1704.34,0.213338,0.423473,7.60256,0.0302938,0.00840155,0.467501,0.684529,0.390269,0.114121,1.43324,0.0694651,0.0672015,0.0027601,0.583766,2.31047,99.18,1,0.0103337,38.3277
282000,9617.98,0.587035,32.302,32.252,0.0227374,4823.44,2924.73,288.113,14.4057,671.414,1201.23,0,30.9599,150.554,1661.38,1705.82,0.213303,0.423576,7.60627,0.0299562,0.00839886,0.468276,0.683776,0.390792,0.112218,1.43288,0.0677559,0.0660843,0.00261983,0.584316,2.47345,105.62,1,0.0110082,38.6978
282500,9614.36,0.586814,32.356,32.392,0.0219397,4822.32,2922.27,290.652,14.5326,677.26,1209.03,0,31.0286,150.757,1664.41,1708.04,0.213001,0.423011,7.60726,0.0302315,0.00840899,0.468953,0.681552,0.390632,0.111066,1.43312,0.0700446,0.06759,0.00270813,0.585855,2.29327,98.06,1.3,0.0103783,38.994
283000,9632.72,0.587935,32.508,32.454,0.0235578,4827.89,2927.73,283.038,14.1519,676.938,1212.86,0,30.9981,150.858,1667.53,1711.16,0.212979,0.423126,7.61136,0.0293833,0.00841769,0.469612,0.681974,0.390841,0.110746,1.43199,0.0643947,0.0629203,0.00254757,0.585332,2.31132,99.04,0.9,0.0102474,38.7601
283500,9648,0.588867,32.504,32.486,0.0255291,4831.85,2928.69,287.368,14.3684,677.128,1206.19,0,30.9985,150.374,1670.37,1715.06,0.212381,0.421937,7.61111,0.0297848,0.008424,0.470179,0.682897,0.391873,0.111399,1.43099,0.0648081,0.0628221,0.00264993,0.58581,2.34251,101.18,0.9,0.0104506,39.0167
284000,9644.8,0.588672,32.57,32.638,0.0233446,4831.13,2931.48,286.464,14.3232,671.14,1216.44,0,30.9612,150.423,1673.32,1718.12,0.212937,0.423123,7.61031,0.0297007,0.00843087,0.471177,0.682226,0.392172,0.112284,1.43106,0.0674862,0.0658063,0.00265403,0.58671,2.31782,99.8,0.9,0.0103084,39.061
284500,9631.98,0.587889,32.55,32.562,0.0228833,4827.4,2929.74,285.014,14.2507,680.71,1209.93,0,31.0538,151.07,1676.06,1721.56,0.213351,0.423924,7.60912,0.0295902,0.00843821,0.471002,0.684063,0.392001,0.112805,1.43194,0.0628188,0.0610432,0.00251341,0.586478,2.37447,102.98,1.1,0.0107554,38.8592
285000,9636.92,0.588191,32.172,32.154,0.0222544,4828.84,2931.89,284.652,14.2326,676.552,1193.5,0,31.0483,150.674,1678.97,1724.54,0.213455,0.423995,7.60999,0.029538,0.00844035,0.471416,0.685046,0.391677,0.112881,1.43172,0.0644102,0.0624658,0.00255017,0.585754,2.41507,104.08,1.2,0.0109318,37.0884
285500,9621.7,0.587262,32.656,32.648,0.0228001,4824.73,2929.12,288.518,14.4259,673.628,1217.43,0,31.0076,150.676,1682.11,1728.06,0.213776,0.424658,7.60739,0.0299861,0.00844017,0.472319,0.68556,0.390601,0.11322,1.4326,0.0659547,0.0639155,0.00267294,0.585208,2.32281,100.1,1,0.0104163,37.2293
286000,9623.88,0.587395,32.424,32.474,0.0224643,4825.39,2930.92,286.156,14.3078,670.535,1213.3,0,31.0237,150.983,1684.68,1731.18,0.213867,0.424724,7.61021,0.0297341,0.00843252,0.47338,0.687572,0.391357,0.113255,1.43245,0.0680704,0.0661956,0.00270582,0.585728,2.38996,102.4,0.9,0.0106033,37.8413
286500,9631.54,0.587863,32.164,32.2,0.0235199,4828.02,2933.79,281.644,14.0822,674.734,1196.58,0,31.0762,151.052,1687.49,1734.5,0.21396,0.424882,7.61286,0.0292416,0.00842838,0.474789,0.689044,0.3922,0.113655,1.43212,0.0639088,0.0622582,0.00256532,0.587137,2.38625,103.2,0.9,0.0106757,38.6137
287000,9619.02,0.587098,32.5,32.412,0.0207722,4823.6,2932.73,281.601,14.08,668.494,1210.81,0,31.0481,150.705,1690.57,1737.88,0.214456,0.425894,7.61556,0.0292754,0.00843831,0.475605,0.689378,0.392738,0.113601,1.4329,0.0652424,0.0634667,0.00266715,0.587854,2.20422,94.96,1.2,0.00999515,38.7188
287500,9616.18,0.586925,32.384,32.478,0.0239905,4823.09,2934.18,281.969,14.0984,671.307,1203.69,0,31.0396,150.682,1693.31,1740.84,0.214768,0.426548,7.61423,0.0293224,0.00843962,0.475301,0.689748,0.393478,0.114381,1.43287,0.0627935,0.0611709,0.00253869,0.588137,2.33575,101.2,1.56,0.0108305,38.6332
288000,9586.08,0.585088,32.212,32.248,0.0231874,4814.56,2925,283.099,14.155,678.898,1198.02,0,31.2031,150.913,1695.87,1742.96,0.214826,0.426592,7.61179,0.0295325,0.00842802,0.475131,0.689875,0.394016,0.114433,1.43491,0.0629638,0.0610778,0.00255137,0.589605,2.49957,107.52,0.9,0.0111783,39.0803
288500,9597.2,0.585767,32.436,32.366,0.0232891,4817.18,2924.14,287.495,14.3748,672.377,1202.74,0,31.1204,150.457,1698.05,1747.42,0.214283,0.425383,7.60444,0.0299563,0.00841184,0.474426,0.689625,0.393379,0.113246,1.43412,0.0612982,0.0597642,0.00246799,0.591021,2.34778,100.66,1.1,0.010554,39.0131
289000,9597.62,0.585792,32.298,32.296,0.0233514,4817.53,2925.49,279.371,13.9685,677.181,1204.75,0,31.0829,150.947,1700.53,1750.5,0.214417,0.425646,7.61017,0.0291086,0.00839795,0.475118,0.690533,0.392959,0.113559,1.4341,0.0572668,0.05566,0.00227515,0.592606,2.27527,98.26,1,0.0102575,38.6454
289500,9608,0.586426,32.272,32.234,0.0238747,4821.26,2926.03,277.343,13.8672,672.605,1198.96,0,31.0833,150.691,1703.71,1752.54,0.213917,0.424776,7.61102,0.0288659,0.008411,0.475645,0.691076,0.392547,0.111847,1.43368,0.0614637,0.0594905,0.00238989,0.592027,2.30868,99.84,1.8,0.0108381,39.049
290000,9615.2,0.586865,32.586,32.546,0.0248015,4823.21,2923.96,273.506,13.6753,677.424,1213.18,0,31.1849,150.719,1706.57,1754.84,0.213349,0.423808,7.60544,0.0284454,0.0084109,0.476317,0.691868,0.392009,0.111719,1.43323,0.0562281,0.0546122,0.00212332,0.592159,2.21738,95.58,1.1,0.0100021,38.8157
290500,9617.24,0.58699,32.198,32.27,0.0244744,4824.14,2924.02,267.842,13.3921,679.346,1204.23,0,31.2333,151.147,1709.22,1757.76,0.21317,0.423575,7.60484,0.0278502,0.00840299,0.477378,0.693662,0.392226,0.113393,1.43311,0.0600208,0.0582262,0.00227715,0.592478,2.3097,100.02,1,0.0104163,38.8662
291000,9642.22,0.588514,32.59,32.542,0.0241859,4831.55,2928.49,269.554,13.4777,675.263,1213.48,0,31.1512,150.219,1711.96,1760.52,0.212631,0.422457,7.60495,0.0279558,0.00840223,0.477044,0.694324,0.391939,0.113,1.4315,0.0602189,0.0584622,0.00228822,0.593013,2.20518,95.3,1,0.00991001,38.9476
291500,9634.1,0.588019,32.604,32.594,0.0239135,4828.69,2923.31,266.63,13.3315,682.419,1217.78,0,31.2307,150.99,1714.9,1762.98,0.212238,0.421637,7.60293,0.0276758,0.00840899,0.476373,0.694227,0.391613,0.113296,1.43197,0.0608837,0.0585421,0.00225694,0.593217,2.30664,99.78,1.3,0.0105366,39.025
292000,9648.74,0.588912,32.416,32.424,0.0246896,4832.34,2924.82,264.448,13.2224,679.081,1210.33,0,31.1753,150.761,1717.73,1764.78,0.211814,0.420844,7.6033,0.0274076,0.00841818,0.476004,0.693827,0.390519,0.112772,1.43112,0.0584829,0.0570153,0.00216273,0.593869,2.2894,99,1.3,0.0104254,38.7166
292500,9639.88,0.588372,32.502,32.474,0.0232299,4829.81,2922.44,264.956,13.2478,681.019,1211.09,0,31.2296,150.746,1720.97,1767.54,0.211839,0.420843,7.60199,0.0274856,0.00842705,0.477132,0.693292,0.389929,0.112955,1.43153,0.0583081,0.0568349,0.00220924,0.594698,2.22481,96.58,0.9,0.00997941,38.8075
293000,9642.96,0.58856,32.514,32.512,0.0242509,4830.35,2920.42,263.168,13.1584,681.755,1211.57,0,31.2794,150.499,1724.22,1771.24,0.211502,0.419983,7.59681,0.0272912,0.00843421,0.478093,0.693455,0.390601,0.112733,1.43137,0.0550733,0.0535344,0.00205098,0.595492,2.3376,101.08,1.1,0.0105414,38.8585
293500,9662.44,0.589749,32.616,32.636,0.0243594,4836.53,2925.07,262.124,13.1062,683.54,1221.93,0,31.2343,150.589,1727.35,1772.86,0.211146,0.419249,7.59991,0.0271284,0.00843891,0.479435,0.692212,0.390488,0.112433,1.43,0.0564375,0.0546101,0.0021602,0.596465,2.29658,99.4,1.28,0.0104428,39.0339
294000,9647.38,0.588829,32.422,32.408,0.0259834,4831.81,2922.38,261.139,13.0569,679.301,1211.79,0,31.2733,150.781,1730.3,1777.26,0.211409,0.419781,7.60463,0.0270683,0.00844403,0.480017,0.693732,0.390253,0.112055,1.43101,0.0607497,0.0587617,0.00233028,0.595928,2.35395,101.42,1.3,0.010675,39.0585
294500,9635.56,0.588108,32.508,32.504,0.0239402,4828.5,2917.52,263.631,13.1816,683.048,1215.41,0,31.2584,150.678,1733.27,1781.22,0.211252,0.419582,7.60446,0.02736,0.00843262,0.480974,0.694967,0.389772,0.111176,1.43184,0.0581216,0.056731,0.00213962,0.595643,2.27953,98.6,0.9,0.0101986,38.6504
295000,9642.12,0.588508,32.56,32.534,0.025271,4830.34,2918.55,263.388,13.1694,687.878,1215.13,0,31.275,151.036,1736.12,1782.66,0.210985,0.419008,7.60787,0.0273162,0.00842623,0.481153,0.695436,0.389351,0.111263,1.43142,0.0611836,0.0593021,0.00232467,0.596343,2.18083,95.04,1.1,0.00991684,38.8308
295500,9648.08,0.588872,32.326,32.374,0.0243281,4832.74,2922.95,265.011,13.2505,681.806,1208.87,0,31.2003,150.482,1739.14,1785.24,0.211342,0.419721,7.60929,0.0274678,0.0084201,0.481078,0.695444,0.389262,0.110697,1.43103,0.0603562,0.0586376,0.00217637,0.596412,2.30625,100.5,0.9,0.0103753,38.99
296000,9660.44,0.589626,32.704,32.7,0.0235137,4835.99,2929.98,269.039,13.4519,682.59,1216.95,0,31.2237,150.944,1742.1,1787.56,0.212,0.421087,7.60455,0.02785,0.00842902,0.480566,0.69461,0.388908,0.111163,1.43024,0.0594661,0.0578467,0.00223058,0.596339,2.22106,96.16,0.9,0.00991772,39.0948
296500,9632.74,0.587936,32.436,32.44,0.0231837,4827.73,2920.5,260.534,13.0267,679.433,1209.17,0,31.3095,150.506,1745.18,1790.28,0.211815,0.420784,7.60842,0.0270471,0.00842955,0.482013,0.693841,0.388524,0.11155,1.43207,0.058848,0.0572531,0.00224844,0.596681,2.18039,94.58,0.9,0.00978656,38.9874
297000,9642.44,0.588528,32.51,32.53,0.0241215,4830.42,2919.77,267.557,13.3779,682.482,1217.53,0,31.2258,150.701,1748.23,1793.52,0.211128,0.419452,7.61051,0.0277482,0.00842423,0.484347,0.694312,0.389136,0.112139,1.43135,0.058834,0.0570975,0.00223096,0.596005,2.25826,97.68,0.9,0.0100904,38.5349
297500,9630.94,0.587826,32.388,32.38,0.0245384,4827.24,2914.67,268.447,13.4224,691.798,1207.46,0,31.3189,150.994,1751.33,1797,0.210718,0.418652,7.61608,0.0278735,0.00841933,0.485997,0.695487,0.389243,0.112807,1.43195,0.0585935,0.0567722,0.00216363,0.594884,2.23315,96.68,1.1,0.0101167,38.2856
298000,9637.24,0.58821,32.482,32.496,0.0222045,4829.16,2916.35,264.743,13.2371,681.464,1215.99,0,31.2384,150.464,1754.57,1801.82,0.21074,0.418648,7.61462,0.0274709,0.00841423,0.486419,0.694948,0.388465,0.112408,1.43183,0.0611293,0.0588007,0.00221781,0.594584,2.428,104.74,1.88,0.0113276,38.4773
298500,9653.14,0.589181,32.746,32.658,0.0223335,4834,2916.75,269.97,13.4985,682.603,1224.73,0,31.2637,150.593,1757.96,1803.4,0.210005,0.417116,7.61113,0.0279667,0.00840542,0.487014,0.693178,0.388382,0.111477,1.43069,0.0605487,0.0586244,0.00233781,0.594351,2.31912,100.58,0.9,0.0103826,38.9781
299000,9641.64,0.588479,32.278,32.304,0.0222667,4830.71,2910.92,268.442,13.4221,695.076,1209.67,0,31.3399,150.863,1761.2,1806.18,0.20952,0.416206,7.61736,0.0278426,0.00840561,0.48822,0.69166,0.388552,0.109349,1.43151,0.0606494,0.058704,0.00228831,0.593971,2.13206,93.08,1.3,0.00985723,38.5796
299500,9650.36,0.589011,32.61,32.584,0.0252243,4832.99,2913.54,269.129,13.4565,685.305,1215.99,0,31.3231,150.221,1764.53,1809.54,0.209516,0.416068,7.61989,0.0278886,0.00841731,0.488623,0.690137,0.38889,0.107423,1.431,0.0634132,0.0616723,0.00237623,0.593382,2.34476,100.86,1.4,0.0106942,38.7569
300000,9655.15,0.589304,32.6423,32.6769,0.0254612,4834.42,2919.79,269.094,13.4547,684.429,1218.53,0,31.2904,150.754,1766.94,1811.96,0.210247,0.417562,7.62309,0.0278711,0.00842339,0.488942,0.68912,0.388763,0.107304,1.43063,0.0639032,0.0616526,0.00241493,0.593291,2.3459,100.885,1.46154,0.0107876,39.1878
