tick,population,occupancy,births_per_tick,deaths_per_tick,starved_share,inflow_in,cost_out,transfer,transit_loss,overflow,death_loss,extinct,energy_mean,age_mean,generation_mean,generation_max,active_params_frac,expressed_hidden_frac,msg_bandwidth,transfer_per_cell,eta_mean,div_weights,div_learning,div_masks,weight_drift,habitat_match,bonds_per_cell,bonded_frac,bond_flow_per_cell,group_size_mean,group_size_max,groups_5plus,in_groups_5plus,ticks_per_s
500,6749.76,0.411973,24.138,28.852,0.24018,3334.02,2393.33,11895,594.75,73.4133,457.275,0,23.871,148.477,4.38127,18.76,0.26644,0.507318,6.00783,1.73275,0.00552678,0.0288119,0.0269337,0.0866325,0.0364365,1.43026,6.43769,0.996693,0.0837512,5130.53,5702.8,9.8,0.991253,42.1111
1000,7114.6,0.434241,25.526,24.3,0.2019,3599,2505.25,13162.4,658.119,110.076,383.334,0,25.1874,143.92,8.60547,23.7,0.265079,0.505414,6.01164,1.83935,0.00554067,0.0407282,0.0400141,0.126433,0.0352393,1.45601,6.491,0.996567,0.0804432,5761.21,6317,5.8,0.993939,42.9857
1500,7321.18,0.446849,26.314,24.526,0.189378,3838.74,2560.05,13919.8,695.991,140.609,423.243,0,26.2646,144.849,11.9634,28.44,0.263622,0.503094,5.86682,1.89441,0.00554796,0.0479133,0.0489397,0.148669,0.0358135,1.48643,6.5061,0.996811,0.0854381,6862.3,7093,4.8,0.993057,43.3859
2000,7336.72,0.447798,25.726,24.518,0.197563,3890.28,2551.29,13501.3,675.066,158.904,396.843,0,25.7633,144.37,15.1909,33.02,0.262662,0.501575,5.75232,1.82804,0.00556222,0.0548179,0.0562891,0.165671,0.0363626,1.4921,6.45808,0.996737,0.084113,6187.19,6671,4.6,0.99399,44.4277
2500,7345.82,0.448353,26.656,26.314,0.193574,3823.42,2537.6,12764.8,638.242,140.038,429.221,0,24.7603,144.389,18.4347,37.2,0.261321,0.499357,5.61433,1.72977,0.0055553,0.0603047,0.0616002,0.179415,0.0365288,1.4774,6.38855,0.995812,0.084781,5614.64,6271,4.6,0.99298,45.0847
3000,7529.02,0.459535,26.542,27.286,0.182587,3782.8,2582.99,12614.6,630.732,133.815,450.691,0,24.2683,147.808,21.3688,39.64,0.259712,0.496389,5.44902,1.67026,0.00555306,0.0649114,0.0670325,0.19143,0.0374721,1.45269,6.37752,0.996251,0.0838369,5987.3,6569.2,5.6,0.992895,40.7185
3500,7715.34,0.470907,25.52,26.794,0.178363,3828.5,2641.46,13145.2,657.262,149.24,458.171,0,24.668,147.715,24.3026,40.6,0.259152,0.495519,5.36845,1.69533,0.00556364,0.0690144,0.0724662,0.201538,0.0376562,1.44325,6.43015,0.995462,0.0836657,6733.03,7108.8,2.8,0.992358,36.1227
4000,7937.64,0.484475,27.85,27.456,0.156001,3975.34,2688.5,13754.9,687.743,169.27,500.76,0,25.5361,145.777,27.1819,43.46,0.257029,0.491964,5.1631,1.72907,0.00557963,0.0727888,0.0794509,0.211767,0.037193,1.44098,6.45795,0.9961,0.0870365,6948.52,7339.6,3.8,0.993434,36.6412
4500,7927.22,0.483839,28.236,26.786,0.157165,4092.25,2661.81,14021.1,701.057,201.771,512.158,0,26.5679,146.812,30.2273,47.92,0.256001,0.490393,4.96033,1.76463,0.00559013,0.0769947,0.083604,0.220117,0.0384441,1.46169,6.46022,0.995682,0.0891576,7277.26,7578.8,3.6,0.993108,36.3014
5000,7916.94,0.483212,27.294,26.644,0.160256,4134.91,2649.51,13692.5,684.626,219.043,481.922,0,26.1574,145.951,33.3861,53.64,0.255683,0.489952,4.86929,1.72147,0.00560745,0.0808699,0.0888735,0.228484,0.0385616,1.4678,6.42609,0.995409,0.0863421,6785.48,7238,4,0.993571,36.1722
5500,7989.82,0.48766,28.334,27.764,0.145184,4086.24,2641.99,13054.8,652.739,193.953,510.578,0,25.238,146.024,36.6068,58.02,0.253125,0.485578,4.66314,1.62829,0.00560631,0.084351,0.0923747,0.233734,0.0391862,1.45049,6.35348,0.9953,0.0861725,7097.69,7424,3.4,0.992366,36.4249
6000,8143.7,0.497052,28.474,29.236,0.148586,4027.01,2675.66,12860.8,643.041,180.768,540.979,0,24.7248,149.219,39.5487,59.9,0.251591,0.482888,4.51188,1.57666,0.00560333,0.087484,0.0954796,0.242638,0.0400805,1.42919,6.3393,0.99467,0.084795,7352.9,7633.8,2.4,0.991299,35.6726
6500,8366.06,0.510624,27.668,28.376,0.133517,4075.33,2729.27,13427.8,671.39,204.73,548.01,0,25.2075,149.143,42.6611,62.08,0.249613,0.479624,4.3989,1.60136,0.00560334,0.091665,0.101441,0.248736,0.0402607,1.41714,6.36834,0.994029,0.0847803,8026.04,8176.4,3.6,0.991569,36.3294
7000,8528.08,0.520513,29.276,28.74,0.115397,4204.41,2756.32,14065.4,703.269,229.756,585.624,0,26.1177,147.01,45.6152,65.56,0.24736,0.475517,4.26964,1.64718,0.00560892,0.0946199,0.104224,0.254499,0.0403403,1.41744,6.34438,0.992329,0.087456,8177.68,8349.4,3,0.990154,36.0413
7500,8547.44,0.521694,30.222,29.328,0.130855,4340.13,2746.76,14373.2,718.659,256.198,605.356,0,26.8643,147.939,48.5805,65.92,0.24655,0.474077,4.14289,1.67824,0.00561068,0.0978487,0.107038,0.259562,0.0410465,1.43725,6.34557,0.991703,0.0895188,8134.61,8324.2,2.6,0.987987,35.7485
8000,8510.12,0.519417,28.974,28.2,0.121288,4363.27,2718.64,13943.5,697.175,282.027,567.971,0,26.5103,147.483,51.7094,68.32,0.245448,0.472237,4.04061,1.63312,0.00561246,0.101206,0.111089,0.263216,0.0406682,1.44104,6.29779,0.991483,0.0861738,8065.32,8268,5,0.988359,36.292
8500,8532.84,0.520803,29.828,29.668,0.124338,4304.65,2706.16,13484.7,674.234,253.909,591.518,0,25.7913,146.957,54.7759,72.7,0.243577,0.468841,3.95991,1.57701,0.00562638,0.104373,0.113515,0.266066,0.0409217,1.43088,6.18762,0.991332,0.0872886,8071.34,8272,4.2,0.987444,36.1028
9000,8711.84,0.531729,30.16,30.72,0.110666,4244.9,2734.85,13287.6,664.379,228.68,625.192,0,25.1836,149.932,57.8192,75.1,0.241004,0.46442,3.8074,1.52346,0.00562045,0.107361,0.115498,0.270287,0.0422164,1.40765,6.15387,0.990871,0.085305,8416.23,8550,3.6,0.987058,36.2543
9500,8809.82,0.537709,29.102,29.654,0.115371,4242.28,2754.68,13697.2,684.859,261.662,615.418,0,25.744,149.761,60.8315,75.94,0.239955,0.463073,3.72871,1.55166,0.00564569,0.110238,0.117656,0.273048,0.0427735,1.39997,6.17778,0.989693,0.0847925,8310.24,8536,3.8,0.985365,35.9104
10000,8984.06,0.548344,30.672,30.416,0.0986746,4377.79,2785.81,14336.6,716.831,283.198,667.2,0,26.5624,147.738,63.8901,80.42,0.238243,0.460044,3.60818,1.59481,0.00565769,0.112807,0.119689,0.276684,0.0437407,1.4005,6.14992,0.989786,0.0868938,8539.5,8760,3.4,0.985902,35.9393
10500,8967.86,0.547355,31.414,30.47,0.10607,4497.88,2761.41,14608.4,730.422,311.11,677.805,0,27.3997,148.27,67.021,84.32,0.237432,0.458777,3.47306,1.627,0.00567511,0.115509,0.122137,0.278743,0.0450911,1.41827,6.10124,0.989966,0.0886175,8333.32,8625.4,4,0.986638,36.098
11000,8997.92,0.549189,30.434,30.136,0.105683,4551.05,2759.7,14355.8,717.788,336.338,649.355,0,27.0213,148.719,70.2541,87.4,0.2367,0.457299,3.4125,1.59264,0.00567497,0.117844,0.123759,0.282947,0.0453064,1.42057,6.04841,0.989406,0.0860558,8486.23,8729.6,4.8,0.985385,36.5257
11500,9031.82,0.551259,31.198,30.83,0.100642,4489.18,2747.64,13940,697.001,302.046,664.311,0,26.3106,147.759,73.4396,89.8,0.234947,0.454051,3.32576,1.54142,0.00568488,0.120212,0.126332,0.286193,0.0453841,1.40945,5.94525,0.98891,0.0862475,8327.76,8658.6,5,0.985516,36.2106
12000,9149.56,0.558445,31.538,31.964,0.0947896,4407.53,2757.91,13684.6,684.231,271.349,694.877,0,25.8171,149.838,76.6552,95.34,0.232979,0.450553,3.20432,1.49424,0.00570529,0.123643,0.128325,0.288334,0.0471229,1.39022,5.84108,0.986748,0.0844003,8775.39,8946.4,4,0.983326,35.2351
12500,9234.58,0.563634,30.696,31.242,0.0981548,4392.34,2769.84,14029.5,701.474,304.989,692.316,0,26.2409,149.853,79.7959,98.44,0.231988,0.448843,3.12096,1.51737,0.00573841,0.126945,0.131167,0.290948,0.048057,1.38251,5.82521,0.986301,0.0843403,8592.73,8888.6,4.6,0.981743,36.0762
13000,9291.86,0.56713,31.516,31.258,0.0858528,4482.88,2778.15,14566.2,728.312,327.284,726.931,0,27.1412,148.16,82.9816,101.88,0.232255,0.449633,3.05756,1.56725,0.00575142,0.129682,0.134217,0.295618,0.0490091,1.38562,5.75776,0.985888,0.0863189,8485.13,8868,5.2,0.981285,36.2583
13500,9277.46,0.566251,32.19,31.636,0.101983,4618.06,2763.02,14789.3,739.467,365.002,737.035,0,27.8251,148.844,86.0578,104.06,0.232352,0.449996,2.98101,1.59284,0.00576037,0.131893,0.1361,0.30059,0.0499003,1.40622,5.6753,0.9844,0.0866472,8599.27,8917.2,4.8,0.97918,35.3887
14000,9273.38,0.566002,31.436,31.162,0.0958133,4655.87,2749.13,14516.6,725.832,390.736,707.917,0,27.4722,148.958,89.0671,107.16,0.231436,0.448299,2.92725,1.56358,0.00577987,0.133752,0.137143,0.303265,0.0511682,1.40959,5.61562,0.984235,0.0840402,8387.39,8792.8,4.8,0.979275,36.0447
14500,9308.76,0.568162,31.82,31.632,0.0906991,4592.81,2741.61,14081.4,704.07,356.941,715.093,0,26.6932,148.28,92.1175,110.74,0.229715,0.445177,2.89793,1.51217,0.00578868,0.135468,0.137533,0.303921,0.0511107,1.39857,5.49543,0.982091,0.0832885,8597.34,8930.8,5.4,0.977313,35.8414
15000,9360.16,0.571299,32.314,32.664,0.0909548,4486.33,2725.15,13822,691.102,318.885,747.329,0,26.3882,149.796,95.2682,118.28,0.227169,0.440698,2.77398,1.47613,0.00581046,0.138015,0.139588,0.304712,0.0540235,1.38286,5.35883,0.979545,0.0823964,8751.52,9041.6,4.6,0.972139,36.1862
15500,9477.66,0.57847,31.494,31.868,0.0918544,4485.55,2740.76,14217.7,710.886,362.125,745.11,0,26.8765,150.188,98.2721,121.98,0.226142,0.439207,2.6761,1.49937,0.0058262,0.139829,0.141244,0.308857,0.05588,1.37541,5.28297,0.978857,0.0806467,8422.53,8908.8,6.4,0.973498,35.8399
16000,9555.66,0.583231,32.424,32.066,0.0805421,4583.41,2752.73,14805.4,740.272,381.199,783.642,0,27.7131,148.312,101.356,123.82,0.225515,0.438255,2.63303,1.54953,0.00583164,0.14147,0.142255,0.312848,0.0554174,1.37789,5.24534,0.98161,0.0829176,8393.23,8944,5.8,0.975115,35.7288
16500,9511.78,0.580553,32.862,32.504,0.0954642,4703.72,2728.85,15055.8,752.79,410.2,795.613,0,28.4576,149.114,104.593,127.84,0.225713,0.438573,2.54972,1.58201,0.00584027,0.143313,0.144738,0.315497,0.0571069,1.39684,5.15262,0.980188,0.0824826,8712.24,9083.8,6,0.973563,36.3199
17000,9586.12,0.58509,32.366,31.992,0.0867725,4771.49,2733.62,14913.8,745.688,435.686,771.91,0,28.0852,149.262,107.889,129.88,0.224577,0.436685,2.48914,1.55464,0.00586207,0.14511,0.147406,0.318139,0.0589212,1.39724,5.06601,0.980254,0.0805626,8787,9174.4,5,0.97392,36.9007
17500,9601.14,0.586007,32.886,32.804,0.0784935,4689.97,2718.48,14466.3,723.316,398.919,788.884,0,27.3936,148.614,111.057,133.28,0.223415,0.434685,2.4355,1.50637,0.00586574,0.146376,0.148901,0.318511,0.0598181,1.38444,4.90507,0.980049,0.079378,8740.18,9149.4,5.8,0.971823,36.6053
18000,9627.74,0.587631,32.876,33.204,0.0806365,4582.05,2709.82,14212.9,710.646,359.417,794.457,0,27.031,149.76,114.155,137.02,0.221911,0.432124,2.38125,1.47576,0.0058904,0.14779,0.151475,0.321516,0.0631985,1.37263,4.82778,0.977581,0.0774512,8964.01,9280.4,5.8,0.970686,36.6501
18500,9658.62,0.589515,32.396,32.698,0.0833274,4544.09,2708,14408.5,720.424,390.018,798.613,0,27.335,149.635,117.356,138.42,0.22136,0.43126,2.33711,1.49079,0.00591746,0.149494,0.154168,0.326092,0.0652816,1.36717,4.76706,0.975671,0.0762347,8442.82,9000.2,7.8,0.96648,36.5606
19000,9729.5,0.593842,32.762,32.656,0.0738836,4638.42,2718.99,14944.3,747.213,425.274,824.509,0,28.1515,148.968,120.439,141.14,0.221132,0.431023,2.29933,1.53565,0.00594225,0.150886,0.153624,0.32817,0.0655147,1.36901,4.7085,0.974632,0.0774676,8532.36,9096.2,7,0.966261,36.0571
19500,9651.86,0.589103,33.256,32.948,0.0879424,4752.71,2694.22,15195.7,759.783,447.548,838.791,0,28.9005,149.287,123.509,144.4,0.22237,0.433443,2.2376,1.57375,0.00596048,0.152175,0.154682,0.330819,0.0682787,1.391,4.63152,0.974923,0.0778882,8371.38,8967.4,7.8,0.964423,36.4707
20000,9660.9,0.589655,32.808,32.566,0.0872531,4800.66,2689.83,14931.5,746.575,477.285,809.077,0,28.5022,148.882,126.535,148.58,0.222303,0.433182,2.19682,1.54442,0.00598648,0.154217,0.155828,0.334239,0.0690809,1.39465,4.56898,0.973537,0.0750109,8811.96,9228.8,9,0.962882,29.9885
20500,9656.04,0.589358,32.93,32.758,0.0785938,4716.97,2672.38,14514.7,725.735,443.887,811.601,0,27.8799,149.108,129.633,151.66,0.220938,0.430679,2.17097,1.5028,0.00601944,0.156486,0.156851,0.336419,0.0706415,1.38475,4.46182,0.974207,0.074247,8584.4,9092,8.4,0.963344,33.4913
21000,9734.7,0.594159,33.18,33.586,0.081025,4620.39,2672.85,14393,719.649,391.385,830.161,0,27.5059,149.877,132.726,157.34,0.21886,0.426925,2.09934,1.47819,0.00605055,0.15855,0.159407,0.338211,0.0735206,1.36878,4.38019,0.973231,0.0731025,8850.34,9282.4,9,0.961865,36.0706
21500,9797.28,0.597979,32.678,32.868,0.080271,4594.7,2679.81,14639.5,731.976,424.605,824.115,0,27.8022,150.166,135.806,159.44,0.218491,0.426345,2.04243,1.49371,0.00607034,0.160723,0.160763,0.341369,0.075537,1.36269,4.33781,0.971859,0.0717223,8366.17,9028.4,10.2,0.960647,36.2117
22000,9850.06,0.6012,33.278,33.126,0.0697565,4685.04,2686.74,15186.4,759.322,448.305,865.165,0,28.6702,149.152,139.023,161.64,0.218333,0.426148,2.01741,1.54194,0.00609095,0.163147,0.16183,0.343675,0.0763751,1.36616,4.27323,0.97251,0.0732815,8694.2,9247.6,9,0.962704,35.7867
22500,9836.84,0.600393,33.884,33.422,0.0826296,4818.74,2673.12,15446.3,772.314,479.904,877.582,0,29.3104,149.314,142.343,165.56,0.218448,0.4263,1.96443,1.56967,0.0061026,0.165224,0.163352,0.347076,0.0784193,1.38377,4.16125,0.970397,0.0733972,8213.63,8966.6,12.8,0.957882,36.4371
23000,9856.72,0.601606,33.36,33.166,0.0768022,4866.18,2667.38,15222.1,761.104,513.251,852.766,0,28.941,149.394,145.551,168.7,0.218225,0.4259,1.9193,1.54376,0.00610875,0.1671,0.164275,0.349585,0.078461,1.38606,4.07307,0.969594,0.0709937,8269.45,9014.2,13.6,0.954055,36.4286
23500,9851.34,0.601278,33.548,33.486,0.0706074,4781.2,2652.56,14817.9,740.894,473.666,855.356,0,28.2988,149.088,148.784,172.52,0.216748,0.423093,1.89934,1.50424,0.00611296,0.16898,0.167007,0.351276,0.0780873,1.37532,3.9893,0.967828,0.0703892,8501.08,9142.8,13.4,0.952008,36.3914
24000,9933.96,0.606321,33.566,33.95,0.0765287,4689.46,2657.26,14685.4,734.27,420.811,868.426,0,27.939,150.177,152.024,174,0.215014,0.419862,1.86977,1.47852,0.00611156,0.170361,0.16928,0.353579,0.0797357,1.36189,3.90116,0.964901,0.0689457,8459.55,9158.8,13.2,0.948359,36.9131
24500,9930.26,0.606095,33.334,33.592,0.0739781,4644.34,2646.64,14810.9,740.547,451.851,872.829,0,28.2694,149.823,155.199,178.28,0.214388,0.418674,1.85942,1.49136,0.00610223,0.171618,0.172136,0.355982,0.0807197,1.3591,3.80979,0.959251,0.0684556,7796.08,8769.2,17.8,0.941937,36.6835
25000,9996.86,0.61016,33.756,33.474,0.0647476,4735.58,2658.74,15355.1,767.757,479.93,899.3,0,29.1209,149.204,158.58,181.56,0.214064,0.418189,1.85783,1.53659,0.00610039,0.173798,0.173776,0.357357,0.0809665,1.36086,3.74945,0.955625,0.0698883,7782.74,8799.6,19.2,0.938029,36.032
25500,9948.98,0.607238,34.1,33.76,0.0762926,4854.75,2639.66,15533.1,776.657,510.985,911.986,0,29.6836,149.615,161.768,186.28,0.214263,0.418485,1.83052,1.56119,0.00607456,0.175717,0.174159,0.359482,0.0811947,1.37831,3.66391,0.952066,0.0689225,7887.77,8848.2,21.6,0.931202,36.3996
26000,9925.02,0.605775,33.668,33.642,0.0744623,4893.39,2635.74,15232.9,761.643,542.964,890.456,0,29.2647,149.352,164.843,189,0.214538,0.419036,1.85921,1.53496,0.00607425,0.177991,0.175991,0.361342,0.0806754,1.3839,3.61656,0.947129,0.0673278,7791.93,8787.2,22.6,0.924607,36.7619
26500,9920.78,0.605516,33.56,33.548,0.0696907,4813.38,2623.04,14863.9,743.194,506.544,882.178,0,28.7285,149.559,168.061,192.02,0.212972,0.416159,1.86555,1.49863,0.00609581,0.17936,0.176792,0.361576,0.0802982,1.37519,3.54965,0.945356,0.0665409,7610.99,8674.2,21,0.922314,36.462
27000,9969.96,0.608518,33.754,34.09,0.0720508,4709.98,2620.04,14690,734.501,450.861,892.069,0,28.4009,150.067,171.217,193.74,0.211426,0.413361,1.83727,1.47385,0.00610561,0.180913,0.177895,0.363551,0.081833,1.36296,3.46967,0.9401,0.0656032,7441.66,8591.8,24.8,0.917242,36.8152
27500,10004.2,0.610605,33.61,33.762,0.0716266,4672.04,2623.22,14839.5,741.976,479.569,895.669,0,28.5856,149.822,174.124,198.32,0.21117,0.413026,1.81461,1.48332,0.00611255,0.182195,0.179809,0.36601,0.0834301,1.35684,3.42349,0.937966,0.0644154,7325.58,8542.4,26.8,0.911475,36.142
28000,10003,0.610537,33.864,33.66,0.0642438,4739.73,2624.65,15249.6,762.478,505.485,920.278,0,29.3316,149.337,177.336,200.22,0.211477,0.413585,1.82773,1.5254,0.0061251,0.18336,0.180095,0.368017,0.0835754,1.3612,3.41254,0.935913,0.0654548,6810.7,8228.4,27.8,0.907468,36.3726
28500,9972.7,0.608685,34.134,33.808,0.0765195,4868.27,2615.49,15491.3,774.566,534.424,930.73,0,29.8792,149.391,180.439,202.3,0.211978,0.414707,1.80246,1.55359,0.00612753,0.184843,0.181408,0.369525,0.0842079,1.37888,3.38313,0.935853,0.0654684,6789.32,8130.6,30.6,0.908262,36.6688
29000,9962.12,0.60804,33.742,33.764,0.0741763,4908.44,2608.84,15288.9,764.445,564.496,905.729,0,29.5605,149.608,183.556,207,0.211727,0.41427,1.79257,1.53513,0.00613077,0.185857,0.183432,0.371079,0.0838997,1.38289,3.34166,0.934978,0.0639382,7182.29,8444.8,30.2,0.903598,36.7042
29500,9967.56,0.608372,33.862,33.894,0.068755,4833.34,2606.21,14909.6,745.482,526.276,905.75,0,28.9709,149.505,186.651,209.72,0.211336,0.413738,1.81072,1.49701,0.00613251,0.187013,0.184461,0.372624,0.0847382,1.37453,3.27273,0.931498,0.0637661,6686.13,8117.2,29.6,0.90378,36.2557
30000,9992.7,0.609906,33.708,34.076,0.0702279,4719.57,2606.93,14651.1,732.556,470.18,896.211,0,28.4946,149.859,189.754,211.52,0.210429,0.412068,1.80738,1.46708,0.0061276,0.188315,0.184224,0.374416,0.0852137,1.36269,3.26514,0.926277,0.0628321,6389.47,7900.4,34.6,0.892817,36.4375
30500,10009.9,0.610953,33.714,33.908,0.0704158,4677.81,2605.1,14807.4,740.371,492.453,908.161,0,28.7327,150.023,192.924,216.16,0.210129,0.411762,1.78941,1.47987,0.00612443,0.18955,0.185092,0.376355,0.0860838,1.35829,3.21461,0.924133,0.062532,6620.22,8122.2,38.6,0.888771,36.612
31000,10015,0.61127,33.73,33.478,0.0615401,4750.18,2609.14,15245.9,762.294,527.795,921.732,0,29.485,149.356,196.012,221.24,0.210693,0.412809,1.7951,1.52302,0.0061402,0.190654,0.185393,0.377308,0.0870578,1.3625,3.19781,0.921666,0.0637998,6099.25,7732.6,37.6,0.888637,35.3471
31500,9954.74,0.607589,34.06,33.822,0.0766014,4866.02,2596.31,15478.7,773.935,543.912,939.133,0,30.055,149.573,199.442,224.44,0.211903,0.415124,1.76916,1.55491,0.00618333,0.192102,0.186576,0.378957,0.0885546,1.38039,3.16401,0.924934,0.0646294,5898.11,7593.2,44.8,0.888016,35.852
32000,9942.3,0.60683,33.69,33.598,0.0715627,4907.68,2592.18,15236.3,761.815,578.509,911.095,0,29.686,149.524,202.77,228.02,0.211563,0.414646,1.78298,1.53293,0.00622427,0.193869,0.188849,0.37891,0.0891019,1.38542,3.1463,0.919112,0.0629194,5892.66,7621.2,40,0.880649,36.5195
32500,9935.96,0.606443,33.84,33.884,0.0684945,4834.21,2584.16,14866.9,743.344,539.476,915.677,0,29.1551,149.54,205.916,234.24,0.210765,0.413347,1.80039,1.49748,0.00622875,0.195851,0.191798,0.3806,0.0891016,1.37934,3.08403,0.914501,0.062249,5977.08,7621.4,47.2,0.875111,36.0894
33000,9976.56,0.608921,33.502,34.05,0.0669041,4726.8,2588.62,14614,730.7,490.518,907.289,0,28.7054,150.257,208.877,236.78,0.209799,0.411534,1.80245,1.4657,0.00623312,0.197613,0.192988,0.380851,0.0900696,1.36707,3.06004,0.911803,0.0615364,5820.57,7544.4,44.6,0.873254,36.3942
33500,9995.86,0.610099,33.744,33.708,0.0668759,4681.49,2586.94,14809.9,740.494,505.612,914.699,0,28.9547,149.713,211.97,238.88,0.209287,0.410771,1.78583,1.48269,0.00622736,0.198729,0.19341,0.381263,0.0914291,1.36149,3.03553,0.9124,0.0611982,5379.71,7213.6,51.2,0.869244,36.2623
34000,10011.2,0.611033,33.844,33.452,0.0600325,4750.01,2588.25,15235.1,761.754,537.869,932.36,0,29.7024,149.45,215.062,240.16,0.209658,0.411786,1.76314,1.52326,0.00623448,0.200169,0.194696,0.381973,0.0931724,1.36316,2.98994,0.915024,0.0619384,5807.4,7575.8,49,0.869239,36.1451
34500,9963.64,0.608132,34.046,33.872,0.0731664,4878.32,2577.31,15419.9,770.997,570.706,946.016,0,30.1789,149.628,218.2,244.22,0.210451,0.413087,1.75738,1.54821,0.00625536,0.20081,0.195936,0.383788,0.0945273,1.38251,2.92094,0.911515,0.0619732,5503.64,7377.6,62.6,0.864493,36.3616
35000,9968.2,0.608411,33.664,33.566,0.0689041,4924.38,2572.27,15227,761.351,601.798,922.509,0,29.8057,149.847,221.485,247.64,0.210508,0.412981,1.73511,1.52858,0.00625544,0.201746,0.196534,0.385438,0.0949361,1.38657,2.83044,0.907782,0.0598947,4953.55,6887.8,65.4,0.857912,36.3787
35500,9944.36,0.606956,33.702,33.948,0.0670097,4839.15,2561.92,14812.3,740.617,563.779,922.083,0,29.2888,149.613,224.478,252.28,0.209575,0.411196,1.77452,1.49123,0.00624159,0.202827,0.199275,0.385707,0.0937846,1.3797,2.78177,0.901857,0.0603516,5257.48,7196.2,57.2,0.85274,36.6124
36000,9993.58,0.60996,33.614,34.024,0.0643696,4735.56,2566.32,14580.9,729.044,510.098,920.823,0,28.8494,150.484,227.362,256.58,0.208587,0.409449,1.77551,1.4601,0.0062305,0.203876,0.202326,0.387441,0.0943398,1.36709,2.72752,0.893141,0.0586003,5079.48,7099.4,67.8,0.837445,36.3712
36500,10003.8,0.610583,33.732,33.668,0.068476,4687.33,2565.31,14759.6,737.979,529.346,920.631,0,29.1529,149.794,230.366,260.3,0.20763,0.407671,1.79769,1.47691,0.0062289,0.204697,0.202997,0.389355,0.0951487,1.36197,2.73398,0.888997,0.0585898,4605.96,6733.6,69.6,0.830436,36.2462
37000,10006,0.610718,33.942,33.558,0.056079,4756.68,2560.29,15124.6,756.23,557.027,953.485,0,29.8179,149.489,233.449,263.72,0.207901,0.408135,1.76134,1.51362,0.00624091,0.205921,0.204115,0.390344,0.0962439,1.36642,2.67917,0.89021,0.0592896,4810.56,6885.4,69,0.834126,36.5644
37500,9930.62,0.606117,34.004,33.776,0.0723318,4873.83,2538.55,15365.7,768.286,594.606,958.728,0,30.4978,149.77,236.464,262.76,0.208133,0.408395,1.74455,1.54853,0.00626175,0.206884,0.205476,0.390885,0.0971215,1.3865,2.62229,0.88841,0.0590698,4774.53,6855.2,76.4,0.831432,36.6836
38000,9938.2,0.60658,33.464,33.534,0.0680236,4919.52,2538.51,15079,753.95,630.398,930.12,0,29.9913,149.595,239.687,266.14,0.208144,0.408213,1.74896,1.51893,0.00626524,0.20819,0.206939,0.392381,0.0970525,1.38966,2.56088,0.887531,0.0570986,4618.98,6730.4,76.2,0.826424,36.0174
38500,9970.8,0.608569,33.982,34.114,0.061703,4852.77,2544.85,14701.2,735.059,584.614,943.463,0,29.4696,150.048,242.617,270.22,0.20772,0.407291,1.77551,1.47648,0.00627524,0.209731,0.208574,0.39319,0.0971454,1.37997,2.51625,0.879654,0.0567548,4002.61,6215,82.4,0.817422,36.2764
39000,10014.7,0.611251,33.76,34.276,0.0653681,4744.44,2551.47,14421.6,721.078,527.229,936.853,0,29.0009,150.221,245.472,273.64,0.206889,0.405838,1.7886,1.44141,0.00627133,0.21138,0.211132,0.3932,0.0977633,1.36682,2.49581,0.872514,0.0556542,4308.75,6508.6,77.4,0.814692,36.6767
39500,9970.04,0.608523,33.528,33.51,0.066361,4670.99,2541.11,14464,723.202,545.208,921.177,0,29.2002,149.76,248.37,278.36,0.206502,0.405253,1.83211,1.45203,0.00627423,0.212281,0.210459,0.394127,0.0986351,1.3621,2.49557,0.87128,0.0562135,4142.99,6334,74.8,0.809393,36.3076
40000,9954.64,0.607583,33.646,33.274,0.0556049,4739.35,2527.53,14957.1,747.856,578.323,952.733,0,30.1488,149.584,251.486,281.86,0.206052,0.404424,1.79034,1.5043,0.00627642,0.213074,0.209902,0.395648,0.100375,1.36799,2.44298,0.874798,0.056568,4631.74,6755.2,77.2,0.813969,29.6548
40500,9895.84,0.603994,33.868,33.706,0.0719478,4863.66,2518.6,15210.1,760.507,605.069,967.202,0,30.6558,149.529,254.627,282.94,0.207008,0.406124,1.79403,1.53821,0.0062592,0.214299,0.210648,0.397756,0.100166,1.38782,2.43137,0.873482,0.0575064,4247.3,6455.6,80,0.815071,33.2765
41000,9892.12,0.603767,33.624,33.66,0.0694299,4912.71,2518.48,14915.4,745.772,641.23,948.222,0,30.1973,149.698,257.708,285.66,0.207032,0.406027,1.83722,1.5091,0.00626956,0.215793,0.212557,0.398077,0.0987049,1.39414,2.35947,0.863553,0.0560256,3829.17,6069.4,89.8,0.797912,34.9431
41500,9866.26,0.602189,33.406,33.68,0.0677025,4826.63,2513.39,14411.4,720.571,612.213,935.882,0,29.6125,149.977,260.6,289.6,0.206935,0.405719,1.87942,1.46289,0.00625734,0.216181,0.214232,0.399015,0.0983862,1.38711,2.31413,0.857576,0.0553467,3177.54,5454.8,92.4,0.788603,34.9956
42000,9940.32,0.606709,33.466,33.788,0.0646431,4726.55,2524.66,14232,711.601,545.882,931.43,0,29.1576,150.231,263.47,295,0.206474,0.405085,1.86042,1.43304,0.00623047,0.217008,0.216221,0.400824,0.0999054,1.37154,2.24171,0.848072,0.0536157,2668.51,4863.6,102.8,0.77511,34.6684
42500,9907.32,0.604695,33.496,33.558,0.0647136,4660.53,2514.49,14299,714.95,562.798,935.785,0,29.403,149.766,266.554,299.86,0.206089,0.404458,1.88326,1.44418,0.0062217,0.217852,0.217051,0.402384,0.100309,1.3673,2.22635,0.843845,0.0534944,2577.82,4694,94.4,0.766043,34.7961
43000,9911.9,0.604974,33.52,33.088,0.0567537,4735.55,2516.99,14739.9,736.993,592.934,953.878,0,30.1503,149.532,269.677,301.6,0.206366,0.404972,1.8943,1.489,0.00623439,0.218252,0.21722,0.402498,0.101718,1.37268,2.20279,0.844096,0.0544648,2376.22,4494.4,114.8,0.763963,34.7829
43500,9865.24,0.602126,33.656,33.472,0.0696301,4855.86,2501.61,15029.1,751.457,618.545,968.1,0,30.7143,149.746,272.742,305.94,0.206471,0.405325,1.84815,1.52428,0.0062562,0.219654,0.21743,0.401327,0.102541,1.38975,2.20454,0.846996,0.0551477,3201.86,5454.2,106.4,0.772164,34.97
44000,9891.52,0.60373,33.722,33.614,0.0696293,4916.12,2509.11,14777,738.848,650.276,957.535,0,30.2378,149.386,275.717,308.1,0.206313,0.405262,1.87912,1.49486,0.00626379,0.221212,0.218822,0.401129,0.101359,1.39453,2.16479,0.845449,0.0537973,2766.99,4994.4,110,0.764191,34.6594
44500,9880.66,0.603068,33.586,33.948,0.0672854,4833.79,2504.37,14359.1,717.954,618.129,949.802,0,29.7384,149.712,278.632,311.3,0.205661,0.404161,1.91898,1.45553,0.0062883,0.222116,0.21993,0.401818,0.101931,1.38697,2.12181,0.836756,0.0537831,2450.2,4617.4,103.4,0.748975,34.293
45000,9888.02,0.603517,33.338,33.582,0.0642876,4711.5,2507.79,14081.9,704.095,555.283,930.518,0,29.2983,150.288,281.408,313.56,0.205177,0.403265,1.95267,1.42522,0.00627444,0.223522,0.222051,0.402461,0.102837,1.37445,2.14687,0.82964,0.05336,2540.52,4771.4,118.2,0.740512,34.7034
45500,9901.4,0.604333,33.462,33.47,0.0647214,4662.36,2501.6,14205.6,710.279,574.444,940.895,0,29.4606,149.68,284.472,315.52,0.204337,0.401785,1.92523,1.43595,0.00624652,0.224901,0.222183,0.403781,0.102786,1.36867,2.1243,0.832757,0.0525002,2140.69,4434.2,108.4,0.742468,35.2098
46000,9912.48,0.60501,33.58,33.296,0.0575089,4736.6,2506.44,14684.8,734.238,605.683,961.239,0,30.1732,149.583,287.704,318.78,0.204048,0.401243,1.93548,1.4828,0.00626718,0.226394,0.221249,0.404246,0.103248,1.3724,2.1742,0.835516,0.0545072,2385.17,4380.8,101,0.752671,35.3424
46500,9841.56,0.600681,33.634,33.474,0.0716664,4846.99,2496.68,14930.9,746.547,629.103,964.779,0,30.6771,149.689,290.907,322.72,0.204409,0.40182,1.98031,1.51777,0.00626509,0.22802,0.222673,0.40432,0.102932,1.39021,2.20382,0.835143,0.0559886,2601.22,4898.2,107,0.754101,35.0201
47000,9844.58,0.600865,33.346,33.376,0.0710019,4901.11,2493.15,14634.6,731.73,668.353,946.734,0,30.3347,149.555,293.994,326.18,0.203835,0.400791,1.97846,1.4878,0.00626106,0.228841,0.225135,0.404907,0.103006,1.39699,2.18157,0.828267,0.0532164,2625.97,4785.4,106.4,0.741484,35.0019
47500,9840,0.600586,33.602,33.786,0.0685608,4824.44,2493.62,14176.1,708.806,626.425,945.864,0,29.6716,149.637,296.908,329.74,0.203508,0.40016,2.0162,1.44277,0.00624692,0.229348,0.227907,0.406325,0.10283,1.38973,2.17024,0.822611,0.0533532,2617.63,4625.2,95.6,0.737408,35.3689
48000,9878.26,0.602921,33.286,33.586,0.064321,4710.43,2492.65,13925.1,696.255,570.534,938.93,0,29.3083,150.464,300.13,331.42,0.202451,0.39822,1.98381,1.41082,0.00623692,0.230557,0.230154,0.40752,0.104573,1.37524,2.15211,0.822819,0.0517396,2286.04,4326.4,108.2,0.735548,35.2654
48500,9878.02,0.602906,33.342,33.348,0.067001,4652.9,2490.01,14058.1,702.904,584.476,940.553,0,29.5171,149.594,303.378,335.96,0.201845,0.397172,1.99883,1.42458,0.00623804,0.231782,0.230232,0.408844,0.104532,1.369,2.15703,0.819974,0.0518788,2120.1,3974.4,94.8,0.737874,34.9507
49000,9840.84,0.600637,33.414,33.296,0.0606365,4716.68,2490.73,14484.1,724.205,608.659,962.185,0,30.2708,149.653,306.531,337.78,0.202914,0.398975,2.03441,1.47317,0.00624548,0.233107,0.229346,0.408776,0.105575,1.3766,2.1601,0.820929,0.0537958,2623.45,4661.4,103.2,0.733856,35.2192
49500,9764.94,0.596005,33.536,33.156,0.0757041,4824.92,2473.51,14688.5,734.426,645.039,961.914,0,30.6977,149.383,309.778,340.08,0.203509,0.400309,2.01347,1.50523,0.00625118,0.234898,0.228135,0.408438,0.106329,1.39513,2.16986,0.822542,0.054531,2629.39,4824.8,102.2,0.743709,34.8017
50000,9764.18,0.595958,33.28,33.324,0.0704896,4879,2472.51,14475.6,723.782,667.714,956.307,0,30.377,149.414,312.739,344.02,0.203183,0.399532,2.02082,1.48383,0.0062343,0.236507,0.22768,0.409131,0.104349,1.40213,2.16071,0.823608,0.0532561,2867.93,5211.2,101.8,0.738972,35.0755
50500,9826.14,0.59974,33.43,33.644,0.0679052,4823.63,2479.28,14128.4,706.418,636.055,952.626,0,29.8439,149.743,315.515,346.56,0.202621,0.39865,2.007,1.43963,0.00622972,0.23808,0.228252,0.410534,0.104872,1.39143,2.08042,0.814391,0.0518694,2416.02,4639,116.4,0.726855,34.4024
51000,9874.76,0.602708,33.382,33.582,0.0665844,4714.37,2495.32,13864.6,693.23,568.641,943.013,0,29.3125,150.306,318.397,352.08,0.202154,0.39787,2.06095,1.405,0.00620624,0.238861,0.22974,0.411231,0.105547,1.37715,2.10451,0.809076,0.0520157,2375.17,4511,115.2,0.722608,34.4179
51500,9879.1,0.602972,33.308,33.388,0.0701872,4656.03,2485.31,13988.5,699.425,592.437,937.407,0,29.5641,149.802,321.55,357.08,0.201595,0.39686,1.98642,1.41755,0.00623022,0.239081,0.23001,0.410986,0.107399,1.36946,2.09078,0.816568,0.0507463,2137.6,4332.8,127.2,0.728644,34.4447
52000,9883.8,0.603259,33.686,33.262,0.0566689,4725.66,2482.69,14472.4,723.619,615.28,970.79,0,30.2203,149.213,324.833,360.1,0.201461,0.39655,1.97528,1.46623,0.00622864,0.239875,0.229835,0.410888,0.107246,1.37359,2.08056,0.818601,0.0526572,2402.98,4376,116.8,0.725055,33.7068
52500,9853.5,0.60141,33.818,33.638,0.0715569,4857.21,2477.41,14791.6,739.579,648.96,986.208,0,30.7618,149.763,328.088,363.5,0.201584,0.396615,1.9761,1.50212,0.00621573,0.241569,0.231133,0.41036,0.106432,1.39164,2.10094,0.817307,0.053166,2131.42,4246,113,0.729901,34.4957
53000,9870.48,0.602446,33.472,33.54,0.0713305,4910.96,2486.12,14564.4,728.22,678.287,960.059,0,30.394,149.621,331.304,364.76,0.201359,0.396273,2.00573,1.47716,0.0062117,0.243097,0.232774,0.41072,0.104482,1.39584,2.13536,0.816832,0.0530767,2425.42,4626.4,110.2,0.730237,34.2492
53500,9909.82,0.604847,33.75,33.876,0.0673252,4848.96,2494.42,14142.5,707.124,640.651,953.768,0,29.7466,149.402,334.195,365.8,0.20056,0.395006,2.05595,1.42837,0.0061846,0.244154,0.235749,0.410651,0.10337,1.3865,2.10696,0.815153,0.0534866,1924.36,3902.2,117.6,0.726771,34.7598
54000,9920.84,0.60552,33.792,34.04,0.0676022,4728.95,2487.24,13852.4,692.618,581.792,958.891,0,29.356,150.139,336.981,368.34,0.199462,0.3931,2.05324,1.3974,0.00618117,0.244328,0.239551,0.410626,0.105444,1.37486,2.04494,0.803499,0.051854,2159.17,4489,120.2,0.7067,34.3233
54500,9894.68,0.603923,33.22,33.294,0.0696166,4661.04,2477.94,13969.3,698.466,605.083,938.419,0,29.5911,149.636,340.198,371.84,0.199219,0.392884,2.04844,1.41271,0.00618735,0.244667,0.240051,0.410336,0.106826,1.36863,2.02647,0.807853,0.0516005,1791.76,3723.4,118.4,0.711947,34.1332
55000,9918.28,0.605364,33.898,33.428,0.0575588,4741.01,2483.09,14476.9,723.843,621.054,978.288,0,30.2927,149.361,343.386,375.86,0.1998,0.394041,2.00833,1.46137,0.00618656,0.24594,0.240418,0.410753,0.108429,1.37327,2.05018,0.81492,0.0535194,2216.28,4276.8,117.2,0.721882,34.5613
55500,9856.72,0.601606,33.682,33.66,0.0708622,4857.55,2470.54,14746.2,737.312,652.669,988.132,0,30.798,149.542,346.496,378.96,0.20001,0.394527,2.00864,1.49683,0.0062071,0.246942,0.241991,0.411356,0.108017,1.39082,2.0579,0.812002,0.0542947,2193.17,4298.8,114.2,0.716124,34.5329
56000,9864.2,0.602063,33.482,33.564,0.0707139,4910.72,2473.76,14511.7,725.586,687.041,967.438,0,30.511,149.539,349.468,383.14,0.199784,0.394116,2.03909,1.47233,0.00620605,0.247706,0.244645,0.411751,0.107836,1.39672,2.04926,0.808567,0.0536505,2315.75,4662.8,111.6,0.710815,34.101
56500,9869.42,0.602382,33.718,33.914,0.0672132,4835.7,2478.24,13970.3,698.513,649.125,963.21,0,29.7741,149.558,352.467,387.72,0.199427,0.393255,2.10362,1.41711,0.00617946,0.248925,0.247271,0.411816,0.107771,1.38863,2.02904,0.8008,0.0534959,2050.33,3997.6,123.6,0.713038,34.826
57000,9890.14,0.603646,33.6,33.748,0.0614979,4721.48,2484.15,13675.4,683.77,591.82,951.383,0,29.3215,150.073,355.163,391.6,0.198651,0.391803,2.15685,1.3835,0.00613412,0.249659,0.24929,0.412516,0.107808,1.37663,2.02618,0.792207,0.0523998,2640.33,5013.8,110.6,0.701208,35.3215
57500,9884.68,0.603313,33.29,33.496,0.0675301,4658.55,2474.11,13812.7,690.636,609.146,946.958,0,29.5566,149.853,358.408,394.06,0.198262,0.391035,2.11466,1.39831,0.00614555,0.250484,0.249705,0.412865,0.109349,1.36938,1.98549,0.792624,0.0514342,2036.42,4073.4,112.2,0.699543,35.7032
58000,9848.7,0.601117,33.684,33.234,0.0564655,4722.39,2462.05,14272.2,713.611,634.36,978.929,0,30.356,149.318,361.496,396.74,0.198483,0.391452,2.09582,1.45082,0.0061888,0.251026,0.248654,0.413021,0.111475,1.37763,1.96082,0.791638,0.0525665,1690.11,3684.4,113,0.693887,34.0274
58500,9784.42,0.597194,33.244,33.24,0.0757434,4838.53,2448.09,14496.1,724.804,671.277,978.25,0,30.9218,149.724,364.343,398.68,0.198393,0.391248,2.11016,1.48232,0.00620459,0.251435,0.248312,0.413062,0.111325,1.39576,1.96813,0.791619,0.0533017,1491.49,3319.2,119.6,0.699623,34.0534
59000,9781.74,0.59703,33.424,33.538,0.0736466,4891.1,2456.37,14165.4,708.272,706.718,968.494,0,30.4753,149.451,367.323,401.66,0.19837,0.391173,2.20011,1.44969,0.00619983,0.252486,0.250771,0.414006,0.110526,1.40282,1.96305,0.780898,0.0536036,1765.48,3781.8,106.8,0.686964,34.3915
59500,9799.24,0.598098,33.564,33.716,0.0670348,4821.71,2456.27,13661.7,683.083,672.893,966.448,0,29.892,149.724,370.011,404.02,0.197875,0.3901,2.21118,1.39601,0.00619997,0.253747,0.254009,0.415091,0.111829,1.39431,1.9043,0.773247,0.0517988,1523.84,3475.2,107.8,0.685439,34.5598
60000,9804.14,0.598397,33.146,33.396,0.0667255,4692.58,2449.59,13339.2,666.962,611.051,950.522,0,29.4915,150.096,372.642,405.26,0.196886,0.388038,2.21294,1.36171,0.00618577,0.254306,0.257309,0.416217,0.11218,1.38056,1.87286,0.768582,0.0502786,926.809,2525,136.2,0.670618,28.6385
60500,9801.42,0.598231,33.208,33.176,0.0675458,4631.82,2447.52,13449.2,672.458,628.315,947.911,0,29.6424,149.686,375.546,409.44,0.196235,0.38679,2.24517,1.3735,0.0061898,0.254488,0.258052,0.417506,0.113306,1.37315,1.86384,0.769486,0.0508453,1092.36,2917,124.4,0.670936,32.2223
61000,9779.32,0.596882,33.324,33.098,0.0631021,4704,2448.55,13859.8,692.991,655.958,975.282,0,30.4116,149.296,378.502,410.48,0.196314,0.387002,2.30298,1.41887,0.00618049,0.255374,0.259697,0.41863,0.113766,1.38125,1.87001,0.7647,0.0521223,1293.37,2946,120,0.666095,34.2015
61500,9712.7,0.592816,33.536,33.222,0.078892,4820.26,2425.74,14026.8,701.343,688.401,986.044,0,30.9203,149.2,381.442,414.1,0.195526,0.385406,2.30655,1.44526,0.00617805,0.256114,0.261952,0.419309,0.112582,1.40076,1.82708,0.759768,0.0523516,1014.52,2747.2,131.4,0.657104,33.8879
62000,9741.66,0.594584,33.104,33.304,0.0726884,4886.14,2437.85,13622.6,681.13,742.67,967.228,0,30.4813,149.7,384.204,416.76,0.195229,0.384761,2.39576,1.40011,0.0061705,0.256817,0.264707,0.419549,0.111861,1.40737,1.78077,0.747524,0.0506479,1239.41,3196.4,131.6,0.646822,34.2131
62500,9798.48,0.598052,33.674,33.946,0.0708594,4822.37,2446.18,13148.5,657.424,706.672,969.987,0,29.7996,149.397,386.89,419.44,0.194289,0.382837,2.40486,1.34385,0.00616395,0.257423,0.266749,0.420298,0.111126,1.39446,1.75196,0.740034,0.0494623,980.675,2678.4,129.2,0.638183,33.6134
63000,9831,0.600037,33.464,33.444,0.0693514,4702.72,2450.31,12917.1,645.854,641.933,953.015,0,29.4171,149.954,389.807,421.94,0.193413,0.381196,2.42366,1.31527,0.00613097,0.258087,0.268748,0.421172,0.110935,1.37941,1.74953,0.738544,0.0490084,688.13,2134,137,0.631041,33.9109
63500,9843.46,0.600797,33.448,33.432,0.0690974,4651.99,2452.66,13028.2,651.408,652.498,953.247,0,29.5249,149.078,392.626,425.38,0.192927,0.380409,2.45502,1.32499,0.00610986,0.25812,0.271403,0.422012,0.110642,1.37307,1.7443,0.735146,0.0492391,820.949,2346.2,133.6,0.627651,33.6834
64000,9780.2,0.596936,33.62,33.238,0.0648102,4702,2440.25,13422.2,671.112,680.38,977.659,0,30.3188,149.108,395.915,428.82,0.193,0.38085,2.49772,1.37426,0.00610895,0.258464,0.274751,0.421782,0.112429,1.38068,1.71775,0.731504,0.0509374,760.88,2334.8,141.8,0.622928,33.4545
64500,9717.6,0.593115,33.4,33.464,0.0793316,4827.84,2426.62,13569.5,678.477,719.74,991.127,0,30.8419,149.646,398.923,432.52,0.192342,0.379635,2.55447,1.3974,0.00610262,0.259113,0.277647,0.421323,0.112181,1.40136,1.69937,0.723271,0.0514559,514.186,1721.6,145.6,0.612863,33.5676
65000,9802.94,0.598324,33.4,33.43,0.0735621,4905.05,2449.27,13227.3,661.365,762.905,970.58,0,30.2668,149.146,401.688,437.26,0.191963,0.378862,2.59626,1.35153,0.00608642,0.259995,0.280315,0.421116,0.110695,1.40371,1.69677,0.718817,0.0507729,622.564,2291.8,146,0.606372,33.5452
65500,9844.48,0.600859,33.806,34.074,0.072772,4838.93,2451.97,12709.1,635.455,731.258,980.923,0,29.7299,149.912,404.278,442.82,0.190923,0.376986,2.62327,1.29329,0.00605274,0.26007,0.28321,0.420949,0.110899,1.39273,1.61229,0.710146,0.0490399,578.751,1951.4,149.8,0.59417,33.3599
66000,9824.44,0.599636,33.354,33.428,0.0685627,4702.71,2453.82,12393.9,619.693,667.347,956.3,0,29.2926,149.869,407.205,444.5,0.19107,0.37732,2.6883,1.26271,0.00600837,0.259437,0.284778,0.421088,0.111649,1.38012,1.61065,0.702586,0.0480828,443.803,1711.6,140.6,0.590704,33.2421
66500,9805.72,0.598494,33.45,33.398,0.0708966,4644.22,2437.87,12525.7,626.287,677.2,960.881,0,29.5079,149.185,410.485,446.32,0.190493,0.376293,2.63632,1.27911,0.00597403,0.259235,0.286398,0.420674,0.112918,1.37599,1.56007,0.700963,0.0476095,444.689,1690.2,150.6,0.580833,33.1848
67000,9792.7,0.597699,33.65,33.136,0.0606872,4714.79,2440.22,12960.6,648.032,702.179,986.956,0,30.202,149.014,413.66,448.92,0.190885,0.377046,2.68113,1.32558,0.00593939,0.259696,0.287997,0.422042,0.111952,1.3826,1.54581,0.695484,0.0491244,455.967,1693.8,163.4,0.574408,33.0234
67500,9753.16,0.595286,33.46,33.742,0.0793442,4840.99,2443.87,13052.9,652.646,741.861,997.99,0,30.6229,149.835,416.306,453,0.191303,0.377901,2.78184,1.33911,0.0059267,0.259711,0.290097,0.422972,0.111633,1.39989,1.54403,0.682398,0.0499691,331.231,1433.6,173.4,0.556424,33.2509
68000,9736.68,0.59428,33.188,33.448,0.0789445,4887.54,2443.06,12471.7,623.583,793.45,970.722,0,30.0491,149.167,418.82,455.7,0.191235,0.377662,2.84559,1.28326,0.00590168,0.259633,0.293602,0.424015,0.109868,1.4079,1.49115,0.66385,0.0471064,403.228,1652.6,169.4,0.53664,32.0459
68500,9730.28,0.593889,33.576,33.648,0.0735233,4802.69,2447.29,11825.9,591.294,757.691,966.693,0,29.3707,149.484,421.434,460.16,0.191118,0.377346,2.93494,1.21672,0.00585304,0.259537,0.296983,0.423524,0.109656,1.3979,1.44942,0.643572,0.0455805,420.184,1793.2,152.2,0.514794,34.3223
69000,9700.14,0.59205,33.036,33.112,0.0735058,4665.41,2437.91,11549,577.448,694.36,943.832,0,29.104,149.992,424.253,464.5,0.190665,0.376473,2.9618,1.19132,0.00583174,0.259245,0.297406,0.423359,0.109703,1.38597,1.4214,0.639224,0.0441374,262.555,1194.8,161.2,0.507232,34.7773
69500,9680.92,0.590876,33.076,33.154,0.0760115,4607.01,2430.31,11708.7,585.433,698.873,953.989,0,29.2684,149.255,427.434,466.5,0.190408,0.376082,2.9786,1.2101,0.00580689,0.259868,0.29771,0.424034,0.110526,1.38257,1.38181,0.630533,0.0441612,260.919,1241.6,171.6,0.501725,35.0033
70000,9625.28,0.58748,32.974,32.856,0.0711122,4656.81,2424.34,12084.9,604.245,727.604,971.371,0,29.9731,149.231,430.445,467.58,0.19095,0.37721,3.02242,1.25584,0.00579093,0.260666,0.297964,0.424979,0.11012,1.38803,1.37696,0.628603,0.0458275,273.56,1174.8,175,0.500012,34.8619
70500,9517.84,0.580923,32.862,32.91,0.0852421,4769.07,2404.7,12127.3,606.366,767.001,976.981,0,30.5892,149.256,433.326,473.4,0.191004,0.37727,3.09834,1.2746,0.00575927,0.261121,0.299369,0.426034,0.108294,1.41361,1.37119,0.628681,0.0474972,261.572,1177,164.6,0.494875,34.6053
71000,9553.02,0.58307,32.94,32.99,0.0817711,4831.93,2420.2,11534,576.701,816.094,963.577,0,29.9596,148.933,435.86,474.98,0.191214,0.377693,3.17062,1.20827,0.00573316,0.262193,0.301991,0.425967,0.107507,1.41875,1.34176,0.616293,0.0447888,234.195,1174.2,164.2,0.487007,34.8865
71500,9512.56,0.580601,32.874,32.908,0.0762426,4737.6,2410.98,10975.8,548.789,782.49,952.337,0,29.4528,149.541,438.451,477.3,0.190982,0.377313,3.2238,1.15412,0.00567802,0.262918,0.304648,0.425997,0.107439,1.41056,1.30051,0.602485,0.0438238,233.737,1239.8,168,0.466962,34.6394
72000,9604.24,0.586196,32.704,32.816,0.0752087,4637.22,2430.35,10811,540.551,717.462,937.848,0,28.9909,149.663,441.261,482.16,0.190356,0.376197,3.23552,1.12608,0.00565013,0.263348,0.306713,0.426392,0.107546,1.39168,1.26268,0.592747,0.0429703,203.3,1110.8,161.6,0.449623,34.7387
72500,9599.74,0.585922,32.918,32.8,0.0778969,4582.94,2429.32,11004.5,550.226,716.153,945.303,0,29.0314,149.148,444.607,485.08,0.190686,0.376741,3.22848,1.1471,0.00563271,0.264012,0.308387,0.42759,0.109281,1.38631,1.25277,0.5908,0.0430695,209.178,1082.8,163.4,0.447431,34.5558
73000,9597.96,0.585813,33.092,32.91,0.0757148,4660.01,2432.07,11467.6,573.38,752.114,970.909,0,29.7824,149.126,447.69,488.54,0.190943,0.377216,3.23534,1.19547,0.00565644,0.265011,0.309645,0.429313,0.110324,1.39313,1.27116,0.590613,0.0445753,212.494,1093,157.4,0.453341,34.2798
73500,9573.34,0.58431,33.06,33.186,0.0903466,4795.08,2436.2,11520.7,576.038,790.299,980.144,0,30.2481,149.174,450.296,492.26,0.191283,0.377981,3.3179,1.20347,0.00561969,0.266072,0.312987,0.430394,0.10837,1.41256,1.26205,0.586156,0.0458635,236.531,1149.4,152.6,0.444714,34.9549
74000,9567.68,0.583965,32.92,33.048,0.0882181,4845.83,2451.62,10916.1,545.803,836.031,958.711,0,29.6899,148.827,452.742,495.02,0.191812,0.379035,3.45474,1.14187,0.00557689,0.266507,0.313656,0.430654,0.107452,1.42036,1.28278,0.579715,0.045675,296.903,1326.6,138.2,0.44663,34.9198
74500,9524.42,0.581324,33.108,33.146,0.0828595,4743.92,2436.67,10294.9,514.746,808.58,943.968,0,29.1499,149.176,455.164,497.06,0.191342,0.378157,3.47294,1.0818,0.00551465,0.266412,0.316655,0.430127,0.108911,1.41091,1.23214,0.571351,0.0443206,229.012,1085.8,144.8,0.439808,34.9932
75000,9526.66,0.581461,32.704,32.834,0.085664,4628.04,2436.75,10102.2,505.112,743.84,932.601,0,28.8407,149.332,458.098,500.96,0.190553,0.376586,3.51995,1.06101,0.00547531,0.266352,0.319967,0.429907,0.1101,1.4003,1.22144,0.568004,0.0443069,269.731,1261.4,144,0.437446,33.9381
75500,9542.54,0.58243,32.808,32.68,0.0831384,4579.92,2444.35,10288.2,514.408,740.426,933.172,0,28.8546,148.629,460.93,504.6,0.190342,0.376259,3.56437,1.07916,0.00543671,0.267385,0.32164,0.43056,0.10933,1.39389,1.24527,0.562759,0.0454317,254.379,1175.6,133,0.434388,34.4312
76000,9513.84,0.580679,32.994,32.948,0.0809407,4643.11,2438.49,10685.3,534.268,774.261,970.888,0,29.7259,148.976,464.032,508.54,0.190292,0.376172,3.5805,1.1235,0.00543292,0.268252,0.322589,0.4309,0.10914,1.39998,1.23597,0.565113,0.0467505,265.149,1217,133.4,0.441338,34.708
76500,9477.98,0.57849,32.688,32.856,0.0959408,4770.01,2435.72,10718.1,535.905,816.101,965.057,0,30.1431,149.086,466.499,514.1,0.190425,0.376351,3.63071,1.13057,0.00541724,0.269477,0.324419,0.431472,0.107676,1.41904,1.23728,0.556247,0.0467148,312.822,1352.6,128.6,0.433534,34.7133
77000,9467.88,0.577874,32.838,32.894,0.0901963,4818.5,2440.34,10170.9,508.547,852.505,968.281,0,29.6641,148.95,468.827,517.36,0.190739,0.376935,3.70994,1.07522,0.00539545,0.270555,0.326477,0.431718,0.106818,1.42702,1.20927,0.543039,0.0448971,250.888,1203.2,124.6,0.422761,33.673
77500,9431.9,0.575677,32.75,32.724,0.0867159,4729.13,2426.69,9586.1,479.305,835.107,941.078,0,29.1766,148.877,471.23,518.86,0.189724,0.375009,3.74967,1.0169,0.00536128,0.27124,0.329925,0.431825,0.106726,1.41968,1.16889,0.535744,0.0426987,255.256,1180.8,123.8,0.416827,34.0704
78000,9482.34,0.578756,32.684,32.77,0.084835,4613.46,2437.51,9405.06,470.253,762.981,938.218,0,28.7672,149.548,474.018,520.96,0.188806,0.373248,3.79125,0.992299,0.00532697,0.27212,0.331979,0.432301,0.106947,1.40211,1.14286,0.525679,0.0427189,197.984,1052.2,134.6,0.404092,35.0056
78500,9436.78,0.575975,32.386,32.53,0.0932315,4545.38,2424.77,9567.21,478.361,772.816,923.751,0,28.87,148.847,477.359,524.52,0.188362,0.372592,3.81144,1.01459,0.00528373,0.273499,0.33332,0.43294,0.106529,1.39853,1.13835,0.520729,0.0428627,214.426,1066,133.2,0.399546,34.8937
79000,9392.9,0.573297,32.66,32.458,0.0848626,4606.94,2421.57,9829.18,491.459,800.632,962.012,0,29.5193,148.79,480.394,525.74,0.188731,0.373668,3.87512,1.04711,0.00522541,0.274569,0.334591,0.433028,0.104787,1.40738,1.15211,0.51581,0.0449209,235.049,1134.4,122.2,0.395683,33.8077
79500,9360.64,0.571328,32.602,32.694,0.0980819,4740.45,2421.38,9773.38,488.669,851.802,968.001,0,30.0232,148.965,482.757,528,0.188945,0.374413,3.95753,1.04422,0.00514528,0.275146,0.335043,0.432943,0.100513,1.42803,1.1218,0.504954,0.0440574,268.975,1307,111.2,0.387156,34.3307
80000,9361.18,0.571361,32.448,32.576,0.096189,4785.89,2425.32,9250.92,462.546,892.688,955.497,0,29.5873,148.602,485.234,530.12,0.188889,0.374521,4.03111,0.989526,0.00506055,0.27557,0.335997,0.432933,0.0971836,1.43386,1.07611,0.490464,0.041463,228.216,1215.2,113,0.375663,29.1556
80500,9346.56,0.570469,32.712,32.706,0.0909031,4704.4,2421.53,8623.26,431.163,866.566,940.362,0,29.0134,148.469,487.664,533.82,0.188463,0.373748,4.08389,0.923312,0.00501221,0.275049,0.336494,0.432803,0.0964018,1.4251,1.01829,0.477948,0.0391832,145.031,832.4,113.2,0.349547,32.8454
81000,9343.78,0.570299,32.166,32.182,0.0844577,4577.91,2417.1,8429.98,421.499,794.201,928.436,0,28.6286,149.378,490.465,537.88,0.187756,0.372373,4.09631,0.902249,0.00500326,0.275429,0.337413,0.43271,0.0978053,1.41156,1.0011,0.47188,0.0388746,153.553,903.8,112.2,0.349674,34.8205
81500,9310.68,0.568279,32.124,32.222,0.0943489,4509.42,2411.48,8592.51,429.626,806.255,924.548,0,28.7144,148.71,493.825,542.4,0.188324,0.373649,4.10037,0.923194,0.00498327,0.27658,0.337836,0.432767,0.0983264,1.40597,0.989227,0.470328,0.0390773,127.849,842.4,123.2,0.338841,34.6689
82000,9299.68,0.567607,32.498,32.396,0.0881463,4580.87,2414.16,8905.28,445.264,826.813,967.036,0,29.4812,148.367,496.822,546.7,0.188931,0.374751,4.13822,0.95749,0.00494861,0.277908,0.337838,0.432866,0.0971635,1.41272,0.960886,0.4649,0.040281,137.899,826.2,127.6,0.334202,34.8034
82500,9266.68,0.565593,32.174,32.532,0.101666,4711.95,2415.41,8808.71,440.436,881.266,962.009,0,29.8628,148.904,499.346,550.6,0.188981,0.374828,4.24492,0.949999,0.00487623,0.278633,0.337755,0.432186,0.0933005,1.43291,0.92657,0.454574,0.0410442,103.391,715.4,129,0.317373,34.7533
83000,9301.66,0.567728,32.338,32.094,0.0918347,4773.49,2423.67,8276.82,413.841,927.508,953.539,0,29.3821,148.216,501.515,552.98,0.188773,0.37468,4.2963,0.889995,0.0048414,0.279171,0.337472,0.432266,0.0906494,1.4387,0.857728,0.430256,0.0374569,81.4358,626.2,132.6,0.297115,35.4515
83500,9303.36,0.567832,32.712,32.6,0.0923608,4691.04,2426.09,7733.64,386.682,893.284,943.775,0,28.8148,148.57,504.047,556.1,0.188453,0.374254,4.35331,0.831292,0.00479928,0.278866,0.338359,0.432571,0.0894387,1.4275,0.826483,0.417813,0.0356225,75.7861,632.8,120.6,0.283686,34.8809
84000,9282.56,0.566562,32.072,32.038,0.0945408,4561.6,2422.22,7481.8,374.09,831.195,919.783,0,28.366,149.042,506.832,558.96,0.188223,0.373912,4.39837,0.806155,0.00474002,0.278756,0.338649,0.433202,0.0890721,1.41564,0.796708,0.409997,0.0362773,58.4382,522.4,121,0.271084,35.0428
84500,9294.96,0.567319,32.13,32.324,0.0961546,4520.26,2433.56,7517.91,375.896,835.606,931.62,0,28.3925,148.379,509.769,563,0.188717,0.375045,4.4667,0.808773,0.00469817,0.279302,0.340947,0.433508,0.08875,1.4119,0.776213,0.401936,0.0354493,79.8779,657.8,123.2,0.267356,35.6886
85000,9314.28,0.568499,32.76,32.61,0.091288,4595.69,2446.08,7683.31,384.166,864.14,974.476,0,28.9552,148.395,512.694,567.24,0.189254,0.376233,4.52443,0.824965,0.00466801,0.280447,0.342972,0.43397,0.087681,1.41575,0.760129,0.39867,0.0366093,52.572,560,125.2,0.261324,35.6295
85500,9259.82,0.565175,32.362,32.576,0.105674,4711.98,2441.74,7530.09,376.505,925.837,967.486,0,29.3736,148.769,514.798,569.88,0.189556,0.376835,4.62101,0.812955,0.00465544,0.28057,0.342924,0.433607,0.0859707,1.43498,0.7383,0.390681,0.036439,52.1374,530.4,120,0.254138,35.4746
86000,9260.9,0.56524,32.27,32.146,0.0993046,4764.4,2449.24,6949.44,347.472,964.695,944.52,0,28.8881,147.787,516.835,569.8,0.189501,0.376733,4.72088,0.750246,0.00464003,0.280552,0.342798,0.43334,0.0832036,1.44293,0.710368,0.372884,0.0340377,40.6763,462.2,119.8,0.24783,35.9152
86500,9210.24,0.562148,32.534,32.562,0.103666,4669.75,2443.82,6418.61,320.931,923.288,936.592,0,28.2956,148.142,519.059,570.86,0.189728,0.377244,4.81344,0.696925,0.00461565,0.280632,0.343352,0.432541,0.0824135,1.43607,0.667002,0.358036,0.0315446,47.8273,525.2,109.8,0.226453,35.625
87000,9182.54,0.560458,31.932,32.02,0.0975996,4535.84,2439.1,6119.48,305.974,855.386,927.076,0,27.8254,149.045,521.964,573.82,0.189572,0.376971,4.8717,0.666145,0.00457117,0.281445,0.343358,0.432096,0.0822525,1.42349,0.625967,0.346806,0.0304208,38.1039,467.4,99.6,0.208264,35.7489
87500,9221.16,0.562815,31.866,32.05,0.104949,4501.89,2459.18,6133.85,306.693,869.841,921.031,0,27.808,148.412,524.998,576.82,0.190378,0.378394,4.93348,0.664931,0.00453973,0.282232,0.343979,0.432023,0.0819572,1.41789,0.623532,0.346846,0.0317798,29.1578,367,106.8,0.205809,35.366
88000,9200.58,0.561559,32.426,32.214,0.0993985,4559.86,2463.84,6269.97,313.498,895.98,957.882,0,28.4089,147.945,528.086,581.28,0.191337,0.380521,4.98824,0.681705,0.00451963,0.283009,0.346166,0.43149,0.0808901,1.42245,0.625304,0.344768,0.0333365,29.7454,374.4,107.4,0.210021,35.5821
88500,9158.18,0.558971,32.266,32.31,0.107441,4686.13,2463.25,6068.53,303.427,958.803,960.148,0,28.8119,148.499,530.279,586.24,0.191851,0.381791,5.09072,0.662347,0.00449323,0.283205,0.345141,0.430465,0.0781245,1.44377,0.583417,0.327574,0.0318507,28.7289,399.8,93.4,0.193798,36.0442
89000,9111.22,0.556105,31.764,31.872,0.109553,4720.41,2459.34,5544.43,277.222,1001.13,929.687,0,28.4343,148.224,532.383,589.32,0.191864,0.382158,5.18785,0.608638,0.00450174,0.283185,0.345914,0.429801,0.0766071,1.45304,0.562744,0.31393,0.0290145,27.774,393.8,92.4,0.184111,35.8334
89500,9074,0.553833,31.916,32.008,0.11032,4627.16,2452.47,5105.05,255.253,949.941,918.714,0,27.7158,148.125,534.748,593.64,0.191718,0.382172,5.2545,0.562505,0.00449416,0.283392,0.346477,0.429354,0.0764663,1.4444,0.522969,0.296272,0.0267315,24.8497,347.2,85.8,0.170158,35.6858
90000,9070.76,0.553635,32.032,32.122,0.106182,4504.15,2458.2,4861.49,243.075,880.791,920.416,0,27.1454,148.539,537.648,600.58,0.191967,0.382843,5.31865,0.535724,0.00445722,0.283665,0.346251,0.428463,0.0761845,1.43139,0.504716,0.286788,0.0272351,21.3792,315.2,81,0.161001,35.9202
90500,9052.74,0.552535,31.598,31.778,0.11633,4455.98,2455.48,4801.63,240.082,903.167,909.815,0,27.286,148.078,540.579,601.24,0.191788,0.382709,5.36602,0.530067,0.00443608,0.283701,0.345937,0.427735,0.0747617,1.42957,0.484734,0.277576,0.0265309,19.5214,286.4,68.8,0.149286,35.9488
91000,9076.76,0.554001,31.932,31.768,0.103117,4529.43,2467.82,4858.76,242.938,940.695,949.415,0,27.9827,147.668,543.139,603.94,0.192365,0.384059,5.42092,0.535204,0.00439542,0.283675,0.347461,0.42621,0.0735599,1.43228,0.450455,0.26866,0.0266338,16.4139,261.4,79,0.139563,35.6241
91500,9037.48,0.551604,32.032,32.168,0.119593,4647.28,2465.17,4664.03,233.202,999.898,953.134,0,28.3945,148.34,544.978,604.92,0.192315,0.384081,5.51499,0.515673,0.00438612,0.282759,0.347097,0.423977,0.0714632,1.4505,0.42717,0.255667,0.0264568,11.9887,214.8,73.2,0.13135,35.8973
92000,8977.06,0.547916,31.68,31.586,0.118441,4673.43,2451.44,4262.66,213.133,1034.58,921.52,0,27.9232,147.706,546.776,606.04,0.19204,0.38375,5.58579,0.474188,0.00436995,0.282316,0.346444,0.422592,0.068376,1.46033,0.393397,0.24452,0.0240285,9.80509,205.8,65.6,0.111777,35.9507
92500,8928.02,0.544923,31.748,31.578,0.118543,4578.24,2445.47,3966.37,198.319,971.686,902.723,0,27.266,147.456,549.318,609.3,0.192488,0.384897,5.64125,0.44369,0.00435349,0.28285,0.347741,0.421558,0.0682312,1.45229,0.395453,0.241435,0.0237343,10.4551,204.2,59.6,0.113199,36.3353
93000,8951.94,0.546383,31.726,32.052,0.116498,4470.35,2462.26,3676.69,183.834,912.704,909.603,0,26.6542,148.042,551.581,613.22,0.192759,0.385795,5.73683,0.410314,0.00431214,0.282235,0.348248,0.419308,0.06821,1.44004,0.381516,0.234209,0.0230201,10.7367,216.2,58,0.105079,36.1511
93500,8850.54,0.540194,31.038,31.62,0.130306,4387.63,2447.07,3474.44,173.722,932.569,894.004,0,26.7271,148.046,554.334,615.26,0.193599,0.387802,5.83677,0.391976,0.004267,0.280574,0.348652,0.417285,0.0669716,1.43947,0.348358,0.21978,0.0231445,8.57285,181.6,51.2,0.0889039,35.623
94000,8881.04,0.542056,31.498,31.366,0.11436,4467.16,2460.34,3383.61,169.181,977.588,935.233,0,27.4417,147.52,556.619,617.32,0.193876,0.388872,5.91078,0.380776,0.00422077,0.279263,0.348054,0.415051,0.0645422,1.44428,0.322837,0.208469,0.0232717,8.37508,208.6,48.8,0.0790353,35.6786
94500,8813.24,0.537917,31.504,31.348,0.125344,4576.44,2447.11,3245.5,162.275,1032.27,933.204,0,27.964,147.576,558.573,619.98,0.193849,0.389066,5.98847,0.367952,0.00420262,0.277602,0.347086,0.412934,0.0617673,1.46568,0.289018,0.194178,0.022191,4.45822,129.4,45,0.0628805,36.2313
95000,8806.54,0.537509,31.314,31.222,0.126838,4620.91,2450.11,3002.53,150.127,1066.53,906.247,0,27.6124,147.334,560.532,626.1,0.193862,0.389081,6.05346,0.34072,0.00420512,0.277009,0.346755,0.411773,0.0596579,1.47208,0.275501,0.184889,0.0197644,4.75902,151.2,41,0.0593843,36.1142
95500,8731.32,0.532917,31.122,31.044,0.133064,4516.33,2435.91,2765.4,138.27,993.538,881.137,0,26.7828,146.643,562.388,628.1,0.194212,0.389972,6.11805,0.316353,0.00419003,0.275228,0.346316,0.410322,0.0589702,1.46589,0.262497,0.183283,0.0195595,3.24216,106.8,43.8,0.0541989,36.1921
96000,8736.38,0.533226,31.35,31.378,0.124295,4401.24,2439.18,2587.26,129.363,928.35,893.774,0,26.3074,147.58,565.295,632.1,0.193831,0.389571,6.15523,0.295859,0.00415066,0.273441,0.345575,0.408139,0.0591649,1.45256,0.248858,0.179768,0.0194224,3.03976,89.8,39.4,0.0470666,36.2256
96500,8752.5,0.53421,31.046,31.692,0.137141,4366.25,2448.61,2491.27,124.563,964.222,900.185,0,26.4319,147.818,567.84,634.44,0.194102,0.390578,6.20028,0.284171,0.00412919,0.272,0.345788,0.405021,0.0594628,1.44914,0.235791,0.174763,0.0201434,2.73742,89.6,36.8,0.0398303,35.7416
97000,8764.02,0.534913,31.1,30.994,0.126745,4432.36,2455.3,2543.33,127.167,1002.77,916.754,0,27.1422,146.995,570.464,637.9,0.19456,0.391823,6.22353,0.290003,0.00411805,0.271067,0.346736,0.402121,0.0579804,1.45193,0.22586,0.171971,0.0213472,1.83916,51.4,35.8,0.0342755,35.9883
97500,8754.14,0.53431,31.428,31.28,0.133432,4558.5,2452.53,2449.98,122.499,1060.19,923.462,0,27.7042,147.235,572.501,640.56,0.193999,0.390719,6.26052,0.27956,0.00411702,0.271262,0.345866,0.400773,0.0558475,1.46963,0.216497,0.165599,0.0207256,1.88719,51.6,35.6,0.0344942,36.1964
98000,8668.38,0.529076,31.09,30.844,0.134978,4575.78,2429.51,2307.56,115.378,1081.11,891.084,0,27.553,146.974,574.722,639.84,0.193986,0.390666,6.26709,0.265912,0.00412332,0.27155,0.346285,0.399802,0.0548119,1.48102,0.235296,0.177209,0.0200988,2.04934,55.2,41,0.0401678,35.8097
98500,8652,0.528076,31.002,30.99,0.135192,4499.61,2427.86,2231.43,111.571,1001.34,893.364,0,26.8569,146.576,577.221,640,0.193867,0.390592,6.29898,0.257473,0.00411492,0.27049,0.346361,0.398517,0.0549009,1.4732,0.245842,0.181689,0.0202614,2.08802,57.2,43.8,0.0466151,36.0508
99000,8619.54,0.526095,31.04,31.294,0.139114,4371.29,2424.27,2103.96,105.198,937.069,891.675,0,26.4233,147.173,580.024,642.26,0.193601,0.390254,6.377,0.243665,0.00409042,0.268596,0.344075,0.395572,0.0558608,1.46248,0.238234,0.17493,0.0210243,1.84026,43.4,39.6,0.0403837,35.8104
99500,8658.18,0.528453,30.796,31.21,0.136283,4341.65,2440.5,2132.79,106.639,968.175,897.241,0,26.6162,147.664,583.612,646.24,0.193966,0.391308,6.41629,0.245757,0.00408355,0.267647,0.342061,0.393079,0.0569891,1.45681,0.232219,0.170018,0.0219915,2.02128,52.2,42,0.0417693,34.8741
100000,8662.2,0.528699,30.666,30.754,0.126549,4406.7,2446.18,2192.65,109.633,1004.15,919.131,0,27.4307,147.212,587.39,641.78,0.194879,0.393298,6.41912,0.252809,0.0040786,0.267264,0.342349,0.391211,0.0573487,1.45996,0.242201,0.175756,0.0237666,2.19683,58.4,47.8,0.0497641,29.4684
100500,8659.52,0.528535,31.22,30.87,0.132819,4539.88,2446.23,2053.57,102.679,1059.81,925.044,0,27.9559,147.11,589.629,637.98,0.194758,0.392822,6.45263,0.236916,0.00410129,0.267706,0.343464,0.392343,0.056391,1.48035,0.209112,0.16487,0.0221749,1.46798,21.6,41.8,0.0347932,33.1325
101000,8590.9,0.524347,30.954,30.8,0.138943,4554.22,2427.2,1971.94,98.5969,1081.11,897.485,0,27.6921,146.93,592.118,641,0.194557,0.392211,6.46717,0.229199,0.00413715,0.268269,0.345246,0.392787,0.0566975,1.48751,0.218935,0.164985,0.0208232,1.71524,34.8,39.2,0.0385599,35.1116
101500,8557.76,0.522324,30.644,30.52,0.139763,4475.42,2417.88,1893,94.6499,1011.85,881.364,0,26.9944,146.833,594.937,644.76,0.194526,0.392135,6.46297,0.220813,0.00416145,0.269284,0.346705,0.393203,0.0578279,1.48108,0.226418,0.167061,0.0206148,1.76921,43.6,42.2,0.0417412,35.3906
102000,8559.78,0.522448,30.788,30.964,0.13501,4354.61,2419.66,1832.19,91.6094,937.352,888.706,0,26.487,147.25,598.479,647.18,0.194489,0.391881,6.47588,0.213784,0.004177,0.269325,0.347553,0.394038,0.0606511,1.46688,0.235164,0.168541,0.0215685,2.10967,61.6,43.8,0.0452231,35.042
102500,8652.24,0.528091,30.768,31.198,0.138226,4345.53,2449.43,1878.05,93.9026,968.26,898.397,0,26.6637,147.827,602.21,650.04,0.194702,0.392296,6.4918,0.216745,0.004178,0.269248,0.34662,0.394188,0.0621008,1.45915,0.228728,0.171737,0.0227431,1.76685,39.2,39.2,0.0393986,34.633
103000,8654.54,0.528231,30.722,30.886,0.128901,4405.83,2448.81,1939,96.9502,1016.34,922.117,0,27.4824,147.061,605.522,652.82,0.194797,0.392569,6.47285,0.223811,0.00418891,0.26916,0.346748,0.394125,0.0616594,1.46102,0.258734,0.178565,0.0240016,3.30096,95.4,41.8,0.0487577,35.3776
103500,8633.4,0.526941,31.236,30.656,0.131312,4524.53,2441.08,1946.03,97.3014,1058.32,921.983,0,28.1286,146.675,608.478,656.22,0.194668,0.392281,6.47665,0.225111,0.00420571,0.268951,0.346793,0.394552,0.0617724,1.47982,0.247351,0.184927,0.0266641,1.77274,38.4,51,0.0485126,35.7458
104000,8616,0.525879,30.92,30.724,0.13372,4571.48,2434.4,1830.7,91.5349,1086.11,905.594,0,27.876,146.989,611.189,658.98,0.193757,0.390564,6.49355,0.212159,0.00422032,0.269276,0.347901,0.394732,0.0621555,1.48846,0.250084,0.187237,0.0248925,1.64492,26.8,56.4,0.0498539,35.8329
104500,8652.9,0.528131,31.016,30.742,0.131056,4509.36,2443.68,1775.96,88.7982,1010.98,890.442,0,27.107,146.558,614.128,662.72,0.193346,0.389717,6.49875,0.204861,0.00424498,0.269389,0.350355,0.394793,0.063159,1.47565,0.266374,0.195826,0.0251567,1.8938,38.2,58.8,0.0565466,35.3101
105000,8714.82,0.53191,31.248,31.434,0.132248,4409.28,2460.85,1735.03,86.7518,946.234,907.976,0,26.7099,147.518,617.705,664.66,0.192886,0.388823,6.50351,0.198925,0.00426318,0.269009,0.350184,0.394674,0.0656909,1.45877,0.29213,0.208658,0.0275655,2.17593,49.8,67.4,0.0667993,35.3775
105500,8758.02,0.534547,30.886,31.278,0.13548,4378.48,2471.76,1724.38,86.2192,965.578,907.678,0,26.9061,147.59,621.496,668.88,0.192319,0.38788,6.51937,0.196681,0.00428599,0.268048,0.348741,0.393944,0.0677502,1.45187,0.306702,0.216963,0.0284802,2.74614,73.8,65.2,0.0715637,35.5316
106000,8775.88,0.535637,31.208,31.234,0.120339,4447.58,2478.76,1770.3,88.5149,1014.53,946.891,0,27.7879,147.493,624.616,672.26,0.192502,0.388347,6.53372,0.201495,0.00430337,0.268287,0.348802,0.3933,0.068341,1.45408,0.317993,0.222364,0.0308063,2.90519,80.2,68.6,0.0755189,34.8441
106500,8773.38,0.535485,31.558,31.25,0.130976,4582.17,2474.72,1799.55,89.9777,1062.06,943.109,0,28.3698,146.965,626.936,675.64,0.191882,0.387292,6.53409,0.20493,0.00431398,0.268998,0.35046,0.394932,0.0666863,1.47379,0.307206,0.2211,0.0307291,2.37232,56.2,72,0.0736936,35.6156
107000,8734.38,0.533104,31.288,31.036,0.132833,4612.73,2462.09,1717.74,85.8873,1091.23,914.902,0,28.1622,147.177,629.102,678.72,0.191272,0.386016,6.55252,0.196525,0.00432995,0.27041,0.353265,0.396654,0.0666438,1.48143,0.311818,0.223709,0.0280534,2.44621,61.2,74.6,0.0752645,35.0842
107500,8682.08,0.529912,31.014,31.054,0.125422,4522.94,2449.68,1659.25,82.9627,1022.8,913.784,0,27.4759,147.43,631.94,683.34,0.190947,0.385251,6.58921,0.190916,0.0043481,0.271025,0.353415,0.397792,0.0673558,1.47564,0.33731,0.237552,0.0289048,2.63889,65,83.8,0.0852629,35.6278
108000,8698.5,0.530914,30.81,31.186,0.13004,4404.58,2458.41,1658.92,82.9462,944.887,903.465,0,26.9996,147.564,634.992,686.76,0.191146,0.385744,6.60507,0.190584,0.00437402,0.271234,0.353716,0.398288,0.0684403,1.46031,0.345795,0.245117,0.0311573,2.33702,46,85.2,0.0843949,36.1573
108500,8664.2,0.528821,30.91,31.308,0.136897,4332.91,2453.37,1708.57,85.4283,957.822,903.317,0,27.1296,147.362,638.503,690.8,0.191899,0.38748,6.61206,0.19689,0.00439241,0.271461,0.353379,0.398319,0.0688534,1.45255,0.346878,0.243489,0.0320926,2.81928,69.2,77.8,0.0824208,36.2921
109000,8734.12,0.533088,31.068,30.836,0.117593,4434.31,2473.59,1773.95,88.6977,1011.69,935.378,0,28.0266,147.341,641.954,693.26,0.192196,0.388227,6.61112,0.203006,0.00440377,0.271137,0.352484,0.397558,0.0696855,1.45734,0.3556,0.247175,0.0340588,2.49694,50,81.4,0.0856982,35.8067
109500,8688.56,0.530308,31.06,30.8,0.128313,4556.98,2454.77,1839.35,91.9677,1061.42,933.878,0,28.5631,146.861,644.064,691.16,0.191317,0.3866,6.58703,0.211525,0.00441814,0.272136,0.354359,0.399175,0.0684246,1.48015,0.383188,0.254899,0.0338203,3.99808,102,89.8,0.0983122,36.2849
110000,8704.92,0.531306,31.272,30.858,0.126471,4604.38,2454.9,1748.33,87.4165,1083.75,916.249,0,28.1413,146.997,645.895,694.66,0.19043,0.384906,6.59275,0.200545,0.00443348,0.273216,0.357888,0.401156,0.0677746,1.48404,0.389268,0.255152,0.0311487,4.21477,116.2,86,0.101547,36.2304
110500,8725,0.532532,31.076,31.186,0.128846,4535.37,2461.83,1682.81,84.1404,1028.27,910.415,0,27.591,147.467,648.375,697.88,0.190297,0.384772,6.61801,0.192772,0.00444521,0.274022,0.359177,0.402179,0.0679804,1.47265,0.34048,0.238561,0.0301212,2.48211,50.2,83.6,0.0879846,36.2377
111000,8678.08,0.529668,30.81,31.106,0.127532,4397.69,2449,1561.93,78.0966,950.255,902.989,0,27.1946,147.489,651.39,700.86,0.189877,0.384086,6.63519,0.179853,0.00447237,0.273907,0.359474,0.401977,0.0697345,1.46086,0.341677,0.243355,0.0307168,2.26885,36.2,86,0.0871782,36.0556
111500,8736.6,0.53324,31.096,31.372,0.1312,4368.23,2465.97,1590.44,79.522,967.677,920.284,0,27.3914,147.596,654.927,704.28,0.189941,0.384529,6.62918,0.181855,0.00448915,0.273732,0.357803,0.400909,0.0717281,1.45213,0.363758,0.250939,0.03237,3.10513,65.8,86.8,0.0984561,34.6043
112000,8835.56,0.53928,31.366,31.092,0.116235,4472.51,2488.6,1740.36,87.0179,1026.49,944.722,0,28.0938,147.397,657.992,707.22,0.189642,0.384192,6.60258,0.196916,0.00450604,0.273372,0.357968,0.401167,0.0723138,1.45309,0.368275,0.253401,0.0350444,2.77007,57.2,91.4,0.0954659,34.5868
112500,8757.38,0.534508,31.29,31.17,0.130369,4581.41,2465.94,1762.68,88.1342,1073.13,942.697,0,28.6636,147.068,660.148,710.5,0.189458,0.383926,6.60171,0.201166,0.00452225,0.273853,0.359622,0.402515,0.0713231,1.47634,0.374633,0.252889,0.0345153,3.14769,65,84.6,0.0967269,35.6806
113000,8738.78,0.533373,31.374,31.206,0.128696,4621.29,2459.04,1668.17,83.4083,1093.6,929.632,0,28.2516,147.015,662.463,712.62,0.189438,0.383899,6.60176,0.190763,0.00452404,0.275192,0.360942,0.404191,0.0697275,1.48338,0.333983,0.238874,0.031246,2.24577,41.4,85.6,0.0815599,35.5787
113500,8692.26,0.530533,31.162,31.076,0.128499,4527.07,2442.24,1580.37,79.0184,1031.69,918.206,0,27.7601,147.291,665.184,716.5,0.188686,0.382415,6.61296,0.181651,0.00454241,0.275928,0.361236,0.405465,0.0697747,1.47483,0.310361,0.227374,0.0295222,1.98211,34.2,78.8,0.0711768,35.9687
114000,8709.24,0.53157,30.802,31.118,0.129145,4412.13,2445.9,1545.14,77.257,961.685,907.656,0,27.2544,147.522,668.05,720.5,0.188154,0.381253,6.63215,0.17725,0.00457557,0.275122,0.360647,0.405582,0.0696959,1.46115,0.297729,0.224267,0.0289885,1.80955,28.6,65,0.0585464,35.743
114500,8716.1,0.531989,31.178,31.634,0.138666,4360.09,2450.93,1481.75,74.0876,972.381,928.31,0,27.4174,147.513,671.822,724.56,0.188431,0.381789,6.64367,0.169768,0.00461876,0.274185,0.358408,0.404559,0.0713949,1.45267,0.321589,0.235689,0.0311473,2.01069,36,79,0.0723037,34.5022
115000,8779.48,0.535857,31.158,31.01,0.12009,4454.17,2467.88,1531.29,76.5646,1035.46,948.396,0,28.2889,147.739,674.632,728.16,0.188056,0.381278,6.66283,0.174331,0.00463624,0.27487,0.35882,0.405631,0.0707956,1.45645,0.338602,0.237582,0.0322973,2.26598,45.4,79.6,0.0802501,35.049
115500,8735.36,0.533164,31.11,30.892,0.128098,4576.2,2457.35,1618.81,80.9405,1082.41,944.687,0,28.8142,147.157,676.818,731.06,0.188169,0.38142,6.66806,0.185249,0.00465711,0.275994,0.360117,0.406273,0.068792,1.47863,0.359627,0.239969,0.0334396,3.55011,99.4,75.6,0.0836166,35.6803
116000,8693.74,0.530624,31.312,30.918,0.12288,4606.75,2445.1,1569.79,78.4894,1099.36,932.573,0,28.5132,147.117,678.97,734.16,0.187885,0.380717,6.67753,0.180412,0.00467987,0.277515,0.362941,0.407336,0.0673117,1.48678,0.374542,0.241703,0.0307713,4.11489,112.8,68.6,0.0852893,35.3541
116500,8668.98,0.529113,30.958,30.98,0.126838,4515.02,2439.78,1454.52,72.7259,1032.48,916.523,0,27.8512,147.449,681.478,735.18,0.187801,0.380546,6.70839,0.16775,0.0046949,0.27889,0.365301,0.407716,0.0675045,1.4754,0.309516,0.223763,0.0299836,2.253,51.2,74.4,0.0737795,35.6627
117000,8674.28,0.529436,31.038,31.234,0.132337,4398.9,2439.89,1409.48,70.4743,962.847,908.148,0,27.325,147.277,684.39,737.22,0.187604,0.380291,6.69962,0.162492,0.00473386,0.279153,0.366218,0.407923,0.0686558,1.46201,0.323525,0.22923,0.0300002,2.4796,59.2,72.2,0.0740644,35.5982
117500,8744.44,0.533718,30.936,31.502,0.13257,4376.17,2462.71,1385.56,69.2779,978.062,926.541,0,27.3987,147.935,687.748,739.78,0.18803,0.381165,6.70895,0.158269,0.00475108,0.27808,0.365316,0.407336,0.0705343,1.45353,0.322377,0.227135,0.03076,2.28311,45,67.6,0.0693693,35.5678
118000,8733.82,0.53307,31.044,30.996,0.122302,4437.29,2461.69,1451.8,72.5898,1035.65,945.903,0,28.1976,147.297,690.798,743.34,0.188523,0.382201,6.71243,0.166085,0.00478307,0.277944,0.363583,0.406519,0.0698009,1.45766,0.308185,0.222579,0.0325476,2.12107,41,66.2,0.0680141,36.0258
118500,8689.06,0.530338,31.07,30.808,0.129108,4561.86,2449.2,1508.92,75.4458,1084.18,942.605,0,28.8362,146.956,693.128,744.7,0.188578,0.382257,6.70852,0.17356,0.00481562,0.278369,0.364448,0.407589,0.0681736,1.48193,0.331945,0.234447,0.0342464,2.18646,37.8,74.4,0.0752969,35.6519
119000,8678.2,0.529675,31.146,30.768,0.125248,4602.75,2446.27,1457.75,72.8876,1101.59,923.428,0,28.4946,146.986,695.057,746.7,0.188265,0.381399,6.72828,0.16784,0.00484119,0.27991,0.367781,0.408792,0.0675246,1.48805,0.34173,0.233967,0.0317944,2.75616,69.4,70,0.077022,35.49
119500,8725.96,0.53259,31.338,31.176,0.127379,4539.76,2456.88,1435.92,71.7963,1035.38,921.523,0,27.9532,147.305,697.386,748.64,0.187447,0.379733,6.73791,0.164405,0.00486144,0.28117,0.369136,0.410721,0.0670105,1.47326,0.347346,0.235842,0.0320835,2.60607,53.6,77.8,0.0840685,35.7486
120000,8736.44,0.53323,31.282,31.568,0.133383,4421.17,2461.15,1432.59,71.6296,959.456,914.192,0,27.4683,146.944,700.32,749.32,0.187515,0.379709,6.74086,0.164056,0.00487543,0.281359,0.368838,0.410962,0.0677586,1.4588,0.363056,0.242616,0.0327362,4.11071,123,77.8,0.0878492,29.5718
120500,8745.66,0.533793,31.034,31.518,0.134633,4369.18,2468.6,1414.22,70.711,970.747,917.351,0,27.4366,147.282,703.714,753.42,0.187815,0.380256,6.77298,0.161553,0.00490614,0.280987,0.366502,0.410112,0.0688343,1.45045,0.374075,0.245956,0.0324557,4.52946,147,82,0.0893136,33.7288
121000,8779.22,0.535841,31.358,31.23,0.120289,4457.91,2481.88,1487.83,74.3914,1034.13,946.53,0,28.2583,147.752,706.481,757.3,0.188412,0.381437,6.78204,0.169363,0.00492725,0.28151,0.36623,0.410252,0.0692185,1.45687,0.40002,0.247214,0.0335784,6.40885,179.6,75,0.0897732,35.9114
121500,8753.08,0.534246,31.104,30.866,0.130867,4583.22,2471.06,1551.14,77.5568,1082.83,934.017,0,28.7226,146.677,708.239,759.26,0.187977,0.380408,6.78138,0.17724,0.00493387,0.282784,0.368011,0.410555,0.0666992,1.47774,0.364921,0.23475,0.0333587,5.62661,176.6,64.4,0.0767653,35.9641
122000,8757.22,0.534498,31.44,31.076,0.127316,4624.98,2467.13,1529.92,76.4958,1101.07,928.577,0,28.3781,146.993,710.136,763.26,0.187275,0.37882,6.76989,0.17453,0.00493399,0.284697,0.37123,0.411493,0.0657269,1.48162,0.358514,0.231475,0.0321659,4.18432,124.4,68.8,0.0820187,35.6806
122500,8722.08,0.532354,31.498,31.384,0.128719,4531.6,2454.43,1399.63,69.9814,1035.27,924.091,0,27.8301,147.29,712.025,765.7,0.186564,0.377247,6.78334,0.160408,0.00494976,0.286372,0.375242,0.412261,0.0657711,1.47157,0.354558,0.231602,0.0300682,3.74446,103.8,59.6,0.075298,35.6589
123000,8741.72,0.533552,31.032,31.368,0.135237,4421.47,2460.04,1262.09,63.1048,970.68,910.61,0,27.4117,147.527,714.61,768.56,0.18613,0.376229,6.81262,0.144312,0.00498911,0.287226,0.376341,0.412657,0.0670687,1.45837,0.324183,0.224451,0.0287352,2.38548,57.2,62.6,0.0670692,35.7417
123500,8771.48,0.535369,31.162,31.644,0.137995,4383.41,2468.54,1217.44,60.8721,981.19,924.011,0,27.5882,147.205,718.043,771.28,0.185777,0.375574,6.8332,0.138554,0.0050364,0.286935,0.376406,0.4125,0.06915,1.45087,0.30785,0.224548,0.0300816,2.17956,50.8,67,0.0669265,35.8808
124000,8802.12,0.537239,31.64,31.364,0.121433,4465.7,2474.9,1273.16,63.6578,1044.43,957.931,0,28.3797,147.235,721.048,775.36,0.185714,0.375348,6.83422,0.144562,0.0050532,0.287584,0.376151,0.411747,0.0700091,1.45649,0.305335,0.224024,0.0325311,1.97549,31.4,70.6,0.0666166,35.6767
124500,8766.86,0.535087,31.158,31.092,0.13127,4587.44,2469.11,1260.89,63.0446,1097.39,947.435,0,28.9657,147.395,723.608,776.4,0.186264,0.37633,6.8435,0.143737,0.00507457,0.288403,0.37646,0.411181,0.0702386,1.47672,0.298624,0.221164,0.0318865,2.00667,37.8,62.6,0.0613632,35.9728
125000,8795.7,0.536847,31.606,31.202,0.124369,4643.88,2471.51,1234.05,61.7027,1116.62,940.391,0,28.6146,146.579,726.139,780.38,0.185578,0.374971,6.82827,0.140163,0.00509245,0.289267,0.377675,0.411418,0.0699469,1.4813,0.304519,0.223053,0.0304364,1.89306,33,78.4,0.0683142,35.9476
125500,8723.26,0.532426,31.446,31.356,0.129355,4535.31,2447.51,1183.11,59.1555,1046.61,927.319,0,28.1756,147.262,728.872,783.42,0.184739,0.37322,6.82386,0.13552,0.00511395,0.289679,0.379461,0.412261,0.0707894,1.47275,0.318201,0.226504,0.0293438,2.1977,35.8,74,0.0762179,35.2297
126000,8798.84,0.537039,31.214,31.43,0.129581,4442.12,2469.72,1153.44,57.6722,973.653,921.38,0,27.6325,147.682,732.008,786.56,0.184451,0.372666,6.84398,0.131011,0.00515326,0.289585,0.380241,0.411497,0.0719142,1.45542,0.320285,0.226523,0.0290229,2.28663,43.2,72,0.0757543,35.326
126500,8816.18,0.538097,31.376,31.952,0.131821,4398.77,2477.95,1144.74,57.2368,986.777,945.848,0,27.7608,147.561,735.336,789.9,0.184808,0.373388,6.85298,0.129619,0.00519615,0.289005,0.378586,0.409402,0.0740363,1.44876,0.324539,0.230571,0.0309871,2.56407,52.8,70.6,0.0765104,35.8003
127000,8838.4,0.539453,31.502,31.162,0.118526,4477.48,2485.03,1168.27,58.4134,1043.04,959.196,0,28.5773,147.507,738.686,792.34,0.185285,0.374468,6.85484,0.132141,0.00521833,0.289604,0.377053,0.407205,0.0757951,1.45425,0.318268,0.229912,0.0323523,2.32397,43,71.8,0.0773374,35.7001
127500,8831.48,0.539031,31.386,31.262,0.124819,4614.3,2482.38,1216.12,60.8062,1102.6,960.759,0,29.1294,147.199,741.044,794.92,0.185413,0.374661,6.84626,0.137606,0.00522414,0.291003,0.377896,0.406972,0.0751735,1.47487,0.30458,0.218119,0.0309524,2.40411,58.4,62.2,0.066217,35.9354
128000,8794.88,0.536797,31.526,31.208,0.125301,4642.34,2468.67,1182.53,59.1267,1114.47,943.496,0,28.7758,147.288,743.166,798,0.184873,0.373534,6.84031,0.134234,0.00522778,0.292171,0.381507,0.407382,0.0747634,1.48071,0.305466,0.21726,0.0296978,2.46421,59.8,58.4,0.0650745,35.8257
128500,8764.04,0.534915,31.278,31.276,0.126225,4551.39,2460.22,1139.88,56.9939,1047.06,929.963,0,28.2045,147.259,745.658,801.42,0.184696,0.373191,6.84554,0.129954,0.00522739,0.293294,0.384273,0.407496,0.0745584,1.47098,0.304926,0.215488,0.0288402,2.7609,76,63.4,0.0684465,35.4154
129000,8808.22,0.537611,31.376,31.56,0.124252,4448.17,2474.7,1072.93,53.6464,974.109,928.419,0,27.6852,147.428,748.88,805.24,0.184644,0.373183,6.87086,0.121726,0.00524625,0.293138,0.38509,0.407611,0.075956,1.45624,0.307093,0.22107,0.0291003,2.59391,59.4,63.2,0.0723338,35.9323
129500,8852.02,0.540284,31.338,31.762,0.1288,4414.33,2491.78,1065.2,53.2598,988.898,944.294,0,27.7989,147.633,752.26,803.78,0.18502,0.373882,6.8935,0.120163,0.00527843,0.292556,0.383786,0.407095,0.0776625,1.44829,0.311986,0.223947,0.0302339,2.93627,84.2,65,0.0745118,35.8437
130000,8918.46,0.54434,31.766,31.498,0.114074,4509.66,2510.93,1136.56,56.8279,1043.03,968.126,0,28.6454,147.641,755.008,807.06,0.185132,0.374282,6.89678,0.127421,0.00531924,0.291835,0.383231,0.40721,0.0787547,1.45149,0.321539,0.22844,0.0331614,3.17016,88.2,73.8,0.0805023,35.5578
130500,8885.52,0.542329,31.644,31.51,0.124969,4632.83,2502.27,1136.59,56.8295,1097.23,966.875,0,29.1461,147.225,757.298,809.28,0.185419,0.374869,6.89278,0.12784,0.00533133,0.291792,0.383774,0.407638,0.0779605,1.47155,0.311576,0.223995,0.0316906,2.20973,40.2,73.2,0.075651,35.626
131000,8879.9,0.541986,31.912,31.546,0.120862,4672.53,2498.4,1096.57,54.8287,1115.37,952.729,0,28.7775,147.212,758.996,811.08,0.185062,0.374119,6.89398,0.123415,0.00534165,0.292902,0.386943,0.408554,0.0768741,1.47651,0.304711,0.222077,0.0298815,2.13322,40.6,69.8,0.0695856,35.6742
131500,8870.2,0.541394,31.722,31.728,0.129354,4589.23,2492.97,1066.11,53.3056,1045.82,942.307,0,28.2273,147.173,761.316,813.04,0.184337,0.372695,6.90248,0.120148,0.00535025,0.293699,0.388215,0.408763,0.0758593,1.46562,0.308188,0.221299,0.0288386,2.39185,59.6,68.2,0.0711072,35.7739
132000,8873.54,0.541598,31.44,31.712,0.122897,4470.7,2494.08,1039.91,51.9954,971.74,934.597,0,27.7928,147.777,764.099,817.52,0.184,0.372113,6.91133,0.117161,0.00537117,0.293766,0.389249,0.408635,0.0764067,1.45271,0.317915,0.227756,0.0296235,2.35723,49.6,76,0.0782365,35.8687
132500,8915.72,0.544172,31.6,32.052,0.130538,4433.94,2508.03,1053.48,52.674,989.617,947.154,0,27.9168,147.925,767.528,819.32,0.184089,0.372343,6.91787,0.117986,0.00539254,0.294024,0.388013,0.407761,0.0775059,1.44429,0.339776,0.233149,0.0314368,3.37096,83.4,77.2,0.0915876,35.3843
133000,8923.76,0.544663,31.774,31.614,0.118152,4510.13,2512.38,1109.6,55.4802,1043.66,967.907,0,28.7911,147.311,770.483,822.44,0.184631,0.373425,6.90968,0.124272,0.00540991,0.294076,0.387619,0.407649,0.0779987,1.45045,0.343139,0.236805,0.0345812,5.08326,141,70.2,0.094587,35.6788
133500,8887.46,0.542448,31.724,31.57,0.124215,4629.26,2503.35,1098.4,54.9198,1088.87,971.198,0,29.3365,147.323,772.653,825.78,0.184935,0.373971,6.90806,0.123544,0.0053994,0.2949,0.388504,0.408627,0.076577,1.47024,0.357217,0.237531,0.0340397,6.1893,150,68.6,0.0980144,35.629
134000,8887.08,0.542424,31.804,31.328,0.120838,4671.63,2499.07,1125.55,56.2774,1114.5,946.255,0,28.9735,147.325,774.848,829.4,0.184476,0.373041,6.89186,0.126496,0.00540991,0.295742,0.390541,0.408858,0.0762882,1.47476,0.360811,0.240797,0.0327327,7.17024,164.2,73.2,0.101393,35.3893
134500,8888.6,0.542517,31.806,31.8,0.125033,4594.12,2497.47,1068.55,53.4277,1043.49,946.972,0,28.4223,147.384,777.224,832.08,0.18394,0.372033,6.89519,0.12015,0.00542206,0.297258,0.393362,0.40933,0.0761922,1.4643,0.359844,0.24134,0.0325127,7.46956,185,73.4,0.102938,35.3514
135000,8864.88,0.541069,31.46,31.798,0.12736,4462.9,2493.74,1046.56,52.3281,968.193,936.74,0,28.0097,147.655,780.387,834.88,0.183979,0.372266,6.9094,0.117983,0.00544674,0.298279,0.395488,0.408914,0.0770618,1.45163,0.381611,0.252391,0.0332506,8.64976,189.8,78.4,0.108034,35.2899
135500,8930.28,0.545061,31.616,31.944,0.131466,4438.08,2514.9,1055.38,52.7692,981.624,944.202,0,28.1521,147.311,783.914,838.84,0.184222,0.372838,6.91614,0.118003,0.00546953,0.298883,0.395675,0.409125,0.0778341,1.44321,0.39726,0.261795,0.0351842,8.13126,171.6,78.8,0.11328,35.3501
136000,8942.2,0.545789,31.976,31.832,0.117012,4513.36,2519.52,1054.35,52.7173,1038.62,977.231,0,29.0084,147.551,787.082,841.2,0.184606,0.373778,6.91442,0.117869,0.00547806,0.299858,0.395788,0.408935,0.0784232,1.44853,0.392201,0.264878,0.0371691,5.00258,110.2,88.6,0.113527,35.1744
136500,8911.36,0.543906,31.422,31.394,0.12536,4640.99,2511.39,1041.48,52.0742,1087.78,970.193,0,29.6238,147.592,789.548,844.74,0.1848,0.374089,6.92062,0.116791,0.00547314,0.300938,0.396394,0.40956,0.0776484,1.47002,0.38046,0.262783,0.0371363,4.27109,98.4,86.6,0.109146,34.6875
137000,8837.78,0.539415,31.822,31.522,0.122805,4656.19,2490.34,1002.1,50.105,1105.68,959.413,0,29.3423,146.727,791.848,847.24,0.184853,0.374368,6.90247,0.113312,0.00546442,0.30218,0.397453,0.410711,0.076833,1.4782,0.402675,0.278514,0.0359435,4.05972,86.4,91.6,0.112513,35.4265
137500,8818.9,0.538263,31.682,31.522,0.124317,4572.56,2485.75,970.663,48.5331,1037.94,951.088,0,28.7433,147.116,794.403,849.88,0.184696,0.374218,6.91707,0.110005,0.00546475,0.303228,0.398671,0.411857,0.0767971,1.46856,0.402493,0.279349,0.0354044,8.52435,210,86,0.107608,35.5673
138000,8856.44,0.540554,31.47,31.826,0.127783,4464.77,2501.12,956.256,47.8128,966.466,939.347,0,28.3717,147.597,797.462,855.88,0.184756,0.374435,6.94387,0.107993,0.00548375,0.303694,0.399907,0.412767,0.0784408,1.45369,0.424232,0.28773,0.0360658,9.947,228.4,90.2,0.121498,35.8247
138500,8875.78,0.541735,31.46,31.936,0.137066,4417.17,2515.03,965.061,48.2531,970.59,940.764,0,28.4537,147.405,801.457,857.94,0.186023,0.377208,6.95551,0.108604,0.00550622,0.30373,0.399608,0.413351,0.0796451,1.44538,0.437552,0.294987,0.0383611,8.66258,206.6,101.4,0.124712,36.0813
139000,8935.62,0.545387,31.972,31.644,0.116771,4508.73,2531.19,1007.98,50.3988,1024.8,976.247,0,29.2622,147.31,804.706,860.4,0.186048,0.377399,6.95248,0.112819,0.0055053,0.303928,0.400136,0.41431,0.0797493,1.44856,0.454619,0.307762,0.0403092,7.63305,201.8,105,0.129169,35.8367
139500,8926.32,0.544819,31.732,31.48,0.125424,4642.45,2525.51,1014.28,50.7142,1077.69,965.466,0,29.6913,147.05,807.219,863.94,0.185755,0.376931,6.93653,0.113609,0.00550004,0.304234,0.400769,0.414373,0.0789592,1.46864,0.445375,0.305993,0.0397664,6.02542,147.4,101.8,0.125651,36.6271
140000,8896.88,0.543022,32.014,31.71,0.124001,4673.6,2513.12,980.563,49.0282,1097.75,959.899,0,29.2998,146.941,809.507,867.24,0.185177,0.375822,6.92895,0.110172,0.00550425,0.305923,0.403262,0.41547,0.0777935,1.47414,0.444607,0.307371,0.0374772,5.77189,128.8,101.8,0.124358,30.3811
140500,8869.78,0.541368,31.724,31.714,0.124796,4585.9,2504.01,955.224,47.7612,1037.21,946.879,0,28.8934,147.266,811.823,870.08,0.184742,0.375023,6.9341,0.107688,0.00552035,0.307158,0.405991,0.416864,0.077732,1.46476,0.440995,0.305544,0.0364514,5.68115,142.6,100.2,0.117868,34.2279
141000,8916.42,0.544215,31.522,31.946,0.124436,4479.38,2518.2,925.427,46.2713,963.816,943.998,0,28.3819,147.994,814.962,872.38,0.1847,0.374881,6.94568,0.103805,0.00555297,0.307917,0.407979,0.416926,0.0791592,1.44928,0.438706,0.308382,0.0365737,5.26386,136.4,100.4,0.110972,36.2768
141500,8931.34,0.545126,31.624,32.092,0.129406,4439.7,2527.58,928.836,46.4418,975.012,952.638,0,28.5472,147.668,818.442,874.6,0.18542,0.376337,6.95268,0.103951,0.00557772,0.307817,0.407416,0.417129,0.0804349,1.44397,0.454587,0.317899,0.0386076,5.42458,146.2,98.8,0.117079,36.7725
142000,8938.88,0.545586,31.82,31.408,0.114632,4511.21,2532.23,963.653,48.1827,1022.52,974.133,0,29.2753,147.265,822.25,878.7,0.18596,0.377612,6.95332,0.107811,0.00559312,0.308101,0.407494,0.417665,0.0803404,1.44878,0.466951,0.321309,0.0415666,6.95501,177.4,111.4,0.130744,37.1157
142500,8882.3,0.542133,31.678,31.472,0.120067,4628.16,2516.29,977.516,48.8758,1069.38,980.222,0,30.0026,147.51,824.565,881.26,0.18601,0.377584,6.94041,0.110051,0.00559552,0.309046,0.40892,0.417676,0.0801952,1.47135,0.488984,0.327453,0.0432834,9.64613,198,108,0.142725,36.7332
143000,8891.86,0.542716,31.69,31.408,0.119736,4674.06,2514.31,968.723,48.4361,1096.89,956.856,0,29.5246,147.147,826.55,883.22,0.185326,0.376252,6.92703,0.10893,0.00558561,0.310183,0.410966,0.418343,0.0797495,1.47513,0.500839,0.329781,0.0404269,7.78906,174.2,117.6,0.148177,35.6444
143500,8880.9,0.542047,31.692,31.79,0.122169,4597.25,2509.61,950.09,47.5045,1036.92,953.243,0,29.08,147.782,829.069,886.1,0.18475,0.375172,6.93557,0.106944,0.00560061,0.311036,0.411339,0.418585,0.0806383,1.46652,0.502918,0.33244,0.0402782,7.99683,168.6,116,0.150184,35.1021
144000,8875.22,0.5417,31.352,31.682,0.120937,4470.11,2513.39,923.232,46.1616,960.48,939.88,0,28.6426,148.127,832.352,890.18,0.185172,0.376078,6.96057,0.103978,0.00562623,0.311793,0.411871,0.418467,0.0820068,1.45259,0.506473,0.337175,0.0405702,6.85871,141.8,114.8,0.149785,36.3428
144500,8935.86,0.545402,31.588,31.986,0.128118,4442.48,2531.39,942.01,47.1005,969.711,953.976,0,28.6618,147.509,835.999,893.56,0.185296,0.376425,6.95778,0.105333,0.00566485,0.311577,0.409956,0.417932,0.0829248,1.44405,0.513219,0.336395,0.0420893,7.4076,159,107.8,0.149573,36.339
145000,8956.7,0.546674,32.006,31.786,0.112913,4520.68,2537.22,967.136,48.3568,1025.09,985.469,0,29.4201,147.296,839.288,896.4,0.185498,0.376936,6.9461,0.10798,0.00568145,0.310774,0.409324,0.417447,0.0836325,1.44908,0.53909,0.351653,0.0447707,10.1762,219.8,117.6,0.156394,35.3158
145500,8906.62,0.543617,31.614,31.346,0.12093,4635.66,2522.22,985.346,49.2673,1071.06,973.295,0,30.1031,147.39,842,899.02,0.185515,0.377006,6.93938,0.110609,0.00567637,0.311485,0.408751,0.417881,0.0827744,1.46993,0.545145,0.354558,0.0456636,10.0754,224.6,123.6,0.161063,35.2463
146000,8921.44,0.544521,31.818,31.332,0.118656,4687.54,2521.56,997.345,49.8673,1097.38,958.189,0,29.5206,147.446,844.116,901.78,0.184824,0.375429,6.93561,0.111628,0.00567494,0.313061,0.411482,0.419008,0.0819061,1.47489,0.531274,0.348052,0.0422,10.8166,230.6,113.4,0.15402,35.4895
146500,8890.38,0.542626,31.836,31.942,0.123827,4599.52,2513.47,961.936,48.0968,1032.12,958.17,0,29.0476,147.598,846.495,904.18,0.184628,0.37492,6.94341,0.108101,0.00568341,0.31456,0.413199,0.420178,0.0814779,1.46593,0.512579,0.343646,0.0414794,9.85849,236,125,0.150033,35.7442
147000,8935.08,0.545354,31.352,31.81,0.121591,4495.22,2530.05,953.157,47.6578,964.584,943.554,0,28.6692,148.218,849.682,907.82,0.184556,0.37478,6.97546,0.106559,0.00570946,0.315835,0.414171,0.420648,0.0820566,1.45082,0.53229,0.353062,0.0417957,10.5006,238.6,119.2,0.149324,35.3698
147500,8974.44,0.547756,31.578,32.12,0.127876,4453.63,2545.02,1012.35,50.6173,971.747,953.379,0,28.695,147.905,853.179,909.66,0.185095,0.375893,6.98144,0.112576,0.00573422,0.31628,0.41399,0.420105,0.0831803,1.44175,0.588473,0.360782,0.042572,10.451,179.8,125.6,0.168092,35.0621
148000,8982.8,0.548267,32.152,31.686,0.109652,4526.84,2546.05,1084.93,54.2463,1012.27,980.532,0,29.5347,147.33,856.144,912.72,0.185474,0.376767,6.95954,0.120671,0.00575724,0.316083,0.414304,0.419499,0.0841984,1.44815,0.592065,0.366187,0.0454923,10.8793,201.4,124.6,0.160411,35.8144
148500,8958.6,0.54679,31.67,31.324,0.11884,4649.92,2536.72,1098.64,54.932,1064.82,973.152,0,30.0086,147.574,858.217,917.34,0.185047,0.376076,6.95505,0.122474,0.00575995,0.317318,0.416049,0.420414,0.0838606,1.46611,0.586021,0.368526,0.0458707,10.2162,195.4,140,0.165332,35.9754
149000,8906.04,0.543582,32.07,31.782,0.121123,4681.3,2519.09,1021.93,51.0965,1092.72,967.116,0,29.6135,146.95,860.253,916.82,0.184948,0.375796,6.94172,0.11464,0.00576689,0.318981,0.418018,0.421347,0.0832872,1.47567,0.55223,0.362833,0.0426496,6.70976,169,146.4,0.15958,35.824
149500,8891.4,0.542688,31.792,31.884,0.12191,4599.24,2510.28,935.592,46.7796,1037.22,959.397,0,29.1014,147.831,862.443,917.76,0.183955,0.373636,6.95321,0.10519,0.00576723,0.319982,0.419863,0.422308,0.083984,1.46618,0.527028,0.355894,0.0405672,5.82054,149.8,133.2,0.147447,35.6981
150000,8958.56,0.546787,31.392,31.874,0.123035,4502.14,2529.03,918.361,45.9181,966.14,949.725,0,28.7122,148.021,865.222,920.06,0.183605,0.372827,6.9648,0.102486,0.00577613,0.320161,0.4207,0.422439,0.0847314,1.4499,0.515875,0.354686,0.0401041,4.21169,82.2,133,0.13721,35.6666
150500,8993.26,0.548905,31.804,32.096,0.124903,4466.25,2539.65,917.837,45.8919,973.108,962.863,0,28.6882,147.424,868.693,922.74,0.183835,0.373193,6.966,0.102028,0.00579762,0.320276,0.42088,0.422546,0.0850142,1.4431,0.510574,0.357939,0.041963,3.95205,74.4,132.2,0.137982,35.2081
151000,9012.52,0.550081,32.182,31.874,0.107815,4542.17,2543.05,939.763,46.9882,1030.77,994.128,0,29.5456,147.739,871.471,925.8,0.183724,0.373106,6.96289,0.104301,0.0058134,0.320002,0.420604,0.422445,0.0856187,1.44762,0.514613,0.361115,0.043829,3.65955,74.6,138.4,0.139786,35.9946
151500,8995.4,0.549036,31.794,31.392,0.117526,4665.3,2535.96,994.115,49.7058,1081.29,980.732,0,30.0204,147.595,873.592,928.42,0.183382,0.372409,6.95044,0.110435,0.00581096,0.320404,0.421325,0.42242,0.0846039,1.46474,0.5191,0.360602,0.044048,4.01538,86.6,136.8,0.141601,36.9943
152000,8966,0.547241,31.876,31.694,0.119087,4707.15,2525.43,969.878,48.4939,1107.39,970.873,0,29.6346,147.469,875.691,931.08,0.18316,0.372001,6.94986,0.10807,0.00581038,0.321557,0.421822,0.42255,0.0848399,1.47388,0.523469,0.358069,0.0410445,3.59347,63,143.6,0.146553,36.0992
152500,8917.42,0.544276,31.912,32.054,0.122422,4613.54,2513.91,939.354,46.9677,1041.61,965.431,0,29.0986,147.556,877.92,934.84,0.182905,0.371519,6.96723,0.10529,0.00580713,0.32266,0.42325,0.423362,0.0862442,1.46621,0.53828,0.36262,0.0407985,3.66164,65,160,0.158111,35.9153
153000,8948.6,0.546179,31.356,31.75,0.117036,4503.64,2523.49,941.858,47.0929,972.181,946.496,0,28.7627,148.303,880.984,936.84,0.18258,0.370805,6.98736,0.105155,0.00582932,0.322802,0.425505,0.424034,0.0875569,1.45155,0.547069,0.364191,0.0403251,3.97721,76.6,150.8,0.155396,36.0223
153500,9036.12,0.551521,31.786,32.092,0.119798,4483.83,2545.06,983.709,49.1855,975.002,971.67,0,28.8918,147.868,884.113,940.34,0.181994,0.369457,6.98207,0.108758,0.00585392,0.322864,0.426829,0.424701,0.0886593,1.44182,0.560472,0.375399,0.0431931,4.19355,92.6,163,0.164805,36.0162
154000,9006.58,0.549718,32.044,31.756,0.106119,4536.33,2534.94,981.31,49.0655,1025.92,996.062,0,29.6567,147.626,887.288,943.68,0.181791,0.369261,6.97566,0.108969,0.00588391,0.323448,0.427941,0.423379,0.0899967,1.44648,0.572212,0.383792,0.0458272,4.1564,69.8,165.4,0.172687,35.8899
154500,8982.44,0.548245,31.78,31.52,0.111666,4660.77,2526.82,974.481,48.7241,1078.96,996.845,0,30.1874,147.732,889.54,948.16,0.181874,0.369569,6.97486,0.10845,0.00588363,0.324435,0.428788,0.423675,0.0895658,1.46538,0.549998,0.376975,0.0449695,3.48047,57,160,0.155712,35.9144
155000,8945.7,0.546002,31.814,31.542,0.112912,4701.35,2513.86,945.035,47.2518,1103.89,977.3,0,29.8427,147.421,891.385,950.32,0.18153,0.368906,6.971,0.105627,0.0058712,0.325799,0.430863,0.425282,0.089221,1.47511,0.52926,0.368549,0.0421235,3.44597,65.6,152,0.149454,35.9287
155500,8961.78,0.546984,31.94,32.034,0.117971,4628.9,2518.83,940.714,47.0357,1051.53,968.737,0,29.2463,147.685,893.858,953.66,0.18149,0.368676,6.97254,0.104992,0.00585212,0.327348,0.432391,0.426396,0.089395,1.46418,0.528236,0.36399,0.0408723,3.62636,70,152.6,0.153691,35.6955
156000,8945.16,0.545969,31.418,31.916,0.119382,4504.09,2517.11,903.553,45.1776,965.805,960.925,0,28.9032,148.119,897.328,957.14,0.181491,0.368594,6.9996,0.101042,0.0058718,0.327629,0.431155,0.42653,0.0911454,1.45236,0.517059,0.354319,0.0403853,3.9233,75.4,153.8,0.160391,35.3683
156500,8969.26,0.54744,31.666,31.76,0.116536,4453.59,2524.45,958.156,47.9078,976.252,962.249,0,28.8807,147.635,900.844,959.98,0.18168,0.36898,6.9956,0.106778,0.00590065,0.327694,0.43003,0.42602,0.0909912,1.4426,0.5314,0.356695,0.0418436,4.28793,82.4,147.2,0.159289,35.6919
157000,9032.76,0.551316,32.028,31.842,0.107333,4546.92,2541.5,966.845,48.3423,1029.12,1001.88,0,29.6736,148.141,903.768,962.5,0.181537,0.368578,6.99863,0.107045,0.00591316,0.328622,0.430365,0.426139,0.0927402,1.4452,0.528817,0.360056,0.0448066,4.06033,79,150.2,0.157116,35.8446
157500,8973.68,0.54771,31.694,31.442,0.113551,4660.16,2525.43,977.699,48.885,1084.13,988.936,0,30.0423,147.457,906.136,965.56,0.181947,0.369401,6.99533,0.108927,0.00590369,0.32918,0.429272,0.425814,0.0917185,1.46603,0.511808,0.354251,0.0430682,3.53349,82.4,144,0.139672,35.861
158000,8983.84,0.54833,32.018,31.678,0.113018,4711.6,2525.21,973.816,48.6908,1103.38,978.535,0,29.5605,147.47,908.178,968.7,0.181634,0.368639,6.98941,0.108347,0.00590204,0.330398,0.43187,0.425755,0.0912551,1.47175,0.499191,0.344952,0.0397682,3.36768,75.8,130.6,0.130204,35.9768
158500,8943.86,0.54589,31.774,32.048,0.121409,4620.6,2513.49,956.276,47.8138,1047.67,969.597,0,29.0604,147.719,910.63,973.16,0.181169,0.367749,6.99872,0.106946,0.00590814,0.331976,0.434765,0.425667,0.0912204,1.46401,0.492524,0.341839,0.0397848,3.39493,64.4,138.4,0.139979,35.9115
159000,8977.16,0.547922,31.644,31.928,0.116499,4510.74,2521.23,889.679,44.4839,967.527,958.959,0,28.6701,147.964,913.753,975.38,0.180552,0.366549,7.01331,0.0991045,0.00592914,0.333201,0.435321,0.425431,0.0911435,1.44951,0.498529,0.344385,0.0386618,3.41007,71.2,142.4,0.140596,35.8515
159500,9031.32,0.551228,31.954,32.23,0.121251,4478.58,2535.88,926.833,46.3416,981.988,974.123,0,28.7741,147.574,917.059,978.1,0.180645,0.366714,7.00714,0.102581,0.00595733,0.333134,0.435113,0.425655,0.0908056,1.44069,0.495723,0.3422,0.0408779,4.23113,90.2,128.2,0.139121,35.9053
160000,9039.72,0.551741,32.006,31.68,0.107948,4549.54,2536.31,941.398,47.0699,1035.49,993.612,0,29.5337,147.746,919.986,981.92,0.180515,0.366553,7.00076,0.104177,0.00597978,0.333473,0.434434,0.425729,0.0913901,1.44541,0.509234,0.340974,0.0425227,5.19273,113.2,130,0.151974,29.7005
160500,8975.98,0.54785,31.796,31.624,0.112521,4663.01,2514.21,961.008,48.0504,1095.8,998.06,0,30.0627,147.792,921.98,985.96,0.179849,0.365292,6.99103,0.107091,0.00599158,0.33433,0.434607,0.426791,0.0909966,1.46653,0.499928,0.334025,0.0422433,4.79859,97.8,133,0.151856,33.4828
161000,8992.1,0.548834,31.962,31.762,0.113982,4718.25,2513.02,963.937,48.1969,1116.09,986.303,0,29.7482,147.787,923.685,989.32,0.178927,0.363387,6.98327,0.107214,0.00600225,0.336147,0.437868,0.427643,0.0904319,1.47223,0.511567,0.336753,0.0399273,5.05739,115.4,133,0.151962,36.5818
161500,8980.34,0.548116,31.916,31.976,0.112212,4633.32,2508.75,920.299,46.015,1056.3,979.075,0,29.1835,147.98,926.209,993.06,0.178522,0.362547,6.9903,0.102476,0.00601553,0.337662,0.439703,0.427337,0.0904435,1.46167,0.509654,0.33219,0.0392115,6.6394,130,125.2,0.154649,36.4228
162000,9017.1,0.55036,31.622,31.902,0.11551,4527.33,2520.36,886.975,44.3487,977.9,960.359,0,28.7779,148.081,928.954,995.72,0.178508,0.362521,7.00002,0.0983987,0.0060315,0.338526,0.442229,0.427478,0.0909909,1.44802,0.519182,0.336752,0.0399646,9.07111,184.8,120.8,0.156357,36.4745
162500,9049.92,0.552363,32.152,32.31,0.11727,4483.53,2528.72,906.28,45.314,985.609,983.668,0,28.8709,147.33,932.137,999.68,0.178386,0.362372,6.99253,0.100116,0.00605909,0.338657,0.441844,0.42686,0.0915452,1.43902,0.525769,0.333877,0.0408038,14.4265,232.4,101.6,0.159496,36.1937
163000,9102.32,0.555562,32.19,32.12,0.109868,4570.99,2541.37,966.275,48.3137,1043.45,1009.34,0,29.6353,148.164,934.897,1003.12,0.177982,0.361719,6.98787,0.106132,0.00607222,0.338889,0.44096,0.426273,0.0933736,1.44166,0.563776,0.347354,0.0443134,15.8433,235,116.8,0.182298,36.3866
163500,9028.32,0.551045,31.964,31.676,0.112374,4680.37,2522.18,970.465,48.5233,1093.86,1001.99,0,30.1402,147.411,937.324,1008.2,0.178321,0.3624,6.98288,0.107469,0.00608954,0.339329,0.441421,0.426321,0.0940551,1.46331,0.558891,0.3457,0.0445631,16.1399,245.8,110.2,0.182787,36.4423
164000,9005.46,0.54965,32.108,31.906,0.118155,4717.48,2513.07,946.109,47.3055,1118.65,984.317,0,29.7515,147.245,939.368,1012.4,0.17786,0.361347,6.98133,0.105072,0.00610151,0.340269,0.444141,0.427077,0.0935802,1.47017,0.572767,0.343994,0.0412526,19.2496,285.4,111.8,0.187607,36.2297
164500,8990.2,0.548718,31.96,32.05,0.113359,4636.01,2504.91,922.905,46.1453,1059.25,983.048,0,29.3312,148.29,941.862,1014.8,0.17678,0.359062,6.99139,0.102699,0.0060956,0.340882,0.445163,0.42719,0.0924041,1.46077,0.553662,0.337075,0.0404789,30.5098,449.4,110.4,0.183093,36.1683
165000,9025.72,0.550886,31.644,32.006,0.114211,4530.18,2514.58,881.933,44.0966,980.863,975.189,0,28.9595,148.313,944.623,1016.78,0.176615,0.358697,7.01102,0.0977894,0.00612303,0.340725,0.446462,0.426764,0.0940413,1.44776,0.548521,0.333441,0.0395972,17.3273,245.8,118.2,0.186888,36.0131
165500,9045.24,0.552078,31.996,32.142,0.118052,4484.23,2520.36,916.737,45.8369,992.077,982.655,0,28.9526,147.909,948.144,1018.94,0.176754,0.359027,7.01144,0.101325,0.00615546,0.340666,0.445472,0.426085,0.0953113,1.44025,0.54912,0.336202,0.0409214,20.4151,280.2,109.4,0.183929,36.4021
166000,9088.5,0.554718,32.114,31.848,0.105805,4562.57,2528.5,962.139,48.107,1047.33,1004.69,0,29.7595,147.863,951.026,1019.16,0.176148,0.357892,6.99992,0.105913,0.00617456,0.340376,0.445359,0.425886,0.0951886,1.44176,0.573148,0.347912,0.0446251,19.0962,281.6,118.8,0.196839,36.1593
166500,9054.1,0.552618,32.036,31.85,0.110468,4689.71,2517.91,957.663,47.8832,1100.34,1009.23,0,30.2175,147.641,953.118,1022.26,0.176133,0.357907,6.99066,0.105785,0.00617837,0.34061,0.446142,0.426244,0.0938844,1.46206,0.553497,0.338873,0.043522,11.899,181.2,111.6,0.19061,35.7609
167000,9051.9,0.552484,32.07,31.856,0.110416,4732.16,2515.38,941.056,47.0528,1128.5,990.237,0,29.8902,147.747,955.066,1024.64,0.175829,0.357324,6.98876,0.103952,0.00617193,0.341221,0.448585,0.426367,0.0926334,1.46709,0.569004,0.339039,0.0409308,29.382,400.6,105.8,0.193064,35.0587
167500,9023.46,0.550748,31.938,32.032,0.111249,4648.35,2504.7,915.591,45.7795,1071.07,982.919,0,29.4701,148.153,957.534,1027.4,0.175183,0.356109,6.99751,0.101534,0.00617793,0.341189,0.450108,0.426793,0.0928291,1.45981,0.551807,0.335388,0.0398347,31.0973,457.2,104.8,0.180539,34.8745
168000,9080.66,0.55424,31.912,32.092,0.108229,4548.03,2520.85,899.359,44.968,985.542,976.795,0,28.8615,148.048,960.442,1031.64,0.174989,0.3557,7.01004,0.0990377,0.00619538,0.34135,0.450309,0.426996,0.0923689,1.44437,0.535953,0.331404,0.0401336,28.1891,439.8,103.6,0.173159,35.1778
168500,9110.44,0.556057,32.168,32.586,0.115613,4503.5,2530.86,886.162,44.3081,1004.41,992.972,0,28.9362,148.287,963.667,1034.14,0.175313,0.356441,7.01294,0.0972012,0.00622578,0.341218,0.447954,0.426774,0.091643,1.43585,0.541598,0.336022,0.0398545,28.474,461.4,108.6,0.169167,34.9343
169000,9117.78,0.556505,32.142,31.8,0.101331,4574.21,2527.95,898.425,44.9212,1052.61,1010.46,0,29.7922,147.832,966.479,1037.24,0.174687,0.355333,7.01007,0.0986037,0.00624067,0.341024,0.446133,0.426614,0.0907395,1.44059,0.525247,0.335352,0.0424284,15.1317,311.8,117.4,0.164546,35.8556
169500,9088.4,0.554712,32.004,31.858,0.108232,4703.16,2513.71,919.33,45.9665,1107.97,1015.95,0,30.3232,147.861,968.722,1038.52,0.173903,0.353793,7.00215,0.101154,0.0062278,0.341611,0.444927,0.426363,0.0891707,1.46123,0.527843,0.332927,0.0421331,19.8298,356.4,113,0.168819,36.3955
170000,9070.02,0.55359,32.196,32.052,0.10964,4744.15,2504.81,876.575,43.8288,1144.18,1003.05,0,30.0009,147.713,971.183,1040.4,0.172972,0.352054,7.01366,0.0966618,0.00621812,0.34255,0.445104,0.426628,0.0877872,1.46758,0.51462,0.331719,0.0400039,13.617,297.4,126.2,0.167542,36.2937
170500,9081.16,0.55427,31.982,31.954,0.107549,4668.1,2507.42,860.012,43.0006,1080.75,989.906,0,29.5332,148.259,973.881,1036.44,0.172468,0.351103,7.03182,0.0947195,0.00622372,0.343402,0.446148,0.427682,0.088166,1.45626,0.518968,0.334063,0.0392075,10.0036,237.6,130.8,0.166728,36.4436
171000,9091.88,0.554924,31.914,32.142,0.10873,4551.38,2511.88,829.313,41.4657,998.199,984.09,0,29.1552,148.292,977.109,1037.72,0.172512,0.351187,7.04855,0.0912463,0.00624589,0.344094,0.447662,0.4284,0.0892037,1.44375,0.504627,0.3288,0.0387702,12.0815,281.6,123.4,0.15714,36.251
171500,9133.92,0.55749,32.174,32.46,0.113637,4514.37,2529.36,834.816,41.7408,1005.72,996.161,0,29.0578,147.886,980.502,1040.78,0.173458,0.353294,7.05398,0.0913636,0.00625754,0.344034,0.448162,0.428614,0.0899666,1.43582,0.504024,0.325751,0.0391258,14.3146,319.6,120.2,0.155774,35.9472
172000,9161.1,0.559149,32.436,32.156,0.10003,4586.83,2537.47,836.469,41.8234,1053.87,1022.14,0,29.7912,147.756,983.832,1044.76,0.173527,0.353702,7.05924,0.0913651,0.0062686,0.344008,0.446929,0.428454,0.0905601,1.4378,0.520295,0.331371,0.0411396,13.7131,294.8,120,0.165151,35.8342
172500,9109.4,0.555994,32.136,31.918,0.107218,4706.59,2521.37,831.675,41.5838,1110.06,1017.87,0,30.3498,147.428,986.2,1048.02,0.173287,0.353259,7.06299,0.0912897,0.00626215,0.344317,0.444563,0.428562,0.088567,1.45861,0.505581,0.324732,0.0405365,16.4178,298.2,110.4,0.159027,36.1328
173000,9099.24,0.555374,32.354,32.238,0.110779,4751.46,2513.72,837.308,41.8654,1147.58,1004.41,0,29.9351,147.798,988.544,1051.04,0.172598,0.351766,7.05824,0.0920225,0.00623344,0.345433,0.444637,0.428569,0.0862116,1.46536,0.481863,0.319781,0.0377013,7.0754,167.6,122.2,0.147447,36.3178
173500,9047.2,0.552197,31.896,32.006,0.111623,4657.09,2500.56,793.218,39.6609,1079.05,987.295,0,29.4451,147.975,991.277,1054.4,0.172677,0.351643,7.0674,0.0876519,0.00623602,0.346656,0.446091,0.429418,0.0866095,1.45828,0.473735,0.319603,0.0362457,5.27022,123.4,111.8,0.133793,36.1704
174000,9103.62,0.555641,31.988,32.312,0.108702,4556.83,2518.71,821.532,41.0766,991.212,989.78,0,28.9705,148.19,994.612,1058.38,0.172969,0.352083,7.06946,0.0902556,0.00623561,0.347282,0.447416,0.428953,0.08692,1.4434,0.483846,0.316283,0.0374853,7.79213,180.6,109.4,0.138423,36.4754
174500,9095.14,0.555123,31.974,32.254,0.116409,4498.05,2519.59,830.143,41.5072,1009.02,988.295,0,29.0774,148.244,998.428,1061.4,0.173657,0.353549,7.06573,0.0911819,0.00624298,0.347209,0.445606,0.427987,0.0875573,1.43665,0.485169,0.31704,0.0371231,6.81365,172.2,109,0.135954,36.2432
175000,9097.4,0.555261,32.332,32.026,0.101697,4571.12,2519.82,841.137,42.0569,1061.97,1020.85,0,29.8948,147.632,1001.49,1064.18,0.173862,0.354135,7.06774,0.092481,0.00625046,0.347713,0.445406,0.427358,0.0871279,1.44292,0.469056,0.316543,0.0391684,7.64373,199.4,104,0.126723,36.8049
175500,9110.12,0.556038,31.974,31.816,0.108588,4707.46,2522.1,853.011,42.6506,1114.03,1012.75,0,30.3921,147.783,1003.81,1066.86,0.173526,0.353436,7.06783,0.0935821,0.00625205,0.348458,0.446796,0.427942,0.0868861,1.45843,0.470072,0.316708,0.039844,11.8451,283,108.8,0.129243,36.5209
176000,9065.06,0.553287,32.234,32.01,0.109356,4739.58,2509.16,840.189,42.0094,1134.03,1000.72,0,30.0206,147.493,1005.91,1070.62,0.173574,0.353495,7.06345,0.0926075,0.00627052,0.349746,0.449211,0.429517,0.086795,1.46713,0.479368,0.319112,0.0377608,9.48231,243.8,115.4,0.137315,36.382
176500,9039.9,0.551752,32.15,32.228,0.113273,4652.27,2501.9,808.593,40.4297,1077.98,993.136,0,29.4891,147.915,1008.39,1073.64,0.1733,0.352921,7.07639,0.0893985,0.00628691,0.350599,0.452231,0.43045,0.0865057,1.45821,0.467723,0.310134,0.0368811,12.7105,288,101.2,0.129024,36.6446
177000,9057.96,0.552854,31.698,32.046,0.1144,4539.03,2510.54,800.212,40.0106,996.276,971.839,0,28.9543,148.064,1011.84,1076.04,0.173813,0.353893,7.08611,0.0882974,0.00630065,0.350953,0.45275,0.430426,0.0879968,1.44513,0.447068,0.301081,0.0363069,7.89144,190.6,95.6,0.1211,36.5243
177500,9057.42,0.552821,31.896,32.208,0.116938,4486.95,2513.2,815.34,40.767,1005.31,987.662,0,29.1853,147.974,1015.31,1078.12,0.174054,0.354527,7.0875,0.0899281,0.00632134,0.350451,0.452156,0.42992,0.087669,1.4391,0.477313,0.31826,0.0384206,9.3508,211.2,104.4,0.134867,36.4179
178000,9079.28,0.554155,32.084,31.842,0.100808,4562.26,2517.49,855.374,42.7687,1055.63,1014.61,0,29.9274,147.766,1018.6,1080.58,0.173865,0.354396,7.08872,0.0942074,0.00633235,0.350678,0.451923,0.429151,0.0869864,1.44313,0.483438,0.322496,0.041004,7.92467,188.8,119.2,0.141939,35.9368
178500,9083.12,0.55439,31.882,31.628,0.107882,4696.73,2513.85,854.143,42.7072,1113.43,1003.96,0,30.4277,147.853,1020.93,1083.56,0.172928,0.352473,7.08961,0.0939621,0.00632475,0.351038,0.452743,0.428788,0.0854425,1.46,0.494884,0.325853,0.0414188,11.6331,270.6,117,0.146161,35.7294
179000,9059.2,0.55293,32.328,32.126,0.113477,4737.57,2502.93,848.348,42.4174,1137.05,1008.58,0,30.0512,147.58,1023.03,1086.8,0.172112,0.350738,7.09105,0.0935603,0.00631845,0.351658,0.454614,0.429053,0.0841469,1.46733,0.4859,0.328792,0.0394194,5.60724,129,115.8,0.134503,35.3596
179500,9048.48,0.552275,32.018,32.012,0.108776,4657.08,2498.49,816.172,40.8086,1076.99,993.353,0,29.6247,147.897,1025.69,1089.5,0.171443,0.349301,7.11209,0.0901772,0.00631939,0.352215,0.457294,0.429067,0.0850174,1.45817,0.484724,0.327677,0.0383904,4.9947,108.8,113.8,0.130901,35.983
180000,9048.7,0.552289,31.804,32.188,0.112506,4535.23,2499.02,788.453,39.4227,998.85,983.669,0,29.1285,148.074,1028.58,1092.98,0.171157,0.348718,7.12139,0.0870658,0.00632602,0.353003,0.457242,0.428872,0.0851814,1.4455,0.492009,0.330418,0.0388523,6.61409,136.2,113.8,0.138816,29.7284
180500,9092.02,0.554933,31.934,32.216,0.109819,4496.78,2507.69,802.223,40.1111,1010.32,998.618,0,29.2268,148.186,1031.66,1096.26,0.170806,0.348096,7.1204,0.0881681,0.006358,0.353227,0.456566,0.428855,0.0857277,1.43699,0.476922,0.32526,0.0392137,5.29614,114.8,112,0.128861,33.9744
181000,9136.34,0.557638,32.096,31.778,0.0986287,4581.81,2520.56,830.959,41.5479,1068.07,1017.78,0,30.0313,148.38,1034.86,1101.66,0.170782,0.348083,7.1329,0.0909216,0.00637658,0.353097,0.457017,0.429244,0.0852981,1.44041,0.492054,0.330561,0.0418371,4.98293,112.4,114.2,0.133374,35.9905
181500,9109.5,0.556,32.058,31.912,0.105198,4705.93,2507.43,832.075,41.6037,1117.75,1022.95,0,30.4603,147.662,1037.18,1104.58,0.169994,0.346476,7.12531,0.0912604,0.00635362,0.353626,0.456103,0.429792,0.0833548,1.45823,0.472137,0.317256,0.0398631,5.25938,113.6,111.4,0.131174,36.1356
182000,9086.86,0.554618,32.298,32.038,0.107411,4742.73,2497.29,787.211,39.3605,1146.93,1012.35,0,30.2236,147.867,1039.57,1107.7,0.169417,0.34511,7.12231,0.0865914,0.00634129,0.354598,0.45742,0.430344,0.0827472,1.46441,0.465485,0.320921,0.0381831,4.70089,104,114.8,0.123429,35.9079
182500,9100.28,0.555437,32.232,32.322,0.110462,4673.27,2502.07,757.971,37.8986,1082.9,1000.51,0,29.6264,147.808,1042.28,1110.94,0.169396,0.344906,7.12922,0.0832631,0.00633274,0.355012,0.459516,0.430918,0.0826699,1.45459,0.460014,0.315714,0.0367551,4.62178,102.4,109.6,0.123846,36.0132
183000,9126.52,0.557039,31.94,32.182,0.106906,4558.6,2509.73,729.512,36.4756,1008.06,992.976,0,29.1449,148.523,1045.34,1113.56,0.169458,0.34482,7.14082,0.0798941,0.00635304,0.355834,0.461211,0.430959,0.0837338,1.44078,0.441324,0.308798,0.0355828,3.5374,71.4,113.2,0.11609,36.0669
183500,9103.22,0.555616,32.036,32.308,0.109146,4501.59,2506.4,739.274,36.9637,1016,1002.28,0,29.2199,148.152,1048.74,1116.24,0.169992,0.345957,7.14244,0.0811623,0.00636657,0.35636,0.460484,0.430738,0.0836079,1.43629,0.435574,0.308829,0.036298,3.07956,68.6,111,0.108406,35.9661
184000,9148.42,0.558375,32.318,32.112,0.100859,4583.76,2518.29,767.544,38.3772,1068.46,1027.57,0,30.0076,147.733,1051.75,1119.42,0.170014,0.346154,7.13666,0.083903,0.00635588,0.355598,0.46148,0.430634,0.0828047,1.43851,0.441884,0.311556,0.0384216,3.11162,63.8,114,0.114193,35.4991
184500,9136.54,0.55765,32.176,31.97,0.106403,4709.92,2507.56,765.86,38.293,1125.75,1021.93,0,30.4407,147.7,1054.16,1123.18,0.168872,0.343963,7.13214,0.0837906,0.00634597,0.356072,0.462162,0.430234,0.0806509,1.45536,0.435055,0.306557,0.0374752,3.05,68.6,117.8,0.113761,35.3156
185000,9135.38,0.557579,32.296,32.092,0.107732,4756.57,2501.53,748.602,37.4301,1150.15,1014.44,0,30.0759,147.888,1056.16,1126.36,0.167869,0.341814,7.12825,0.081911,0.00633412,0.357341,0.464094,0.429575,0.0810169,1.46084,0.43576,0.308081,0.0359861,3.3839,81.4,112,0.110527,35.9802
185500,9091.46,0.554899,32.16,32.142,0.105203,4670.44,2489.41,729.747,36.4874,1095.57,1003.46,0,29.6132,148.177,1058.64,1127.18,0.167876,0.341744,7.12828,0.0802364,0.00632981,0.358097,0.465232,0.429408,0.0822917,1.45547,0.433842,0.306151,0.0351855,3.28837,80.6,108.2,0.106835,35.5793
186000,9142.4,0.558008,32.062,32.41,0.105758,4566.45,2502.54,714.492,35.7246,1011.2,1001.31,0,29.2451,148.365,1061.81,1133.08,0.167393,0.340533,7.13251,0.0781276,0.00633627,0.358858,0.465718,0.428815,0.0834879,1.44031,0.44683,0.313793,0.0355122,4.20325,110.8,105.8,0.108054,36.2613
186500,9212.74,0.562301,32.388,32.516,0.108626,4535.81,2521.53,726.276,36.3138,1022.51,1010.23,0,29.3025,147.941,1065.17,1136.02,0.167552,0.340863,7.12363,0.0787999,0.00634305,0.359321,0.464858,0.427654,0.0829667,1.43048,0.445703,0.315321,0.0363582,3.92029,98.4,102.6,0.101186,36.5058
187000,9198.56,0.561436,32.488,32.256,0.0975262,4601.14,2519.39,773.715,38.6857,1074.29,1041.07,0,30.1018,148.016,1068.54,1139.02,0.16791,0.341592,7.1199,0.0841103,0.00633968,0.359672,0.464524,0.426859,0.0828351,1.43645,0.467027,0.324374,0.0399881,4.5804,108.6,111.6,0.111812,36.5042
187500,9175.4,0.560022,32.218,32.046,0.104363,4728.32,2511.06,767.78,38.389,1131.49,1031.52,0,30.5619,147.992,1071.1,1143.46,0.167543,0.340832,7.12556,0.0836558,0.00633058,0.360499,0.465676,0.426618,0.0825884,1.45503,0.451534,0.314361,0.0387327,6.40519,167.2,97.4,0.107401,35.6092
188000,9143.52,0.558076,32.406,32.232,0.106382,4763.18,2499.38,760.617,38.0309,1152.32,1018.9,0,30.2558,147.654,1073.24,1146.02,0.167197,0.340137,7.11004,0.0831707,0.00630298,0.361624,0.467922,0.427622,0.0824304,1.46194,0.454824,0.312778,0.0366695,7.32886,197.8,102.8,0.112079,35.7735
188500,9149.62,0.558448,32.332,32.442,0.107472,4691.54,2503.71,731.527,36.5764,1095.52,1012.83,0,29.7389,148.198,1075.88,1150.28,0.167543,0.340774,7.11684,0.0799643,0.00630588,0.362886,0.469763,0.427964,0.0835579,1.45284,0.451999,0.309861,0.0349288,5.96772,178.4,101.6,0.107801,35.5442
189000,9186.48,0.560698,32.088,32.258,0.103026,4584.98,2517.7,690.835,34.5417,1010.08,1003.45,0,29.3319,148.387,1078.95,1151.34,0.167898,0.341355,7.13743,0.0751821,0.00630405,0.363917,0.4722,0.427947,0.0850123,1.43949,0.448198,0.3059,0.0345832,6.60969,179.4,97.4,0.107725,35.8297
189500,9288.88,0.566948,32.648,32.744,0.10664,4565.72,2549.37,722.494,36.1247,1020.2,1019.93,0,29.2347,147.944,1082.2,1154.28,0.168649,0.342886,7.12561,0.0777692,0.00631767,0.365423,0.471607,0.427288,0.0855528,1.42814,0.456663,0.313729,0.0351902,6.55076,188,102.8,0.110757,35.7416
190000,9292.76,0.567185,32.714,32.476,0.0991338,4638.6,2549.28,724.862,36.2431,1073.81,1040.33,0,30.0821,148.327,1085.13,1159.08,0.16866,0.343021,7.12365,0.078006,0.00632185,0.366636,0.468597,0.42715,0.0853088,1.43382,0.446988,0.313023,0.0367977,7.29333,216,97,0.0996165,34.5961
190500,9249.12,0.564521,32.606,32.474,0.109334,4749.26,2532.25,727.13,36.3565,1128.34,1041.54,0,30.5035,147.83,1087.55,1160.8,0.167844,0.341379,7.11703,0.0785924,0.00632128,0.366596,0.468792,0.427543,0.0845429,1.44973,0.446504,0.309918,0.0365894,8.71691,248.2,99.8,0.106226,35.2896
191000,9219.06,0.562687,32.536,32.488,0.108087,4787.17,2523.14,700.598,35.0299,1155.71,1024.95,0,30.1075,147.974,1089.65,1163.62,0.16764,0.340846,7.12436,0.0759762,0.00632341,0.367253,0.469702,0.428038,0.0843289,1.45732,0.443807,0.308656,0.0345094,5.90002,170.4,104,0.106654,36.434
191500,9266.16,0.565562,32.776,32.774,0.107582,4731.72,2531.85,707.142,35.3571,1096.23,1026.1,0,29.5892,148.22,1091.78,1165.5,0.167089,0.339528,7.10565,0.0763142,0.00632509,0.367738,0.471478,0.42818,0.0836685,1.44691,0.445903,0.30891,0.0339319,5.36911,152.8,105.2,0.111596,36.2433
192000,9301.08,0.567693,32.51,32.676,0.10519,4623.36,2539.36,701.953,35.0976,1017.27,1010.64,0,29.2114,148.114,1094.94,1168.8,0.166659,0.338567,7.10386,0.0754489,0.0063275,0.367753,0.471897,0.427752,0.0847826,1.43382,0.454962,0.30722,0.0340832,7.0728,179.2,92.4,0.114632,35.8435
192500,9305.2,0.567944,32.656,32.898,0.109246,4577.36,2537.7,704.854,35.2427,1034.87,1026.84,0,29.2806,148.311,1098.08,1170.92,0.166375,0.338169,7.09805,0.0757222,0.00634365,0.368122,0.468916,0.42615,0.0843541,1.42927,0.430193,0.296854,0.0339274,7.21882,205.4,84.6,0.100325,36.0673
193000,9278.8,0.566333,32.794,32.55,0.0991301,4629.81,2530.73,752.852,37.6426,1086.97,1044.7,0,30.0992,148.107,1101.33,1173.4,0.166712,0.339034,7.08791,0.0811489,0.00636803,0.368685,0.467703,0.425285,0.0845625,1.43358,0.447372,0.308861,0.0369789,5.03446,152,108.4,0.110501,35.6673
193500,9247.76,0.564438,32.362,32.272,0.105035,4749.82,2516.69,774.969,38.7485,1138.62,1042.67,0,30.5632,148.263,1103.72,1176.54,0.165731,0.337046,7.07859,0.0837628,0.00637946,0.36884,0.470576,0.425152,0.0852234,1.45008,0.453716,0.308654,0.0375998,4.3616,123.4,113.8,0.117007,36.2677
194000,9279,0.566345,32.692,32.51,0.100695,4809.4,2518.62,755.712,37.7856,1162.73,1036.07,0,30.2284,147.978,1105.96,1180.16,0.16481,0.335245,7.0678,0.0814333,0.00637487,0.369498,0.472856,0.425389,0.0843196,1.4544,0.447507,0.31177,0.0362,4.03,121.2,116.4,0.110045,36.158
194500,9277.48,0.566252,32.904,32.966,0.106652,4736.79,2517.78,732.725,36.6363,1105.63,1033.29,0,29.7762,147.948,1108.17,1183.72,0.164741,0.334996,7.06157,0.0789635,0.00637607,0.3706,0.476101,0.424957,0.0847582,1.44708,0.452247,0.314396,0.0349735,4.45832,121.8,112.8,0.116221,35.4726
195000,9311.16,0.568308,32.462,32.654,0.104478,4629.61,2526.21,714.874,35.7437,1027.79,1021,0,29.3981,148.606,1111,1187.24,0.164502,0.334384,7.06676,0.0767688,0.00639245,0.371392,0.477879,0.424655,0.0860851,1.43415,0.449233,0.313299,0.0348673,3.8566,101.6,114.2,0.11535,35.529
195500,9313.8,0.568469,32.682,32.908,0.108166,4578.1,2528.29,746.536,37.3268,1040.94,1027.38,0,29.4946,147.858,1114.51,1190.54,0.164829,0.335125,7.0576,0.0801315,0.00640138,0.371875,0.476615,0.424958,0.0855687,1.42823,0.459791,0.318188,0.0362164,3.7153,89,120.8,0.120006,35.7521
196000,9333.7,0.569684,32.932,32.554,0.0940965,4651.43,2532.31,761.818,38.0909,1090.84,1056.8,0,30.2253,148.32,1117.42,1192.32,0.164908,0.33545,7.05156,0.0816335,0.00642937,0.371829,0.47727,0.425023,0.0855492,1.43156,0.451622,0.315608,0.0374493,4.27105,106.8,111,0.113167,35.4361
196500,9302.76,0.567795,32.516,32.546,0.102646,4770.42,2523.04,760.207,38.0103,1146.3,1052.13,0,30.6594,148.052,1119.86,1193.54,0.164696,0.335108,7.05069,0.0816984,0.00644652,0.372062,0.479365,0.425324,0.0851243,1.4474,0.450397,0.314532,0.0376731,3.86185,90.8,113.2,0.113449,34.6646
197000,9274.06,0.566044,32.844,32.668,0.103821,4806.68,2510.37,733.604,36.6802,1168.67,1044.4,0,30.3379,147.957,1122.3,1196.14,0.163916,0.333467,7.04111,0.0790979,0.00644095,0.372831,0.482375,0.426246,0.0841979,1.45439,0.461363,0.316361,0.0358346,4.67284,115,116,0.118483,35.152
197500,9296.78,0.56743,32.742,32.788,0.107488,4744.41,2515.64,703.572,35.1786,1116.65,1026.7,0,29.89,148.112,1124.77,1199.08,0.163609,0.332801,7.04114,0.0756785,0.00644898,0.373633,0.486277,0.42708,0.0851985,1.44603,0.476376,0.322237,0.0348496,7.35609,183.6,113,0.12365,36.1079
198000,9334,0.569702,32.794,32.984,0.103519,4637.96,2525.39,697.624,34.8812,1030.7,1031.01,0,29.4484,148.199,1127.47,1202.38,0.163565,0.332765,7.03549,0.0747277,0.006486,0.374301,0.486954,0.426948,0.0862179,1.43311,0.470558,0.320866,0.0358997,6.01254,139.6,112,0.121047,36.2713
198500,9345.86,0.570426,32.77,32.91,0.105656,4586.97,2526.92,704.511,35.2256,1037.82,1034.09,0,29.6788,147.767,1131,1206.04,0.163281,0.332332,7.03276,0.0753697,0.00651324,0.3749,0.485275,0.426771,0.0858057,1.42611,0.485905,0.330379,0.0368184,6.13623,163.4,116,0.124853,35.8041
199000,9387.32,0.572957,33.156,32.792,0.0927287,4669.65,2536.46,734.956,36.7478,1094.76,1070.9,0,30.4103,148.177,1133.82,1208.54,0.16318,0.332116,7.02737,0.0783166,0.00655561,0.375306,0.485158,0.425967,0.0864021,1.42886,0.482204,0.33256,0.0388928,5.16523,144.4,125,0.124213,35.9827
199500,9357.28,0.571123,32.866,32.876,0.10267,4785.16,2526.98,740.072,37.0036,1145.31,1068.8,0,30.795,148.094,1136.34,1212.34,0.16289,0.331558,7.03521,0.0790737,0.00656761,0.374983,0.486817,0.425968,0.0861558,1.4435,0.477307,0.329921,0.0386661,5.96277,170.8,119.2,0.122975,36.1503
200000,9370.94,0.571957,33.078,32.99,0.105057,4836.82,2526.86,723.565,36.1783,1166.93,1053.66,0,30.4052,147.828,1138.74,1215.96,0.162373,0.330464,7.02425,0.0771923,0.00655824,0.375831,0.490404,0.427583,0.086034,1.44834,0.475188,0.327347,0.0368331,4.83927,100.8,117.4,0.123351,30.1985
200500,9359.32,0.571248,32.974,32.954,0.0998198,4760.1,2523.38,693.127,34.6564,1119.13,1041.96,0,29.9827,148.551,1141.19,1218.86,0.162065,0.329702,7.03394,0.0740447,0.00655417,0.376743,0.494489,0.428452,0.0869103,1.44091,0.479827,0.329012,0.0356014,5.86593,143.6,116,0.12661,34.0208
201000,9396.26,0.573502,32.676,32.882,0.102417,4651.88,2537.99,686.086,34.3043,1031.39,1032,0,29.5562,148.638,1144.07,1222.1,0.162805,0.331016,7.0437,0.0729961,0.00657213,0.37742,0.497244,0.428077,0.088177,1.4277,0.461019,0.319893,0.035383,3.74464,77,111.2,0.114764,35.7386
201500,9406.72,0.574141,33.012,33.178,0.104129,4606.23,2541.39,702.341,35.1171,1038.39,1043.65,0,29.5824,147.79,1147.52,1225.06,0.162831,0.331125,7.03883,0.0746411,0.00658521,0.377673,0.496383,0.427644,0.0886317,1.42275,0.483077,0.329717,0.0369382,6.18885,124.6,101,0.120801,35.8223
202000,9399.82,0.573719,33.258,33.006,0.0966257,4667.99,2539.65,726.682,36.3341,1097.38,1067.42,0,30.319,148.221,1150.61,1228.22,0.162982,0.331459,7.04031,0.0773087,0.00658874,0.377847,0.495867,0.427846,0.0895068,1.42637,0.48579,0.329196,0.0386908,6.06973,136.4,118.4,0.130553,36.0279
202500,9375.8,0.572253,32.716,32.574,0.100473,4796.59,2532.55,723.843,36.1921,1150.15,1056.71,0,30.7866,148.301,1153.43,1231.14,0.162493,0.330548,7.05827,0.0772031,0.00658875,0.377927,0.496784,0.428926,0.0885385,1.44436,0.487742,0.328481,0.0386111,5.89242,136,117.6,0.129195,36.2915
203000,9383.8,0.572742,33.028,33.078,0.102276,4842.7,2531.81,709.424,35.4712,1173.1,1052.47,0,30.374,148.052,1155.66,1235.44,0.161854,0.329328,7.0561,0.075614,0.00657937,0.378268,0.500258,0.430603,0.0874667,1.44781,0.499322,0.330425,0.0374043,7.64952,167,119,0.141109,36.3816
203500,9371.66,0.572001,33.228,33.236,0.101864,4760.72,2527.41,695.293,34.7647,1113.19,1048.17,0,29.9209,148.237,1158.35,1239.18,0.16177,0.329043,7.0519,0.0741901,0.00658618,0.378661,0.503967,0.431066,0.0867876,1.43948,0.500157,0.331225,0.036893,6.22425,119.2,123,0.141781,36.3685
204000,9398.72,0.573652,32.76,32.986,0.10229,4647.77,2534.02,679.909,33.9955,1039.71,1028.43,0,29.5025,148.515,1161.19,1241.3,0.161752,0.328844,7.04244,0.0723465,0.00659208,0.378791,0.505227,0.431369,0.0865798,1.42631,0.498807,0.331566,0.0365973,6.69567,145,120.4,0.142284,36.209
204500,9404.82,0.574025,33.088,33.232,0.105285,4601.96,2536.65,732.236,36.6118,1041.86,1040.73,0,29.557,147.565,1164.43,1244.1,0.162122,0.329526,7.02484,0.0778431,0.00661251,0.379447,0.503127,0.430731,0.0857074,1.42158,0.510571,0.337021,0.0383177,6.6197,148.2,121.4,0.148633,36.0716
205000,9385.38,0.572838,33.03,32.676,0.0930304,4664.09,2533.18,734.908,36.7454,1095.61,1062.77,0,30.3933,148.539,1167.64,1246.7,0.162337,0.33006,7.03832,0.0783215,0.00661491,0.379774,0.502911,0.431275,0.0859767,1.42739,0.516817,0.341834,0.0406377,6.43567,130.6,124.2,0.15044,36.0593
205500,9399.1,0.573676,32.942,32.818,0.101345,4796.58,2534.17,734.246,36.7123,1149.38,1060.33,0,30.7963,148.115,1170.28,1251.3,0.161776,0.329044,7.04419,0.0781021,0.00663236,0.380014,0.504027,0.431708,0.085048,1.4409,0.509574,0.338669,0.0400746,5.39304,107.8,132.4,0.153477,35.508
206000,9382.48,0.572661,32.936,33.056,0.101877,4843.53,2528.27,741.663,37.0832,1182.26,1049.81,0,30.3979,148.073,1172.53,1252.62,0.161369,0.328281,7.04953,0.0790511,0.00664816,0.380116,0.505659,0.431978,0.0843739,1.44833,0.510756,0.33433,0.0368653,5.53549,112.2,128.2,0.147454,36.0416
206500,9321.4,0.568933,32.718,32.822,0.102271,4744,2510.6,719.991,35.9996,1118.37,1035.46,0,29.968,148.685,1175.47,1254.7,0.161091,0.327666,7.04383,0.0772521,0.006667,0.380781,0.506248,0.432027,0.0853952,1.4415,0.519133,0.341102,0.0371201,5.64732,123.4,134.4,0.14819,36.3971
207000,9285.36,0.566733,32.4,32.622,0.101168,4609.85,2499.75,680.636,34.0318,1034.79,1026.04,0,29.6258,148.694,1178.98,1258.2,0.160898,0.327302,7.04747,0.0732622,0.00668559,0.380797,0.505739,0.431433,0.0860913,1.43146,0.503075,0.336767,0.0367812,5.40284,106.6,121.4,0.14596,36.5053
207500,9324.14,0.5691,32.56,32.8,0.101846,4572.55,2507.31,699.19,34.9595,1048.16,1042.62,0,29.7703,148.527,1182.41,1261.44,0.160402,0.326438,7.05021,0.0749408,0.00669848,0.379902,0.506643,0.43111,0.0858876,1.4247,0.516856,0.338931,0.0382618,9.443,226,125,0.152139,36.037
208000,9339.98,0.570067,32.836,32.462,0.0886771,4651.04,2513.98,730.891,36.5446,1096.47,1065.15,0,30.6275,148.102,1185.82,1264.52,0.160736,0.327148,7.04882,0.0782839,0.00670896,0.380303,0.507786,0.431084,0.0853023,1.43016,0.541941,0.349137,0.0416187,12.2242,263.2,123.2,0.162639,35.7459
208500,9304.04,0.567874,32.528,32.416,0.0960765,4769.86,2505.57,714.729,35.7365,1150.86,1061.8,0,31.0736,148.535,1188.6,1268.5,0.160826,0.327273,7.0516,0.0767913,0.00669806,0.380803,0.510093,0.431441,0.0848928,1.44728,0.543357,0.351592,0.0410941,10.2986,222.6,141.8,0.167478,35.6475
209000,9288.68,0.566936,32.778,32.686,0.098916,4813.29,2497.85,682.841,34.1421,1175.05,1053.88,0,30.5899,148,1190.99,1272.14,0.160568,0.326554,7.04171,0.0734964,0.00670502,0.382038,0.512626,0.431115,0.0839113,1.45412,0.524436,0.344607,0.0379755,8.48945,202.8,139.6,0.158686,35.2831
209500,9271.96,0.565916,32.634,32.788,0.0996601,4728.04,2492.25,674.874,33.7437,1120.06,1046.45,0,30.1228,148.521,1193.64,1275.66,0.160148,0.325696,7.04374,0.0727923,0.0066929,0.383289,0.512078,0.431485,0.0835196,1.44527,0.531043,0.346279,0.0378237,6.58927,149,141.4,0.160748,35.7077
210000,9291.5,0.567108,32.268,32.572,0.0977613,4616.73,2496.01,658.733,32.9367,1042.64,1030.71,0,29.8242,148.588,1196.37,1277.6,0.159925,0.325265,7.04078,0.0708769,0.00669881,0.384351,0.511386,0.431219,0.0839624,1.43295,0.519804,0.337431,0.0367747,11.3568,277.6,126,0.145463,35.2694
210500,9326.12,0.569221,32.556,32.738,0.0994101,4578.41,2504.53,664.447,33.2224,1053.01,1043.35,0,29.8551,148.357,1199.61,1282.9,0.159927,0.325482,7.03894,0.0712239,0.00671029,0.383988,0.512123,0.431205,0.0841735,1.42652,0.516327,0.328573,0.0371159,18.5915,386.8,116.4,0.141915,35.9527
211000,9357.68,0.571147,32.994,32.516,0.088027,4655.47,2510.71,697.264,34.8632,1101.82,1072.25,0,30.6473,148.476,1202.83,1284.86,0.159649,0.325059,7.02893,0.0745475,0.0067295,0.383767,0.512968,0.430722,0.0839384,1.42923,0.543098,0.336078,0.0399588,29.59,499.4,115.2,0.158273,35.9004
211500,9343.8,0.5703,32.498,32.338,0.0970718,4786.7,2504.55,703.633,35.1817,1160.77,1064.57,0,31.0735,148.533,1205.23,1288.04,0.159103,0.32395,7.03687,0.0752723,0.00672829,0.383897,0.513689,0.430931,0.0824663,1.44616,0.532047,0.329249,0.0395985,20.7267,404.8,108.6,0.148113,35.7005
212000,9330.4,0.569482,32.924,32.722,0.0953793,4828.23,2503.04,682.747,34.1373,1179.42,1061.48,0,30.6826,148.122,1208.06,1291.54,0.159351,0.324141,7.04051,0.0731429,0.00671867,0.385364,0.515356,0.43174,0.0819439,1.45209,0.534978,0.329652,0.0378761,27.37,470.6,111.8,0.148091,35.8091
212500,9317.54,0.568698,32.782,33.006,0.0990594,4743.18,2502.41,668.191,33.4096,1123.95,1047.63,0,30.1688,148.811,1210.86,1296.02,0.159563,0.324515,7.05126,0.0717133,0.00672176,0.385924,0.516671,0.43235,0.0824098,1.44276,0.534268,0.326309,0.0366625,32.285,521.8,95.2,0.139098,35.6576
213000,9342.84,0.570242,32.156,32.484,0.0961588,4629.24,2511.28,642.759,32.138,1047.19,1025.24,0,29.721,149.194,1213.93,1299.94,0.159558,0.324553,7.06428,0.0687901,0.00671822,0.386924,0.51972,0.432244,0.0836558,1.42931,0.546158,0.328715,0.0364202,27.4339,475.4,105.2,0.143612,36.1581
213500,9356.4,0.571069,32.802,33.028,0.097891,4582.66,2515.3,668.886,33.4443,1043.49,1052.93,0,29.7123,148.307,1217.09,1303.54,0.1596,0.324766,7.05606,0.071465,0.00673125,0.387869,0.518669,0.431302,0.0835777,1.42272,0.554011,0.329423,0.037505,33.297,531.8,99.2,0.145265,35.9346
214000,9376.22,0.572279,32.806,32.4,0.0868986,4658.44,2514.36,697.684,34.8842,1104.27,1067.79,0,30.5747,148.573,1219.92,1304.92,0.159096,0.323804,7.04219,0.0744293,0.00676565,0.388025,0.517811,0.430689,0.0835418,1.42707,0.542668,0.325747,0.03944,29.146,499.6,100.4,0.138442,35.9457
214500,9320.44,0.568875,32.562,32.416,0.0949946,4775.79,2491.7,704.676,35.2338,1161.7,1069.43,0,30.9234,148.154,1222.51,1308.84,0.158119,0.321764,7.02284,0.0755913,0.0067804,0.387259,0.520604,0.431348,0.0826361,1.4466,0.53047,0.318805,0.0386418,31.3626,517.4,95,0.139725,35.593
215000,9303.18,0.567821,32.736,32.516,0.0949068,4819.4,2482.06,690.778,34.5389,1194.96,1054.77,0,30.6371,148.292,1224.5,1311.56,0.157424,0.320185,7.01467,0.0742266,0.00676933,0.387473,0.523702,0.431964,0.081496,1.45379,0.52994,0.311118,0.0357063,33.1103,532.4,99,0.142132,35.9902
215500,9335.28,0.56978,32.726,32.92,0.0969736,4748.54,2487.98,675.955,33.7977,1133.99,1047.21,0,29.9776,147.989,1226.62,1315.2,0.157201,0.319566,7.00034,0.0724277,0.00675174,0.388974,0.522776,0.432293,0.0813992,1.44185,0.518176,0.312365,0.0345051,26.9524,476,101,0.13491,36.0144
216000,9361.04,0.571353,32.574,32.9,0.094953,4634.32,2493.91,676.118,33.8059,1054.96,1045.19,0,29.6436,149.157,1229.63,1318.96,0.156918,0.319233,7.0018,0.0722235,0.00676071,0.389707,0.520852,0.432545,0.0818418,1.4282,0.518176,0.308741,0.0351194,28.5769,494.6,93,0.128807,36.744
216500,9411.36,0.574424,32.62,32.842,0.10242,4599.02,2504.9,687.02,34.351,1066.86,1043.73,0,29.7319,148.469,1232.93,1324.86,0.156666,0.318825,6.991,0.0729708,0.0067685,0.389968,0.518904,0.432849,0.0814348,1.42014,0.531368,0.315435,0.0365501,34.925,552.6,94,0.136166,36.2283
217000,9408.84,0.57427,33.02,32.644,0.0852838,4663.18,2502.56,712.591,35.6296,1114.18,1077.6,0,30.497,148.324,1236.28,1330.06,0.156481,0.318549,6.98254,0.0757601,0.00679087,0.389656,0.519318,0.432941,0.0801617,1.42389,0.558275,0.320037,0.0384945,41.5411,607.6,101.2,0.144627,36.6446
217500,9354.28,0.57094,32.784,32.57,0.0931229,4786.71,2486.96,717.118,35.8559,1173.81,1077.61,0,30.9322,148.445,1238.81,1333.16,0.156296,0.318201,6.98232,0.0766313,0.00680102,0.388844,0.521119,0.43316,0.0787165,1.44513,0.548614,0.312911,0.0383953,44.6328,626.4,90,0.137238,36.3061
218000,9320.26,0.568864,32.798,32.664,0.0951632,4825.26,2475.62,700.746,35.0373,1198.97,1063.52,0,30.5866,148.121,1241.04,1337.7,0.156147,0.317916,6.97288,0.075176,0.00677851,0.389367,0.521828,0.433622,0.0775397,1.45271,0.529057,0.306841,0.0360483,37.931,577.8,88,0.130432,36.858
218500,9342.84,0.570242,32.788,32.976,0.0967146,4752.72,2480.26,694.193,34.7096,1135.11,1056.6,0,30.0645,148.622,1243.13,1339.3,0.155916,0.317423,6.96522,0.0743144,0.00676146,0.389957,0.52261,0.434518,0.078115,1.44154,0.526946,0.303443,0.0351722,38.236,579.6,84.8,0.130113,36.1362
219000,9419.82,0.57494,32.73,32.868,0.0919767,4651.59,2497.57,697.845,34.8922,1061.29,1047.04,0,29.6688,148.68,1245.6,1341.62,0.155451,0.316537,6.96567,0.0740707,0.00675189,0.389846,0.523826,0.434961,0.0782928,1.42429,0.520676,0.299389,0.0353789,36.105,561.8,75.4,0.12273,36.7789
219500,9482.38,0.578759,33.07,33.148,0.0992007,4629.43,2512.25,706.61,35.3305,1073.72,1059.18,0,29.764,148.353,1248.49,1344.88,0.155139,0.316025,6.96505,0.07452,0.00675012,0.390058,0.52545,0.434694,0.0780707,1.41852,0.525729,0.297974,0.0355703,38.4169,579.6,78.6,0.126465,36.6972
220000,9520.04,0.581057,33.528,33.126,0.0908381,4706.95,2519.15,741.182,37.0591,1120.57,1091.3,0,30.3268,148.038,1250.94,1350.08,0.155095,0.315901,6.95649,0.0778899,0.00677103,0.390839,0.527027,0.434386,0.0773861,1.42078,0.502775,0.29253,0.0367345,29.5555,503.6,81.8,0.123371,30.4337
220500,9474.34,0.578268,33.174,33.016,0.0977353,4823.01,2504.48,731.642,36.5821,1184.85,1084.98,0,30.7939,148.546,1253.07,1354.24,0.154718,0.315165,6.96453,0.0772267,0.00677676,0.391395,0.527218,0.434879,0.0768887,1.43754,0.478513,0.287931,0.0359172,24.8508,463.4,83.2,0.114648,33.9608
221000,9473.32,0.578206,33.288,33.342,0.0993867,4871.5,2501.48,716.199,35.81,1212.42,1077.93,0,30.4231,148.229,1254.94,1357.32,0.154361,0.314216,6.9586,0.0756376,0.00676581,0.391797,0.531297,0.435769,0.0760873,1.44294,0.469892,0.283346,0.0338249,26.2834,472.8,82.4,0.118725,36.6167
221500,9459.48,0.577361,33.1,33.24,0.0961322,4793.99,2497.99,693.351,34.6676,1152.64,1065.68,0,29.92,148.564,1257.48,1360.42,0.154268,0.314095,6.96196,0.0733196,0.00677292,0.392181,0.534023,0.436297,0.077314,1.43611,0.465549,0.279721,0.032613,24.1203,446,82.8,0.116698,36.3287
222000,9471.86,0.578116,33.102,33.314,0.0980058,4673.56,2503.35,688.217,34.4109,1064.14,1063.8,0,29.5397,148.424,1260.42,1362.04,0.154548,0.314697,6.96237,0.0726624,0.00678867,0.391712,0.533719,0.436149,0.0778163,1.42308,0.46689,0.277604,0.0329675,25.5046,463.8,73.6,0.113096,36.964
222500,9526.98,0.581481,33.254,33.264,0.0984562,4639.87,2518.1,693.896,34.6948,1073.8,1060.88,0,29.5611,148.379,1264.02,1363.3,0.15452,0.314901,6.95885,0.0728527,0.00681219,0.391107,0.533862,0.435876,0.0783233,1.41526,0.493412,0.287039,0.0338996,29.3576,498,85.4,0.126707,36.6394
223000,9502.52,0.579988,33.596,33.292,0.0940353,4699.24,2516.49,723.123,36.1562,1120.19,1092.11,0,30.3113,148.08,1267.35,1365.86,0.155151,0.316242,6.96809,0.0761326,0.00683396,0.391408,0.533089,0.435708,0.0789966,1.42038,0.514247,0.29789,0.0371532,28.1021,485,90.4,0.134261,36.7553
223500,9448.5,0.576691,32.978,33.008,0.100728,4814.99,2500.08,712.993,35.6497,1184.39,1083.33,0,30.9515,148.468,1270.07,1369.16,0.154519,0.314975,6.98192,0.0754663,0.00681997,0.391997,0.533647,0.436334,0.0785207,1.43868,0.511459,0.303194,0.037904,27.8116,484,101,0.137583,36.6911
224000,9459.36,0.577354,33.212,33.066,0.0993971,4869.86,2500.91,710.864,35.5432,1205.65,1072.69,0,30.6215,148.053,1272.19,1375.1,0.154437,0.314521,6.96777,0.0751626,0.00680625,0.393078,0.535693,0.436451,0.07855,1.44458,0.513221,0.309244,0.0366756,25.3062,460.2,105.6,0.140561,36.8969
224500,9458.9,0.577325,33.358,33.564,0.09867,4792.9,2499.43,696.761,34.8381,1147.04,1074.82,0,30.1373,148.154,1274.44,1374.28,0.153927,0.313333,6.97333,0.0736722,0.006798,0.393734,0.538601,0.436844,0.0793194,1.43608,0.51942,0.31573,0.0367179,22.2216,428.6,110.2,0.143618,36.3546
225000,9481.74,0.578719,32.954,33.178,0.0969125,4679.76,2503.36,689.512,34.4756,1074.69,1055.96,0,29.7848,148.523,1276.76,1374.84,0.153637,0.312745,6.97709,0.0727252,0.00681363,0.393397,0.540411,0.437221,0.0802441,1.4234,0.491931,0.306481,0.0357716,19.9263,399.2,106.8,0.138812,36.6494
225500,9465.84,0.577749,33.088,33.226,0.101126,4625.13,2501.52,696.955,34.8477,1071.74,1062.31,0,29.8796,148.304,1280.31,1381.22,0.153993,0.31352,6.97449,0.0736474,0.00684991,0.392616,0.539071,0.436481,0.0805065,1.41968,0.509882,0.317083,0.0372571,21.4146,418.6,124,0.147352,36.5875
226000,9468.66,0.577921,33.484,33.094,0.0921574,4695.39,2501.82,716.98,35.849,1127.95,1090.54,0,30.6167,147.9,1282.94,1382.9,0.154195,0.313991,6.96851,0.0757696,0.00687785,0.393152,0.53805,0.436661,0.0801857,1.42477,0.510492,0.324251,0.0396623,18.8726,396.4,127.8,0.145575,36.9277
226500,9476.86,0.578422,33.22,33.068,0.0968356,4825.29,2499.6,699.902,34.9951,1186.63,1093.3,0,31.0692,148.376,1285.68,1388.18,0.153391,0.312544,6.96765,0.0738659,0.00689692,0.392734,0.538385,0.436983,0.0797584,1.43735,0.513537,0.324044,0.0391294,22.7536,435.4,121.8,0.146573,35.0193
227000,9496.32,0.579609,33.156,33.164,0.0980926,4882.98,2503.86,691.694,34.5847,1219.06,1078.77,0,30.7523,148.546,1287.98,1390.82,0.153206,0.31205,6.97402,0.0728568,0.00690397,0.392767,0.541148,0.437127,0.079418,1.44282,0.504853,0.319683,0.0371966,25.0711,459.4,117.2,0.146478,35.0949
227500,9519.46,0.581022,33.478,33.578,0.0991282,4811.85,2505.3,676.83,33.8415,1156.45,1075.9,0,30.1326,148.332,1289.96,1393.82,0.152697,0.310934,6.95702,0.0711295,0.00691005,0.393011,0.543041,0.437026,0.0792215,1.43251,0.492238,0.315671,0.0354938,17.4171,362.8,116.8,0.140874,35.5711
228000,9531.5,0.581757,33.254,33.452,0.0968063,4696.54,2509.61,669.771,33.4885,1072.05,1070.37,0,29.8582,148.765,1292.81,1395.38,0.152582,0.31066,6.96476,0.0702844,0.00691938,0.393798,0.545914,0.43796,0.0800554,1.42108,0.50412,0.31978,0.0362479,18.7006,370,123,0.144626,36.5067
228500,9509.74,0.580428,33.174,33.348,0.101259,4639.54,2504.44,673.306,33.6653,1081.35,1066.66,0,29.919,148.384,1296.05,1398.7,0.152881,0.311513,6.96324,0.070805,0.00694756,0.39325,0.5429,0.437806,0.0801335,1.41721,0.487528,0.314267,0.0360747,18.7482,390.2,122.6,0.136096,36.2348
229000,9483.84,0.578848,33.404,33.162,0.0924104,4702.09,2495.87,690.918,34.5459,1138.72,1094.68,0,30.6957,148.577,1298.79,1401.88,0.152945,0.311636,6.96351,0.0728805,0.00696206,0.393518,0.540407,0.437402,0.079621,1.42422,0.462865,0.308105,0.0362286,13.8476,328.6,103.4,0.118626,36.0105
229500,9436.1,0.575934,33.128,32.942,0.0980633,4815.7,2476.38,689.474,34.4737,1202.95,1092.36,0,31.0609,148.265,1300.72,1406.24,0.152357,0.310487,6.95179,0.0730749,0.00696444,0.393048,0.53943,0.437123,0.0786065,1.44089,0.416532,0.28377,0.0348278,8.05243,237,100,0.107668,36.3221
230000,9472.54,0.578158,33.166,33.192,0.0971685,4877.94,2480.88,672.442,33.6221,1234.18,1083.3,0,30.7403,148.486,1303.26,1411.16,0.151605,0.309091,6.94384,0.0710121,0.00694435,0.392324,0.540902,0.437419,0.0779825,1.4448,0.407664,0.277721,0.0325052,4.93167,144.4,99.8,0.10728,36.2725
230500,9475.42,0.578334,33.252,33.362,0.0998807,4797.76,2476.32,665.687,33.2844,1169.2,1078.5,0,30.2599,148.498,1305.79,1415.62,0.150835,0.307608,6.93416,0.0702717,0.00694829,0.392496,0.542708,0.437251,0.0784905,1.43511,0.409446,0.282924,0.0322662,4.95162,149,103.8,0.105704,36.5691
231000,9521.04,0.581118,33.134,33.262,0.0952601,4693.18,2485.38,641.538,32.0769,1093.96,1071.01,0,29.8615,149.035,1308.92,1419.62,0.150254,0.306717,6.94742,0.0673947,0.00696261,0.392338,0.541467,0.436895,0.0796162,1.42185,0.386108,0.270202,0.0307849,3.68391,98.6,98.6,0.0964353,36.4049
231500,9512.52,0.580598,33.242,33.334,0.0981531,4644.28,2483.6,649.617,32.4809,1097.43,1078.09,0,30.0017,148.325,1312.27,1425.06,0.150233,0.306752,6.94656,0.0683053,0.00699429,0.392398,0.539005,0.436316,0.0787557,1.41841,0.398767,0.277819,0.0324766,3.59343,86.2,98.8,0.0994607,36.8347
232000,9514.92,0.580745,33.548,33.218,0.0900239,4711.74,2480.96,675.163,33.7581,1149.98,1103.39,0,30.6938,148.272,1315.51,1429.04,0.149776,0.306007,6.9452,0.0710053,0.00701158,0.391743,0.536519,0.435447,0.077998,1.42268,0.399862,0.277575,0.0338397,3.89196,107.8,101.2,0.102967,36.4232
232500,9499.78,0.579821,33.166,33.018,0.095044,4838.39,2473.93,665.351,33.2675,1217.49,1103.82,0,31.0736,148.578,1318.3,1432.72,0.149384,0.305252,6.94417,0.0700497,0.00700429,0.392327,0.535783,0.434688,0.076921,1.43791,0.384917,0.269708,0.032611,3.53872,101.8,91.2,0.0939497,36.968
233000,9515.68,0.580791,33.286,33.318,0.0974882,4893.14,2474.21,663.455,33.1728,1244.66,1093.24,0,30.7685,148.235,1320.78,1434.74,0.148924,0.304227,6.93211,0.0697452,0.00698326,0.393437,0.5389,0.435164,0.0767446,1.44269,0.377312,0.266449,0.0308901,2.91701,64.2,97,0.0918382,36.8722
233500,9524.88,0.581353,33.7,33.982,0.0978118,4814.87,2476.41,648.136,32.4068,1178.36,1100.2,0,30.236,148.54,1323.71,1437.56,0.148677,0.303797,6.93745,0.0680919,0.00697988,0.394329,0.540839,0.435749,0.0769896,1.43297,0.380821,0.268689,0.0304672,2.9173,65.6,102.8,0.0964967,36.5296
234000,9533.58,0.581884,33.186,33.21,0.0946925,4696.09,2481.02,635.225,31.7612,1090.35,1074.52,0,29.8329,148.577,1327.23,1441.04,0.148859,0.304306,6.94911,0.066651,0.00700335,0.394957,0.539447,0.435578,0.0782864,1.42071,0.38873,0.276403,0.0308392,2.73191,67,103.6,0.0945744,36.6964
234500,9549.94,0.582882,33.36,33.424,0.0996215,4652.26,2484.55,635.843,31.7921,1100.25,1077.93,0,29.8648,147.995,1330.64,1445.26,0.14874,0.304276,6.9593,0.0666044,0.00701942,0.394742,0.534543,0.434403,0.0785031,1.41536,0.371691,0.26797,0.0310177,2.57831,74.2,101.6,0.0886062,36.645
235000,9551.92,0.583003,33.684,33.354,0.0881292,4721.43,2487.31,649.547,32.4774,1152.8,1108.51,0,30.6906,148.186,1333.89,1445.62,0.149017,0.304902,6.96126,0.0680406,0.00702313,0.395007,0.53068,0.433619,0.0782757,1.41985,0.391585,0.28114,0.0338329,2.54737,52,113.2,0.0988174,36.9352
235500,9533.14,0.581857,33.34,33.114,0.0952224,4845.67,2480.7,654.218,32.7109,1217.43,1101.94,0,31.143,148.646,1336.51,1449.14,0.148503,0.303863,6.96814,0.0686417,0.00700257,0.395016,0.531922,0.434187,0.077496,1.43514,0.401003,0.288151,0.0341918,2.54711,47.6,113.8,0.0994699,36.7351
236000,9551.2,0.582959,33.38,33.544,0.0978727,4902.38,2483.85,646.79,32.3395,1240.2,1099.77,0,30.8733,148.311,1339.1,1453.02,0.14804,0.302969,6.96962,0.067766,0.00699497,0.39544,0.534597,0.434434,0.0773701,1.44018,0.41328,0.294046,0.0335364,2.70711,59.6,123.4,0.107914,37.1404
236500,9568.26,0.584,33.632,33.834,0.0976897,4829.64,2490.3,631.715,31.5857,1178.8,1097.86,0,30.4158,148.779,1342,1455.94,0.148088,0.303095,6.97899,0.0660747,0.00699342,0.396648,0.536665,0.433979,0.077632,1.43047,0.424083,0.301218,0.0337203,2.78696,62,127.4,0.111512,36.8175
237000,9574.92,0.584407,33.43,33.54,0.0928296,4714.51,2491.43,627.831,31.3916,1094.61,1083.62,0,30.0703,148.571,1344.72,1459.96,0.148116,0.303142,6.9777,0.065596,0.00700326,0.397033,0.538315,0.433931,0.0783411,1.4201,0.416442,0.296491,0.0330831,3.85733,110.2,109.6,0.103613,37.002
237500,9564.96,0.583799,33.448,33.584,0.100022,4660.74,2494.32,632.959,31.648,1097.06,1083.48,0,30.1673,148.245,1348.4,1464.52,0.148771,0.304381,6.98331,0.0661949,0.00703779,0.397536,0.538188,0.433178,0.0792878,1.41588,0.433028,0.300005,0.0342252,4.40703,120.4,114.4,0.115868,36.9723
238000,9497.06,0.579655,33.442,33.138,0.090539,4701.89,2476.71,646.182,32.3091,1149.74,1101.35,0,30.8455,148.28,1351.63,1467.58,0.149022,0.304863,6.97715,0.0680723,0.00705994,0.397221,0.537542,0.43248,0.079544,1.42192,0.430072,0.297162,0.0356862,4.20376,112,108.2,0.112208,36.3579
238500,9501.54,0.579928,33.392,33.106,0.0929256,4837.61,2475.26,647.642,32.3821,1209.03,1108.09,0,31.2188,147.945,1354.12,1471.7,0.148601,0.304068,6.98097,0.068173,0.00706335,0.397679,0.538238,0.432452,0.0786428,1.43743,0.423022,0.294439,0.0357077,4.19907,116.8,110.2,0.110992,36.797
239000,9526.38,0.581444,33.506,33.644,0.100988,4893.77,2478.56,629.865,31.4933,1244.55,1101.64,0,30.8968,148.216,1356.36,1475.42,0.148114,0.303054,6.97344,0.0661606,0.0070562,0.39833,0.540049,0.433167,0.0772972,1.44134,0.416535,0.291553,0.0335868,4.11167,123.4,108.8,0.109074,36.9854
239500,9556.36,0.583274,33.394,33.546,0.0971116,4823.63,2487.75,616.676,30.8338,1182.81,1083.29,0,30.4062,148.575,1358.84,1479.18,0.148236,0.30329,6.98356,0.064564,0.00704881,0.399621,0.54202,0.434033,0.0769398,1.43059,0.4179,0.292469,0.032361,3.85786,117.6,111.8,0.107175,37.0254
240000,9612.92,0.586726,33.478,33.612,0.0913351,4722.26,2504.05,602.914,30.1457,1084.8,1087.68,0,29.9887,148.638,1361.35,1481.62,0.14835,0.303691,6.99501,0.0627414,0.00705587,0.399633,0.541916,0.434479,0.0778144,1.41685,0.405188,0.283814,0.0316907,3.19751,81.4,109.4,0.105499,30.5268
240500,9590.48,0.585356,33.522,33.596,0.0961546,4662.99,2503.04,596.5,29.825,1092.8,1083.91,0,30.0284,148.189,1364.71,1485.3,0.148997,0.305247,7.00573,0.0622321,0.00709261,0.399051,0.538315,0.433661,0.0788695,1.41299,0.413537,0.285433,0.0320097,3.35199,72.8,116.6,0.117925,34.0183
241000,9592.1,0.585455,33.624,33.166,0.0858206,4729.81,2504.02,610.808,30.5404,1148.62,1101.89,0,30.7366,148.524,1367.97,1486.38,0.149193,0.305756,7.00075,0.0637287,0.00709676,0.398497,0.536431,0.433167,0.0792115,1.41684,0.424843,0.290793,0.0337653,3.9115,84.2,111.2,0.120178,36.8904
241500,9535.12,0.581978,33.386,33.334,0.0929259,4845.96,2485.86,605.995,30.2998,1210.46,1109.65,0,31.1816,148.376,1370.44,1489,0.148815,0.30506,6.99415,0.0635823,0.00708895,0.398762,0.537206,0.43336,0.0787464,1.43491,0.409543,0.283773,0.0330423,3.41508,75.4,105.6,0.110998,36.8121
242000,9559.38,0.583458,33.606,33.664,0.0963514,4903.53,2490.68,596.068,29.8034,1244.26,1098.63,0,30.915,148.336,1372.91,1492.24,0.148354,0.303947,6.99653,0.06239,0.00707923,0.399992,0.540164,0.434013,0.0786445,1.43923,0.417363,0.289382,0.032094,3.27307,63.6,112.6,0.114248,37.3262
242500,9585.32,0.585042,33.604,33.786,0.0970187,4827.6,2489.64,592.613,29.6307,1181.53,1090.64,0,30.319,148.801,1375.38,1496.82,0.147386,0.301921,6.97771,0.0618717,0.00705899,0.401277,0.543575,0.434498,0.0783031,1.42762,0.416356,0.290429,0.0312318,3.17569,70.4,117.4,0.114789,36.6426
243000,9608.64,0.586465,33.388,33.58,0.0942605,4719.67,2497.7,583.689,29.1845,1097.62,1080.52,0,30.0484,148.577,1378.5,1502.06,0.147414,0.30185,6.9814,0.0607762,0.00705401,0.402268,0.543961,0.434368,0.0791613,1.41692,0.44046,0.299644,0.0319963,3.90606,98.4,125.4,0.128289,36.1381
243500,9614.44,0.586819,33.516,33.592,0.0949842,4669.1,2504.42,588.673,29.4336,1087.33,1087.05,0,30.2197,148.34,1382.22,1507.24,0.147987,0.302902,6.99894,0.0612643,0.00707366,0.40244,0.542977,0.433912,0.0795358,1.41133,0.458114,0.308019,0.0341568,4.06376,84.6,127.2,0.138334,37.3593
244000,9583.14,0.584908,33.808,33.338,0.0865241,4727.43,2499.87,603.448,30.1724,1149.1,1109.83,0,30.8475,148.338,1385.18,1511.54,0.148747,0.304441,6.99656,0.0630327,0.00708246,0.402764,0.542245,0.433356,0.0801622,1.41734,0.44624,0.303164,0.0354171,3.77027,82.8,119.8,0.127619,36.8948
244500,9527.52,0.581514,33.176,33.19,0.0913807,4842.39,2484.42,604.925,30.2462,1209.72,1106.84,0,31.2814,148.515,1387.88,1516.88,0.148521,0.303982,7.00748,0.0635249,0.00707938,0.403715,0.542308,0.43398,0.0799752,1.43498,0.439265,0.299362,0.0346736,3.44361,65.8,121.6,0.128495,37.3457
245000,9528.9,0.581598,33.438,33.478,0.0955374,4893.71,2483.8,593.337,29.6668,1241.93,1101.3,0,30.8724,148.401,1390.2,1521.76,0.148329,0.303562,7.01285,0.0623076,0.00707725,0.404956,0.544533,0.433716,0.0800694,1.44124,0.427413,0.29441,0.0329553,3.26642,76.8,122.6,0.123184,37.2074
245500,9558.46,0.583402,33.438,33.752,0.0955376,4824.21,2493.39,590.717,29.5359,1175.6,1088.78,0,30.4115,148.878,1392.85,1524.76,0.148327,0.303652,7.0201,0.0618687,0.00707244,0.405711,0.546968,0.433499,0.0813292,1.43052,0.431345,0.299646,0.0325289,3.56218,98.6,124,0.120801,37.4659
246000,9591.54,0.585421,33.404,33.566,0.0915259,4715.25,2501.58,585.181,29.2591,1086.87,1084.34,0,30.0967,148.494,1395.83,1528.86,0.148349,0.303722,7.01707,0.0610573,0.00707648,0.406358,0.547764,0.433448,0.0820652,1.41807,0.436284,0.30517,0.0331215,3.10222,81.4,139.8,0.124764,37.2192
246500,9555.4,0.583215,33.268,33.248,0.0958197,4654.02,2492.18,582.716,29.1358,1097.83,1078.51,0,30.1722,148.447,1399.25,1533.44,0.148616,0.304286,7.01225,0.0610281,0.00708511,0.405858,0.544058,0.432673,0.0820383,1.41517,0.41967,0.300739,0.033062,2.67196,65.8,131,0.111812,36.9348
247000,9545.1,0.582587,33.694,33.262,0.0860485,4714.09,2490.64,599.549,29.9775,1145.67,1104.99,0,30.7523,148.155,1402.38,1536.1,0.148929,0.304682,7.00638,0.0628701,0.00708168,0.406085,0.543257,0.432667,0.081524,1.41889,0.431597,0.305186,0.0347585,2.81106,47.4,123.4,0.115773,37.5313
247500,9526.5,0.581451,33.33,33.178,0.0953259,4845.21,2486.31,600.334,30.0167,1213.08,1101.03,0,31.3567,148.492,1405.06,1539.28,0.148731,0.304099,7.00923,0.0630507,0.00707932,0.406869,0.545133,0.432609,0.0808534,1.43569,0.445575,0.310455,0.0358557,3.02929,58.8,142.6,0.131575,37.1912
248000,9543.76,0.582505,33.53,33.584,0.0989368,4897.99,2490.15,589.894,29.4947,1241.4,1097.62,0,31.0872,148.289,1407.63,1542.14,0.14855,0.303601,7.01488,0.0618686,0.00706544,0.407674,0.547275,0.432461,0.0804559,1.44044,0.444386,0.310182,0.0348285,2.88588,46.2,134.8,0.126316,36.9643
248500,9557.62,0.583351,33.43,33.71,0.0955624,4825.69,2490.85,576.856,28.8428,1173.9,1096.77,0,30.5421,148.605,1409.81,1544.2,0.148038,0.302536,7.01973,0.0604224,0.00705217,0.408788,0.549492,0.432608,0.0804274,1.43144,0.427636,0.302235,0.032731,2.49127,35.2,142.8,0.122241,37.6104
249000,9578.6,0.584631,33.294,33.514,0.0912833,4712.89,2498.05,563.357,28.1679,1088.17,1085.91,0,30.2292,148.899,1412.19,1547.02,0.148118,0.302689,7.02536,0.0588557,0.00705685,0.409287,0.548225,0.432367,0.0814794,1.41917,0.433862,0.303935,0.033381,2.76038,53.8,137,0.121332,37.0199
249500,9569.06,0.584049,33.292,33.302,0.0933476,4658.4,2497.34,579.753,28.9877,1090.51,1083.32,0,30.2356,148.499,1415.77,1549.94,0.148657,0.303718,7.01677,0.0606222,0.00706721,0.409246,0.546267,0.431884,0.0824536,1.41468,0.441353,0.309575,0.0339801,3.13159,71.4,129.4,0.12106,37.5289
250000,9581.56,0.584812,33.77,33.232,0.0868816,4727.94,2496.65,597.325,29.8662,1152.89,1108.87,0,30.9757,148.47,1419.2,1554.64,0.148393,0.303253,6.99738,0.0624085,0.0070729,0.40869,0.545339,0.431558,0.0815637,1.41806,0.438867,0.310191,0.0354731,2.9535,63.6,135.4,0.123636,37.4984
250500,9536.48,0.582061,33.272,33.204,0.0919362,4845.71,2485.08,605.785,30.2893,1205.9,1111.93,0,31.4664,148.682,1422.27,1558.52,0.148234,0.302796,7.00088,0.0635678,0.00707692,0.40865,0.548383,0.43188,0.0811385,1.43463,0.449026,0.313528,0.0366788,3.0371,56.2,134.4,0.129121,36.7999
251000,9551.04,0.582949,33.436,33.624,0.0985436,4901.04,2490.71,596.044,29.8022,1232.51,1103.5,0,31.1407,148.64,1425.3,1562.18,0.148392,0.302905,6.99998,0.0624596,0.0070737,0.4096,0.551584,0.432201,0.0810319,1.44007,0.461718,0.320139,0.0364806,3.40233,79.8,141,0.13379,37.4738
251500,9579.92,0.584712,33.62,33.784,0.0993375,4830.05,2501.42,587.192,29.3596,1167.37,1094.31,0,30.7423,148.529,1428.44,1564.28,0.148563,0.303145,7.00383,0.0613599,0.00708024,0.410924,0.554125,0.432273,0.0822714,1.42926,0.490937,0.331284,0.0366913,4.20393,91,146.2,0.150129,37.0094
252000,9632.56,0.587925,33.57,33.694,0.0938183,4725.75,2517.06,584.146,29.2073,1082.01,1088.7,0,30.4174,148.714,1431.4,1567.7,0.148613,0.303232,7.00588,0.0606839,0.00708055,0.411648,0.554162,0.431953,0.0825924,1.41522,0.522284,0.346911,0.0378342,4.67533,102.4,152.6,0.161952,37.0648
252500,9610.7,0.586591,33.518,33.474,0.0942,4668.6,2512.02,601.027,30.0513,1079.81,1088.15,0,30.5381,148.236,1435.1,1571.76,0.148999,0.304204,6.98374,0.062583,0.00710146,0.410462,0.552142,0.431471,0.0821886,1.41133,0.532688,0.353322,0.0394989,4.85557,114.4,158.8,0.166155,37.3138
253000,9607.96,0.586423,33.696,33.296,0.0848692,4732.35,2511,617.479,30.8739,1143.43,1107.33,0,31.0489,148.597,1438.18,1575.62,0.149232,0.304722,6.98644,0.0643167,0.00709888,0.410123,0.552732,0.431635,0.081796,1.41504,0.521005,0.351894,0.0402,5.21303,137.8,152,0.158859,36.8409
253500,9555.24,0.583206,33.376,33.3,0.0913006,4851.16,2500.39,625.461,31.2731,1197.47,1111.37,0,31.5736,148.487,1441.16,1579.42,0.149416,0.304949,7.00181,0.0654993,0.00709551,0.41067,0.555576,0.431364,0.081609,1.43337,0.518146,0.349338,0.040889,6.07286,167.8,146,0.155742,37.6548
254000,9604.08,0.586187,33.416,33.624,0.0950084,4918.55,2513.62,612.199,30.61,1229.58,1100.25,0,31.1202,148.428,1443.85,1583.08,0.149207,0.304596,7.00486,0.0637857,0.00709194,0.41216,0.559053,0.431153,0.0817608,1.43669,0.531072,0.353358,0.0395905,7.07003,188.8,153.6,0.162228,37.2861
254500,9608,0.586426,33.724,33.84,0.093906,4839.6,2516.66,603.674,30.1837,1163.75,1094.67,0,30.6068,148.868,1446.44,1587.2,0.149502,0.30512,7.01468,0.0628755,0.00709856,0.413421,0.559727,0.431177,0.0833691,1.42759,0.521379,0.348661,0.0382995,4.94262,112.2,155,0.159486,36.9193
255000,9617.56,0.587009,33.316,33.518,0.090132,4722.34,2520.96,593.612,29.6806,1078.42,1082.36,0,30.3981,148.992,1449.3,1590.78,0.149769,0.305647,7.02275,0.0617461,0.00711361,0.413593,0.559783,0.431505,0.0840064,1.41607,0.512609,0.344287,0.0380154,5.43772,134,148.4,0.15939,37.9473
255500,9605.56,0.586277,33.616,33.63,0.09688,4666.92,2520.8,591.506,29.5753,1069.58,1088.59,0,30.4335,148.028,1452.49,1593.44,0.150319,0.306692,7.02274,0.0616154,0.00713444,0.413596,0.557896,0.43045,0.083565,1.41164,0.509051,0.346159,0.0386815,4.23433,92.4,152,0.152401,36.5745
256000,9589.68,0.585308,33.92,33.538,0.0899671,4729.53,2515,614.641,30.7321,1132.46,1109.28,0,31.0682,148.12,1455.8,1594.9,0.150326,0.306712,7.01417,0.0641582,0.00715663,0.412794,0.555425,0.429844,0.082811,1.41688,0.504585,0.346424,0.0405753,3.99214,83.6,152.2,0.150181,36.8214
256500,9560.58,0.583531,33.472,33.418,0.0979469,4850.71,2505.43,610.897,30.5449,1197.71,1107.17,0,31.4166,148.405,1458.59,1596.88,0.14984,0.305658,7.02283,0.0639268,0.00714813,0.412961,0.556047,0.429447,0.0821455,1.43252,0.500003,0.346356,0.0404697,3.28304,57,151,0.142506,37.2164
257000,9601.36,0.586021,33.604,33.682,0.099281,4911.99,2514.72,613.382,30.6691,1225.23,1097.64,0,31.0757,148.213,1461.28,1600.16,0.149284,0.304551,7.01896,0.063926,0.00713095,0.413586,0.55995,0.429131,0.0816945,1.43546,0.532622,0.361542,0.040894,3.82116,69.4,162.8,0.164521,36.6648
257500,9609.52,0.586519,33.894,34.05,0.0965642,4840.64,2517.79,611.766,30.5883,1159.26,1099.85,0,30.6675,148.571,1464.09,1604.98,0.149376,0.304581,7.01521,0.0637347,0.00713078,0.415671,0.563066,0.429227,0.0824303,1.42788,0.543762,0.365291,0.0397111,4.72428,110.4,158.4,0.165424,37.3092
258000,9620.04,0.587161,33.426,33.614,0.0973522,4718.15,2523.06,601.23,30.0615,1081,1075.02,0,30.3338,148.98,1467.6,1609.34,0.149652,0.305029,7.02436,0.0625313,0.00715495,0.416483,0.564092,0.429496,0.0826434,1.41498,0.552267,0.364899,0.0396532,5.2962,137.2,166.8,0.17193,37.7761
258500,9637.28,0.588213,33.612,33.646,0.0957792,4675.87,2532.55,609.148,30.4574,1068.24,1082.44,0,30.4016,148.01,1471.21,1612.66,0.150265,0.306271,7.02872,0.0632468,0.00718476,0.41663,0.562772,0.428785,0.0830081,1.40989,0.567284,0.372976,0.0417308,6.37541,167.2,173,0.176819,36.8328
259000,9593.62,0.585548,33.744,33.416,0.0845771,4728.54,2523.2,633.117,31.6559,1125.26,1106.08,0,31.1796,148.601,1475.01,1615.82,0.150536,0.306962,7.03437,0.0660388,0.00720714,0.416309,0.560866,0.427758,0.0835205,1.41596,0.583066,0.379281,0.0445155,7.1658,180.4,167.4,0.183903,37.7515
259500,9580.62,0.584755,33.514,33.26,0.0936662,4856.95,2519.19,647.976,32.3988,1189.94,1108.8,0,31.5554,148.511,1478.33,1619.38,0.150417,0.3066,7.03605,0.0676593,0.00719837,0.417347,0.563136,0.427058,0.0830068,1.43102,0.573715,0.368737,0.0439741,8.83213,209.6,163.4,0.182142,37.3253
260000,9596.06,0.585697,33.518,33.676,0.0971418,4912.23,2519.21,641.157,32.0578,1219.61,1093.65,0,31.1449,148.372,1481.21,1622.22,0.149806,0.305369,7.03151,0.0668544,0.00719032,0.418491,0.565782,0.427064,0.0823735,1.4365,0.563855,0.365651,0.0421266,9.25335,218.8,155.4,0.175957,31.5626
260500,9625.8,0.587512,33.778,33.914,0.0967087,4843.68,2527.22,617.061,30.8531,1154.76,1096.91,0,30.7102,148.907,1484.07,1625.8,0.149739,0.305167,7.03289,0.0641621,0.00720923,0.41953,0.570188,0.427323,0.0838218,1.42644,0.570855,0.36813,0.0410762,11.8156,268.6,148.4,0.180589,35.4909
261000,9645.16,0.588694,33.3,33.468,0.0910376,4730.07,2535.33,610.692,30.5346,1073.18,1074.45,0,30.4346,148.958,1487.62,1630.02,0.149866,0.305585,7.04405,0.0633449,0.00723903,0.419337,0.569932,0.427052,0.086008,1.41413,0.593131,0.3712,0.041406,14.9955,317.6,150.8,0.19234,36.9137
261500,9666.52,0.589998,33.812,33.796,0.0937265,4683.09,2543.52,630.21,31.5105,1060.38,1092.85,0,30.3696,148.012,1491.53,1632.96,0.15042,0.306884,7.03948,0.0652386,0.00726836,0.418472,0.568027,0.42646,0.0863256,1.40771,0.592173,0.373693,0.0426936,16.1484,340.2,153.4,0.185939,36.9446
262000,9634.72,0.588057,33.872,33.488,0.0858468,4741.75,2534.66,647.205,32.3603,1129.03,1105.71,0,31.1558,148.545,1495.28,1636.4,0.150385,0.306887,7.05017,0.0672518,0.00729964,0.417556,0.567915,0.425785,0.0871416,1.41384,0.581895,0.367379,0.0434748,17.0338,356,137.8,0.17676,37.6847
262500,9607,0.586365,33.64,33.6,0.0937849,4867.94,2527.01,663.519,33.176,1184.01,1112.41,0,31.5626,148.342,1498.82,1639.54,0.149979,0.3062,7.06396,0.0690908,0.00730364,0.417688,0.568522,0.426092,0.0866275,1.43065,0.589972,0.367058,0.0443573,18.8425,384,138.4,0.179719,36.97
263000,9647.84,0.588857,33.754,33.786,0.09312,4928.51,2532.01,638.284,31.9142,1218.57,1102.7,0,31.1595,148.192,1501.52,1643.04,0.149159,0.304562,7.06485,0.0661982,0.0073024,0.417702,0.572083,0.426688,0.0860749,1.43351,0.567434,0.353342,0.0415002,17.881,362.2,131.4,0.173504,37.0555
263500,9628.48,0.587676,33.604,33.95,0.0945678,4845.55,2529.11,615.377,30.7689,1152.47,1099.2,0,30.7357,148.776,1504.34,1646.4,0.149357,0.304823,7.07424,0.0639905,0.00730456,0.418779,0.574624,0.426628,0.0872499,1.42691,0.563555,0.350314,0.0397417,17.9031,365.4,125,0.172654,37.5482
264000,9608.82,0.586476,33.34,33.482,0.0908641,4716.96,2524.08,604.106,30.2053,1076.63,1077.63,0,30.4135,149.284,1507.1,1649.82,0.149245,0.304338,7.07506,0.0629018,0.00731269,0.419854,0.572808,0.427063,0.0878442,1.41575,0.567027,0.352858,0.0398028,15.678,331.4,134,0.176383,37.0187
264500,9620.52,0.58719,33.388,33.48,0.095969,4670.51,2531.13,623.719,31.186,1072.34,1075.92,0,30.5001,148.219,1510.65,1654.52,0.149902,0.30567,7.08044,0.0648807,0.00734453,0.419748,0.569065,0.426598,0.0880834,1.41049,0.560347,0.349679,0.0407036,14.8123,326.2,141.2,0.176653,37.2703
265000,9608.06,0.586429,33.73,33.24,0.0822243,4737.41,2527.06,648.401,32.4201,1126.23,1107.92,0,31.1673,148.318,1513.82,1658,0.150144,0.3062,7.07373,0.0675688,0.00734494,0.420206,0.566893,0.426272,0.0876811,1.41692,0.56164,0.350171,0.0424387,13.7694,273.4,128.6,0.180795,37.388
265500,9599.52,0.585908,33.522,33.408,0.0941128,4864.23,2521.18,633.835,31.6917,1193.4,1109.51,0,31.5732,148.938,1516.03,1660.7,0.149368,0.304605,7.07971,0.0660671,0.00734499,0.420181,0.564228,0.425768,0.0878482,1.43055,0.549532,0.34587,0.0423817,11.5178,210.6,134.6,0.179884,36.8475
266000,9561.54,0.58359,33.59,33.794,0.100141,4901.44,2507.97,602.166,30.1083,1222.06,1101.8,0,31.2597,147.907,1517.83,1660.28,0.149072,0.304089,7.06735,0.0630279,0.00733646,0.421019,0.564496,0.426044,0.086651,1.43853,0.537302,0.345869,0.0401244,8.73954,161,129,0.172903,37.2187
266500,9576.08,0.584478,33.544,33.696,0.0958198,4827.12,2512.79,579.113,28.9556,1155.35,1095.09,0,30.718,148.868,1520.18,1662.32,0.149079,0.30406,7.07558,0.060523,0.00735038,0.42113,0.567419,0.426542,0.0878812,1.42885,0.535574,0.343009,0.0386414,9.29922,175.2,133.6,0.171977,37.2915
267000,9621.66,0.58726,33.182,33.398,0.0915905,4721.21,2524.73,567.231,28.3616,1079.52,1072.8,0,30.4276,149.191,1522.46,1666.44,0.149134,0.304055,7.07475,0.0589802,0.00735469,0.421426,0.57004,0.426708,0.0889696,1.4152,0.52037,0.333231,0.0377248,8.65861,153.6,121.2,0.163825,36.6294
267500,9604.4,0.586206,33.43,33.488,0.0928455,4670.77,2520.55,571.871,28.5936,1075.76,1087.34,0,30.5098,148.33,1525.76,1671.3,0.149519,0.304909,7.06829,0.0595697,0.00737612,0.420411,0.566394,0.426427,0.0884946,1.41313,0.505273,0.327785,0.0374995,8.51632,186.6,124.6,0.156706,37.2129
268000,9613.56,0.586765,33.892,33.306,0.0849765,4736.57,2521.29,598.899,29.945,1136.66,1109.23,0,31.1871,148.362,1529.18,1675.9,0.149435,0.3048,7.05847,0.0623606,0.00737869,0.420783,0.562948,0.425886,0.0877779,1.41581,0.523234,0.335604,0.0401546,10.1511,208,131.6,0.168809,37.3038
268500,9582.16,0.584849,33.502,33.43,0.0932873,4860.13,2510.06,600.513,30.0257,1197.72,1111.37,0,31.5776,148.516,1532.22,1679.08,0.149002,0.30408,7.05669,0.0627053,0.00736608,0.42119,0.560647,0.426014,0.0874374,1.43216,0.511358,0.331339,0.0399757,9.01998,190,130.6,0.161274,36.7125
269000,9592.64,0.585488,33.48,33.68,0.0988722,4912.04,2509.86,595.615,29.7807,1229.72,1100.98,0,31.3066,148.34,1534.63,1681.66,0.148379,0.302764,7.05578,0.062143,0.00736847,0.421064,0.560978,0.426301,0.0869617,1.43684,0.508043,0.328669,0.038564,9.10778,201.6,127.4,0.160484,37.3555
269500,9589.52,0.585298,33.608,33.766,0.0956711,4835.49,2508.7,588.452,29.4226,1166.12,1095.35,0,30.8829,148.933,1537.23,1681.66,0.14817,0.302383,7.06614,0.0614185,0.00735841,0.422185,0.563048,0.426802,0.0876466,1.42927,0.504758,0.331047,0.0380243,8.17791,192.4,136.2,0.161139,37.2457
270000,9645.32,0.588704,33.418,33.73,0.0918169,4729.71,2521.18,570.762,28.5381,1081.83,1086.69,0,30.496,149.017,1540.12,1682.92,0.147725,0.301639,7.07144,0.0592213,0.00737217,0.422883,0.560051,0.427139,0.0877998,1.41461,0.502597,0.328935,0.0377402,7.10638,170.2,131.4,0.159751,36.6641
270500,9661.46,0.589689,33.69,33.564,0.0918845,4683.33,2525.26,576.651,28.8326,1083.6,1089.56,0,30.4818,148.21,1543.98,1685.34,0.147673,0.301663,7.07034,0.0597428,0.00740522,0.421917,0.554496,0.426605,0.0883563,1.40872,0.522973,0.339899,0.0383359,7.65855,183.2,140.6,0.167808,36.925
271000,9638,0.588257,33.776,33.314,0.0829711,4746.3,2520.33,600.637,30.0319,1143.75,1109.09,0,31.1611,148.563,1547.4,1689.6,0.147713,0.30177,7.08462,0.0623845,0.00742725,0.421583,0.552667,0.425904,0.0893127,1.41487,0.520184,0.34106,0.0399861,6.03106,120.4,142.6,0.167811,37.4137
271500,9604.74,0.586227,33.536,33.4,0.0899531,4867.9,2510.6,599.69,29.9845,1202.58,1110.74,0,31.614,148.506,1550.21,1676.9,0.147345,0.301129,7.10276,0.0624791,0.00742209,0.42116,0.551867,0.425852,0.0894325,1.43121,0.503214,0.331654,0.0396536,4.89982,94.4,143.6,0.16502,37.0844
272000,9607.92,0.586421,33.524,33.716,0.0942711,4921.68,2510.57,575.039,28.7519,1237,1105.49,0,31.2475,148.787,1552.34,1610.4,0.147345,0.301099,7.09763,0.0599125,0.00740876,0.421932,0.553575,0.426044,0.0899434,1.43722,0.476741,0.316005,0.0360872,4.34295,79.2,136.2,0.152048,36.8984
272500,9605.1,0.586249,33.78,33.944,0.0941425,4839.72,2510.69,559.216,27.9608,1167.88,1101.59,0,30.7357,148.735,1554.96,1614.28,0.147512,0.301318,7.09956,0.0582922,0.00739493,0.423851,0.557342,0.427245,0.0904415,1.42849,0.475867,0.317546,0.035434,3.87763,64.4,130.8,0.147264,37.6766
273000,9657.8,0.589465,33.462,33.722,0.0883801,4735.99,2525.27,543.898,27.1949,1086.13,1085.11,0,30.4342,148.888,1557.45,1617.42,0.147562,0.301408,7.10487,0.0563607,0.00739044,0.425026,0.557947,0.428199,0.0912255,1.41464,0.466887,0.316955,0.0348671,3.83606,69,129.8,0.14087,37.2363
273500,9655.76,0.589341,33.56,33.47,0.0908539,4683.88,2521.76,546.831,27.3416,1085.17,1088.47,0,30.5258,148.222,1560.6,1622.18,0.147288,0.30079,7.0952,0.0566886,0.00740937,0.424613,0.554886,0.427566,0.0906577,1.40963,0.475217,0.318171,0.0354125,4.65162,83.8,123.4,0.148548,37.1044
274000,9645.84,0.588735,33.808,33.454,0.0838537,4750.3,2517.88,558.434,27.9217,1144.59,1119.2,0,31.1493,148.454,1563.94,1625.8,0.147159,0.300367,7.09659,0.0579477,0.00741819,0.424085,0.553052,0.427246,0.0900379,1.41495,0.472779,0.319261,0.0367825,3.92616,61.4,136.4,0.146397,37.4758
274500,9588.86,0.585258,33.39,33.312,0.0917301,4866.71,2499.3,552.963,27.6482,1210.95,1116.23,0,31.631,148.802,1566.64,1628.98,0.146624,0.299327,7.09533,0.0577008,0.00740202,0.424762,0.552846,0.427091,0.0899241,1.43301,0.455933,0.310522,0.036217,4.28885,85.6,120.2,0.136121,36.8059
275000,9614.7,0.586835,33.526,33.604,0.0909031,4924.96,2503.56,542.58,27.129,1240.96,1113.55,0,31.2951,148.772,1569.19,1633.34,0.146214,0.298612,7.09252,0.0564713,0.00740286,0.426097,0.553718,0.427163,0.0903807,1.43731,0.460888,0.311572,0.0347068,4.39915,94.4,126.4,0.142995,36.7221
275500,9639.02,0.588319,33.708,33.898,0.0918428,4853.95,2506.78,546.381,27.3191,1176.63,1107.39,0,30.8721,148.931,1571.84,1637.06,0.145686,0.297618,7.08507,0.0567392,0.00741035,0.427385,0.552778,0.427386,0.0908483,1.42725,0.46668,0.314787,0.0345346,5.35724,120.2,131.4,0.144013,37.5747
276000,9669.08,0.590154,33.556,33.7,0.0900852,4737.37,2512.62,535.465,26.7733,1088.97,1095.52,0,30.4632,148.685,1575.11,1640.1,0.145259,0.296787,7.09543,0.0554085,0.00742274,0.426393,0.549636,0.426971,0.0904714,1.41298,0.460838,0.31543,0.0344137,3.69856,84.6,140.4,0.136114,37.0088
276500,9688.78,0.591356,33.668,33.652,0.0897326,4694.27,2521.6,537.946,26.8973,1089.15,1098.21,0,30.5365,148.583,1578.78,1643.48,0.145613,0.297561,7.10368,0.0555573,0.00744378,0.426127,0.547014,0.426819,0.0915215,1.408,0.487681,0.329258,0.0356501,4.66742,120.6,149.8,0.148908,36.796
277000,9663.14,0.589791,33.978,33.59,0.0847957,4757.43,2516.32,554.001,27.7001,1145.61,1124.21,0,31.3193,148.386,1581.87,1645.92,0.145826,0.298054,7.10661,0.0573902,0.00744717,0.425606,0.545068,0.427197,0.0919921,1.41448,0.493549,0.329112,0.0377309,5.73326,138.4,139,0.153214,37.4424
277500,9631.62,0.587867,33.378,33.382,0.0887317,4875.08,2506.95,550.686,27.5343,1211.82,1118.85,0,31.6353,148.918,1584.82,1649.2,0.145396,0.297242,7.11261,0.0571996,0.00744249,0.42542,0.545789,0.427221,0.0915025,1.4285,0.497232,0.328981,0.0376267,8.1448,181.6,134.8,0.155721,37.3006
278000,9618.5,0.587067,33.62,33.644,0.091024,4921.34,2504.01,545.759,27.288,1234.92,1112.79,0,31.2891,148.358,1587.03,1651.66,0.145655,0.297724,7.10557,0.0567643,0.00743173,0.426609,0.550274,0.428446,0.0911469,1.43569,0.490794,0.324879,0.0360434,8.59973,208.2,133,0.152677,36.576
278500,9630.16,0.587778,33.738,33.902,0.0950638,4845.71,2510.21,529.313,26.4656,1173.37,1103.54,0,30.9199,148.954,1589.04,1653.58,0.146072,0.298625,7.11478,0.054993,0.00743497,0.428495,0.555132,0.42945,0.0922006,1.42613,0.478333,0.326071,0.0351186,4.31729,102,145,0.143703,37.3012
279000,9658.62,0.589515,33.478,33.746,0.0918493,4733.5,2518.92,526.177,26.3088,1087.28,1087.38,0,30.515,148.611,1591.98,1656.78,0.146244,0.298989,7.11778,0.0545004,0.00744859,0.428715,0.554823,0.429358,0.0936049,1.41377,0.480087,0.332066,0.0352005,4.37472,102.2,138.4,0.135456,37.4611
279500,9623.2,0.587354,33.546,33.596,0.0925573,4672.12,2511.58,524.682,26.2341,1085.21,1091.16,0,30.587,148.11,1595.25,1659.78,0.146657,0.299746,7.12326,0.0545538,0.00745559,0.429167,0.553624,0.428895,0.0936062,1.4108,0.470345,0.326623,0.0358438,3.6024,76.4,130,0.130008,36.8813
280000,9637.84,0.588247,33.89,33.364,0.0810228,4748.86,2512.16,545.396,27.2698,1148.36,1120.51,0,31.1818,148.433,1598.19,1663.44,0.146441,0.299298,7.11393,0.0566451,0.0074562,0.42887,0.55428,0.428984,0.0934565,1.41594,0.465585,0.326052,0.037169,3.5877,86.6,144.6,0.132261,31.2687
280500,9631.06,0.587833,33.604,33.568,0.0926442,4877.82,2510.07,545.033,27.2516,1209.83,1122.68,0,31.6433,148.753,1601.19,1667.32,0.146088,0.298787,7.12314,0.056611,0.00744987,0.429096,0.555417,0.429065,0.0930319,1.42976,0.461262,0.321438,0.0373519,3.46772,70,133,0.129966,34.771
281000,9623.46,0.587369,33.658,33.754,0.093835,4924,2508.28,540.641,27.0321,1233.02,1111.85,0,31.3017,148.102,1604.84,1671.18,0.146024,0.2987,7.12092,0.0562064,0.00746749,0.429398,0.554832,0.42921,0.0921854,1.43573,0.479374,0.331185,0.0366384,3.90518,82.4,142.8,0.1392,36.9695
281500,9659.34,0.589559,33.802,33.92,0.0911194,4855.83,2519.67,526.231,26.3115,1172.96,1101.76,0,30.8776,148.785,1608.06,1673.74,0.146122,0.298841,7.12998,0.0545205,0.00748311,0.430205,0.556741,0.429597,0.0933042,1.42491,0.489534,0.334771,0.0364685,4.5316,104,141,0.147491,36.9082
282000,9700.54,0.592074,33.642,33.796,0.0900832,4744.25,2529.34,521.796,26.0898,1080.77,1090.03,0,30.5094,148.661,1610.89,1676.06,0.145925,0.298548,7.1233,0.0538143,0.00748683,0.430631,0.555549,0.430329,0.0935989,1.41061,0.500011,0.33866,0.0367919,4.22132,72,143.2,0.153849,37.7493
282500,9734.98,0.594176,34.05,34.012,0.0912581,4707.15,2539.1,534.24,26.712,1089.37,1101.61,0,30.5602,148.316,1614.2,1679,0.146097,0.29897,7.11352,0.0549184,0.00750323,0.431574,0.550831,0.429993,0.0940901,1.40493,0.519441,0.350989,0.03862,4.69073,84.2,149.6,0.158853,37.1398
283000,9739.22,0.594435,34.056,33.658,0.0835128,4777.47,2537.95,550.392,27.5196,1143.39,1118.3,0,31.2668,148.583,1617.48,1682.24,0.145827,0.298531,7.11542,0.0565783,0.00751656,0.432023,0.54833,0.429748,0.0941914,1.40955,0.515492,0.349253,0.0403293,4.49824,83.4,156.6,0.157867,36.6177
283500,9693.64,0.591653,33.754,33.662,0.091279,4893.39,2526.08,557.494,27.8747,1206.26,1122.37,0,31.6296,148.699,1620.8,1685.08,0.145883,0.298782,7.11156,0.0575394,0.00750549,0.431621,0.546251,0.429492,0.0935586,1.42531,0.516885,0.34573,0.0402309,5.63826,104.6,142.6,0.15974,37.291
284000,9685,0.591125,33.832,33.96,0.0930383,4938.13,2521.74,559.335,27.9668,1230,1115.61,0,31.3341,148.295,1623.3,1687.4,0.145517,0.298075,7.10727,0.0577979,0.00748357,0.432934,0.546406,0.429643,0.0928288,1.43102,0.525039,0.350519,0.0392678,5.08517,94.8,148.6,0.163985,37.4055
284500,9682.5,0.590973,33.808,34.168,0.0935849,4860.75,2521.49,540.474,27.0237,1175.78,1108.85,0,31.042,149.119,1626.16,1691.44,0.145383,0.297999,7.11011,0.0558749,0.00748322,0.43427,0.547603,0.429261,0.0938276,1.42282,0.521229,0.347243,0.0383387,5.39048,102.2,153.8,0.168998,36.5616
285000,9707.62,0.592506,33.65,33.644,0.0864746,4747.57,2526.34,533.296,26.6648,1084.58,1093.16,0,30.6601,148.822,1629.53,1694.02,0.145031,0.297343,7.11155,0.0549681,0.00749719,0.433887,0.546247,0.428369,0.0948453,1.41049,0.532844,0.354494,0.0391907,4.48521,70,157,0.171319,36.7959
285500,9741.58,0.594579,33.95,33.904,0.0911196,4706.27,2535.9,538.733,26.9366,1082.07,1103.4,0,30.6884,148.338,1633.01,1695.94,0.145072,0.297372,7.11225,0.0553554,0.00752806,0.433698,0.543502,0.427982,0.0956672,1.40396,0.552019,0.365152,0.0410285,5.05719,85.2,166.4,0.178841,37.5804
286000,9723.58,0.59348,34.164,33.666,0.081575,4771.28,2533.04,556.558,27.8279,1143.62,1118.93,0,31.3446,148.425,1636.22,1699.64,0.145454,0.298079,7.11627,0.0573016,0.00753826,0.434404,0.543901,0.428306,0.0964402,1.40988,0.547621,0.360503,0.0421695,5.58185,104.4,154.6,0.177126,37.1332
286500,9687.48,0.591277,33.866,33.78,0.0918921,4887.84,2527.1,562.755,28.1378,1203.15,1120.86,0,31.7385,148.597,1639.19,1701.94,0.145705,0.298648,7.12566,0.0581374,0.00752959,0.435397,0.54493,0.429357,0.0961059,1.42464,0.553535,0.362562,0.0424739,5.43559,87,161.4,0.185898,36.6383
287000,9699.2,0.591992,33.816,34.114,0.0975476,4942.6,2532.02,548.534,27.4267,1234.86,1112.7,0,31.4212,148.456,1642.13,1705.84,0.145943,0.299062,7.12967,0.0566206,0.00750976,0.43635,0.547613,0.429939,0.0958013,1.42993,0.544796,0.360324,0.0404615,5.33642,96,160.8,0.180317,37.4981
287500,9714.5,0.592926,33.966,34.136,0.0940096,4868.68,2536.92,537.218,26.8609,1166.7,1103.65,0,30.8846,148.786,1644.99,1708.6,0.145985,0.299174,7.13305,0.0553561,0.00749868,0.436811,0.550067,0.430567,0.0958107,1.42064,0.555793,0.360358,0.0397197,6.28305,98.4,150,0.184818,37.2481
288000,9737.42,0.594325,33.648,33.82,0.0896724,4752.65,2543.35,524.461,26.2231,1081.57,1088.64,0,30.623,149.27,1648.16,1711.02,0.146007,0.2994,7.13267,0.053895,0.00750915,0.4369,0.547921,0.430541,0.096303,1.40789,0.562012,0.368046,0.0403576,6.25925,107.2,154.4,0.182537,36.7823
288500,9763.06,0.59589,33.882,33.888,0.0928579,4710,2550.85,533.368,26.6684,1077.08,1095.5,0,30.551,148.448,1651.63,1715.14,0.146267,0.300117,7.12957,0.0546868,0.00753864,0.437125,0.544853,0.429605,0.0967287,1.40206,0.559279,0.370307,0.0414607,4.86523,85.2,174.2,0.184361,37.0222
289000,9729.62,0.593849,34.166,33.756,0.0835941,4769.69,2542.05,544.616,27.2308,1137.74,1114.82,0,31.3165,148.491,1654.65,1718.84,0.146496,0.300801,7.12495,0.0560258,0.00755261,0.437529,0.544071,0.429902,0.0968415,1.4085,0.55198,0.367425,0.0422489,4.90973,86.6,171.2,0.179801,37.1732
289500,9679.26,0.590775,33.784,33.776,0.0925795,4884.54,2529.19,551.663,27.5832,1200.61,1123.57,0,31.6003,148.461,1657.47,1721.48,0.146761,0.301418,7.11742,0.0570255,0.0075484,0.437744,0.543902,0.430485,0.0964872,1.42462,0.535664,0.358699,0.0415004,4.34263,81.8,163.4,0.168856,37.0422
290000,9695.48,0.591765,33.924,33.92,0.0921892,4936.61,2529.5,541.955,27.0977,1229.17,1114.32,0,31.2497,148.583,1660.06,1726.14,0.146152,0.30019,7.11382,0.0559294,0.00755697,0.438382,0.545847,0.430432,0.0961708,1.4286,0.529239,0.356955,0.0397953,4.37971,83.4,159.6,0.160975,36.9911
290500,9713.5,0.592865,33.904,34.19,0.0941692,4866.9,2532.37,527.496,26.3748,1168.62,1100.78,0,30.8035,148.575,1661.86,1729.62,0.146001,0.299793,7.11361,0.0543704,0.00754685,0.439641,0.552417,0.431588,0.0964894,1.42017,0.504375,0.345681,0.0373463,3.98791,82.4,149.2,0.148338,37.7512
291000,9732.5,0.594025,33.884,33.956,0.0910728,4747.93,2538.23,522.389,26.1194,1084.9,1088,0,30.3749,149.049,1664.73,1732.64,0.146116,0.300201,7.11955,0.0537075,0.00752839,0.440288,0.552635,0.43178,0.0968975,1.40692,0.498558,0.341684,0.0370631,4.02276,78,157.2,0.151552,37.2464
291500,9739.5,0.594452,33.904,33.998,0.0956791,4699.88,2537.89,531.291,26.5646,1082.32,1093.16,0,30.4668,148.236,1667.67,1736.56,0.145688,0.299532,7.11071,0.0545778,0.00754101,0.441602,0.551926,0.432184,0.0966052,1.40201,0.524633,0.354176,0.0388042,4.21089,86.6,170.2,0.165074,36.849
292000,9733.1,0.594061,34.224,33.808,0.0861444,4768.33,2532.8,568.119,28.4059,1144.47,1119.38,0,31.2273,148.297,1670.99,1739.58,0.145412,0.299039,7.10152,0.0584316,0.00755296,0.441382,0.550075,0.432112,0.0959711,1.40782,0.532626,0.362534,0.0413413,4.20041,91.8,173.2,0.165006,37.037
292500,9674.16,0.590464,33.736,33.638,0.0906691,4884.85,2514.72,564.242,28.2121,1212.42,1120.18,0,31.6264,148.571,1673.71,1741.96,0.145064,0.298402,7.09602,0.0583614,0.00754555,0.441631,0.549539,0.431935,0.0959743,1.4255,0.51751,0.357873,0.0408332,3.25651,47.2,160,0.152731,37.3803
293000,9690.24,0.591445,33.906,34.002,0.0952766,4939.86,2516.23,559.438,27.9719,1241.67,1116.44,0,31.3484,148.469,1676.16,1745.16,0.144543,0.297424,7.08818,0.0577697,0.00752399,0.442297,0.552134,0.432994,0.0957067,1.43001,0.519295,0.353809,0.0392322,3.66549,61,169.6,0.162545,36.7465
293500,9718.66,0.59318,33.858,34.082,0.0948594,4870.16,2521.67,542.364,27.1182,1180.08,1101.53,0,30.9503,148.681,1678.28,1749.24,0.144202,0.296744,7.09292,0.0558596,0.00751279,0.44304,0.553117,0.433851,0.0958263,1.42006,0.510578,0.349951,0.0376441,3.75511,71.4,162.4,0.155296,36.8586
294000,9740.34,0.594503,33.884,33.98,0.0895637,4752.52,2524.72,525.548,26.2774,1087.66,1102.91,0,30.536,148.942,1680.43,1751.46,0.144135,0.296511,7.08817,0.0539927,0.00751034,0.443894,0.553046,0.434996,0.0970983,1.40733,0.492654,0.342254,0.0369647,3.26999,56,149.2,0.1403,37.5888
294500,9765.18,0.596019,33.936,33.918,0.0907392,4710.56,2532.57,543.929,27.1964,1090.73,1101.03,0,30.5773,148.494,1683.97,1753.44,0.144241,0.296786,7.08599,0.0557423,0.00751715,0.443911,0.549113,0.43516,0.0965853,1.40156,0.513297,0.352765,0.0387444,3.44027,54,160.8,0.153805,37.3856
295000,9748.24,0.594985,34.27,33.93,0.088708,4774.89,2531.69,558.429,27.9214,1144.86,1124.13,0,31.1811,148.366,1687.44,1756.32,0.144935,0.298141,7.07609,0.0573408,0.00752489,0.443447,0.547734,0.435348,0.0969262,1.40694,0.53295,0.361927,0.0410007,3.8043,65.2,160.6,0.162609,36.6723
295500,9725.92,0.593623,33.768,33.656,0.0901262,4899.97,2527.69,563.112,28.1556,1209.56,1123.76,0,31.6446,148.91,1690.6,1759.9,0.14504,0.298134,7.08391,0.0579375,0.00751793,0.444461,0.549458,0.435563,0.097071,1.42217,0.52987,0.359782,0.0410622,4.32156,100.6,161.6,0.16209,36.9406
296000,9721.8,0.593372,33.934,34.028,0.0893402,4951.5,2522.14,560.772,28.0386,1237.36,1126.65,0,31.374,148.587,1692.84,1760.96,0.144366,0.296922,7.0713,0.0577372,0.00751729,0.445777,0.551417,0.435953,0.0957915,1.42905,0.543944,0.367956,0.0402848,5.03345,121.4,170.8,0.167529,37.6184
296500,9761.94,0.595822,34.04,34.24,0.090663,4883.03,2531.22,544.615,27.2307,1179.82,1113.95,0,30.8948,149.15,1694.89,1763.4,0.144024,0.296328,7.08018,0.0558526,0.00750419,0.447661,0.554426,0.436464,0.095304,1.41778,0.532656,0.363202,0.0386711,3.93238,63.8,159.2,0.159064,36.7596
297000,9744.94,0.594784,33.694,33.872,0.0889153,4755.24,2523.85,529.733,26.4867,1090.74,1095.25,0,30.5961,149.013,1697.33,1766.74,0.143714,0.295618,7.07697,0.0543881,0.00750582,0.448766,0.556223,0.436751,0.0958439,1.40754,0.523433,0.357642,0.0381117,4.19896,81.4,161.6,0.160939,36.8351
297500,9770.3,0.596332,33.948,33.882,0.0909523,4714.87,2534.18,536.7,26.835,1093.71,1100.89,0,30.6121,148.437,1700.84,1771.46,0.144446,0.297081,7.07754,0.0549821,0.0075242,0.448732,0.55459,0.436718,0.0961748,1.40219,0.520101,0.354698,0.038897,3.95664,71.2,159.2,0.158502,37.3525
298000,9743.1,0.594672,34.272,33.876,0.0797537,4777.93,2526.01,553.68,27.684,1150.8,1133.22,0,31.279,148.31,1704.41,1776.06,0.144382,0.296923,7.0705,0.0568836,0.00754521,0.448699,0.554639,0.436397,0.0960565,1.40844,0.520805,0.354757,0.040771,4.10028,67,156.8,0.155992,37.1102
298500,9698.44,0.591946,33.668,33.7,0.0885654,4895.23,2515.29,548.014,27.4007,1216.03,1126.54,0,31.7042,149.029,1706.91,1779.5,0.144376,0.296902,7.07707,0.0565414,0.00754416,0.448992,0.555892,0.436561,0.0963977,1.42493,0.513852,0.347948,0.0396048,3.87797,66.8,153,0.156885,36.9539
299000,9723.6,0.593481,33.756,33.784,0.0862598,4954.09,2517.51,543.921,27.196,1245.1,1119.74,0,31.3996,148.368,1708.87,1782.9,0.143934,0.296005,7.0605,0.0559752,0.00753159,0.449777,0.557245,0.437209,0.0953236,1.42957,0.516139,0.34882,0.0380517,4.5971,96.8,144.8,0.155803,36.9902
299500,9744.6,0.594763,34.142,34.338,0.087663,4879.82,2523.12,543.276,27.1638,1177.77,1124.06,0,30.9352,148.852,1711.46,1786.02,0.144013,0.295933,7.05317,0.0558066,0.00752761,0.451124,0.559048,0.43804,0.0961058,1.41937,0.524022,0.35215,0.0378003,4.43672,76.6,149.6,0.16012,37.673
300000,9851.5,0.601288,34.2885,33.5269,0.0752083,4411.66,2554.15,517.058,25.8529,900.828,1096.73,0,30.0004,148.288,1714.41,1788.12,0.144403,0.296674,7.07468,0.0525087,0.00756961,0.450964,0.554636,0.437857,0.0993687,1.36525,0.529967,0.35937,0.0400772,4.1135,76.6667,159,0.15897,38.2716
