tick,population,occupancy,births_per_tick,deaths_per_tick,starved_share,inflow_in,cost_out,transfer,transit_loss,overflow,death_loss,extinct,energy_mean,age_mean,generation_mean,generation_max,active_params_frac,expressed_hidden_frac,msg_bandwidth,transfer_per_cell,eta_mean,div_weights,div_learning,div_masks,weight_drift,habitat_match,ticks_per_s
500,9047.16,0.552195,34.052,33.782,0.00139028,4636.13,2635.39,19371.8,968.591,28.2476,1014.44,0,30.4143,152.409,3.71383,12.72,0.220159,0.422528,5.92381,2.1403,0.00552897,0.0269288,0.0262811,0.0819075,0.0327143,1.46437,42.658
1000,9219.6,0.56272,29.076,29.024,0,4694.83,2678.26,20605.6,1030.28,39.5917,912.618,0,31.7664,153.825,6.89826,15.82,0.219054,0.421205,5.90292,2.23493,0.00552548,0.0368601,0.0363039,0.114164,0.0333107,1.45472,43.5365
1500,9291.56,0.567112,30.954,30.73,0,4717.73,2694.94,20255.6,1012.78,25.4069,960.008,0,31.1241,149.187,10.1337,19.26,0.219775,0.422795,5.82673,2.17992,0.00551943,0.044703,0.0450086,0.136906,0.0324231,1.45102,42.9699
2000,9333.06,0.569645,31.854,31.87,0,4731.82,2702.11,20391.3,1019.56,29.8091,1008.59,0,31.2716,152.411,13.3358,23.52,0.22004,0.423651,5.74717,2.18486,0.00552605,0.0510778,0.0518383,0.155163,0.0335337,1.44854,43.943
2500,9369.3,0.571857,30.766,30.684,0,4744.57,2713.32,20495.6,1024.78,32.2176,963.483,0,31.2941,151.919,16.5726,28.74,0.220662,0.42504,5.71581,2.18755,0.00552898,0.0568907,0.0582378,0.16986,0.0341694,1.44685,45.1447
3000,9391.66,0.573221,31.246,31.212,0,4751.6,2718.67,20354.1,1017.71,30.3412,976.667,0,31.0588,150.896,19.7746,30.3,0.221327,0.426472,5.66224,2.16727,0.00552798,0.0624184,0.0640027,0.184452,0.034424,1.44555,45.3886
3500,9427.38,0.575402,31.736,31.628,0,4762.31,2725.44,20396.3,1019.82,31.8709,993.373,0,31.0514,151.544,22.9815,34.14,0.221445,0.426972,5.61236,2.16353,0.00553052,0.067052,0.0682327,0.197516,0.0347185,1.44317,45.5371
4000,9460.28,0.57741,31.406,31.296,0,4772.49,2733.67,20428.1,1021.41,34.174,978.698,0,30.993,151.727,26.1617,35.84,0.221714,0.427591,5.58881,2.15936,0.00552751,0.0715174,0.0721903,0.209283,0.0346119,1.44154,46.7054
4500,9499.88,0.579827,31.726,31.678,0,4784.59,2742.25,20412.7,1020.63,33.2545,988.119,0,30.8848,151.439,29.2947,38.98,0.221916,0.428204,5.54074,2.14873,0.00551582,0.0762524,0.0769009,0.220076,0.0346215,1.43893,46.107
5000,9524.46,0.581327,31.74,31.728,0,4792.21,2747.27,20392.3,1019.61,35.4221,989.604,0,30.8161,151.23,32.4408,43.24,0.222344,0.429247,5.49054,2.14104,0.0055136,0.0803109,0.0817438,0.228935,0.0347647,1.43746,46.4947
5500,9548.36,0.582786,31.9,31.81,0,4799.72,2746.6,20418,1020.9,37.1968,992.277,0,30.8388,151.551,35.6329,47.5,0.221891,0.428459,5.4383,2.13838,0.00551793,0.0845251,0.0867727,0.236748,0.034897,1.43613,46.1603
6000,9567.18,0.583934,31.882,31.9,0,4805.78,2747.58,20465.4,1023.27,36.5585,996.549,0,30.9013,151.56,38.8712,50.66,0.221785,0.428302,5.39424,2.13912,0.00553379,0.0888144,0.0919999,0.245552,0.0351092,1.43493,46.4677
6500,9596.66,0.585734,31.984,31.896,0,4813.07,2752.33,20455.1,1022.75,42.8632,994.582,0,30.8397,151.563,42.0132,54.06,0.221944,0.428681,5.35088,2.13148,0.00553989,0.0922798,0.0963037,0.251957,0.0354401,1.43299,47.002
7000,9606.02,0.586305,32.128,32.114,5.98802e-05,4815.41,2752.34,20431.2,1021.56,40.041,1002.45,0,30.8284,151.407,45.0753,56.94,0.222218,0.429353,5.30592,2.12692,0.00554752,0.0953152,0.100275,0.257438,0.0353404,1.43218,46.8436
7500,9619.96,0.587156,32.008,31.98,0,4819.67,2750.51,20466.3,1023.31,41.2541,1001.45,0,30.9015,151.619,48.3036,60.92,0.222267,0.429462,5.24047,2.12748,0.00554949,0.0984087,0.104154,0.262193,0.0356534,1.43137,46.7109
8000,9649.14,0.588937,32.222,32.13,0,4828.54,2752.42,20469.2,1023.46,45.6641,1005.85,0,30.8891,151.365,51.5249,63.98,0.222143,0.429307,5.18111,2.12135,0.00554853,0.101337,0.107767,0.268362,0.0359293,1.42964,46.9152
8500,9676.38,0.590599,32.328,32.29,0,4835.66,2755.68,20471.9,1023.6,45.2504,1009.39,0,30.8487,151.161,54.7453,67.52,0.222151,0.429353,5.13763,2.11566,0.00554966,0.104548,0.111437,0.27349,0.0362586,1.42793,46.5807
9000,9685.72,0.591169,32.334,32.326,6.23053e-05,4837.66,2753.34,20491,1024.55,49.8593,1011.53,0,30.9009,151.683,57.9664,71.44,0.221946,0.429096,5.09634,2.11559,0.00553998,0.10772,0.113821,0.277505,0.0362228,1.42705,47.183
9500,9695.96,0.591794,32.292,32.278,0,4841.1,2753.67,20474.3,1023.72,49.4693,1010.4,0,30.913,151.439,61.1545,75.66,0.222187,0.429652,5.05401,2.11163,0.00553938,0.110706,0.117399,0.282374,0.0365585,1.42654,47.3895
10000,9709.38,0.592614,32.468,32.444,0,4844.66,2752.61,20438.9,1021.95,52.9508,1017.76,0,30.9028,151.194,64.3258,79.5,0.222087,0.429571,5.0079,2.10507,0.00553793,0.113496,0.120464,0.286966,0.0365309,1.42552,47.281
10500,9728.52,0.593782,32.478,32.434,0,4849.79,2750.26,20432.1,1021.6,53.1994,1021.81,0,30.9857,151.354,67.6259,83.94,0.222099,0.429643,4.93396,2.10023,0.00554442,0.116353,0.123505,0.292206,0.0366699,1.42461,47.2014
11000,9750.84,0.595144,32.482,32.418,0,4856.23,2749.4,20400.1,1020,59.1975,1023.22,0,31.0241,151.448,70.8895,86.54,0.221826,0.429403,4.87505,2.09214,0.00554364,0.119388,0.126246,0.297313,0.0372034,1.4231,47.1244
11500,9758.58,0.595616,32.426,32.5,0,4858.22,2742.93,20383.6,1019.18,59.0536,1032.75,0,31.1592,151.627,74.0084,90.18,0.221656,0.429355,4.79819,2.08879,0.00555748,0.122253,0.128643,0.302041,0.0378114,1.42267,47.1337
12000,9765.34,0.596029,32.63,32.588,0,4860.42,2738.95,20368.9,1018.45,62.202,1044.23,0,31.2324,151.669,77.082,94.12,0.221496,0.429231,4.74581,2.08585,0.00555891,0.124754,0.131437,0.305003,0.0378892,1.42222,47.0529
12500,9775.62,0.596656,32.63,32.568,0,4863.88,2738.12,20384.9,1019.24,62.0816,1040.63,0,31.26,151.25,80.3455,97.8,0.221345,0.429113,4.71158,2.08528,0.00556753,0.12743,0.13454,0.308549,0.0388167,1.42148,47.3698
13000,9802.26,0.598282,32.724,32.664,0,4870.43,2743.63,20412.2,1020.61,64.7597,1044.55,0,31.2025,151.546,83.5385,101.34,0.22156,0.429609,4.68372,2.0824,0.00557298,0.130255,0.137277,0.312305,0.0392741,1.41979,47.0843
13500,9815.66,0.5991,32.788,32.796,0,4873.97,2744.98,20398.3,1019.92,67.5103,1041.93,0,31.1641,151.42,86.6792,106.8,0.221566,0.4298,4.65658,2.07814,0.00556863,0.13275,0.138878,0.31568,0.0393507,1.41878,47.0582
14000,9828.18,0.599865,32.682,32.642,0,4877.55,2742.08,20387.7,1019.38,68.1058,1041.94,0,31.2775,151.476,89.8962,110.52,0.221592,0.43009,4.58728,2.07441,0.00557403,0.134868,0.140983,0.318106,0.040325,1.41789,47.0985
14500,9842.76,0.600754,32.828,32.79,5.61798e-05,4881.81,2744.03,20362.5,1018.13,70.5262,1049.18,0,31.2842,151.724,93.0149,113.78,0.222089,0.431232,4.53892,2.06878,0.00558728,0.137321,0.143814,0.321101,0.0413674,1.41711,46.4887
15000,9858.76,0.601731,32.858,32.828,0,4886.16,2739.85,20333.9,1016.69,72.8147,1053.95,0,31.3525,151.518,96.2488,116.6,0.221764,0.430698,4.4707,2.06252,0.00561242,0.140072,0.146777,0.323058,0.0428386,1.41603,45.2817
15500,9862.14,0.601937,32.69,32.682,0,4886.87,2734.72,20300.7,1015.04,80.735,1049.71,0,31.3888,151.403,99.4254,119.62,0.221445,0.430099,4.42503,2.05845,0.00562798,0.142269,0.148764,0.326226,0.0437349,1.41557,42.8932
16000,9870.08,0.602422,33.13,33.142,0,4889.12,2732,20271.8,1013.59,81.5139,1066.12,0,31.4475,151.58,102.545,120.36,0.221657,0.43042,4.36175,2.05386,0.00563796,0.144334,0.151036,0.328671,0.0448469,1.4151,42.7001
16500,9878.74,0.60295,32.842,32.8,0,4890.76,2728.42,20269.5,1013.48,83.9544,1063.26,0,31.5845,151.752,105.841,121.14,0.221936,0.430824,4.29027,2.05183,0.00565502,0.146344,0.154096,0.331061,0.0455156,1.41466,42.6957
17000,9889.26,0.603593,32.816,32.79,0,4894.21,2722.98,20241.8,1012.09,86.8213,1064.33,0,31.653,151.558,109.148,125.28,0.221585,0.430151,4.22589,2.04685,0.00567472,0.148393,0.157757,0.333724,0.0460103,1.41404,41.6773
17500,9904.66,0.604532,33.158,33.124,5.52486e-05,4898.84,2717.84,20199,1009.95,92.3215,1079.34,0,31.775,151.574,112.289,128.42,0.221518,0.430031,4.1324,2.03935,0.00569462,0.150294,0.161071,0.337806,0.0471812,1.41303,40.9546
18000,9914.86,0.605155,33.098,33.108,5.88235e-05,4901.2,2718.1,20132.4,1006.62,95.1769,1083.05,0,31.7904,151.399,115.395,132.34,0.222026,0.430852,4.07888,2.03053,0.00571701,0.152644,0.163865,0.339638,0.0482349,1.41235,40.7852
18500,9926.68,0.605876,32.896,32.88,0,4904.23,2718.27,20130.3,1006.52,96.1643,1077.36,0,31.8355,151.858,118.566,136.54,0.222142,0.43095,4.04252,2.0279,0.00574118,0.154844,0.165471,0.341509,0.0487661,1.41169,39.9305
19000,9911.94,0.604977,33.116,33.108,6.71141e-05,4900.33,2707.9,20081.2,1004.06,97.0622,1089.49,0,31.9559,151.264,121.786,140.22,0.221985,0.430472,3.98522,2.02596,0.00576896,0.157202,0.167081,0.343997,0.0494104,1.4125,39.9873
19500,9919.36,0.60543,33.114,33.12,0,4901.91,2702.26,20058.6,1002.93,97.3651,1097.39,0,32.0738,151.407,124.857,143.12,0.221927,0.430369,3.91175,2.02217,0.00579494,0.159778,0.168397,0.344477,0.0508857,1.412,39.8444
20000,9938,0.606567,33.156,33.1,0,4907.56,2703.5,20068,1003.4,92.2269,1104.64,0,32.1355,151.339,127.987,146.54,0.222067,0.430771,3.86644,2.01933,0.00580986,0.161711,0.169568,0.345339,0.0520635,1.41092,32.9859
20500,9952.66,0.607462,33.092,33.078,0,4911.45,2707.58,20116.9,1005.84,92.0136,1105.21,0,32.1488,151.573,131.307,149.7,0.222081,0.430844,3.86643,2.02126,0.00582264,0.163527,0.171082,0.34656,0.0527951,1.40985,36.9564
21000,9944.76,0.60698,33.14,33.176,0,4909.08,2705.39,20059.2,1002.96,93.1268,1108.12,0,32.1769,151.577,134.654,154.44,0.222438,0.4317,3.84548,2.01707,0.00582947,0.165177,0.171781,0.347473,0.0536963,1.41039,39.8051
21500,9936.36,0.606467,33.162,33.162,0,4906.67,2701.78,19983.6,999.183,94.9828,1110.7,0,32.219,151.658,137.952,158.26,0.22278,0.432379,3.80744,2.01116,0.00583687,0.166805,0.173231,0.349714,0.0547639,1.41079,40.0276
22000,9935.82,0.606434,33.006,33.014,0,4906.43,2696.14,19957.8,997.889,101.034,1110.18,0,32.2557,151.622,141.07,160.34,0.222372,0.431779,3.77854,2.00867,0.00584472,0.168565,0.175324,0.352198,0.0553314,1.41085,39.64
22500,9932.1,0.606207,33.158,33.164,0,4905.81,2693.8,19954,997.703,97.8377,1116.88,0,32.2777,151.304,144.047,164.52,0.222515,0.432183,3.75726,2.00905,0.0058523,0.170446,0.178315,0.353489,0.0557058,1.41123,39.0096
23000,9934.94,0.606381,33.232,33.232,0,4905.82,2697.15,19937.8,996.891,101.147,1115.22,0,32.2397,151.59,147.089,168.54,0.223052,0.433212,3.75443,2.00684,0.00587988,0.172008,0.181453,0.354978,0.0564625,1.41097,40.4832
23500,9935.94,0.606442,32.924,32.912,0,4907.27,2698,19927.7,996.383,101.59,1102.63,0,32.251,151.51,150.158,172.18,0.223308,0.433887,3.74216,2.00562,0.00589169,0.174132,0.182571,0.356008,0.0571951,1.41114,40.9369
24000,9935.88,0.606438,33.338,33.304,0,4906.93,2693.76,19896.9,994.843,100.502,1123.28,0,32.29,151.443,153.343,175.72,0.223237,0.433683,3.70466,2.00253,0.00589996,0.175789,0.18251,0.357096,0.0573388,1.41107,41.2501
24500,9958.3,0.607806,33.182,33.11,0,4912.35,2696.26,19961.3,998.066,96.858,1119.16,0,32.3753,151.617,156.618,180.2,0.223058,0.433248,3.6797,2.0045,0.00591653,0.177254,0.183467,0.358255,0.0585773,1.40946,41.1954
25000,9974.12,0.608772,33.158,33.208,0,4916.85,2697.85,19912.5,995.627,101.355,1121.07,0,32.3246,151.478,159.829,182.74,0.222948,0.433038,3.65844,1.99642,0.00593371,0.178561,0.184838,0.359336,0.0591502,1.40846,41.1128
25500,9978.5,0.609039,33.232,33.212,5.91716e-05,4917.54,2696.57,19937.5,996.875,100.436,1120.25,0,32.3818,151.637,163.048,184.74,0.223067,0.433235,3.62704,1.99805,0.00595311,0.18033,0.186023,0.360588,0.0601422,1.40804,40.595
26000,9978.62,0.609047,33.24,33.25,0,4917.52,2694.71,19941.2,997.058,100.74,1123.19,0,32.4192,151.38,166.192,188.08,0.22296,0.43277,3.61589,1.99839,0.0059583,0.182485,0.187641,0.362157,0.0612464,1.40815,40.6593
26500,9969.16,0.608469,33.184,33.192,5.93472e-05,4915.03,2689.9,19927,996.35,102.894,1125.16,0,32.4989,151.737,169.291,190.6,0.222899,0.432722,3.59545,1.99887,0.00595816,0.184392,0.188831,0.364076,0.0617772,1.40871,41.1365
27000,9983.3,0.609332,33.338,33.334,0,4919.24,2695.86,19933.1,996.655,104.643,1126.41,0,32.4568,151.519,172.332,194.32,0.223203,0.433353,3.59434,1.99664,0.00596431,0.185865,0.189273,0.366961,0.062887,1.40766,41.1235
27500,9979.9,0.609125,33.388,33.334,0,4917.84,2690.38,19899.1,994.957,103.602,1127.2,0,32.5095,151.379,175.459,197.94,0.223245,0.43343,3.54926,1.99392,0.005969,0.187068,0.189962,0.367936,0.0633336,1.4079,40.9684
28000,9981.66,0.609232,33.276,33.278,0,4917.85,2686.68,19827.7,991.388,109.429,1130.95,0,32.5261,151.385,178.621,202.32,0.223218,0.433216,3.51017,1.98642,0.00597158,0.188411,0.19136,0.369127,0.0644246,1.4078,40.4339
28500,9991.94,0.60986,33.206,33.168,0,4919.8,2685.82,19819.4,990.969,110.576,1126.12,0,32.5309,151.383,181.771,207,0.223033,0.4329,3.48502,1.98354,0.00598852,0.189815,0.19228,0.370463,0.0655499,1.40685,40.7127
29000,9981.58,0.609227,33.226,33.282,0,4917.89,2688.34,19843.3,992.167,106.653,1132.17,0,32.5688,151.723,185.033,209.78,0.22371,0.434287,3.49499,1.988,0.00601453,0.191471,0.19184,0.372197,0.0671557,1.40764,41.1895
29500,9990.16,0.609751,33.36,33.32,0,4920.02,2691.07,19789,989.452,106.626,1133.16,0,32.5378,151.273,188.32,214.26,0.224305,0.435565,3.46681,1.98085,0.00603404,0.192976,0.192906,0.374508,0.0689196,1.4072,41.237
30000,9998.78,0.610277,33.34,33.37,0,4922.79,2693.78,19785.2,989.262,106.263,1132.1,0,32.5667,151.506,191.443,217.48,0.224472,0.435797,3.45829,1.97877,0.00604508,0.194452,0.195041,0.374709,0.0697175,1.4067,41.068
30500,9993.76,0.609971,33.232,33.232,5.89971e-05,4921.32,2693.73,19807.6,990.381,109.673,1128.31,0,32.5675,151.724,194.631,221.26,0.224649,0.4361,3.46218,1.982,0.00607234,0.1962,0.197369,0.374586,0.070161,1.40696,40.6122
31000,9997.16,0.610178,33.38,33.38,0,4922.2,2694.14,19796.9,989.844,106.11,1132.78,0,32.5362,151.461,197.891,223.54,0.224735,0.436561,3.4506,1.98025,0.00607919,0.197868,0.198395,0.375206,0.0704544,1.40678,40.4906
31500,9992.46,0.609891,33.344,33.316,0,4920.73,2691.52,19807.7,990.387,107.142,1132.48,0,32.5661,151.633,200.934,226.2,0.224757,0.436682,3.43952,1.98227,0.00608241,0.199531,0.200482,0.376667,0.0712178,1.40712,40.6721
32000,9986.72,0.609541,33.146,33.196,0,4919.6,2688.06,19777.9,988.896,113.977,1127.28,0,32.581,151.64,204.085,229.46,0.224546,0.436375,3.42852,1.98042,0.00608019,0.201188,0.201844,0.37765,0.0713181,1.40747,41.1197
32500,9987.4,0.609583,33.376,33.364,0,4919.91,2687.43,19736.1,986.803,113.834,1132.84,0,32.5734,151.398,207.174,232.94,0.224733,0.436773,3.41577,1.9761,0.00608246,0.202608,0.201363,0.378668,0.0715238,1.40766,41.2034
33000,9986.46,0.609525,33.266,33.268,0,4919.73,2682.62,19703.4,985.17,115.27,1134.67,0,32.6723,151.692,210.129,234.72,0.22479,0.437022,3.3603,1.97301,0.00608357,0.20411,0.200912,0.379778,0.0726036,1.40754,40.9787
33500,9985.82,0.609486,33.196,33.206,0,4919.51,2683.07,19713.3,985.664,113.304,1136.95,0,32.659,151.427,213.197,238.06,0.224969,0.437542,3.35803,1.97413,0.0060927,0.205788,0.201703,0.381673,0.0732369,1.4077,40.9285
34000,9988.42,0.609645,33.312,33.282,0,4920.4,2682.86,19691.2,984.559,114.496,1136.16,0,32.7135,151.491,216.241,241.9,0.225134,0.437744,3.33418,1.9714,0.00609619,0.207483,0.203228,0.382898,0.0735914,1.40737,41.021
34500,9991.52,0.609834,33.412,33.434,0,4920.86,2683.57,19659.6,982.978,111.838,1143.27,0,32.6768,151.352,219.347,245.22,0.225365,0.438285,3.31903,1.96762,0.0061206,0.208694,0.205196,0.383051,0.0747804,1.40713,41.1398
35000,9997.68,0.61021,33.326,33.286,0,4922.72,2684.01,19673.6,983.682,117.428,1141.17,0,32.7702,151.711,222.456,249.22,0.225775,0.439092,3.28327,1.96783,0.00614588,0.209791,0.207214,0.383299,0.0762774,1.4068,40.742
35500,9997.24,0.610183,33.188,33.16,0,4922.43,2683.24,19653.2,982.659,115.367,1134.43,0,32.7931,151.533,225.411,252.16,0.226034,0.439625,3.26309,1.96586,0.00617008,0.211065,0.207953,0.384334,0.0771016,1.4069,40.5019
36000,10003.7,0.610575,33.47,33.484,5.84795e-05,4924.14,2686.57,19612.4,980.62,115.824,1145.77,0,32.7152,151.266,228.394,255.54,0.226199,0.43997,3.26593,1.96052,0.00616789,0.212219,0.208674,0.385163,0.0774609,1.4063,40.7886
36500,10010.7,0.611003,33.368,33.364,6.73401e-05,4925.7,2693.09,19633.8,981.692,114.962,1138.31,0,32.6204,151.687,231.466,258.46,0.226353,0.440307,3.30494,1.96129,0.00616152,0.213586,0.210472,0.386117,0.0778538,1.4058,40.5842
37000,10021.4,0.61166,33.358,33.358,0,4927.78,2696.74,19592.2,979.61,115.971,1135.22,0,32.5557,151.387,234.642,261.06,0.226469,0.440693,3.30659,1.95503,0.00618692,0.215182,0.211634,0.387086,0.0783224,1.40504,40.7313
37500,10022.8,0.611741,33.372,33.336,0,4927.88,2697.15,19530.7,976.534,118.85,1134.12,0,32.4992,151.581,237.693,263.5,0.226629,0.44108,3.29925,1.94864,0.00621164,0.216209,0.213728,0.387194,0.0800538,1.4051,40.0211
38000,10024.3,0.611836,33.372,33.384,0,4928.92,2693.87,19543.5,977.176,117.593,1136.78,0,32.5923,151.501,240.97,267.22,0.226335,0.440709,3.27444,1.94961,0.0062114,0.217576,0.216431,0.38776,0.0816807,1.40491,39.2765
38500,10024.3,0.611833,33.518,33.54,0,4928.48,2690.24,19538.8,976.938,123.263,1142.1,0,32.6555,151.591,244.145,270.86,0.226009,0.440137,3.25688,1.94914,0.00620915,0.219179,0.218977,0.387259,0.0833227,1.40475,40.2388
39000,10013.7,0.61119,33.312,33.332,0,4925.02,2680.79,19468.8,973.441,123.537,1141.67,0,32.7582,151.429,247.11,273.56,0.225657,0.439535,3.21594,1.94421,0.00622058,0.220556,0.219807,0.3877,0.0839879,1.40533,40.5585
39500,10021,0.611632,33.352,33.342,0,4927.71,2680.03,19429.9,971.497,128.788,1145.78,0,32.7964,151.563,250.283,277.08,0.225578,0.439404,3.18796,1.93893,0.00623581,0.22173,0.220796,0.389298,0.0848259,1.40467,41.0707
40000,10030.3,0.612202,33.486,33.462,0,4929.84,2681.21,19405.6,970.282,131.003,1150.15,0,32.7665,151.574,253.54,280.16,0.225687,0.439692,3.17434,1.9347,0.00623608,0.223241,0.222292,0.390145,0.0857997,1.4043,33.511
40500,10039,0.612729,33.506,33.468,0,4932.19,2680.76,19408.5,970.424,131.87,1148.71,0,32.7735,151.48,256.558,282.92,0.225339,0.439124,3.16764,1.93331,0.00624241,0.224394,0.223847,0.391744,0.0867625,1.40386,37.2006
41000,10040.7,0.612833,33.512,33.564,0,4932.98,2680.49,19352.9,967.645,135.293,1152.9,0,32.7536,151.449,259.545,286.06,0.225311,0.438968,3.15803,1.92745,0.00626298,0.225695,0.223769,0.393988,0.0876277,1.40362,39.2971
41500,10029.6,0.612156,33.336,33.3,0,4929.89,2677.09,19424.3,971.214,130.08,1143.77,0,32.8577,151.47,262.675,288.38,0.22503,0.438384,3.16823,1.9367,0.00627048,0.227651,0.225063,0.395466,0.0886451,1.40421,38.9353
42000,10030.6,0.612222,33.464,33.484,6.47249e-05,4928.64,2674.23,19438.6,971.93,129.999,1151.49,0,32.8799,151.303,265.909,292.1,0.224524,0.437544,3.17455,1.93792,0.00627202,0.229482,0.227045,0.397461,0.0894037,1.40403,38.9551
42500,10031.4,0.612267,33.506,33.492,0,4929.66,2675.16,19445.3,972.265,133.129,1154.03,0,32.917,151.732,269.275,295.96,0.224154,0.436944,3.20174,1.93845,0.00629547,0.230921,0.228927,0.399726,0.0908759,1.40407,38.8014
43000,10018.4,0.611476,33.27,33.276,0,4926.11,2668.88,19407.3,970.367,132.823,1149.08,0,32.9842,151.512,272.483,298.54,0.224048,0.43668,3.17834,1.93716,0.00632921,0.231537,0.229928,0.40092,0.0923256,1.40479,38.5708
43500,10015.6,0.611302,33.334,33.334,0,4925.33,2667.94,19343,967.15,138.944,1149.02,0,32.9619,151.453,275.677,302.94,0.224149,0.436819,3.17448,1.93129,0.00634459,0.232774,0.232654,0.402351,0.0938052,1.40509,38.0043
44000,10030.6,0.612222,33.626,33.602,0,4929.57,2670.32,19289.2,964.46,141.402,1156.83,0,32.9227,151.394,278.946,306.4,0.224001,0.436773,3.16356,1.92303,0.00633785,0.23421,0.234284,0.402821,0.0943249,1.40404,38.5549
44500,10041.8,0.612903,33.37,33.382,5.95238e-05,4932.6,2669.42,19293.9,964.693,147.026,1151.6,0,33.0045,151.935,282.045,309.38,0.223689,0.43622,3.1458,1.92136,0.00633933,0.235122,0.23482,0.403583,0.0954372,1.40345,38.6685
45000,10042.3,0.612935,33.35,33.336,6.77966e-05,4933.09,2665.75,19230.4,961.521,152.069,1151,0,33.0513,151.551,285.113,313.7,0.223322,0.435694,3.12864,1.91494,0.00635518,0.236737,0.235449,0.403966,0.0963742,1.40348,38.6408
45500,10055,0.613708,33.594,33.558,6.23053e-05,4936.85,2667.98,19184.5,959.226,148.57,1158.99,0,33.004,151.329,288.242,316.32,0.222781,0.434609,3.14867,1.90796,0.00637633,0.238066,0.236577,0.404421,0.0972514,1.40275,38.8368
46000,10051.8,0.613516,33.452,33.472,0,4936.19,2668.39,19126.6,956.328,151.936,1159.47,0,33.0605,151.645,291.413,319.66,0.222863,0.434477,3.15616,1.90279,0.0064054,0.239229,0.237545,0.405525,0.0989055,1.40295,38.9509
46500,10047.1,0.613229,33.532,33.504,0.000187443,4934.06,2665.6,19087.4,954.372,156.208,1160.45,0,33.0718,151.434,294.558,323.34,0.222609,0.433888,3.16137,1.89979,0.00642106,0.240413,0.239423,0.406267,0.0993813,1.40326,39.0081
47000,10065.2,0.614332,33.484,33.452,0,4938.91,2670.58,19013.3,950.663,159.393,1156.24,0,32.9577,151.655,297.716,326.34,0.222407,0.433482,3.17286,1.88901,0.00643393,0.241695,0.240653,0.405724,0.0989567,1.40202,38.7434
47500,10049.2,0.613357,33.532,33.62,0.000232609,4934.58,2668.17,18919.7,945.988,163.429,1163.25,0,32.9634,151.695,300.966,328.32,0.222481,0.433577,3.1862,1.8827,0.00645771,0.242936,0.242087,0.406153,0.0984413,1.40296,38.3786
48000,10026.7,0.611979,33.274,33.292,6.00601e-05,4928.42,2661.72,18881.2,944.062,165.95,1153.79,0,33.0021,151.62,304.349,332.38,0.221979,0.43258,3.20967,1.8831,0.00645224,0.24386,0.24406,0.407105,0.0984529,1.40429,38.8551
48500,10032.1,0.612311,33.402,33.416,0.000119441,4929.58,2662.48,18775.5,938.776,171.243,1156.8,0,32.9769,151.645,307.656,335.46,0.222213,0.433074,3.19687,1.87154,0.00645714,0.244519,0.245625,0.408113,0.0993611,1.40422,38.5396
49000,10033.6,0.612402,33.518,33.46,0.00024001,4929.32,2664.03,18749.4,937.469,172.33,1156.66,0,32.9334,151.512,310.773,337.52,0.22181,0.432265,3.22995,1.86866,0.00648191,0.24564,0.247414,0.409342,0.100886,1.40379,38.5849
49500,10033.5,0.612397,33.402,33.444,5.69801e-05,4930.51,2665.74,18725.1,936.255,172.305,1155.06,0,32.9797,151.49,313.927,343.06,0.221735,0.432209,3.24371,1.86626,0.00650964,0.247036,0.248634,0.410288,0.101595,1.40361,38.13
50000,10037.2,0.612621,33.576,33.552,0.000183819,4930.62,2669.3,18548.6,927.428,178.65,1157.61,0,32.816,151.066,317.334,347.32,0.221658,0.431856,3.28036,1.84798,0.00652361,0.248293,0.251108,0.410502,0.101349,1.40357,38.2088
50500,10035.7,0.612531,33.578,33.618,0.000172352,4930.54,2672.99,18476.4,923.818,185.308,1156.19,0,32.7526,151.485,320.693,349.58,0.221471,0.431393,3.33419,1.84107,0.00651962,0.249692,0.253896,0.411,0.102402,1.40373,38.709
51000,10026.5,0.611968,33.24,33.226,0.000238354,4928.16,2677.98,18373.5,918.676,187.943,1140.43,0,32.6986,151.63,323.882,352.66,0.221498,0.431375,3.40516,1.83251,0.00649646,0.251183,0.256506,0.411326,0.102251,1.40428,38.3461
51500,10022,0.611693,33.426,33.432,0.000242405,4926.96,2680.89,18220.8,911.038,189.455,1146.42,0,32.5887,151.28,327.113,354.94,0.221332,0.431097,3.45243,1.81808,0.00650354,0.251954,0.257937,0.411882,0.102575,1.40439,38.0994
52000,10011,0.611022,33.448,33.464,0.000229151,4924.23,2679.34,18158.3,907.916,194.074,1147.1,0,32.6367,151.93,330.287,357.68,0.221158,0.430763,3.47857,1.81384,0.00649255,0.252462,0.260423,0.412488,0.102642,1.40528,38.2146
52500,10012.7,0.611127,33.32,33.36,0.00059583,4924.54,2683.65,18047.1,902.355,196.92,1144.12,0,32.5312,151.414,333.68,361.78,0.221111,0.430756,3.52293,1.80242,0.00648948,0.25274,0.263828,0.41296,0.101245,1.40531,38.475
53000,10013.1,0.611152,33.468,33.392,0.000544913,4924.05,2685.55,17845.9,892.293,205.586,1140.13,0,32.4141,151.244,336.832,366.6,0.220823,0.43017,3.55999,1.78225,0.00649539,0.253108,0.267033,0.41208,0.101065,1.40519,38.5126
53500,10020.4,0.611597,33.392,33.39,0.00052426,4925.29,2686.39,17703.3,885.167,212.205,1140.74,0,32.3648,151.356,340.061,370.44,0.220633,0.429965,3.55546,1.76674,0.00649759,0.253582,0.269324,0.411912,0.101793,1.40433,38.3744
54000,10013.7,0.611185,33.31,33.4,0.00113141,4922.76,2687.31,17553.5,877.673,222.158,1139.75,0,32.314,151.83,343.463,373.9,0.220472,0.429604,3.59249,1.75295,0.00649232,0.253727,0.27116,0.412668,0.101985,1.40461,39.2464
54500,9996.84,0.610159,33.368,33.398,0.00093834,4918.38,2683.41,17311.6,865.582,229.615,1140.91,0,32.2685,151.161,346.758,376.78,0.220245,0.429067,3.61267,1.73171,0.0065185,0.25387,0.273982,0.412121,0.101994,1.40569,39.5334
55000,9977.04,0.60895,33.28,33.242,0.0010913,4912.44,2679.26,17079.4,853.972,239.884,1140.46,0,32.2909,151.658,349.971,378.36,0.220227,0.429063,3.62706,1.71187,0.00655713,0.254563,0.276454,0.411253,0.102882,1.40682,39.723
55500,9989.76,0.609727,33.158,33.182,0.00161183,4915.36,2685.89,16858.2,842.91,252.072,1134.32,0,32.1378,151.819,353.194,381.92,0.220135,0.428918,3.66498,1.68755,0.00656539,0.255751,0.279658,0.411686,0.102704,1.40588,39.7402
56000,9962,0.608032,33.296,33.314,0.000862154,4907.64,2680.85,16666.7,833.338,255.675,1140.17,0,32.14,151.286,356.327,385.36,0.220017,0.428736,3.69676,1.67303,0.00656164,0.256221,0.282961,0.411784,0.102502,1.40767,39.84
56500,9966.14,0.608285,33.216,33.264,0.00101342,4908.81,2683.26,16508.5,825.427,264.297,1138.8,0,32.0366,151.817,359.491,387.98,0.219953,0.428757,3.70673,1.65646,0.00657064,0.257305,0.284852,0.411837,0.103876,1.40711,39.8713
57000,9962.18,0.608043,33.072,33.04,0.00078418,4906.99,2687.11,16293.5,814.674,277.68,1127.47,0,31.9661,151.469,362.553,391.98,0.219943,0.428784,3.76251,1.63554,0.0065765,0.257804,0.285868,0.412559,0.104192,1.40728,39.7276
57500,9954.02,0.607545,33.264,33.34,0.00182737,4905.23,2694.92,15971.1,798.555,284.375,1135.65,0,31.7586,151.463,365.591,396.16,0.220572,0.429792,3.8232,1.60449,0.0065912,0.25732,0.288118,0.412574,0.105463,1.40795,39.6228
58000,9938.3,0.606586,33.212,33.18,0.0015118,4899.17,2697.68,15723.4,786.168,289.675,1128.47,0,31.6555,151.56,368.581,400.16,0.220563,0.429571,3.8962,1.5821,0.00660017,0.257777,0.290045,0.412305,0.107199,1.40849,39.8972
58500,9937.86,0.606559,33.138,33.1,0.00150328,4900.56,2701.64,15490.8,774.543,300.92,1122.65,0,31.5844,151.423,371.653,403.8,0.220594,0.429459,3.93605,1.55877,0.00659994,0.25743,0.292197,0.412322,0.10972,1.40901,39.9265
59000,9950.94,0.607357,33.098,33.188,0.00137105,4904.75,2717.37,15173.3,758.664,309.079,1123.14,0,31.3492,151.434,374.552,407.7,0.220692,0.429352,4.04384,1.5248,0.00660343,0.256829,0.294756,0.411835,0.110869,1.40806,39.3919
59500,9927.06,0.6059,33.086,33.064,0.00195341,4897.81,2715.22,14811,740.549,324.663,1119.9,0,31.2662,151.574,377.402,410.74,0.220641,0.428997,4.09216,1.49198,0.00660654,0.256912,0.296655,0.410604,0.112947,1.40952,39.6702
60000,9932.2,0.606213,33.11,33.112,0.0015179,4897.45,2717.1,14481.9,724.093,335.7,1124.77,0,31.1108,151.549,380.421,412.38,0.21974,0.427071,4.15174,1.45807,0.00663195,0.256802,0.298695,0.410004,0.113617,1.40872,32.9481
60500,9930.1,0.606085,33.282,33.206,0.00272273,4894.35,2715.51,14116.4,705.818,349.658,1125.29,0,30.9403,151.201,383.544,417.42,0.2187,0.424905,4.20881,1.42159,0.00666396,0.256683,0.299126,0.409479,0.114035,1.40836,37.1902
61000,9948.04,0.60718,33.218,33.29,0.00355592,4899.47,2722.6,13704.5,685.227,370.51,1126.87,0,30.8049,151.352,386.216,421.02,0.217704,0.422877,4.28277,1.37761,0.00668981,0.255948,0.300048,0.408224,0.115765,1.40696,40.0151
61500,9954.8,0.607593,33.228,33.144,0.00234935,4901.28,2730.58,13339.9,666.994,380.462,1124.24,0,30.6023,151.289,389.185,425.38,0.217107,0.421742,4.38737,1.34006,0.00670645,0.254835,0.300779,0.406832,0.116022,1.40684,39.6562
62000,9958.68,0.60783,33.22,33.268,0.00262803,4903.69,2738.25,12928.2,646.41,396.408,1126.13,0,30.398,151.247,392.117,430.54,0.217188,0.421673,4.44931,1.29818,0.00673013,0.254509,0.300362,0.405794,0.118134,1.40692,39.7699
62500,9953.62,0.607521,33.382,33.364,0.00348682,4902.28,2744.05,12546.7,627.335,404.128,1132.77,0,30.2724,151.343,394.913,434.06,0.217255,0.421742,4.51998,1.26051,0.00675983,0.25341,0.301956,0.403938,0.119829,1.40733,39.8848
63000,9958.64,0.607827,33.276,33.242,0.00366029,4904.13,2755.29,12133.6,606.682,413.663,1127.89,0,30.1774,151.102,397.648,435.82,0.217389,0.422007,4.60733,1.2184,0.00678468,0.252319,0.3028,0.401814,0.120697,1.40705,40.0485
63500,9967.98,0.608397,33.256,33.266,0.00379584,4905.95,2760.79,11841.4,592.07,429.888,1127.19,0,30.0851,151.646,400.403,436.5,0.217071,0.421533,4.65019,1.18796,0.00678353,0.25165,0.30308,0.400757,0.12214,1.40619,39.9018
64000,9983.64,0.609353,33.25,33.272,0.00497461,4911.29,2768.06,11396.2,569.809,447.855,1125.65,0,29.8288,151.188,403.185,439.7,0.216777,0.421211,4.69815,1.14148,0.00678501,0.251346,0.302694,0.400745,0.123426,1.40554,39.7513
64500,9945.48,0.607024,33.372,33.378,0.00457066,4902.35,2765.02,10993.5,549.676,455.734,1135.88,0,29.7689,151.138,405.994,441.98,0.216754,0.421331,4.77613,1.10538,0.00679118,0.250365,0.303669,0.399495,0.125246,1.40839,39.5293
65000,9940.76,0.606736,33.268,33.316,0.00557266,4900.6,2769.86,10646.6,532.331,457.898,1141.26,0,29.8162,151.101,408.753,445.74,0.216264,0.420335,4.86593,1.071,0.00682361,0.249067,0.302693,0.39695,0.127146,1.40849,39.5817
65500,9936.04,0.606448,33.156,33.134,0.0051362,4899.51,2776.12,10336.2,516.812,470.389,1136.55,0,29.7048,151.391,411.623,449.54,0.215964,0.419737,4.96047,1.04029,0.0068398,0.24762,0.302975,0.394754,0.128221,1.40885,39.6957
66000,9916.28,0.605242,33.108,33.126,0.00591226,4893.29,2782.58,9936.86,496.843,478.646,1136.82,0,29.578,151.17,414.58,450.36,0.216028,0.419926,5.0781,1.00207,0.00687079,0.246168,0.301876,0.393773,0.128526,1.40981,38.7571
66500,9917.68,0.605327,33.266,33.284,0.00681565,4893.32,2791.04,9605.43,480.272,487.496,1140.93,0,29.3946,151.361,417.439,453.66,0.215959,0.419834,5.16428,0.96851,0.00689876,0.245166,0.299593,0.391805,0.129819,1.40977,38.545
67000,9903.3,0.604449,33.084,33.09,0.00720197,4889.5,2799.1,9250.92,462.546,492.417,1138.01,0,29.2826,151.136,420.339,457.32,0.216256,0.420469,5.26652,0.934129,0.00692017,0.245108,0.298204,0.389635,0.131687,1.41056,38.7891
67500,9913.98,0.605101,33.174,33.236,0.00800282,4892.72,2814.68,8881.42,444.071,495.256,1141.09,0,29.0643,151.106,423.361,460.92,0.216584,0.421014,5.37604,0.895847,0.00693523,0.244277,0.295225,0.388011,0.132505,1.40999,39.0102
68000,9900.24,0.604263,33.222,33.152,0.00800319,4888.71,2817.79,8576.33,428.817,505.461,1141.71,0,29.1042,151.509,426.329,465.24,0.216542,0.420876,5.44974,0.866288,0.00696139,0.243417,0.292695,0.385768,0.134511,1.41099,38.6679
68500,9902.16,0.60438,33.05,33.148,0.00878814,4889.95,2826.75,8160.12,408.006,520.816,1137.71,0,28.7887,151.156,429.104,468.7,0.21624,0.420279,5.54793,0.824062,0.00699459,0.242362,0.2898,0.38377,0.134489,1.41096,38.4478
69000,9905.82,0.604603,33.218,33.128,0.00870594,4892.23,2838.53,7727.05,386.352,528.714,1140.72,0,28.688,151.164,431.806,472.3,0.216552,0.420919,5.63914,0.780058,0.00703071,0.240627,0.286963,0.381236,0.13519,1.41099,38.82
69500,9904.14,0.604501,33.088,33.174,0.0112611,4891.77,2846.38,7279.93,363.996,542.511,1140.56,0,28.561,151.478,434.43,475.98,0.216351,0.420324,5.7327,0.735035,0.00707001,0.238747,0.282669,0.377624,0.136684,1.4111,39.0945
70000,9868.14,0.602303,33.08,33.072,0.0108071,4881.09,2843.22,6871.99,343.599,555.892,1141.96,0,28.4605,151.088,437.201,478.3,0.216178,0.419792,5.81963,0.696384,0.00709887,0.237309,0.279477,0.374579,0.13774,1.41325,38.851
70500,9878.9,0.60296,33.196,33.21,0.012204,4884.81,2854.29,6466.24,323.312,573.015,1142.29,0,28.2868,151.142,439.834,481.6,0.215711,0.418839,5.92074,0.654545,0.00710733,0.235342,0.275584,0.370707,0.13818,1.41284,38.5867
71000,9866.74,0.602218,33.044,33.03,0.0105036,4882.69,2857.91,6081.08,304.054,583.45,1136.33,0,28.0668,150.984,442.446,485.06,0.215386,0.418139,6.01088,0.616321,0.00711619,0.233617,0.271507,0.366931,0.138557,1.4139,38.6815
71500,9834.18,0.600231,33.042,33.12,0.0113512,4873.24,2857.85,5692.99,284.65,590.451,1145.47,0,28.1051,151.123,445.247,488.76,0.215249,0.417732,6.11249,0.578894,0.00713962,0.231596,0.266695,0.363398,0.14084,1.41586,38.8375
72000,9821.96,0.599485,32.836,32.914,0.0121918,4871.33,2861.72,5304.88,265.244,606.156,1139.54,0,27.9863,150.913,447.949,491.1,0.215143,0.417314,6.19886,0.5401,0.00716763,0.229107,0.263172,0.359887,0.142442,1.41719,38.7897
72500,9799.06,0.598087,32.674,32.676,0.00976587,4866.52,2865.6,4959.64,247.982,615.321,1135.9,0,27.9341,151.348,450.766,493.16,0.215238,0.417211,6.29842,0.506135,0.00720658,0.226546,0.258364,0.356611,0.145137,1.419,38.844
73000,9774.86,0.59661,32.776,32.886,0.0136144,4859.13,2868.39,4496.36,224.818,630.852,1141.63,0,27.8245,151.224,453.515,495,0.215112,0.416742,6.40829,0.459965,0.00724023,0.223385,0.251473,0.352317,0.147243,1.42031,38.9628
73500,9787.3,0.597369,32.97,32.982,0.013455,4861.57,2881.07,4099.9,204.995,634.262,1145.91,0,27.587,150.77,456.288,493.92,0.215023,0.4164,6.50917,0.418906,0.00726498,0.219928,0.243713,0.348619,0.148778,1.41932,38.9522
74000,9746.9,0.594904,32.728,32.75,0.01364,4851.9,2874.4,3881.69,194.085,634.1,1146.4,0,27.731,150.82,458.889,496.9,0.214997,0.416335,6.56339,0.398248,0.0072854,0.218175,0.24081,0.345726,0.150307,1.42234,39.0091
74500,9731.14,0.593942,32.698,32.688,0.0128317,4848.85,2875.66,3620.37,181.019,650.811,1148.79,0,27.6852,151.093,461.544,500.22,0.215159,0.416497,6.60762,0.372045,0.00731284,0.217444,0.237842,0.343512,0.152219,1.42358,39.1243
75000,9733.34,0.594076,32.514,32.536,0.0131178,4849.65,2878.7,3326.17,166.309,656.416,1144.12,0,27.6551,150.964,464.337,502.9,0.214905,0.415914,6.65301,0.341732,0.00733515,0.216301,0.232694,0.341222,0.153506,1.42377,39.18
75500,9714.04,0.592898,32.594,32.628,0.0131699,4845.54,2880.64,3036.15,151.807,666.01,1151.9,0,27.5634,151.174,467.151,506.28,0.215039,0.416093,6.71748,0.312553,0.00736739,0.214671,0.22797,0.338597,0.155336,1.42513,38.5242
76000,9686,0.591187,32.536,32.658,0.0137108,4837.88,2877.37,2774.54,138.727,670.215,1155.64,0,27.5103,150.943,469.78,508.58,0.215012,0.416038,6.77042,0.286445,0.00739461,0.213685,0.225172,0.336363,0.155994,1.42691,38.7517
76500,9666.34,0.589987,32.442,32.368,0.0138121,4833.19,2876.37,2541.24,127.062,677.292,1151.63,0,27.5685,151.049,472.232,508.5,0.214744,0.415403,6.84776,0.262898,0.0074077,0.211836,0.22306,0.33332,0.157626,1.42876,38.916
77000,9660.38,0.589623,32.328,32.376,0.0137937,4831.16,2880.92,2330.23,116.511,688.154,1144.93,0,27.513,151.272,474.591,507.32,0.214536,0.414994,6.91962,0.24121,0.00744071,0.209795,0.219143,0.329823,0.158972,1.42892,38.957
77500,9654.06,0.589237,32.26,32.304,0.0172165,4830.38,2883.63,2133.13,106.656,687.968,1149.58,0,27.5493,151.082,477.086,508.24,0.214437,0.414827,6.97241,0.220955,0.00748111,0.207894,0.213848,0.326777,0.160089,1.42954,39.1948
78000,9664.62,0.589882,32.516,32.398,0.0154224,4833.39,2889.2,2017.85,100.892,683.869,1155.93,0,27.5012,150.927,479.702,510.7,0.214175,0.414504,7.01567,0.208793,0.00750622,0.206343,0.20947,0.32471,0.160899,1.42895,39.2854
78500,9671.98,0.590331,32.542,32.61,0.015716,4835.93,2893.87,1924.32,96.2159,681.563,1167.31,0,27.5795,151.025,482.453,513.06,0.214091,0.414584,7.04208,0.198956,0.00752984,0.206098,0.206749,0.323893,0.161309,1.42846,39.404
79000,9675.56,0.590549,32.316,32.306,0.0159466,4836.33,2895.77,1877.86,93.8929,686.042,1159.17,0,27.6288,151.193,485.336,516.74,0.214077,0.414716,7.05358,0.194083,0.00753042,0.206964,0.207647,0.323752,0.161408,1.4281,39.2479
79500,9662.52,0.589753,32.524,32.51,0.0169558,4833.87,2892.13,1843.36,92.1681,682.662,1168.18,0,27.5724,151.115,488.039,519.78,0.213937,0.414557,7.06389,0.190773,0.00754498,0.20745,0.208418,0.323681,0.16226,1.42937,39.4982
80000,9663.24,0.589797,32.416,32.444,0.0152839,4833.92,2892.61,1759.43,87.9716,685.221,1168.88,0,27.6453,151.101,490.666,521.32,0.213728,0.41415,7.08065,0.182069,0.00756669,0.207302,0.208118,0.322313,0.161373,1.42933,32.4965
80500,9668.64,0.590127,32.554,32.474,0.0160409,4835.48,2893.28,1684.34,84.217,686.734,1172.62,0,27.7526,151.023,493.278,520.08,0.213558,0.413962,7.08222,0.174208,0.00757401,0.207828,0.209973,0.322755,0.160881,1.42902,36.5273
81000,9664.02,0.589845,32.248,32.338,0.016242,4833.86,2893.52,1635.96,81.7982,683.703,1170.29,0,27.7319,151.243,495.959,522.62,0.21365,0.414272,7.08941,0.169283,0.00757127,0.209729,0.214354,0.324933,0.160876,1.42901,39.3832
81500,9648.7,0.58891,32.382,32.402,0.0173271,4829.59,2889.13,1580.45,79.0227,684.082,1173.79,0,27.8138,150.701,498.75,525.14,0.21361,0.41432,7.09637,0.163801,0.00756738,0.211153,0.218679,0.325797,0.159969,1.43009,39.6354
82000,9665.94,0.589962,32.458,32.464,0.016645,4834.38,2896.17,1562.07,78.1037,687.832,1174.39,0,27.8461,151.378,501.622,527.78,0.213748,0.414721,7.10621,0.161608,0.00756226,0.212339,0.220742,0.326884,0.160149,1.42898,39.3826
82500,9630.94,0.587826,32.226,32.316,0.0157426,4825.59,2883.6,1516.99,75.8494,692.747,1171.29,0,27.9626,151.28,504.359,530.6,0.213351,0.414203,7.10471,0.15751,0.00755568,0.214627,0.224545,0.327685,0.160228,1.43136,38.849
83000,9637.52,0.588228,32.428,32.34,0.0141165,4827.39,2884.99,1484.77,74.2384,689.971,1177.72,0,27.9327,150.794,507.049,533.72,0.213225,0.414125,7.11038,0.154062,0.00756537,0.215878,0.22487,0.327773,0.159503,1.43104,39.0921
83500,9650.26,0.589005,32.4,32.39,0.0156452,4829.97,2886.53,1459.36,72.9679,694.314,1178.94,0,27.9838,151.266,509.672,538.04,0.21287,0.413698,7.11195,0.151223,0.00755942,0.21749,0.226976,0.330062,0.157537,1.4301,39.2249
84000,9653.58,0.589208,32.288,32.3,0.0164188,4831.86,2886.59,1431.69,71.5844,693.33,1174.48,0,28.0643,151.076,512.314,541.9,0.212491,0.412923,7.12344,0.148306,0.00757462,0.218339,0.227946,0.330564,0.15549,1.43007,39.4099
84500,9646.44,0.588772,32.44,32.456,0.0162439,4829.54,2884.96,1393.95,69.6974,690.339,1184.11,0,28.0668,150.936,515.069,544.72,0.212458,0.412725,7.12757,0.144503,0.0075908,0.21912,0.22745,0.331245,0.154521,1.43035,39.499
85000,9618.52,0.587068,32.362,32.37,0.0157608,4822.08,2878.56,1353.54,67.6768,698.462,1180.48,0,28.136,151.112,517.938,548.54,0.212678,0.413059,7.13545,0.14072,0.00760669,0.219781,0.227123,0.331398,0.153905,1.43228,39.3014
85500,9650.38,0.589012,32.372,32.306,0.0146149,4830.64,2887.41,1313.09,65.6543,695.874,1180.97,0,28.102,150.975,520.714,551.36,0.2126,0.412823,7.13261,0.136066,0.00760187,0.221017,0.229162,0.332527,0.152613,1.43004,39.5927
86000,9657.96,0.589475,32.392,32.36,0.0174089,4832.65,2888.49,1318.25,65.9124,694.354,1181.09,0,28.2296,151.177,523.434,554.8,0.212523,0.412588,7.1296,0.136494,0.00760794,0.221815,0.229795,0.333631,0.152026,1.42978,39.545
86500,9652.96,0.58917,32.406,32.474,0.0173019,4831.42,2888.46,1296.26,64.8128,688.94,1189.94,0,28.1664,150.868,526.19,557.96,0.212588,0.412547,7.13686,0.134285,0.00762153,0.222629,0.230593,0.334285,0.15271,1.42993,38.7505
87000,9653.52,0.589204,32.58,32.602,0.016922,4831.56,2889.98,1268.46,63.4231,685.432,1194.35,0,28.2188,150.693,528.805,561.04,0.212733,0.412607,7.14488,0.131398,0.00763931,0.223086,0.230503,0.334379,0.153737,1.43004,38.9936
87500,9655.52,0.589326,32.306,32.296,0.017513,4831.92,2888.63,1236.54,61.8271,693.867,1182.34,0,28.284,151.116,531.344,564.2,0.212285,0.411858,7.15293,0.128065,0.00765047,0.223666,0.230293,0.33504,0.153713,1.42987,39.1632
88000,9645.26,0.5887,32.414,32.338,0.015597,4829.78,2883.74,1210.67,60.5333,696.776,1188.7,0,28.2647,150.902,533.983,567.22,0.212008,0.411505,7.14918,0.125519,0.00765653,0.225073,0.231836,0.336223,0.152456,1.43066,39.002
88500,9641.24,0.588455,32.348,32.438,0.0155062,4827.75,2883.7,1175.74,58.7869,698.346,1188.89,0,28.3068,151.057,536.536,570.14,0.212046,0.411613,7.16359,0.121948,0.00768231,0.225348,0.229939,0.336898,0.153551,1.4309,38.9758
89000,9629.76,0.587754,32.372,32.404,0.0162102,4824.93,2882.41,1153.67,57.6837,693.872,1190.4,0,28.3795,150.943,539.146,571.7,0.211999,0.411688,7.18678,0.119803,0.00770684,0.226358,0.232075,0.337799,0.153805,1.43158,39.2509
89500,9610.16,0.586558,32.208,32.182,0.0158214,4819.92,2877.06,1130.05,56.5025,697.95,1187.12,0,28.4753,151.071,541.867,574.86,0.211858,0.411509,7.203,0.117588,0.00772215,0.227726,0.235065,0.338788,0.154334,1.43316,38.2046
90000,9632.88,0.587944,32.438,32.416,0.015395,4826.29,2884.39,1075.43,53.7717,695.306,1194.5,0,28.4716,150.756,544.408,578.78,0.211819,0.411576,7.20565,0.111643,0.00773986,0.228362,0.237247,0.340077,0.153749,1.43134,38.8634
90500,9628.86,0.587699,32.304,32.324,0.017657,4825.26,2884.96,1032.72,51.6361,693.872,1191.95,0,28.5842,151.047,546.954,581.22,0.211918,0.411746,7.21897,0.107253,0.00776236,0.229041,0.237205,0.340864,0.154422,1.43175,39.3794
91000,9649.36,0.58895,32.458,32.408,0.0164246,4830.93,2889.61,1013.58,50.679,692.03,1199.63,0,28.4959,150.865,549.599,584.04,0.211744,0.411333,7.2157,0.105042,0.00778113,0.229355,0.235082,0.34132,0.15345,1.43039,39.2693
91500,9642.44,0.588528,32.374,32.444,0.015805,4829.42,2887.56,1004.29,50.2148,693.771,1194.4,0,28.5182,150.775,552.435,586.94,0.211781,0.411534,7.21325,0.104153,0.00779075,0.230319,0.236169,0.341725,0.151802,1.43105,38.7059
92000,9622.12,0.587288,32.22,32.19,0.0163072,4822.9,2881.45,994.121,49.706,694.87,1194.97,0,28.6851,151.251,555.242,590.46,0.211795,0.411629,7.21364,0.103316,0.0078006,0.231576,0.237996,0.341289,0.152944,1.43217,38.8213
92500,9631.74,0.587875,32.34,32.336,0.0160382,4826.17,2882.91,992.417,49.6209,695.653,1197.01,0,28.5862,150.806,557.785,593.94,0.211551,0.411119,7.20965,0.103036,0.0078099,0.233008,0.241063,0.343024,0.151413,1.43155,38.4554
93000,9632.28,0.587908,32.346,32.346,0.0170046,4826.25,2882,998.009,49.9004,695.068,1197.98,0,28.6338,150.759,560.379,596.2,0.211289,0.410624,7.21359,0.103611,0.00782507,0.233865,0.241277,0.34331,0.149711,1.43149,38.6636
93500,9638.8,0.588306,32.38,32.38,0.0164421,4827.48,2882.24,980.006,49.0003,703.2,1195.92,0,28.7234,151.396,563.251,599.42,0.210995,0.410022,7.21779,0.101672,0.00783143,0.235505,0.243684,0.344152,0.149094,1.43103,38.6125
94000,9653.56,0.589207,32.432,32.374,0.0157819,4832.27,2884.93,961.48,48.074,698.505,1196.11,0,28.6067,150.6,566.198,603.58,0.210663,0.409411,7.22054,0.0995983,0.00784202,0.23734,0.246231,0.345621,0.147909,1.43032,38.6687
94500,9655.06,0.589298,32.588,32.598,0.0161783,4831.58,2883.86,971.326,48.5663,704.174,1201.87,0,28.6987,151.028,569.245,607.02,0.210489,0.409057,7.22105,0.100603,0.00785344,0.238916,0.247843,0.346923,0.148232,1.43014,38.8014
95000,9664.72,0.589888,32.23,32.192,0.0168215,4835.07,2890.68,944.123,47.2062,698.633,1191.3,0,28.7789,151.154,572.287,610.52,0.210764,0.409656,7.23797,0.0976886,0.00786379,0.240485,0.249425,0.348234,0.150239,1.42946,38.9289
95500,9637.34,0.588217,32.434,32.484,0.0167108,4828.62,2882.85,949.567,47.4784,701.439,1199.62,0,28.8033,150.914,575.145,612.24,0.210789,0.409914,7.23636,0.0985295,0.0078658,0.241524,0.250133,0.349494,0.149916,1.43136,38.5906
96000,9635.44,0.588101,32.458,32.418,0.0162065,4827.17,2879.83,920.038,46.0019,698.89,1202.8,0,28.9035,150.839,577.905,614.78,0.210359,0.409313,7.24225,0.0954851,0.00787895,0.242694,0.251598,0.351113,0.148347,1.43152,38.6979
96500,9656.02,0.589357,32.452,32.486,0.0174573,4833.7,2885.04,886.552,44.3276,699.578,1200.05,0,28.903,150.793,580.667,617.68,0.209985,0.408667,7.24958,0.0918129,0.00790229,0.243556,0.251676,0.351793,0.147559,1.4302,38.697
97000,9666.84,0.590017,32.39,32.32,0.0161401,4837.39,2886.4,860.05,43.0025,698.409,1203.11,0,28.9127,150.639,583.32,621.5,0.209618,0.407846,7.25007,0.0889692,0.00792675,0.243269,0.247227,0.351665,0.146627,1.42957,38.5489
97500,9670.38,0.590233,32.462,32.526,0.0163018,4838.44,2885.98,864.777,43.2389,703.251,1207.11,0,28.9854,151.145,586.001,625.64,0.209316,0.407391,7.25696,0.0894257,0.00794436,0.244029,0.246375,0.351604,0.147204,1.42954,38.0896
98000,9675.06,0.590519,32.6,32.514,0.0165585,4839.34,2886.45,850.173,42.5087,706.102,1209.89,0,29.0021,151.224,588.827,628.76,0.209107,0.40701,7.25703,0.0878727,0.00795596,0.245515,0.248506,0.351802,0.147367,1.42897,38.3401
98500,9687.68,0.591289,32.648,32.63,0.0161058,4842.62,2888.93,842.532,42.1266,701.49,1210.43,0,28.989,150.757,591.652,631.64,0.208901,0.406755,7.25669,0.0869688,0.00796107,0.246749,0.251816,0.352963,0.146758,1.42813,38.5307
99000,9675.16,0.590525,32.422,32.436,0.0172431,4839.14,2884.83,838.459,41.923,701.706,1203.77,0,29.0636,150.629,594.579,635.92,0.208827,0.40664,7.25729,0.086662,0.00796428,0.24789,0.254771,0.354577,0.147063,1.42892,38.6655
99500,9679.68,0.590801,32.476,32.48,0.0157528,4840.4,2884.7,815.429,40.7715,706.263,1207.85,0,29.1163,150.843,597.46,639.9,0.2086,0.406165,7.25625,0.0842428,0.00796734,0.248803,0.25511,0.355424,0.145408,1.42872,38.3181
100000,9694.02,0.591676,32.664,32.676,0.0163482,4844.44,2886.77,811.423,40.5711,702.938,1215.83,0,29.0426,150.756,600.122,642.56,0.208297,0.405634,7.25411,0.0837035,0.00797304,0.249836,0.256792,0.356468,0.143862,1.42785,32.2788
100500,9727.28,0.593706,32.592,32.528,0.0187899,4853.03,2898.6,778.451,38.9226,700.116,1212.86,0,29.057,151.108,602.877,646.18,0.208555,0.406122,7.26162,0.080028,0.00797124,0.249589,0.255585,0.356914,0.143378,1.42569,35.8745
101000,9699.84,0.592031,32.692,32.76,0.017105,4846.48,2894.9,760.705,38.0353,696.086,1221.03,0,29.0996,150.98,605.475,649.14,0.20905,0.407068,7.27098,0.0784229,0.00797239,0.249304,0.253296,0.35666,0.144578,1.42741,37.6833
101500,9694.54,0.591708,32.54,32.544,0.0180263,4843.72,2895.74,748.062,37.4031,696.882,1213.24,0,29.1824,150.814,608.28,652.54,0.209479,0.407909,7.27472,0.077164,0.0079786,0.249725,0.251734,0.357832,0.144704,1.4276,38.3602
102000,9693.46,0.591642,32.54,32.538,0.0173011,4844.13,2896.36,734.932,36.7466,697.068,1213.06,0,29.2166,150.993,610.984,655.56,0.209438,0.407939,7.28434,0.075818,0.00798944,0.250458,0.25249,0.358132,0.143064,1.42775,38.5525
102500,9707.34,0.592489,32.616,32.57,0.0177506,4847.42,2899.47,722.253,36.1127,694.668,1212.08,0,29.1827,150.663,613.587,658.44,0.209261,0.407571,7.28979,0.0744036,0.00801358,0.250467,0.251207,0.357639,0.141713,1.42679,38.4708
103000,9693.34,0.591635,32.558,32.6,0.0169189,4844.02,2896.83,713.607,35.6804,696.479,1218.6,0,29.2771,151.087,616.304,661.16,0.209317,0.407739,7.29767,0.0736186,0.00802993,0.251077,0.251086,0.357337,0.141327,1.4277,38.2874
103500,9675.66,0.590555,32.612,32.65,0.0165471,4838.89,2894.46,689.612,34.4806,691.302,1220.86,0,29.306,150.604,618.939,663.9,0.209644,0.408341,7.30849,0.0712731,0.00803709,0.251187,0.2483,0.356599,0.140875,1.42886,37.9735
104000,9689.9,0.591425,32.44,32.45,0.0158743,4843.11,2901.15,666.215,33.3108,692.167,1211.98,0,29.3041,151.056,621.512,667.48,0.209874,0.408784,7.31952,0.0687536,0.00804435,0.252306,0.249469,0.357206,0.140511,1.428,38.3734
104500,9682.7,0.590985,32.558,32.518,0.0159658,4840.98,2900.63,668.549,33.4275,696.631,1212.73,0,29.3129,150.922,624.204,669.28,0.21019,0.409407,7.31955,0.0690462,0.00804727,0.25373,0.250863,0.357882,0.139706,1.4285,38.9172
105000,9672.38,0.590355,32.468,32.462,0.0161146,4838.92,2898.14,663.111,33.1556,698.022,1211.26,0,29.4045,151.201,626.988,672.18,0.210101,0.409259,7.32627,0.0685566,0.00805061,0.25459,0.251873,0.358154,0.140568,1.42917,37.875
105500,9663.86,0.589835,32.392,32.462,0.0179439,4836.31,2896.86,656.164,32.8082,692.47,1212.95,0,29.3954,151.086,629.68,674.82,0.210115,0.409306,7.33843,0.0678984,0.00804664,0.255305,0.25012,0.35873,0.139035,1.42963,38.4384
106000,9677.46,0.590665,32.55,32.476,0.0168398,4839.84,2901.04,649.303,32.4652,694.419,1211.1,0,29.3545,150.706,632.203,676.96,0.210135,0.409381,7.34257,0.0670943,0.00805195,0.256364,0.251105,0.359424,0.137639,1.4289,39.0192
106500,9668.76,0.590134,32.356,32.362,0.0164027,4837.84,2897.55,646.355,32.3178,699.527,1205.6,0,29.3761,151.176,634.737,679.6,0.209811,0.408742,7.35086,0.0668493,0.00805772,0.257226,0.253466,0.35917,0.136498,1.42952,39.1729
107000,9682.3,0.590961,32.45,32.458,0.0184707,4840.53,2901.28,627.801,31.39,693.839,1208.03,0,29.3393,150.828,637.472,683.2,0.209731,0.408606,7.35907,0.0648399,0.00806473,0.257429,0.254769,0.359458,0.135597,1.42855,38.6009
107500,9663.08,0.589788,32.63,32.638,0.0168079,4835.61,2895.96,620.567,31.0284,696.597,1219.05,0,29.426,150.783,640.095,685.7,0.209627,0.408503,7.36548,0.0642213,0.00807177,0.257594,0.253305,0.359818,0.134191,1.42984,38.8518
108000,9649.78,0.588976,32.268,32.328,0.0169229,4832.24,2892.32,601.397,30.0699,696.501,1208.14,0,29.5261,150.973,643.007,688.46,0.209574,0.408485,7.37141,0.062322,0.00807768,0.257861,0.251815,0.359678,0.133681,1.43078,38.7062
108500,9656.38,0.589379,32.582,32.586,0.0165266,4834.27,2894.69,603.117,30.1559,690.125,1221.74,0,29.5772,150.915,645.969,691.38,0.209629,0.408535,7.3706,0.0624584,0.00808651,0.258114,0.249896,0.35866,0.134603,1.43028,38.4102
109000,9660.74,0.589645,32.39,32.382,0.0164154,4834.79,2895.34,590.742,29.5371,694.491,1217.05,0,29.6547,150.964,648.67,695.02,0.209421,0.408173,7.37893,0.0611488,0.00809925,0.258033,0.245413,0.357762,0.135136,1.42982,38.5299
109500,9653.28,0.589189,32.486,32.466,0.0171983,4832.73,2892.59,584.303,29.2152,694.681,1212.75,0,29.6159,150.712,651.584,698.24,0.209354,0.408065,7.3775,0.0605289,0.00809014,0.259732,0.246953,0.358809,0.135204,1.43034,38.7156
110000,9667.68,0.590068,32.544,32.562,0.0161717,4837.04,2895.87,583.367,29.1683,693.558,1219.94,0,29.6015,150.727,654.437,700.9,0.209136,0.407561,7.38008,0.0603422,0.0080899,0.260285,0.245302,0.35949,0.134937,1.42957,38.7477
110500,9664.06,0.589847,32.344,32.306,0.0157485,4835.8,2894.6,589.457,29.4729,691.806,1216.19,0,29.717,150.932,657.296,703.94,0.209168,0.407453,7.38111,0.0609952,0.00809189,0.261755,0.247615,0.360701,0.13562,1.42991,38.3811
111000,9649.82,0.588978,32.544,32.566,0.0167835,4832.8,2891.86,587.24,29.362,692.902,1221.25,0,29.6665,150.67,660.087,708.1,0.209311,0.407643,7.37769,0.0608548,0.00809531,0.263306,0.250809,0.361575,0.134709,1.43067,38.5687
111500,9663.92,0.589839,32.478,32.492,0.0187055,4836.42,2896.41,579.51,28.9755,687.18,1222.22,0,29.6359,150.754,662.814,711.76,0.209337,0.407628,7.3821,0.0599668,0.00810504,0.26402,0.249748,0.362307,0.134863,1.42974,38.9061
112000,9667.02,0.590028,32.43,32.456,0.017425,4836.29,2898.77,575.688,28.7844,692.864,1214.99,0,29.6815,150.91,665.716,713.8,0.209587,0.408172,7.3895,0.0595522,0.00810591,0.264817,0.252469,0.36257,0.134457,1.42964,38.8014
112500,9647.1,0.588812,32.488,32.468,0.0169252,4831.25,2892.74,574.022,28.7011,690.492,1223.32,0,29.6727,150.928,668.555,717.04,0.209455,0.407885,7.39165,0.0595022,0.00810808,0.266031,0.25378,0.363186,0.133501,1.43088,38.7247
113000,9660.38,0.589623,32.454,32.422,0.0150056,4834.53,2896.15,570.947,28.5474,693.311,1218.18,0,29.6722,151.025,671.373,720.14,0.209282,0.407559,7.40032,0.0591015,0.0081148,0.267333,0.254721,0.363628,0.131969,1.42999,38.0002
113500,9665.22,0.589918,32.468,32.484,0.0166119,4836.67,2899.25,572.328,28.6164,690.156,1215.62,0,29.668,150.848,674.135,718.26,0.209414,0.407674,7.40423,0.0592153,0.00812527,0.26828,0.255744,0.364193,0.130747,1.4297,38.7298
114000,9644.66,0.588663,32.354,32.38,0.0176489,4830.65,2892.87,559.605,27.9803,691.343,1215.51,0,29.7687,150.997,676.853,716.82,0.209332,0.407446,7.40699,0.0580216,0.00814177,0.267832,0.252141,0.363576,0.129547,1.43098,38.5367
114500,9653.52,0.589204,32.462,32.432,0.0169626,4833.34,2895.83,558.045,27.9022,690.437,1219.89,0,29.7254,150.745,679.585,719.64,0.209294,0.407436,7.41047,0.0578077,0.00814855,0.267946,0.250433,0.362903,0.128185,1.43043,39.6012
115000,9645.92,0.58874,32.396,32.42,0.0164318,4830.84,2893.43,546.923,27.3462,689.435,1218.48,0,29.7783,150.93,682.252,723.2,0.209328,0.407413,7.41102,0.0566996,0.00815019,0.268362,0.25072,0.362393,0.126287,1.43092,40.535
115500,9661.86,0.589713,32.438,32.396,0.0160195,4835.45,2895.12,551.35,27.5675,701.279,1211.96,0,29.7635,150.86,684.901,726.08,0.208879,0.406591,7.40524,0.0570648,0.00815424,0.269213,0.253176,0.361638,0.123759,1.42996,40.7021
116000,9668.3,0.590106,32.394,32.402,0.0150594,4837.64,2897.35,530.649,26.5325,693.997,1216.14,0,29.8215,150.957,687.647,730.44,0.208764,0.406211,7.41518,0.054886,0.00816344,0.269275,0.253585,0.361339,0.123209,1.42961,40.9562
116500,9677.96,0.590696,32.642,32.59,0.016626,4840.38,2900.85,529.5,26.475,695.836,1220.78,0,29.8554,150.978,690.466,734.32,0.208714,0.40605,7.4204,0.0547124,0.00816833,0.26923,0.2531,0.361824,0.123933,1.42869,41.0134
117000,9671.78,0.590319,32.462,32.468,0.0161578,4838.73,2899.44,516.165,25.8082,693.738,1218.37,0,29.9746,151.185,693.457,738.42,0.2087,0.405995,7.42837,0.0533682,0.00818029,0.269719,0.251387,0.361909,0.124716,1.42933,40.7334
117500,9684.62,0.591102,32.496,32.54,0.0179467,4841.64,2900.87,513.164,25.6582,694.674,1217.47,0,29.9277,150.694,696.113,741.68,0.20827,0.405133,7.42904,0.0529873,0.00819015,0.270423,0.250178,0.361946,0.124121,1.4283,40.1852
118000,9672.6,0.590369,32.542,32.514,0.0172754,4838.18,2896.31,510.919,25.5459,695.674,1223.42,0,29.9466,150.887,698.901,744.9,0.208156,0.40501,7.42496,0.0528209,0.00819487,0.271071,0.248986,0.361551,0.124232,1.42905,40.3433
118500,9666.94,0.590023,32.528,32.578,0.0168713,4836.51,2895.42,514.312,25.7156,694.28,1220.68,0,29.9504,150.96,701.743,748.2,0.208281,0.405222,7.42524,0.053203,0.00819523,0.27214,0.249948,0.36121,0.124126,1.4294,41.4108
119000,9680.48,0.59085,32.522,32.476,0.0175792,4841.24,2896.6,514.086,25.7043,698.152,1219.88,0,29.9812,150.872,704.408,750.16,0.207794,0.404422,7.42483,0.0531056,0.00818765,0.272821,0.249605,0.362015,0.121876,1.42862,41.9888
119500,9690.78,0.591478,32.488,32.462,0.0172778,4843.38,2894.99,520.956,26.0478,702.749,1217.68,0,29.9599,150.889,707.112,753.16,0.207117,0.403181,7.41872,0.0537576,0.0081828,0.273475,0.249953,0.362462,0.120994,1.42783,41.9534
120000,9685.08,0.59113,32.646,32.63,0.0183682,4841.33,2887.84,518.241,25.9121,706.104,1222.13,0,29.9967,151.032,709.608,755.24,0.206286,0.401606,7.41633,0.0535102,0.00818135,0.273933,0.251029,0.361984,0.117377,1.42823,33.7645
120500,9676,0.590576,32.462,32.49,0.0184956,4839.07,2883.47,508.284,25.4142,710.28,1219.5,0,30.0897,151.029,712.304,757.82,0.205956,0.400946,7.41894,0.0525299,0.00817696,0.274607,0.251997,0.36241,0.114307,1.42892,38.3145
121000,9680.2,0.590833,32.46,32.492,0.0183727,4840.17,2881.53,509.892,25.4946,709.4,1218.48,0,30.0447,150.779,714.847,758.46,0.205321,0.399809,7.42357,0.0526735,0.00818285,0.274593,0.251231,0.361746,0.11182,1.42859,41.9404
121500,9688.7,0.591351,32.602,32.598,0.017742,4842.2,2879.9,500.749,25.0375,709.878,1228.61,0,30.1214,150.956,717.406,754.54,0.204667,0.398585,7.42214,0.0516841,0.00818898,0.273885,0.24854,0.361425,0.110627,1.42802,42.0363
122000,9697.74,0.591903,32.762,32.65,0.0170776,4844.83,2880.71,498.353,24.9177,713.194,1232.62,0,30.1312,150.9,720.181,756.54,0.204283,0.397922,7.43005,0.0513885,0.00819298,0.273801,0.246676,0.361484,0.110329,1.42754,41.9978
122500,9712.42,0.592799,32.418,32.496,0.0192349,4849.46,2885.49,501.452,25.0726,714.726,1218.56,0,30.1621,151.042,723.039,759.54,0.204123,0.39768,7.43584,0.0516302,0.00819608,0.274457,0.243842,0.361656,0.109809,1.42645,41.2247
123000,9719.92,0.593257,32.79,32.708,0.0181631,4851.2,2885.99,502.07,25.1035,706.724,1229.23,0,30.1386,150.692,725.986,762,0.203967,0.397451,7.43147,0.0516539,0.00819818,0.275875,0.245088,0.361737,0.10836,1.42598,41.6827
123500,9720.78,0.593309,32.684,32.72,0.0199151,4851.72,2887.52,491.642,24.5821,717.237,1228.77,0,30.1742,151.267,728.729,764.3,0.20398,0.39765,7.44107,0.0505761,0.00821018,0.27629,0.245366,0.361223,0.107827,1.42593,41.866
124000,9714.4,0.59292,32.532,32.556,0.0188511,4850.03,2886.92,488.018,24.4009,707.957,1225.85,0,30.184,150.878,731.691,767.4,0.204268,0.398308,7.44154,0.0502365,0.00821428,0.27777,0.246088,0.361676,0.107697,1.42664,41.9317
124500,9702.34,0.592184,32.83,32.798,0.018907,4846.31,2882.45,485.798,24.2899,709.07,1233.67,0,30.2253,150.567,734.613,770.54,0.204078,0.397834,7.44031,0.0500702,0.00822679,0.278059,0.247811,0.361583,0.107743,1.42717,41.8686
125000,9729.6,0.593848,32.574,32.594,0.0185138,4853.98,2888.84,486.427,24.3213,712.671,1226.08,0,30.1797,150.908,737.209,773.12,0.203629,0.396896,7.45025,0.049995,0.00823755,0.279244,0.251485,0.361496,0.106711,1.42537,41.4253
125500,9699.9,0.592035,32.62,32.606,0.0184133,4845.84,2881.02,483.005,24.1503,706.83,1230.97,0,30.2081,150.774,739.956,775,0.203814,0.397127,7.4506,0.0497949,0.00824143,0.28067,0.254856,0.36174,0.106712,1.42751,40.9365
126000,9725.74,0.593612,32.704,32.708,0.0194154,4852.74,2887.5,489.315,24.4657,718.899,1228.48,0,30.1968,151.25,742.663,776.76,0.203589,0.396797,7.45195,0.0503111,0.00823669,0.281819,0.258972,0.362623,0.105321,1.42574,41.4694
126500,9738.7,0.594403,32.614,32.584,0.0180367,4857.18,2889.45,487.181,24.359,710.534,1224.23,0,30.2008,150.939,745.317,779.96,0.203257,0.396219,7.4521,0.0500248,0.00823356,0.282602,0.258988,0.363746,0.103627,1.42501,41.5085
127000,9727.24,0.593704,32.774,32.736,0.0182221,4854.15,2886.71,493.258,24.6629,717.525,1227.73,0,30.2299,150.871,748.194,783.66,0.203362,0.396313,7.448,0.0507088,0.00823446,0.283192,0.258699,0.36377,0.103323,1.42566,41.545
127500,9730.54,0.593905,32.678,32.694,0.0182796,4854.86,2891.18,491.486,24.5743,716.723,1226.44,0,30.2174,151.19,751.039,785.56,0.2039,0.397141,7.45736,0.0505093,0.00822677,0.283079,0.255608,0.363252,0.103165,1.42561,41.4076
128000,9733.8,0.594104,32.528,32.518,0.0189648,4855.64,2894.48,489.396,24.4698,711.832,1219.04,0,30.2181,151.25,754.119,788.4,0.204205,0.397793,7.46184,0.0502778,0.0082253,0.284279,0.257456,0.364556,0.103445,1.42528,41.2477
128500,9726.18,0.593639,32.742,32.742,0.0166891,4853.93,2893.42,487.355,24.3678,710.41,1229.3,0,30.166,151.046,757.114,790.56,0.204419,0.398299,7.45992,0.0501074,0.00822682,0.285584,0.258043,0.36537,0.103585,1.42583,41.5892
129000,9722.36,0.593406,32.668,32.732,0.017854,4853.14,2893.67,483.363,24.1682,709.193,1228.54,0,30.183,150.838,759.976,793,0.204608,0.398774,7.45783,0.0497166,0.00823376,0.286567,0.256938,0.366166,0.102504,1.42603,41.8338
129500,9726.3,0.593646,32.628,32.656,0.0177339,4854.37,2894.4,475.4,23.77,708.974,1222.38,0,30.2313,151.023,762.71,796.56,0.204586,0.398892,7.45866,0.0488777,0.00823644,0.287596,0.257909,0.366739,0.102269,1.42589,41.2158
130000,9726.46,0.593656,32.766,32.684,0.0180913,4853.69,2894.14,472.636,23.6318,709.947,1227.36,0,30.2625,150.858,765.565,799.88,0.204523,0.398874,7.46182,0.0485925,0.00823415,0.288113,0.257577,0.36791,0.100723,1.42579,40.9398
130500,9717.9,0.593134,32.522,32.602,0.0188739,4851.15,2894.52,464.015,23.2008,710.378,1224.25,0,30.2598,151.316,768.304,803.9,0.204882,0.399588,7.4691,0.0477485,0.00824035,0.287756,0.255499,0.367936,0.0999945,1.42628,41.7546
131000,9698.46,0.591947,32.688,32.69,0.0184655,4845.61,2887.68,464.574,23.2287,704.724,1229.51,0,30.303,150.774,770.938,806.84,0.204825,0.399442,7.46205,0.0479013,0.00824364,0.287925,0.251973,0.367268,0.0985,1.42755,41.871
131500,9699.12,0.591987,32.474,32.438,0.0188594,4846.57,2886.71,460.035,23.0018,713.043,1221.66,0,30.3967,151.252,773.679,810.38,0.204455,0.398694,7.46809,0.0474308,0.00825657,0.288416,0.250248,0.365974,0.0986729,1.42749,41.9055
132000,9705,0.592346,32.688,32.684,0.018162,4848.15,2887.27,461.804,23.0902,707.514,1230.4,0,30.3499,150.836,776.903,814.3,0.204308,0.398448,7.46941,0.0475838,0.00826038,0.289261,0.249523,0.365472,0.0999001,1.42738,41.961
132500,9695.04,0.591738,32.638,32.676,0.0177646,4845.48,2883.61,455.821,22.7911,712.82,1230.86,0,30.4285,150.972,779.976,817.82,0.204041,0.397925,7.47245,0.0470162,0.00826208,0.290131,0.249617,0.365552,0.100468,1.42784,41.3918
133000,9717.88,0.593132,32.524,32.434,0.0180288,4850.94,2886.72,458.232,22.9116,708.595,1223.07,0,30.3945,150.888,783.117,821.82,0.203519,0.397041,7.47361,0.0471536,0.008278,0.291394,0.250711,0.36583,0.100445,1.42635,41.8439
133500,9706.56,0.592441,32.622,32.678,0.0175793,4848.37,2881.85,459.499,22.975,711.072,1234.49,0,30.4104,150.99,786.217,824,0.203178,0.396492,7.47455,0.0473391,0.00827511,0.293192,0.254149,0.366205,0.0997582,1.42703,42.0859
134000,9720.64,0.593301,32.72,32.79,0.0189344,4852.15,2886.95,456.969,22.8484,714.693,1232.52,0,30.3971,150.885,789.274,825.16,0.203335,0.396913,7.47501,0.0470105,0.00827277,0.294355,0.256109,0.366245,0.0986825,1.42618,41.5803
134500,9702.14,0.592172,32.504,32.438,0.0177811,4847,2881.99,451.977,22.5988,710.976,1224.99,0,30.4371,150.862,792.182,827.36,0.203371,0.396979,7.47839,0.0465859,0.00826585,0.295858,0.261315,0.367055,0.0978552,1.42736,40.9571
135000,9713.56,0.592869,32.796,32.8,0.0178727,4850.33,2883.91,451.43,22.5715,711.698,1240.18,0,30.419,150.936,794.986,829.66,0.203092,0.396493,7.47859,0.0464735,0.00826638,0.297267,0.265329,0.368305,0.0975739,1.42668,41.2323
135500,9716.54,0.593051,32.566,32.524,0.0182168,4850.9,2881.54,452.789,22.6394,715.818,1226.25,0,30.4449,151.063,797.998,832.6,0.202578,0.395448,7.47858,0.0465998,0.00825625,0.300107,0.274051,0.369306,0.0977335,1.42656,41.5858
136000,9725.52,0.593599,32.704,32.72,0.0190358,4853.28,2883.09,452.712,22.6356,713.464,1233.92,0,30.4493,150.759,800.99,835.8,0.202353,0.395001,7.47909,0.0465488,0.0082634,0.301158,0.277345,0.369614,0.0973604,1.42581,41.9083
136500,9715.28,0.592974,32.648,32.666,0.0183638,4850.25,2878.59,448.777,22.4389,715.738,1231.59,0,30.4585,150.852,803.801,839.36,0.202161,0.394798,7.47598,0.046193,0.00825736,0.302369,0.279214,0.370464,0.0954536,1.4265,41.911
137000,9723.64,0.593484,32.746,32.76,0.019312,4851.82,2878.15,450.753,22.5376,719.23,1235.06,0,30.4761,150.943,806.529,842.48,0.201722,0.394133,7.47311,0.0463565,0.0082494,0.304224,0.280592,0.371657,0.093983,1.42577,41.8773
137500,9726.22,0.593641,32.692,32.64,0.0178411,4853.04,2878.11,443.324,22.1662,720.377,1231.07,0,30.4899,150.887,809.442,845.88,0.201474,0.393978,7.47423,0.0455798,0.00825701,0.305362,0.282502,0.372005,0.0926662,1.42544,41.3585
138000,9715.58,0.592992,32.54,32.558,0.0186612,4849.58,2873.82,441.125,22.0563,720.806,1230.54,0,30.521,151.074,812.347,848.44,0.201331,0.393802,7.47578,0.0454036,0.00825559,0.306447,0.285176,0.372157,0.0925111,1.42622,41.5669
138500,9719.52,0.593232,32.628,32.636,0.0179665,4850.45,2873.24,447.532,22.3766,718.637,1233.04,0,30.5152,150.638,815.223,851.94,0.201122,0.393502,7.47433,0.0460441,0.00824953,0.307962,0.290771,0.373139,0.0912479,1.42602,41.7169
139000,9729.64,0.59385,32.802,32.816,0.0185636,4853.82,2876.9,446.104,22.3052,722.659,1235.56,0,30.4914,151.033,818.057,855.06,0.201197,0.393639,7.46984,0.0458501,0.00824031,0.309857,0.297905,0.374161,0.091348,1.42534,41.5749
139500,9702.2,0.592175,32.594,32.602,0.018525,4845.89,2867.95,445.993,22.2996,724.397,1228.74,0,30.5802,150.7,821.056,858.34,0.201093,0.393476,7.46975,0.0459685,0.00822962,0.312072,0.305188,0.375001,0.0900331,1.42707,41.8723
140000,9724.44,0.593533,32.786,32.82,0.0182867,4852.41,2874.1,439.707,21.9854,722.071,1240.57,0,30.5495,150.843,824.005,861.56,0.201026,0.393366,7.46648,0.0452166,0.00823592,0.312973,0.307755,0.374814,0.090144,1.42564,34.0848
140500,9717.2,0.593091,32.574,32.518,0.0181662,4849.99,2871.64,435.16,21.758,723.914,1230.61,0,30.6046,150.955,826.926,864.16,0.20086,0.393144,7.47585,0.0447826,0.00823655,0.314229,0.312873,0.375242,0.0896314,1.42608,38.5391
141000,9717.5,0.593109,32.664,32.63,0.0192319,4850.66,2872.6,433.648,21.6824,717.99,1231.78,0,30.552,150.742,829.793,866.6,0.200911,0.393181,7.47645,0.0446255,0.00823219,0.314783,0.313837,0.375214,0.0901097,1.42595,41.5544
141500,9710.64,0.59269,32.668,32.75,0.0181205,4849.28,2869.54,431.93,21.5965,725.814,1239.45,0,30.6549,151.139,832.585,869.4,0.200718,0.392781,7.47936,0.0444808,0.00822389,0.315675,0.315154,0.375415,0.0901216,1.42665,41.2988
142000,9708.32,0.592549,32.594,32.594,0.0174734,4848.8,2865.68,435.884,21.7942,724.654,1231.32,0,30.6297,150.628,835.442,872.48,0.200192,0.391926,7.47792,0.0448976,0.00822158,0.316737,0.317612,0.375358,0.0885999,1.42685,41.6067
142500,9739.46,0.594449,32.742,32.678,0.0183308,4857.01,2873.98,434.235,21.7117,727.922,1233.03,0,30.5844,150.927,838.34,876.6,0.200041,0.391821,7.4828,0.0445851,0.00822883,0.31772,0.317784,0.375904,0.0885602,1.42495,41.2328
143000,9720.32,0.593281,32.622,32.598,0.0174087,4851.47,2867.85,435.001,21.7501,727.757,1235.15,0,30.6254,151.053,841.459,879.9,0.199926,0.391679,7.48633,0.0447529,0.00822603,0.31912,0.318344,0.37615,0.0881604,1.42618,41.4876
143500,9739.88,0.594475,32.678,32.642,0.0190054,4857.45,2872.09,431.247,21.5624,728.377,1232.6,0,30.628,151.065,844.464,882.58,0.199591,0.391078,7.49036,0.0442769,0.0082183,0.320936,0.324831,0.37664,0.0870962,1.42496,41.478
144000,9745.3,0.594806,32.79,32.842,0.0185784,4859.03,2873.39,428.151,21.4076,725.503,1240.25,0,30.6073,150.908,847.37,886.28,0.199463,0.390837,7.48872,0.0439336,0.0082131,0.322711,0.328359,0.377997,0.0858551,1.42439,41.0632
144500,9751.18,0.595165,32.77,32.786,0.019469,4860.19,2873.93,423.4,21.17,727.984,1240.26,0,30.6249,150.968,850.067,888.48,0.199321,0.390526,7.48814,0.04342,0.00821633,0.323217,0.326551,0.378634,0.0850899,1.42397,44.6358
145000,9740.02,0.594484,32.676,32.63,0.0174057,4857.15,2869.57,420.486,21.0243,727.788,1235.34,0,30.6317,150.965,852.792,890.74,0.199249,0.390484,7.48492,0.0431711,0.00821613,0.323471,0.324932,0.378706,0.0852078,1.42488,48.0876
145500,9763.44,0.595913,32.898,32.884,0.0177765,4863.74,2876.16,427.255,21.3628,722.322,1243.63,0,30.5317,150.643,855.694,893.96,0.199195,0.390382,7.4835,0.0437606,0.00820883,0.32367,0.323446,0.378638,0.0845643,1.42324,48.3765
146000,9763.46,0.595914,32.904,32.87,0.0183349,4863.31,2875.32,430.51,21.5255,724.33,1243.91,0,30.5922,150.866,858.659,896.06,0.199163,0.390444,7.47816,0.044094,0.00820042,0.324445,0.323415,0.379261,0.0845038,1.42322,48.5445
146500,9750.3,0.595111,32.574,32.638,0.0179883,4859.7,2872.14,421.125,21.0563,726.648,1236.2,0,30.6304,150.96,861.718,898.5,0.199295,0.390888,7.47753,0.0431909,0.00818744,0.325442,0.325114,0.37965,0.0851073,1.4241,48.5493
147000,9745.16,0.594797,32.856,32.83,0.0178421,4858.79,2870.7,424.734,21.2367,729.016,1238.93,0,30.6682,150.854,864.588,900.02,0.199347,0.390958,7.4716,0.043584,0.00818577,0.325779,0.324937,0.379678,0.0852965,1.42439,48.6928
147500,9768.02,0.596193,32.93,32.922,0.0180158,4864.75,2876.67,428.323,21.4162,726.323,1244.36,0,30.5759,150.823,867.598,903.2,0.199235,0.390808,7.47302,0.0438494,0.00818371,0.326553,0.325914,0.380124,0.0852505,1.42293,48.7026
148000,9760.06,0.595707,32.634,32.618,0.018464,4862.29,2874.11,415.616,20.7808,727.293,1235.39,0,30.6465,151.17,870.594,906.66,0.199148,0.390749,7.48071,0.0425829,0.00818252,0.327709,0.329288,0.380189,0.0845955,1.42356,48.0263
148500,9762.36,0.595847,32.834,32.838,0.0175156,4863.48,2875.24,415.797,20.7899,725.081,1244.16,0,30.6615,150.932,873.462,909.6,0.19924,0.390989,7.47547,0.0425916,0.0081895,0.328559,0.329556,0.38067,0.0850802,1.4234,48.4756
149000,9755.96,0.595457,32.676,32.656,0.018137,4861.29,2874.82,413.103,20.6551,727.536,1236.1,0,30.6657,151.151,876.471,912.4,0.199492,0.391383,7.47958,0.0423441,0.00819813,0.329048,0.3276,0.38037,0.0853053,1.42393,49.6261
149500,9768.42,0.596217,32.772,32.792,0.0183395,4864.95,2878.24,418.627,20.9314,725.596,1241.3,0,30.6601,150.952,879.536,914.54,0.199354,0.390987,7.48159,0.0428555,0.00821098,0.329043,0.322774,0.379171,0.0854923,1.42307,49.6034
150000,9765.04,0.596011,32.782,32.798,0.018132,4864.02,2876.69,414.747,20.7374,724.308,1239.16,0,30.6628,150.86,882.568,916.84,0.199234,0.390732,7.48105,0.0424726,0.00821218,0.329975,0.32144,0.379326,0.08447,1.42311,48.7844
150500,9756.52,0.595491,32.828,32.79,0.0170659,4861.23,2873.72,407.642,20.3821,727.115,1242.14,0,30.7231,151.021,885.471,920.04,0.199214,0.390645,7.48284,0.0417816,0.00821443,0.330886,0.321576,0.379553,0.0847451,1.42379,49.6574
151000,9771.36,0.596396,32.814,32.852,0.0176377,4866.23,2876.25,405.838,20.2919,728.536,1242.61,0,30.7211,150.884,888.26,923.34,0.198681,0.389579,7.48836,0.0415335,0.00822572,0.331111,0.321063,0.380124,0.084043,1.42274,49.1122
151500,9761.98,0.595824,32.76,32.73,0.017184,4862.96,2873.76,410.815,20.5407,728.354,1240.13,0,30.6726,151.037,891.14,926.06,0.198702,0.389493,7.49483,0.0420828,0.00824208,0.331189,0.319705,0.379617,0.0842683,1.42338,49.6967
152000,9766.36,0.596091,32.724,32.776,0.0182723,4864.53,2875.72,409.882,20.4941,727.276,1238.35,0,30.6724,150.834,894.156,930.16,0.198754,0.3895,7.49562,0.0419676,0.00825372,0.331138,0.319066,0.379706,0.0844568,1.42309,49.692
152500,9752.5,0.595245,32.754,32.72,0.0172783,4860.55,2872.17,408.632,20.4316,729.391,1238.33,0,30.7421,151.09,897.259,934.1,0.19887,0.3896,7.49473,0.0419001,0.00825799,0.331755,0.322467,0.380228,0.08458,1.42399,49.8156
153000,9771.2,0.596387,32.914,32.864,0.0174688,4866.01,2877.95,400.169,20.0084,725.184,1244.64,0,30.7384,150.836,900.359,936.96,0.198842,0.389504,7.49614,0.0409534,0.00825391,0.333896,0.331693,0.38263,0.0839046,1.42264,49.7898
153500,9740.88,0.594536,32.694,32.766,0.0172765,4857.82,2870.24,392.158,19.6079,723.151,1244.51,0,30.7902,150.858,903.532,940.62,0.199007,0.389755,7.49764,0.0402591,0.00824671,0.335418,0.337849,0.384572,0.0836944,1.42476,49.7376
154000,9745.96,0.594846,32.734,32.718,0.0173681,4859,2872.1,399.178,19.9589,728.826,1239.33,0,30.7822,151.083,906.575,943.22,0.199062,0.389783,7.50068,0.0409579,0.0082483,0.336151,0.340132,0.384271,0.0833393,1.42438,49.2814
154500,9753.7,0.595319,32.7,32.694,0.01737,4860.83,2874.98,393.146,19.6573,723.371,1237.45,0,30.7581,150.895,909.639,946.56,0.19918,0.389866,7.5017,0.0403071,0.00824921,0.336201,0.335645,0.383453,0.0836309,1.4239,49.516
155000,9732.16,0.594004,32.688,32.7,0.0179269,4855.25,2868.69,395.242,19.7621,729.915,1239.22,0,30.8414,150.887,912.52,948.88,0.199184,0.389794,7.50139,0.0406127,0.00824493,0.337298,0.335246,0.384253,0.08418,1.42544,49.8205
155500,9746.7,0.594891,32.708,32.78,0.0174849,4859.4,2871.32,387.446,19.3723,728.869,1240.04,0,30.8308,151.001,915.447,951.9,0.198846,0.38911,7.5038,0.0397516,0.00825306,0.338973,0.336063,0.384854,0.0848599,1.42449,50.1118
156000,9762.14,0.595834,32.852,32.698,0.0171153,4863.49,2873.94,382.007,19.1004,730.646,1240.7,0,30.8424,151.112,918.232,955.1,0.198542,0.388604,7.50485,0.039131,0.00826627,0.340175,0.336678,0.38479,0.083983,1.42346,50.1946
156500,9780.84,0.596975,32.806,32.874,0.0182153,4869.01,2879.02,377.763,18.8882,725.997,1243.8,0,30.7755,150.847,921.038,958.34,0.198393,0.388459,7.50536,0.0386227,0.00826875,0.341148,0.336253,0.385186,0.0837962,1.42223,49.9362
157000,9761.98,0.595824,32.894,32.938,0.0178013,4863.66,2873.64,376.397,18.8199,727.532,1247.85,0,30.8301,150.767,923.738,961.68,0.198509,0.388779,7.5022,0.0385575,0.00825947,0.341905,0.337681,0.384797,0.0846387,1.42353,48.8979
157500,9755.56,0.595432,32.762,32.72,0.0170542,4862.15,2870.11,376.174,18.8087,724.994,1240.76,0,30.912,150.604,926.37,965.02,0.198227,0.388323,7.50089,0.0385599,0.0082593,0.34206,0.338537,0.384925,0.0852182,1.42392,49.2193
158000,9770.24,0.596328,32.83,32.82,0.018133,4865.89,2870.01,375.107,18.7554,731.413,1247.16,0,30.88,150.914,929.227,967.98,0.197517,0.386898,7.49848,0.038393,0.00825776,0.342679,0.340998,0.386315,0.0858673,1.42282,49.4277
158500,9770.84,0.596365,32.828,32.808,0.0176832,4865.8,2865.62,376.878,18.8439,735.334,1243.59,0,30.8983,150.808,931.979,970.66,0.196803,0.385639,7.49949,0.0385714,0.00826902,0.342737,0.340793,0.386101,0.0859094,1.42291,49.6053
159000,9772.28,0.596453,32.772,32.816,0.0180583,4866.81,2865.59,375.884,18.7942,738.464,1243.94,0,30.9675,151.053,934.882,974.84,0.196653,0.385304,7.496,0.0384644,0.00826185,0.343792,0.342463,0.386313,0.0862303,1.42275,49.5204
159500,9776.02,0.596681,32.838,32.882,0.0170468,4867.45,2864.26,371.019,18.5509,739.07,1247.87,0,30.9805,151.009,937.615,978.86,0.196275,0.384584,7.49617,0.0379519,0.00826152,0.344087,0.340059,0.386858,0.0859401,1.42239,49.4452
160000,9777.68,0.596782,32.87,32.758,0.017102,4867.52,2861.68,370.488,18.5244,740.008,1244.74,0,30.9572,150.993,940.499,982.86,0.195899,0.38398,7.49083,0.0378914,0.0082603,0.345767,0.343743,0.388197,0.0858511,1.4223,41.6627
160500,9781.72,0.597029,32.962,32.996,0.0179726,4868.45,2859.61,379.081,18.954,740.587,1252.24,0,30.9822,150.813,943.351,986.92,0.195454,0.383265,7.48324,0.0387541,0.00825343,0.347876,0.346608,0.388594,0.0857924,1.42212,46.6671
161000,9781.84,0.597036,32.782,32.744,0.0163673,4869.07,2857.1,380.413,19.0207,749.167,1242.34,0,31.0287,150.957,946.214,990.88,0.195019,0.382584,7.48299,0.0388894,0.0082454,0.349231,0.35142,0.389457,0.0862667,1.42211,49.7849
161500,9795.3,0.597858,32.942,32.954,0.0172293,4872.97,2857.34,378.6,18.93,744.888,1248.47,0,30.9869,150.766,949.109,993.74,0.194387,0.381362,7.48001,0.0386512,0.008253,0.349474,0.348689,0.389189,0.0860179,1.42125,49.8651
162000,9790.24,0.597549,32.878,32.84,0.0184691,4870.66,2853.35,380.392,19.0196,750.522,1247.19,0,31.0586,150.816,951.872,997.26,0.194054,0.380584,7.48058,0.0388542,0.00826159,0.350352,0.349837,0.388897,0.0857433,1.42156,49.7476
162500,9796.74,0.597946,32.9,32.922,0.0176373,4872.25,2855.33,375.308,18.7654,746.418,1256.15,0,31.0021,151.026,954.787,1000.82,0.194072,0.380607,7.48252,0.0383094,0.00827048,0.351541,0.353198,0.389686,0.0856795,1.42119,49.4416
163000,9777.74,0.596786,32.718,32.726,0.0165732,4868.1,2850.63,367.823,18.3912,749.766,1245.89,0,31.1015,151.102,957.32,1003.82,0.194005,0.380515,7.48911,0.0376188,0.00828312,0.352246,0.35457,0.39035,0.0866421,1.42244,49.7176
163500,9769.2,0.596265,32.744,32.766,0.0167187,4865.75,2845.52,370.615,18.5307,747.387,1248.46,0,31.1532,150.781,960.161,1006.08,0.19364,0.379885,7.48403,0.0379372,0.00828528,0.352901,0.356602,0.390851,0.0865981,1.423,49.9367
164000,9793.6,0.597754,33.042,33.024,0.0184308,4872.04,2850.62,372.464,18.6232,751.493,1256.6,0,31.0941,150.948,962.97,1009.24,0.193226,0.379126,7.48824,0.0380312,0.00828632,0.353511,0.357949,0.392019,0.086853,1.42129,49.9551
164500,9814.1,0.599005,32.964,32.926,0.0190502,4877.13,2854.43,375.166,18.7583,749.609,1251.6,0,31.0667,150.91,965.739,1012.52,0.192872,0.378539,7.49114,0.038227,0.00829,0.354304,0.362454,0.393292,0.0869717,1.4199,49.972
165000,9808.14,0.598641,33.016,32.94,0.0170378,4875.96,2851.33,374.618,18.7309,755.468,1254.9,0,31.1242,150.927,968.662,1016.92,0.192635,0.378078,7.48934,0.0381947,0.00829074,0.355525,0.366475,0.393916,0.0863358,1.42038,49.8671
165500,9814.06,0.599003,32.824,32.93,0.0166761,4878.01,2854.47,365.451,18.2725,755.58,1250.94,0,31.1418,151.144,971.576,1020.14,0.192764,0.378423,7.491,0.0372368,0.00828789,0.356426,0.366413,0.394361,0.0861755,1.41992,49.8843
166000,9804.36,0.598411,32.978,32.892,0.0173714,4874.56,2852.19,369.125,18.4563,747.785,1251.9,0,31.0734,150.808,974.859,1023.72,0.192906,0.378585,7.49021,0.0376502,0.00829136,0.357679,0.369402,0.395581,0.0867395,1.42036,49.6684
166500,9802.34,0.598287,32.862,32.92,0.0169553,4874.52,2850.56,367.027,18.3513,753.133,1256.73,0,31.1345,151.17,977.825,1028.1,0.192624,0.378182,7.49456,0.0374423,0.00829181,0.358844,0.371099,0.396504,0.087302,1.42063,49.9027
167000,9806.94,0.598568,32.938,32.896,0.0180559,4875.36,2849.45,373.709,18.6855,751.185,1249.77,0,31.0519,150.557,980.839,1032.4,0.192256,0.377434,7.49693,0.0381067,0.00830395,0.358972,0.369565,0.396432,0.087542,1.42038,49.9394
167500,9804.62,0.598427,32.936,32.966,0.0175822,4875.06,2848.21,375.757,18.7879,758.76,1249.39,0,31.0973,150.949,983.93,1035.56,0.192071,0.377156,7.50053,0.0383246,0.00831037,0.35997,0.370931,0.396773,0.0879498,1.42053,49.9494
168000,9813.76,0.598984,32.956,32.93,0.0168293,4877.62,2848.4,372.287,18.6143,755.379,1253.24,0,31.1104,150.677,986.774,1038.44,0.191618,0.376307,7.50065,0.037935,0.00830302,0.360762,0.373232,0.396935,0.0872109,1.41986,49.9207
168500,9821.2,0.599438,33.086,33.084,0.0170622,4879.19,2848.23,372.89,18.6445,757.181,1259.19,0,31.162,150.984,989.563,1042.04,0.191313,0.375679,7.50027,0.0379678,0.00829755,0.361806,0.376859,0.397424,0.0869663,1.41954,49.8958
169000,9837.96,0.600461,32.938,32.882,0.0180265,4883.65,2852.16,366.452,18.3226,762.073,1249.4,0,31.1849,150.979,992.277,1046.14,0.191112,0.375332,7.50033,0.0372491,0.008299,0.363012,0.381022,0.397004,0.085942,1.41825,49.4736
169500,9828.46,0.599882,33.092,33.11,0.0179643,4881,2847.03,370.527,18.5264,760.728,1257.16,0,31.1505,150.884,994.808,1048.08,0.190718,0.374572,7.50127,0.0376991,0.00830564,0.364436,0.382451,0.397963,0.0854401,1.41897,49.0879
170000,9839.5,0.600555,33.06,33.092,0.0178787,4884.32,2849.92,368.437,18.4218,760.286,1254.55,0,31.166,150.914,997.624,1051.18,0.190595,0.374288,7.50384,0.0374445,0.00830365,0.365008,0.381637,0.397675,0.0856923,1.41826,48.5933
170500,9819.7,0.599347,32.86,32.876,0.0176201,4879.52,2843.1,367.978,18.3989,764.129,1250.78,0,31.2066,150.876,1000.46,1053.6,0.190342,0.37389,7.50658,0.0374735,0.00829933,0.365096,0.382175,0.39727,0.0857746,1.41961,48.3393
171000,9834.76,0.600266,33.156,33.116,0.0171578,4882.87,2845.82,368.52,18.426,759.548,1259.31,0,31.1515,150.625,1003.52,1056.86,0.190165,0.373682,7.50467,0.0374711,0.00830019,0.366133,0.386768,0.397373,0.0852665,1.41856,46.6097
171500,9832.08,0.600103,33.024,33.04,0.0184236,4882.45,2846.5,364.958,18.2479,763.963,1256.61,0,31.1694,150.987,1006.82,1060.26,0.190255,0.373846,7.51097,0.0371188,0.00830622,0.366949,0.389315,0.397885,0.0861684,1.41873,42.0242
172000,9831.84,0.600088,33.01,33.01,0.0190003,4881.95,2847.33,365.912,18.2956,762.005,1249.81,0,31.144,150.556,1009.85,1063.44,0.190512,0.374363,7.50788,0.0372167,0.00830725,0.36858,0.394395,0.398273,0.0868756,1.41873,41.5255
172500,9838.48,0.600493,33.156,33.124,0.01737,4883.38,2849.47,368.988,18.4494,764.917,1257.99,0,31.175,151.05,1012.44,1067.36,0.190623,0.374693,7.50508,0.0375049,0.00830964,0.369458,0.395214,0.398048,0.0876732,1.41826,41.2112
173000,9825,0.59967,32.868,32.892,0.0172052,4880.32,2845.83,365.683,18.2842,762.417,1248.6,0,31.1989,150.966,1015.13,1071.02,0.190578,0.374598,7.509,0.0372198,0.00830721,0.370508,0.397495,0.398535,0.0880287,1.41924,41.0049
173500,9838.5,0.600494,33.102,33.078,0.0186543,4884.04,2848.02,369.288,18.4644,765.406,1251.75,0,31.1357,150.87,1017.69,1072.34,0.190252,0.373964,7.50845,0.0375349,0.00832462,0.371331,0.397192,0.398457,0.0884547,1.41821,41.6744
174000,9836.9,0.600397,32.994,33.002,0.0182615,4883.53,2844.52,369.34,18.467,763.94,1252.04,0,31.1843,150.699,1020.53,1076.16,0.189787,0.373129,7.50763,0.0375464,0.00833666,0.371999,0.398333,0.399108,0.0893889,1.41838,41.3867
174500,9830.1,0.599982,33.038,33.04,0.0180073,4881.16,2841.88,367.081,18.354,769.928,1252.69,0,31.229,150.979,1023.49,1080.8,0.189704,0.373031,7.50795,0.0373426,0.00833671,0.372612,0.400312,0.399408,0.0910184,1.41891,41.5685
175000,9862.98,0.601989,33.224,33.212,0.0183256,4890.82,2847.23,369.18,18.459,767.654,1260.25,0,31.1808,150.809,1025.98,1083.5,0.189017,0.37159,7.50414,0.0374312,0.00833072,0.372691,0.401991,0.399162,0.0919137,1.41675,42.0361
175500,9857.94,0.601681,33.018,33.052,0.0180565,4889.54,2847.2,360.866,18.0433,764.071,1257.34,0,31.2214,150.878,1028.62,1083.12,0.189113,0.371792,7.51166,0.0366067,0.00833055,0.372928,0.402011,0.398549,0.0920835,1.41708,42.1456
176000,9853.7,0.601422,33.086,33.046,0.0170478,4887.93,2845.48,365.319,18.2659,765.927,1256.77,0,31.1962,150.725,1031.46,1085.86,0.189106,0.371864,7.51047,0.0370742,0.00832636,0.374702,0.406758,0.399428,0.0916357,1.41738,42.0159
176500,9850.46,0.601224,33.22,33.24,0.0171411,4887.64,2847.16,360.149,18.0074,760.982,1266.28,0,31.1942,150.86,1034.45,1088.66,0.189432,0.372702,7.51395,0.0365612,0.00832713,0.376385,0.410541,0.399628,0.092731,1.41771,41.7659
177000,9873.28,0.602617,33.122,33.072,0.0179366,4893.17,2853.35,360.289,18.0144,762.18,1257.93,0,31.1409,150.779,1037.36,1091.36,0.189359,0.372811,7.516,0.036491,0.00832432,0.377593,0.412386,0.399979,0.093301,1.41612,41.5063
177500,9867.56,0.602268,33.296,33.342,0.0184016,4891.4,2852.8,361.258,18.0629,756.19,1265.62,0,31.0974,150.393,1040.25,1095.34,0.18949,0.373058,7.51726,0.0366111,0.00831936,0.378355,0.411576,0.399658,0.0932654,1.41632,41.8829
178000,9845.72,0.600935,33.042,33.086,0.0177524,4886.54,2849.87,361.433,18.0717,758.591,1260.92,0,31.1937,151.114,1043.18,1097.96,0.189978,0.374013,7.51872,0.0367097,0.00832806,0.378857,0.412049,0.399348,0.0937341,1.4179,41.2458
178500,9863.06,0.601993,33.13,33.042,0.0173761,4890.72,2853.22,366.938,18.3469,764.776,1257.69,0,31.1592,150.995,1046.06,1100.74,0.189844,0.373696,7.51534,0.0372035,0.00832417,0.379693,0.413158,0.399684,0.0933599,1.41686,40.7848
179000,9853.3,0.601398,32.96,32.988,0.0182165,4888.56,2849.03,368.067,18.4033,763.423,1248.85,0,31.1524,150.83,1048.94,1103.7,0.189513,0.373066,7.51654,0.0373543,0.00833287,0.380673,0.414962,0.399932,0.0926433,1.41734,41.0977
179500,9861.42,0.601893,33.184,33.144,0.0182309,4890.13,2848.87,363.216,18.1608,765.774,1261.7,0,31.2062,151.059,1052,1105.86,0.189184,0.372362,7.51651,0.0368317,0.00833051,0.381315,0.416717,0.400248,0.0921564,1.41691,41.4488
180000,9869.16,0.602366,33.184,33.17,0.0172121,4892,2851.21,360.829,18.0415,760.888,1258.49,0,31.1823,150.687,1054.88,1108.72,0.189319,0.372539,7.51139,0.0365614,0.0083191,0.381139,0.416364,0.399299,0.0918869,1.41638,33.8766
180500,9872.34,0.60256,33.072,33.082,0.0178196,4892.86,2852.18,363.444,18.1722,761.538,1257.07,0,31.1626,150.637,1057.88,1111.52,0.189386,0.3726,7.50885,0.0368145,0.00831987,0.382194,0.416131,0.39922,0.0927458,1.41624,38.5224
181000,9872.9,0.602594,33.302,33.32,0.0178199,4893.63,2852.71,366.488,18.3244,767.854,1262.71,0,31.2268,151.035,1060.62,1114.64,0.189301,0.372427,7.51355,0.0371206,0.00832789,0.383614,0.417456,0.399421,0.0915085,1.41621,41.6275
181500,9883.62,0.603248,33.134,33.086,0.0172317,4895.99,2854.6,363.235,18.1617,765.372,1255.34,0,31.1889,150.911,1063.27,1119,0.189122,0.371979,7.5164,0.0367509,0.00833985,0.384365,0.418109,0.399931,0.0902756,1.41558,41.6185
182000,9870.74,0.602462,33.102,33.116,0.018027,4892.07,2852.84,365.582,18.2791,763.712,1255.33,0,31.1672,150.952,1066.04,1122.32,0.189521,0.372618,7.51275,0.0370372,0.00833709,0.384881,0.41668,0.400514,0.0904199,1.41624,40.708
182500,9869.46,0.602384,33.098,33.16,0.0171405,4892.64,2854.97,360.38,18.019,768.925,1256.72,0,31.2048,151.259,1069.02,1125,0.189833,0.373255,7.51456,0.0365147,0.00834092,0.385625,0.417677,0.401606,0.0906796,1.41635,40.0503
183000,9855.52,0.601533,33.032,33.024,0.0179056,4888.39,2850.94,355.797,17.7898,761.135,1253.76,0,31.1922,150.81,1071.97,1128.38,0.189879,0.373454,7.51352,0.0361012,0.00833842,0.387091,0.420476,0.401823,0.0901929,1.41716,40.7815
183500,9854.52,0.601472,33.21,33.234,0.0170699,4888.2,2849.24,360.239,18.0119,765.818,1260.63,0,31.1924,151.031,1074.81,1131.7,0.189668,0.373,7.51044,0.0365558,0.00833356,0.388268,0.421858,0.401623,0.0903776,1.41723,41.2367
184000,9846.92,0.601008,32.88,32.858,0.0172618,4886.41,2847.84,356.188,17.8094,765.122,1250.75,0,31.2087,150.999,1077.86,1134.08,0.189721,0.372961,7.51365,0.0361725,0.00833746,0.388847,0.42312,0.401405,0.0909964,1.41768,40.4065
184500,9831.86,0.600089,33.092,33.14,0.0176252,4882.77,2844.07,352.648,17.6324,765.061,1257.21,0,31.2697,150.761,1080.85,1138.52,0.18979,0.3729,7.51116,0.0358675,0.0083355,0.389061,0.421279,0.400637,0.0912399,1.4186,40.734
185000,9842.38,0.600731,33.074,33.044,0.0171927,4884.67,2847.55,355.957,17.7978,765.165,1255.93,0,31.2528,151.163,1083.44,1142.94,0.190052,0.373369,7.51022,0.036166,0.00833143,0.38899,0.419005,0.400773,0.0921651,1.41811,41.1548
185500,9837.98,0.600463,32.914,32.954,0.0189313,4883.83,2845.37,356.843,17.8422,760.259,1252.65,0,31.231,150.767,1086.35,1148.14,0.189838,0.372859,7.50951,0.0362716,0.00833865,0.38965,0.414876,0.400652,0.0915717,1.41828,40.9339
186000,9836.3,0.60036,33.224,33.224,0.0173356,4883.33,2841.76,352.22,17.611,765.747,1265.4,0,31.2755,150.839,1089.33,1151.82,0.189447,0.372143,7.50119,0.0358084,0.00833895,0.390356,0.41656,0.399734,0.0917649,1.41838,41.061
186500,9837.36,0.600425,32.96,32.97,0.017709,4883.49,2842.35,348.22,17.411,767.139,1256.03,0,31.3088,150.979,1092.25,1155.42,0.189477,0.372191,7.50437,0.0353972,0.00833282,0.390692,0.414409,0.399526,0.0916515,1.4184,41.2253
187000,9844.3,0.600848,32.918,32.89,0.016827,4885.83,2846.51,338.796,16.9398,759.962,1255.09,0,31.3583,151.093,1095.08,1158.84,0.189826,0.37297,7.50565,0.0344155,0.00832862,0.391351,0.412502,0.399866,0.0918061,1.41806,40.8256
187500,9847.5,0.601044,33.27,33.22,0.0174743,4887.16,2846.58,341.814,17.0907,761.874,1266.47,0,31.3312,150.726,1097.82,1160.7,0.189818,0.373053,7.49737,0.0347108,0.00832942,0.393339,0.415139,0.400849,0.0919972,1.41809,40.4195
188000,9858.44,0.601711,33.016,33.032,0.0173175,4890.11,2849.47,337.174,16.8587,764.009,1260.9,0,31.3608,150.827,1100.52,1162.84,0.189721,0.372788,7.50025,0.0342016,0.00833189,0.393742,0.412879,0.400397,0.0921938,1.41719,40.2946
188500,9865.5,0.602142,33.25,33.202,0.0173089,4891.63,2848.38,340.548,17.0274,758.404,1264.69,0,31.3255,150.682,1103.24,1165.02,0.18924,0.371606,7.50105,0.0345191,0.00833493,0.393568,0.405307,0.399252,0.0923294,1.41693,40.2737
189000,9872.92,0.602595,33.1,33.112,0.0179812,4894.3,2848.08,343.263,17.1632,765.003,1261.68,0,31.3615,150.895,1105.91,1167.38,0.188685,0.370378,7.50051,0.0347686,0.00833565,0.394327,0.40079,0.398671,0.091676,1.41619,39.9341
189500,9882.5,0.60318,33.184,33.17,0.0177628,4896.77,2849.41,344.826,17.2413,770.836,1264.67,0,31.3037,151.036,1108.62,1164.96,0.188504,0.369999,7.50006,0.0348928,0.00833199,0.394493,0.396669,0.397901,0.0923196,1.41567,40.4736
190000,9879.76,0.603013,33.166,33.21,0.0177688,4895.7,2847.55,341.226,17.0613,769.909,1261.15,0,31.3682,151.161,1111.39,1166.96,0.188371,0.369836,7.49985,0.0345379,0.00833558,0.394597,0.392288,0.397601,0.0920093,1.41587,40.3488
190500,9853.7,0.601422,33.038,33.03,0.0185732,4888.71,2840,343.494,17.1747,764.393,1259.85,0,31.3312,150.47,1114.67,1170.2,0.188316,0.369516,7.50165,0.0348594,0.00835262,0.395083,0.392798,0.397096,0.0911122,1.41745,40.2214
191000,9859.3,0.601764,33.29,33.268,0.018368,4889.7,2839.78,345.781,17.2891,771.051,1265.04,0,31.3525,150.726,1117.78,1174.24,0.188015,0.368868,7.50108,0.0350715,0.0083525,0.396119,0.39391,0.397249,0.0914652,1.41698,40.3142
191500,9867.88,0.602288,33.048,33.068,0.0173774,4892.59,2843.23,342.721,17.136,771.376,1263.5,0,31.3813,151.462,1120.72,1177.36,0.188066,0.36881,7.50748,0.034731,0.0083547,0.396993,0.393056,0.396824,0.0918425,1.41655,40.198
192000,9865.58,0.602147,33.118,33.09,0.0177175,4891.4,2842.7,340.879,17.044,768.102,1260.13,0,31.35,150.727,1123.64,1180.34,0.188157,0.36885,7.50585,0.0345523,0.0083587,0.398093,0.394929,0.396491,0.0913635,1.41658,40.2725
192500,9871.44,0.602505,33.14,33.132,0.0171568,4893.25,2843.71,340.437,17.0219,774.02,1261.93,0,31.3877,151.073,1126.55,1184.44,0.187987,0.368389,7.5066,0.0344868,0.00835643,0.39889,0.392886,0.396411,0.0909805,1.41632,40.4488
193000,9860.82,0.601857,33.07,33.11,0.0177077,4890.68,2843.66,336.501,16.825,762.203,1263.43,0,31.376,150.752,1129.37,1189.12,0.188401,0.369329,7.50976,0.0341249,0.0083716,0.39975,0.393669,0.396816,0.0913858,1.41688,39.9767
193500,9852.82,0.601368,33.128,33.188,0.017158,4888.3,2840.27,332.464,16.6232,767.782,1267.34,0,31.3861,150.896,1132.51,1191.88,0.188342,0.369443,7.50557,0.033743,0.00838167,0.401103,0.396045,0.397996,0.0919741,1.41752,40.4204
194000,9861.4,0.601892,33.164,33.11,0.01669,4891.17,2843.08,332.9,16.645,770.166,1265.97,0,31.4045,151.105,1135.68,1195.86,0.188399,0.369521,7.50617,0.0337583,0.00838796,0.401807,0.396888,0.398457,0.0930413,1.41709,40.5692
194500,9869.9,0.602411,32.992,32.984,0.0176569,4893.31,2847.7,329.712,16.4856,765.765,1253.64,0,31.4009,150.78,1138.45,1198.34,0.188672,0.369833,7.51328,0.0334059,0.00838889,0.402434,0.396775,0.398919,0.0935026,1.41663,40.3567
195000,9854.44,0.601467,33.25,33.214,0.0167106,4889.14,2841.42,340.808,17.0404,762.983,1267.52,0,31.36,150.644,1140.92,1201.46,0.188409,0.369407,7.50816,0.0345845,0.0083852,0.404034,0.397885,0.399383,0.0930086,1.41753,40.1672
195500,9875.74,0.602767,33.092,33.076,0.0189695,4893.77,2845.65,339.576,16.9788,777.095,1259.29,0,31.405,151.336,1143.73,1199.22,0.188144,0.368964,7.51,0.0343844,0.0083895,0.405369,0.400486,0.4001,0.0923293,1.41597,40.0855
196000,9851.68,0.601299,33.152,33.24,0.0175715,4887.97,2838.42,343.023,17.1512,767.017,1266.61,0,31.366,150.81,1146.3,1202.44,0.187978,0.368732,7.51356,0.0348187,0.00839652,0.406349,0.404258,0.400835,0.0923241,1.41768,40.4036
196500,9854.66,0.601481,32.95,32.932,0.0173149,4888.73,2840.5,338.991,16.9496,774.234,1256.16,0,31.3912,151.189,1149.38,1204.96,0.188188,0.369183,7.51691,0.0343997,0.00840614,0.407194,0.401919,0.40059,0.092949,1.41757,40.3706
197000,9832.64,0.600137,32.988,33.006,0.0177436,4882.85,2838.02,331.415,16.5707,762.173,1261.16,0,31.3844,150.627,1152.64,1206.64,0.188756,0.370435,7.51869,0.0337053,0.00841106,0.40791,0.399927,0.401201,0.0933097,1.41892,39.8547
197500,9853.16,0.601389,33.29,33.186,0.0171343,4888.68,2843.19,329.949,16.4975,767.724,1265.38,0,31.4482,150.918,1155.95,1210.12,0.18871,0.370393,7.50966,0.0334867,0.0084201,0.409239,0.405846,0.402205,0.0939636,1.41742,40.1198
198000,9859.68,0.601787,33.058,33.114,0.0185109,4889.99,2843.34,324.672,16.2336,768.022,1261.09,0,31.4546,151.115,1158.77,1212.84,0.188461,0.369799,7.51026,0.0329294,0.0084245,0.410093,0.407095,0.402425,0.0942822,1.41706,40.5296
198500,9872.36,0.602561,33.06,33.074,0.0185996,4893.58,2843.32,326.56,16.328,769.567,1263.58,0,31.3811,150.68,1161.39,1215.94,0.187913,0.368713,7.50573,0.0330784,0.00842206,0.410439,0.409316,0.402347,0.0942166,1.41627,40.3923
199000,9881.56,0.603123,33.378,33.31,0.0177762,4895.71,2844.9,328.535,16.4267,763.933,1270.25,0,31.3471,150.531,1164.32,1219.2,0.187851,0.368691,7.50133,0.0332474,0.00843342,0.410906,0.410268,0.402461,0.0941243,1.41567,40.2269
199500,9874.36,0.602683,33.142,33.162,0.0173502,4893.98,2843.34,324.548,16.2274,771.709,1263.17,0,31.4278,150.834,1167.73,1221.98,0.187817,0.368751,7.50543,0.0328677,0.0084359,0.410934,0.410136,0.402378,0.0942308,1.41598,40.2366
200000,9863.68,0.602031,33.186,33.208,0.0189876,4890.81,2838.7,322.148,16.1074,772.397,1268.45,0,31.4491,150.994,1170.44,1224.68,0.187509,0.368179,7.50745,0.0326601,0.0084355,0.411423,0.408951,0.402343,0.093683,1.41661,33.1872
200500,9874.8,0.60271,33.202,33.21,0.0183655,4893.89,2842.12,324.036,16.2018,771.147,1260.33,0,31.4668,150.586,1173.27,1226.64,0.187584,0.368456,7.50786,0.0328146,0.0084376,0.413099,0.410714,0.401729,0.0927829,1.41588,37.9923
201000,9872.28,0.602556,33.104,33.058,0.0172199,4893.86,2842.86,324.109,16.2055,772.172,1259.34,0,31.4497,151.017,1176.2,1230.78,0.187808,0.368985,7.50813,0.0328305,0.00843647,0.41456,0.414266,0.401669,0.0938339,1.41626,39.9161
201500,9874.14,0.60267,33.198,33.222,0.0169736,4893.81,2845.19,330.424,16.5212,772.829,1265.1,0,31.3784,150.861,1179.07,1231.8,0.188154,0.369639,7.50816,0.0334634,0.00844337,0.415965,0.418535,0.401752,0.0936966,1.41613,38.6637
202000,9865.8,0.602161,33.126,33.11,0.0190493,4892.01,2843.88,327.957,16.3978,765.575,1261.47,0,31.4142,150.997,1182.22,1234.1,0.188237,0.36986,7.51081,0.033242,0.00845618,0.417165,0.419864,0.401133,0.0942741,1.41662,38.3533
202500,9882.46,0.603177,33.24,33.298,0.0188833,4896.16,2850.57,328.863,16.4432,766.496,1268.81,0,31.3704,150.877,1185.37,1236.82,0.188659,0.370616,7.50645,0.0332772,0.00846017,0.418212,0.420631,0.401871,0.0934284,1.41555,39.3768
203000,9878,0.602905,33.15,33.1,0.0181029,4895.18,2849.46,329.282,16.4641,765.345,1260.21,0,31.3655,150.724,1188.36,1239.76,0.188732,0.370622,7.50192,0.033335,0.00846294,0.419056,0.421076,0.402241,0.0931636,1.41578,40.2375
203500,9881.44,0.603115,33.276,33.242,0.0172699,4895.79,2850.31,330.234,16.5117,764.611,1265.63,0,31.3301,150.861,1191.04,1242.42,0.188692,0.370446,7.50487,0.0334195,0.00845722,0.420016,0.420319,0.40127,0.0924866,1.41563,40.4745
204000,9879.92,0.603022,33.088,33.146,0.0169526,4895.42,2848.12,330.705,16.5353,766.658,1262.66,0,31.3885,151.066,1193.8,1244.7,0.188393,0.369744,7.50618,0.0334726,0.00845719,0.421425,0.417839,0.400824,0.0919587,1.41573,40.1832
204500,9869.32,0.602375,33.168,33.124,0.0178219,4892.64,2843.16,327.001,16.35,769.764,1263.52,0,31.4219,150.858,1196.18,1248.36,0.188066,0.369073,7.50324,0.0331335,0.00844484,0.421974,0.418438,0.401066,0.0918614,1.41626,39.8471
205000,9880.36,0.603049,33.134,33.196,0.018899,4895.38,2847.31,328.574,16.4287,766.18,1262.66,0,31.3744,150.766,1198.96,1250.58,0.188297,0.36952,7.50278,0.033255,0.00844392,0.42311,0.420426,0.401771,0.0911913,1.41568,40.254
205500,9884.5,0.603302,33.33,33.266,0.0184275,4896.33,2846.55,329.59,16.4795,767.932,1267.71,0,31.4108,150.965,1201.87,1253.62,0.188052,0.369088,7.50183,0.0333445,0.00844519,0.423918,0.421555,0.401606,0.0905514,1.41544,40.1751
206000,9888.54,0.603549,33.162,33.13,0.0185217,4897.2,2846.47,330.702,16.5351,767.768,1264.85,0,31.4299,150.931,1204.75,1257.78,0.18785,0.368727,7.50044,0.0334432,0.00844254,0.424637,0.4234,0.401194,0.0897162,1.41514,40.4461
206500,9899.88,0.604241,33.19,33.158,0.0184115,4900.79,2850.51,331.224,16.5612,768.573,1264.61,0,31.3734,150.927,1207.62,1260.7,0.18799,0.368967,7.49862,0.0334573,0.00844782,0.424403,0.418162,0.399954,0.0899497,1.41444,40.5192
207000,9889.52,0.603608,33.236,33.332,0.0179197,4897.89,2849.77,332.18,16.609,769.732,1267.8,0,31.3764,151.177,1210.29,1264.1,0.188362,0.369804,7.49647,0.0335892,0.00845278,0.42359,0.413982,0.398732,0.0909081,1.41499,40.4542
207500,9907.3,0.604694,33.2,33.15,0.0178362,4902.75,2854.6,330.871,16.5436,764.234,1259.97,0,31.3388,150.68,1213.3,1267.48,0.188312,0.369881,7.49722,0.033397,0.00845304,0.424324,0.417054,0.399294,0.091523,1.41388,40.5254
208000,9905.78,0.604601,33.416,33.396,0.0176697,4902.82,2852.94,335.283,16.7642,761.814,1272.51,0,31.3286,150.591,1216.51,1271.48,0.188024,0.369498,7.49776,0.033847,0.00845874,0.424513,0.414462,0.399388,0.0923083,1.41392,40.5833
208500,9906.1,0.60462,33.182,33.206,0.0170115,4902.5,2854.34,333.37,16.6685,767.94,1262.88,0,31.3748,150.829,1219.57,1275.32,0.188228,0.369871,7.50373,0.033653,0.00846732,0.425071,0.416711,0.399803,0.0938185,1.41397,39.5205
209000,9908.06,0.60474,33.434,33.424,0.0171358,4903.38,2858.08,326.894,16.3447,764.356,1269.93,0,31.3826,150.902,1222.49,1278.62,0.188752,0.370808,7.50447,0.0329929,0.00848047,0.425406,0.414708,0.399632,0.094976,1.41392,39.3972
209500,9905.12,0.604561,33.096,33.09,0.0189888,4902.83,2857.92,321.159,16.058,763.131,1257.4,0,31.377,150.768,1225.43,1281.34,0.188867,0.37101,7.50309,0.0324232,0.00848415,0.426389,0.412975,0.399827,0.0950105,1.4141,40.1706
210000,9903.06,0.604435,33.418,33.412,0.0187908,4902.48,2860.58,325.992,16.2996,760.861,1271.06,0,31.3432,150.913,1228.59,1284.34,0.189323,0.371863,7.50418,0.0329182,0.00849035,0.428206,0.415813,0.401024,0.0942861,1.41415,38.45
210500,9893.34,0.603842,33.152,33.146,0.0174042,4899.6,2859.05,324.611,16.2306,762.439,1259.86,0,31.3909,151.06,1231.77,1288.38,0.189645,0.372504,7.50375,0.0328112,0.00849553,0.428525,0.413591,0.40115,0.0950382,1.41495,39.1369
211000,9900.54,0.604281,33.288,33.306,0.0175248,4901.73,2860.97,328.124,16.4062,758.471,1266.66,0,31.2918,150.716,1234.8,1292.4,0.189679,0.372676,7.49767,0.0331421,0.00850327,0.429239,0.414684,0.401699,0.0955987,1.41456,40.3198
211500,9897.28,0.604082,33.316,33.334,0.0171925,4900.8,2860.06,330.56,16.528,757.98,1267.53,0,31.3196,150.662,1237.74,1296.22,0.189632,0.372683,7.50115,0.0333991,0.00850537,0.430383,0.416807,0.401892,0.0962532,1.41465,40.3784
212000,9891.98,0.603759,33.146,33.122,0.0167881,4899.28,2855.65,330.398,16.5199,764.162,1259.17,0,31.4087,151.103,1240.23,1298.24,0.189252,0.372038,7.49809,0.0334005,0.00850835,0.431781,0.416335,0.402586,0.095929,1.41518,40.891
212500,9902.06,0.604374,33.194,33.198,0.0171259,4902.56,2856.85,330.883,16.5442,762.761,1264.99,0,31.3575,150.809,1242.83,1302.12,0.188915,0.371586,7.4926,0.0334155,0.00850843,0.432282,0.417008,0.403332,0.0962507,1.41428,40.7425
213000,9919.24,0.605422,33.484,33.378,0.0177391,4905.54,2858.77,332.265,16.6133,763.014,1271.88,0,31.3239,151.028,1245.19,1304.98,0.188633,0.37114,7.48979,0.0334968,0.00850664,0.431506,0.416332,0.403497,0.0972223,1.41315,40.6166
213500,9918.64,0.605386,33.19,33.284,0.0183473,4906.54,2858.47,326.993,16.3497,764.21,1261.49,0,31.3533,150.673,1247.7,1308.52,0.188525,0.370918,7.48903,0.0329676,0.00850308,0.431355,0.413074,0.402975,0.0972458,1.4133,40.3524
214000,9905.78,0.604601,33.348,33.352,0.0184303,4902.54,2850.89,328.171,16.4086,767.475,1272.28,0,31.4301,150.823,1250.29,1311.08,0.188017,0.369968,7.48307,0.0331293,0.00848908,0.431609,0.410967,0.402004,0.098108,1.41411,40.6571
214500,9902.78,0.604418,33.318,33.324,0.0183855,4902.11,2849.14,329.489,16.4745,770.622,1266.06,0,31.4244,150.81,1253.21,1313.34,0.187768,0.369574,7.48729,0.0332724,0.00847706,0.431861,0.412526,0.40164,0.0981764,1.41428,39.9089
215000,9910.88,0.604912,33.298,33.302,0.0185521,4904.07,2851.57,334.42,16.721,767.938,1268.06,0,31.39,150.829,1256.25,1317.9,0.187781,0.369604,7.48994,0.0337428,0.00847411,0.432541,0.413288,0.401906,0.0978885,1.41389,38.962
215500,9914.56,0.605137,33.362,33.32,0.0175703,4905.26,2853.2,341.351,17.0676,766.927,1266.85,0,31.3917,150.697,1259.03,1321.16,0.187798,0.369654,7.49522,0.0344294,0.00847397,0.433777,0.411791,0.402007,0.0975961,1.41367,37.7117
216000,9928.42,0.605983,33.3,33.276,0.0199543,4908.42,2855.72,340.245,17.0122,767.835,1266.25,0,31.3706,150.923,1261.83,1324.08,0.187614,0.369451,7.49365,0.0342697,0.00846916,0.435021,0.414833,0.402803,0.0983425,1.41277,38.9954
216500,9930.62,0.606117,33.406,33.47,0.0187681,4909.15,2857.11,341.955,17.0978,768.018,1272.43,0,31.281,150.854,1264.72,1326.42,0.187677,0.369554,7.49492,0.0344346,0.00846831,0.43622,0.415732,0.403077,0.0982046,1.41252,39.3832
217000,9915.26,0.605179,33.24,33.228,0.0172697,4905.7,2854.44,340.531,17.0266,766.676,1264.58,0,31.3881,151.112,1267.81,1329.48,0.187891,0.369847,7.49728,0.0343442,0.00846679,0.437574,0.42055,0.403499,0.0996617,1.41356,40.6925
217500,9908.84,0.604788,33.356,33.332,0.019178,4903.62,2852.86,341.004,17.0502,767.459,1267.37,0,31.3674,150.897,1270.96,1328.32,0.187973,0.369919,7.4954,0.0344141,0.00846572,0.438572,0.423294,0.403814,0.0998031,1.41394,40.3077
218000,9913.88,0.605095,33.204,33.176,0.017057,4905.34,2856.91,341.017,17.0509,764.631,1260.83,0,31.4089,150.693,1274.25,1326.78,0.18833,0.370585,7.49912,0.034398,0.00847157,0.438581,0.422295,0.403192,0.0999613,1.41365,40.5019
218500,9917.64,0.605325,33.466,33.46,0.0193136,4906.35,2860.92,337.361,16.868,762.127,1269.95,0,31.4013,150.999,1277.04,1331.16,0.188808,0.371473,7.49961,0.0340164,0.00846917,0.438978,0.420119,0.402642,0.101564,1.41337,40.3253
219000,9912.8,0.605029,33.302,33.432,0.0184687,4905.28,2857.98,334.945,16.7473,766.097,1270.45,0,31.4219,151.132,1279.52,1334.02,0.188572,0.37091,7.49496,0.033789,0.00846158,0.439352,0.420008,0.402189,0.102367,1.41373,40.3937
219500,9909.8,0.604846,33.266,33.218,0.0168072,4904.32,2858.14,331.476,16.5738,764.458,1262.48,0,31.3993,150.847,1282.31,1336.9,0.188749,0.371057,7.49696,0.0334494,0.0084575,0.439895,0.42284,0.402401,0.101891,1.41389,40.3895
220000,9883.3,0.603229,33.126,33.104,0.018239,4896.84,2849.28,322.042,16.1021,763.997,1261.49,0,31.4848,150.77,1284.98,1339.8,0.188599,0.37073,7.49814,0.0325851,0.008463,0.440478,0.423997,0.402015,0.102563,1.41571,33.0938
220500,9894.74,0.603927,33.256,33.246,0.0185498,4900.18,2851.12,321.619,16.081,768,1267.23,0,31.4753,151.247,1287.62,1343.22,0.188291,0.370064,7.5001,0.0325043,0.00845992,0.440765,0.42424,0.401398,0.104055,1.41491,37.031
221000,9911.3,0.604938,33.268,33.266,0.017768,4904.98,2854.68,319.467,15.9734,766.62,1267.19,0,31.4616,150.981,1290.44,1346.76,0.188068,0.369547,7.49794,0.0322328,0.00845066,0.441353,0.428847,0.401863,0.103425,1.41377,40.5975
221500,9900.48,0.604277,33.238,33.246,0.0176211,4901.79,2849.68,321.455,16.0728,769.647,1266.86,0,31.4768,150.845,1293.03,1349.86,0.187741,0.368857,7.49971,0.0324687,0.00844564,0.441335,0.429077,0.401648,0.102566,1.41438,40.4135
222000,9912.04,0.604983,33.332,33.316,0.0185564,4904.51,2852.14,315.306,15.7653,769.646,1266.05,0,31.5076,150.966,1296.31,1352.32,0.187623,0.368665,7.50085,0.0318106,0.00844386,0.443349,0.430847,0.40238,0.102673,1.41374,41.0413
222500,9914.08,0.605107,33.364,33.388,0.0179251,4905.17,2853.83,319.915,15.9958,763.896,1274.02,0,31.4473,150.646,1298.93,1355.96,0.187856,0.36907,7.49557,0.032269,0.00844018,0.444337,0.429484,0.402271,0.102026,1.41352,40.0386
223000,9932.3,0.606219,33.266,33.224,0.0182678,4909.67,2856.01,318.89,15.9445,770.109,1263.68,0,31.5098,151.035,1301.41,1358.82,0.187446,0.36824,7.49539,0.0321061,0.00844048,0.444715,0.427773,0.402555,0.102271,1.41246,40.561
223500,9911.36,0.604941,33.374,33.39,0.0171102,4904.31,2847.5,321.938,16.0969,769.519,1273.12,0,31.5025,150.851,1304.65,1360.88,0.187089,0.367605,7.48886,0.0324816,0.00843402,0.444999,0.425935,0.402484,0.103224,1.41384,40.2935
224000,9916.76,0.605271,33.3,33.318,0.0184238,4905.66,2846.03,326.406,16.3203,776.196,1265.89,0,31.5456,150.83,1307.27,1364.04,0.186528,0.366564,7.49322,0.0329144,0.00842872,0.445897,0.426321,0.402564,0.102881,1.41346,40.8353
224500,9939.92,0.606685,33.312,33.234,0.0173583,4912.2,2849.7,321.841,16.0921,773.07,1269.17,0,31.5156,151.018,1309.82,1366.62,0.186016,0.36546,7.49264,0.0323786,0.00841665,0.445406,0.424173,0.401375,0.102944,1.41187,40.3728
225000,9934.18,0.606334,33.368,33.428,0.018335,4910.7,2845.69,321.077,16.0538,773.066,1274.99,0,31.4679,150.777,1312.59,1369.3,0.185694,0.364899,7.48864,0.0323205,0.00840903,0.446114,0.4268,0.401754,0.10312,1.41245,40.137
225500,9938.28,0.606584,33.544,33.546,0.0176366,4911.87,2848.4,321.352,16.0676,776.465,1279.31,0,31.4961,150.798,1315.52,1371.98,0.185912,0.365429,7.48809,0.0323348,0.00840566,0.447011,0.426377,0.402444,0.103274,1.41205,40.3677
226000,9935.98,0.606444,33.28,33.254,0.0177999,4911.16,2847.85,322.762,16.1381,777.279,1267.84,0,31.5393,151.042,1318.6,1375.66,0.185892,0.365297,7.49015,0.0324841,0.00840778,0.448249,0.42758,0.402774,0.103835,1.41216,40.8909
226500,9938.12,0.606575,33.272,33.246,0.0173686,4911.74,2846.83,321.968,16.0984,775.626,1266.89,0,31.4897,150.594,1321.42,1379.6,0.185772,0.36495,7.48535,0.0323971,0.00839963,0.448765,0.425348,0.402516,0.102958,1.41224,40.6523
227000,9940.38,0.606713,33.514,33.494,0.0177897,4912.3,2847.46,326.636,16.3318,774.349,1278.03,0,31.4722,150.958,1324.46,1381.76,0.185767,0.364883,7.47944,0.0328593,0.0083996,0.448242,0.417778,0.401732,0.102393,1.41176,40.7007
227500,9940.5,0.60672,33.362,33.412,0.0178176,4912.63,2848.66,320.89,16.0445,775.798,1273.73,0,31.5277,151.016,1327.53,1386.46,0.186047,0.365458,7.47595,0.0322811,0.00839047,0.450084,0.419567,0.401694,0.101147,1.41192,40.5823
228000,9927.56,0.60593,33.286,33.25,0.0179131,4909.18,2845.07,319.581,15.979,777.856,1266.84,0,31.6083,150.827,1330.26,1390.82,0.186174,0.365646,7.47156,0.0321912,0.00839102,0.45137,0.424409,0.402599,0.101213,1.41289,40.8229
228500,9934.66,0.606364,33.332,33.418,0.0170222,4911.12,2843.2,322.72,16.136,780.734,1274.79,0,31.5411,151.028,1332.73,1394.7,0.185569,0.364389,7.4675,0.0324843,0.00837723,0.453284,0.43032,0.403597,0.100821,1.41247,40.6686
229000,9927.12,0.605903,33.236,33.184,0.0168857,4908.62,2841.23,317.76,15.888,777.688,1271.5,0,31.5828,151.145,1335.48,1397.78,0.185509,0.364338,7.47127,0.0320088,0.00837247,0.454258,0.433953,0.404234,0.101765,1.41273,40.2072
229500,9939.56,0.606663,33.358,33.348,0.0169217,4911.98,2846.87,318.528,15.9264,774.734,1272.06,0,31.4984,150.76,1338.4,1400.36,0.18591,0.365148,7.472,0.0320464,0.00836491,0.456209,0.436277,0.404922,0.102392,1.41214,40.6338
230000,9935.84,0.606436,33.528,33.54,0.016359,4911.24,2847.13,316.764,15.8382,775.914,1282.12,0,31.555,151.097,1341.58,1404.36,0.18598,0.365224,7.47614,0.031881,0.00835513,0.4577,0.439201,0.405728,0.103401,1.41218,40.2428
230500,9931.38,0.606163,33.168,33.142,0.0173356,4910.41,2847.52,316.8,15.84,777.557,1261.34,0,31.5913,150.98,1344.82,1406.54,0.186096,0.365425,7.48616,0.031899,0.00836142,0.45765,0.442017,0.406318,0.104013,1.41259,40.6122
231000,9928.74,0.606002,33.36,33.468,0.0180731,4909.69,2849.2,316.177,15.8089,770.217,1278.78,0,31.5121,150.989,1347.94,1408.5,0.186437,0.366112,7.4891,0.0318453,0.00837187,0.457738,0.442037,0.406504,0.105558,1.4127,40.2571
231500,9928.42,0.605983,33.334,33.242,0.0177403,4909.44,2848.24,320.769,16.0385,781.109,1264.15,0,31.6071,151.242,1350.76,1409.18,0.186314,0.365921,7.49249,0.0323085,0.00836354,0.458586,0.440326,0.406359,0.106367,1.41287,40.4009
232000,9937.56,0.606541,33.24,33.288,0.0178627,4911.59,2853.96,318.166,15.9083,769.489,1267.04,0,31.4816,150.606,1354.25,1412.36,0.186751,0.366792,7.49569,0.0320163,0.00836601,0.459457,0.440357,0.406317,0.106838,1.41215,40.2669
232500,9937.34,0.606527,33.454,33.388,0.0166664,4911.94,2854.1,323.026,16.1513,772.112,1271.88,0,31.511,151.293,1357.71,1416.3,0.186712,0.366719,7.49726,0.0325062,0.00837298,0.460328,0.442775,0.406903,0.108372,1.41215,40.7659
233000,9938.4,0.606592,33.374,33.334,0.0185317,4911.7,2855.27,318.735,15.9368,772.561,1270.52,0,31.5407,151.167,1360.34,1418.58,0.186904,0.367098,7.49797,0.032071,0.00836897,0.46114,0.442412,0.407031,0.108407,1.41212,40.665
233500,9925.58,0.605809,33.316,33.376,0.0195861,4908.49,2850.89,325.367,16.2684,770.073,1269.36,0,31.4751,150.639,1363.03,1422.5,0.186866,0.366959,7.48983,0.032781,0.00836401,0.462038,0.445477,0.407404,0.107754,1.41291,40.5017
234000,9931.04,0.606143,33.316,33.33,0.0170956,4909.79,2852.41,329.41,16.4705,773.281,1270.1,0,31.4657,151.02,1365.93,1425.48,0.186916,0.366983,7.48988,0.0331695,0.00836418,0.463626,0.451802,0.408483,0.108993,1.41269,40.5213
234500,9923.68,0.605693,33.264,33.25,0.0164954,4908.32,2852.96,333.55,16.6775,774.087,1262.28,0,31.4609,151.014,1368.87,1429.04,0.187216,0.367649,7.49456,0.0336114,0.00836544,0.464589,0.453546,0.409238,0.10922,1.41308,40.2667
235000,9921.04,0.605532,33.3,33.308,0.0190858,4907.26,2852.81,334.468,16.7234,774.965,1261.71,0,31.4501,151.036,1371.71,1433.16,0.187422,0.368176,7.49072,0.033713,0.00837119,0.465401,0.454318,0.409734,0.109423,1.41337,40.5471
235500,9931.16,0.60615,33.412,33.454,0.0181084,4910.17,2856.32,337.695,16.8847,770.064,1270.34,0,31.443,151.08,1374.63,1437.52,0.187484,0.368295,7.49154,0.0340034,0.00837172,0.466375,0.456175,0.409946,0.109227,1.41258,40.0885
236000,9924.42,0.605739,33.382,33.326,0.0169537,4908.41,2854.06,328.311,16.4156,769.179,1268.24,0,31.4647,150.577,1377.09,1440.46,0.187468,0.368408,7.4896,0.0330811,0.00836876,0.466328,0.454838,0.409147,0.108452,1.41305,40.7204
236500,9929.22,0.606031,33.394,33.374,0.0167102,4910.14,2858,323.126,16.1563,766.358,1268.69,0,31.5278,151.009,1379.62,1442.96,0.187819,0.369209,7.4919,0.0325431,0.00836346,0.466033,0.453566,0.408655,0.108198,1.4127,40.5001
237000,9946.6,0.607092,33.278,33.322,0.0182129,4914.46,2862.51,322.145,16.1073,766.9,1266.7,0,31.4404,150.899,1382.48,1445.62,0.187808,0.369146,7.49185,0.0323874,0.0083589,0.465697,0.452573,0.407766,0.107888,1.41177,40.4364
237500,9919.32,0.605427,33.466,33.468,0.0173397,4907.16,2852.8,324.688,16.2344,766.798,1273.12,0,31.46,150.643,1385.09,1449.48,0.187571,0.368626,7.48303,0.0327328,0.00836055,0.465026,0.449834,0.407109,0.108688,1.4133,40.4813
238000,9914.74,0.605148,33.246,33.282,0.0168315,4905.76,2846.58,323.817,16.1909,776.605,1271.1,0,31.4892,151.167,1387.37,1453,0.186875,0.367155,7.47837,0.0326602,0.00834395,0.465475,0.45206,0.407666,0.107738,1.41377,40.2828
238500,9922.42,0.605616,33.248,33.202,0.0175565,4907.52,2849.25,333.27,16.6635,770.819,1264.77,0,31.4602,151.064,1390.28,1455.44,0.186972,0.36707,7.47615,0.033588,0.0083333,0.465929,0.453617,0.407976,0.107977,1.41316,40.8414
239000,9916.72,0.605269,33.386,33.4,0.0184818,4905.26,2842.17,335.088,16.7544,774.861,1273.9,0,31.4855,150.829,1393.66,1459.34,0.186228,0.365555,7.46508,0.0337902,0.00832259,0.466054,0.454371,0.408115,0.107321,1.41332,40.4743
239500,9934.6,0.60636,33.396,33.34,0.0180183,4910.77,2846.14,330.843,16.5421,775.915,1269.54,0,31.4532,150.56,1396.5,1463.82,0.186074,0.365179,7.46138,0.033302,0.00831163,0.465894,0.453608,0.40779,0.107201,1.4123,40.6742
240000,9945.34,0.607015,33.398,33.432,0.0187328,4913.71,2848.87,323.894,16.1947,778.692,1269.98,0,31.4904,150.942,1399.44,1467.82,0.185994,0.364876,7.46143,0.0325672,0.00829899,0.467219,0.457487,0.407881,0.107496,1.41158,33.491
240500,9946.02,0.607057,33.564,33.51,0.0187334,4913.7,2847.23,325.411,16.2705,774.497,1274.21,0,31.483,150.514,1402.32,1469.32,0.18566,0.364254,7.4628,0.0327174,0.00828803,0.468515,0.460566,0.408224,0.107594,1.41143,37.6667
241000,9949.32,0.607258,33.442,33.452,0.0182444,4915.01,2846.97,341.951,17.0976,782.234,1273.35,0,31.5319,151.167,1405.06,1471.66,0.18553,0.364195,7.45976,0.0343691,0.00829067,0.469829,0.464069,0.408523,0.108493,1.41148,40.6853
241500,9961.18,0.607982,33.256,33.256,0.0177385,4917.65,2845.81,331.379,16.5689,781.35,1266.91,0,31.4931,150.98,1407.32,1474.64,0.184846,0.362849,7.45785,0.0332671,0.0082771,0.470043,0.46449,0.408218,0.108506,1.41067,39.8319
242000,9961.08,0.607976,33.588,33.534,0.0174187,4918.14,2843.46,334.902,16.7451,784.753,1276.52,0,31.5138,150.858,1409.88,1474.82,0.184499,0.362219,7.453,0.0336213,0.00827669,0.470798,0.465656,0.408564,0.108785,1.41068,40.3326
242500,9974.14,0.608773,33.53,33.572,0.0177678,4921.43,2846.55,339.203,16.9601,783.157,1276.74,0,31.4774,151.018,1412.64,1479.02,0.184423,0.361939,7.44845,0.0340086,0.00826373,0.47088,0.4676,0.408594,0.108697,1.40976,40.3558
243000,9955.2,0.607617,33.278,33.3,0.0180102,4915.88,2841.1,330.747,16.5374,786.742,1265.96,0,31.588,150.967,1415.47,1481.5,0.184438,0.361863,7.45179,0.0332235,0.00825488,0.471194,0.466922,0.409106,0.108968,1.41096,40.4374
243500,9953.96,0.607542,33.65,33.624,0.0178041,4915.71,2838.43,328.59,16.4295,784.176,1282.1,0,31.5027,150.644,1418.26,1483.26,0.18406,0.361114,7.44876,0.0330108,0.00826018,0.470564,0.46239,0.409057,0.108822,1.41097,40.7087
244000,9960.56,0.607944,33.248,33.254,0.0176158,4917.49,2838.77,327.274,16.3637,785.062,1271.93,0,31.5689,150.846,1421.37,1486.38,0.183734,0.36045,7.45385,0.0328573,0.00825735,0.470525,0.463681,0.408416,0.10877,1.4106,39.866
244500,9958.44,0.607815,33.564,33.56,0.0190382,4916.9,2836.23,332.821,16.641,789.767,1277.3,0,31.5048,150.879,1424.69,1489.36,0.183525,0.360142,7.44908,0.0334212,0.00825864,0.473103,0.474851,0.40997,0.108172,1.4108,40.8154
245000,9950.98,0.60736,33.464,33.472,0.0175334,4915.03,2836.22,335.162,16.7581,788.652,1274.07,0,31.5032,150.918,1427.86,1492.72,0.183735,0.360523,7.45153,0.0336812,0.00825485,0.473526,0.471249,0.409712,0.10805,1.41103,40.6712
245500,9956.52,0.607698,33.456,33.452,0.0198691,4916.07,2839.74,337.822,16.8911,787.998,1271.76,0,31.4838,150.934,1431.39,1495.82,0.184037,0.361153,7.45514,0.0339297,0.00824795,0.475389,0.472619,0.410077,0.108,1.41063,40.4854
246000,9957.86,0.60778,33.426,33.406,0.0193324,4916.48,2839.58,340.261,17.0131,787.695,1270.54,0,31.5077,150.966,1434.2,1497.5,0.184043,0.361155,7.45062,0.03417,0.0082405,0.476364,0.473981,0.410641,0.108131,1.41057,38.6815
246500,9949.24,0.607253,33.422,33.412,0.0173673,4914.13,2834.37,338.209,16.9105,792.236,1275.43,0,31.5339,151.077,1437.21,1501.26,0.183616,0.360412,7.44736,0.0339928,0.00823858,0.477643,0.478793,0.411185,0.108007,1.41116,39.4226
247000,9942.7,0.606854,33.304,33.396,0.0200124,4912.32,2830.29,346.936,17.3468,789.756,1270.31,0,31.5808,150.824,1440.17,1504.88,0.183103,0.359519,7.45413,0.0348936,0.00823302,0.478804,0.483803,0.411666,0.106511,1.41156,41.4274
247500,9942.4,0.606836,33.488,33.396,0.0181717,4911.9,2825.97,343.629,17.1815,794.873,1271.28,0,31.556,150.677,1442.83,1507.1,0.182572,0.358455,7.45146,0.0345624,0.00823837,0.479215,0.483947,0.41155,0.106094,1.41177,41.4889
248000,9965.46,0.608243,33.464,33.472,0.0186866,4918.45,2832.99,332.429,16.6214,797.538,1273.03,0,31.5683,151.202,1445.84,1510.46,0.182513,0.358332,7.45531,0.0333579,0.00825085,0.479383,0.482266,0.411718,0.107017,1.4102,41.1833
248500,9962.6,0.608069,33.398,33.414,0.0189706,4917.49,2828.95,333.249,16.6624,792.935,1274.01,0,31.6052,150.634,1448.12,1512.7,0.182117,0.357607,7.44804,0.0334501,0.00826518,0.479606,0.478364,0.412016,0.106173,1.41039,41.3954
249000,9954.24,0.607559,33.602,33.59,0.0169498,4915.69,2827.17,339.638,16.9819,799.715,1278.98,0,31.6233,150.815,1451.06,1515.42,0.182154,0.357685,7.44802,0.0341199,0.00825765,0.480097,0.481832,0.412293,0.106603,1.41097,40.8831
249500,9980.78,0.609178,33.546,33.548,0.0193543,4921.92,2834.69,341.969,17.0985,797.222,1274.94,0,31.5109,150.842,1453.6,1518.98,0.182272,0.357875,7.44304,0.0342628,0.00823943,0.481031,0.483607,0.4126,0.106936,1.40914,41.479
250000,9974.06,0.608768,33.436,33.386,0.0179712,4921.02,2833.58,336.114,16.8057,791.46,1270.79,0,31.5543,150.663,1456.84,1521.1,0.182444,0.358208,7.43714,0.0336991,0.00823152,0.48233,0.484492,0.412769,0.10629,1.40962,41.3857
250500,9969.3,0.608478,33.548,33.598,0.0167717,4919.83,2832.49,331.6,16.58,791.803,1283.71,0,31.5844,150.919,1460.02,1525.12,0.182499,0.358274,7.43392,0.0332624,0.00822768,0.48237,0.481859,0.411885,0.106568,1.4099,41.0281
251000,9967.96,0.608396,33.424,33.45,0.0176497,4919.42,2832.05,331.703,16.5852,795.095,1275.32,0,31.6721,151.136,1463.2,1529.46,0.182407,0.358063,7.44091,0.033277,0.00823818,0.481981,0.477638,0.411386,0.106803,1.40997,41.7027
251500,9968.62,0.608436,33.488,33.458,0.0180725,4919.1,2832.36,335.666,16.7833,794.241,1277.56,0,31.5887,150.886,1465.77,1533.06,0.182395,0.357943,7.4457,0.0336722,0.00823719,0.480933,0.478419,0.412014,0.106896,1.40995,41.2232
252000,9963.96,0.608152,33.45,33.452,0.0184701,4917.56,2829.36,334.653,16.7327,795.071,1272.78,0,31.5727,150.765,1468.1,1536.18,0.18215,0.357479,7.44307,0.0335862,0.00823308,0.479814,0.476099,0.411408,0.107253,1.41018,41.35
252500,9974.98,0.608824,33.49,33.5,0.018675,4921.05,2829.55,334.694,16.7347,796.966,1279.36,0,31.6182,151.062,1470.85,1538,0.181629,0.356476,7.44404,0.0335533,0.00822179,0.4803,0.477375,0.411456,0.106302,1.40948,41.6151
253000,9974.86,0.608817,33.526,33.48,0.0178131,4920.85,2830.46,333.496,16.6748,795.864,1276.94,0,31.532,150.685,1473.87,1540.88,0.181816,0.356774,7.44122,0.0334341,0.00822742,0.481199,0.476816,0.411451,0.104851,1.40942,40.8913
253500,9977.4,0.608972,33.53,33.548,0.0188256,4921.38,2832.7,327.161,16.3581,793.352,1279.27,0,31.5624,150.835,1476.53,1543.44,0.182013,0.357161,7.44612,0.0327901,0.00821764,0.482611,0.481317,0.412668,0.105056,1.40929,41.6337
254000,9967.18,0.608348,33.586,33.598,0.0194504,4918.56,2827.72,326.202,16.3101,793.424,1283.25,0,31.6169,150.755,1479.18,1546.9,0.181757,0.356729,7.44009,0.0327277,0.0082172,0.482281,0.481338,0.412771,0.105096,1.41002,41.5166
254500,9966.9,0.608331,33.274,33.298,0.0177673,4919.35,2824.74,326.712,16.3356,801.167,1272.04,0,31.6777,150.999,1481.96,1551.28,0.181187,0.355786,7.44325,0.0327801,0.00823161,0.483646,0.482481,0.413091,0.10541,1.41006,40.8603
255000,9973.64,0.608743,33.602,33.564,0.0187916,4920.82,2824.5,334.94,16.747,801.067,1280.02,0,31.6538,150.929,1484.7,1555.3,0.18086,0.355268,7.44377,0.0335829,0.00823546,0.48405,0.478255,0.413129,0.105702,1.4096,41.9057
255500,9960,0.60791,33.472,33.496,0.018182,4917.21,2821.63,333.93,16.6965,800.98,1282.41,0,31.7036,151.08,1487.62,1557.86,0.180906,0.355519,7.44858,0.0335271,0.0082286,0.483506,0.475262,0.412334,0.106011,1.41051,41.4147
256000,9966.42,0.608302,33.486,33.53,0.0193478,4918.05,2821.4,336.071,16.8036,803.333,1276.84,0,31.6661,150.982,1490.45,1560.76,0.180633,0.355075,7.44708,0.0337207,0.00822684,0.483505,0.478049,0.411841,0.105629,1.40992,41.3216
256500,9961,0.607971,33.312,33.282,0.0173524,4917.52,2820.64,331.832,16.5916,797.608,1274.82,0,31.6967,150.775,1494.14,1563.42,0.180789,0.355432,7.44602,0.0333134,0.00823794,0.484126,0.484704,0.412481,0.105946,1.4105,41.3524
257000,9965.96,0.608274,33.614,33.59,0.018268,4918.87,2821.95,335.326,16.7663,802.237,1283.81,0,31.6683,150.882,1497.79,1567,0.180748,0.355421,7.44408,0.0336473,0.00824375,0.485421,0.491138,0.413105,0.107084,1.41012,40.7204
257500,9973.56,0.608738,33.508,33.53,0.0190902,4920.73,2823.35,333.804,16.6902,799.084,1281.17,0,31.6581,150.977,1501.02,1572.18,0.180663,0.355315,7.44369,0.0334689,0.00824152,0.485893,0.492568,0.413238,0.106458,1.4097,41.5071
258000,9964.18,0.608165,33.348,33.338,0.0189754,4918.41,2818.53,330.55,16.5275,801.831,1272.07,0,31.7368,150.782,1503.76,1575.16,0.180189,0.354401,7.4487,0.0331743,0.00825145,0.486941,0.495541,0.413468,0.10609,1.41015,41.7018
258500,9977.22,0.608961,33.614,33.61,0.0171772,4921.54,2820.54,330.689,16.5345,809.691,1280.68,0,31.7437,150.818,1506.21,1579.32,0.179888,0.353905,7.45285,0.0331447,0.00825336,0.487621,0.500301,0.41389,0.105891,1.40941,41.0252
259000,9965.98,0.608275,33.382,33.388,0.0179214,4918.7,2816.52,322.847,16.1424,806.372,1278.75,0,31.7775,151.209,1509.44,1583.68,0.179716,0.353591,7.45486,0.0323948,0.00826319,0.488278,0.500064,0.414579,0.105729,1.41017,41.6843
259500,9978.94,0.609066,33.578,33.54,0.0183901,4921.69,2819.42,325.018,16.2509,801.169,1281.77,0,31.6628,150.537,1512.47,1587.66,0.179643,0.353481,7.44938,0.0325705,0.00826401,0.489015,0.497378,0.415883,0.104855,1.4092,41.4824
260000,9964.2,0.608167,33.544,33.544,0.0173451,4918.33,2815.19,322.162,16.1081,806.799,1284.22,0,31.7829,150.969,1515.53,1589.68,0.179588,0.353299,7.45152,0.0323319,0.00825284,0.490374,0.499431,0.416923,0.104803,1.41028,34.5882
260500,9985.36,0.609458,33.546,33.524,0.018587,4923.55,2821.83,320.392,16.0196,803.389,1281.17,0,31.7348,150.628,1518.42,1593.62,0.179756,0.353693,7.44847,0.0320858,0.00824627,0.49058,0.499581,0.416659,0.105221,1.40882,39.3188
261000,9984.44,0.609402,33.576,33.612,0.0185255,4923.38,2825.65,318.262,15.9131,799.357,1284.14,0,31.7618,150.847,1521.66,1597.28,0.180346,0.354887,7.45495,0.031876,0.00823372,0.490587,0.498854,0.416286,0.107009,1.40901,41.1167
261500,9988.74,0.609664,33.506,33.478,0.0194513,4924.28,2825.02,322.691,16.1345,801.231,1279.79,0,31.6928,150.961,1524.55,1600.18,0.180044,0.354314,7.45439,0.0323052,0.00823107,0.491249,0.50096,0.416588,0.10677,1.40851,41.0961
262000,9990.38,0.609764,33.49,33.51,0.0188044,4924.96,2825.18,321.912,16.0956,806.214,1281.15,0,31.7748,151.415,1528,1603.9,0.18001,0.354364,7.44953,0.0322224,0.00823559,0.492286,0.500075,0.417143,0.107901,1.40833,41.8359
262500,9976.58,0.608922,33.37,33.358,0.0162284,4921.22,2821.41,322.889,16.1445,799.848,1276.89,0,31.727,150.8,1531.27,1606.98,0.180238,0.3549,7.43991,0.0323644,0.00824819,0.493392,0.504879,0.417902,0.1082,1.40935,41.1373
263000,9980.84,0.609182,33.642,33.666,0.0167928,4922.47,2822.14,331.259,16.563,806.717,1282.96,0,31.7284,150.952,1533.89,1610.1,0.180241,0.354903,7.43542,0.0331894,0.00824541,0.493438,0.503758,0.417792,0.108323,1.40913,41.2084
263500,9976.38,0.60891,33.472,33.472,0.0179266,4921.46,2819.42,334.301,16.7151,802.225,1278.49,0,31.7351,150.759,1536.48,1614.3,0.18005,0.354631,7.43052,0.0335091,0.00823905,0.493414,0.505273,0.41808,0.108386,1.40937,41.3024
264000,9991.34,0.609823,33.618,33.598,0.0176963,4925.27,2821.42,333.736,16.6868,805.207,1287.06,0,31.731,150.902,1539.36,1618.12,0.179762,0.354091,7.42933,0.0334026,0.00824078,0.493696,0.50686,0.418511,0.108984,1.40859,41.0365
264500,9989.52,0.609712,33.588,33.542,0.0200101,4925.2,2822.89,333.465,16.6733,802.549,1280.43,0,31.7293,150.676,1543.02,1622.02,0.180082,0.354721,7.42873,0.0333814,0.00823761,0.494201,0.508925,0.418763,0.109493,1.40869,41.1346
265000,9987.56,0.609592,33.358,33.466,0.0185993,4924.74,2818.67,327.61,16.3805,807.248,1278,0,31.7469,151.021,1546.21,1625.02,0.17953,0.353751,7.42475,0.0328014,0.00822825,0.494353,0.51044,0.418458,0.108721,1.40887,41.5982
265500,9974.2,0.608777,33.702,33.658,0.0184285,4920.78,2811.36,333.277,16.6638,811.056,1289.62,0,31.7675,150.934,1549.19,1627.16,0.179013,0.352794,7.42279,0.033414,0.00822851,0.494004,0.50872,0.418056,0.108391,1.40974,41.2267
266000,9979.04,0.609072,33.46,33.388,0.0175146,4922.73,2813,333.268,16.6634,813.768,1277.55,0,31.876,151,1552.03,1629.34,0.179035,0.352941,7.42168,0.0333967,0.00822063,0.492975,0.505599,0.416769,0.109048,1.40943,41.4725
266500,9985.12,0.609443,33.53,33.508,0.0197778,4924.05,2814.16,337.41,16.8705,813.123,1274.74,0,31.7893,150.829,1554.82,1630.86,0.17899,0.352786,7.41651,0.0337909,0.00821952,0.493751,0.509488,0.415818,0.110084,1.40896,41.0056
267000,9986.14,0.609506,33.652,33.694,0.0192679,4923.97,2811.23,336.179,16.809,816.496,1284.74,0,31.7925,150.945,1557.56,1633.76,0.178607,0.352047,7.41058,0.0336641,0.00821971,0.494573,0.50953,0.415136,0.110964,1.40894,40.8938
267500,10001.5,0.610444,33.516,33.524,0.0193698,4927.85,2815.73,331.156,16.5578,813.382,1278.04,0,31.8184,150.738,1560.45,1637.02,0.178687,0.352202,7.40905,0.0331108,0.00821236,0.49446,0.50665,0.414014,0.110974,1.40787,41.592
268000,9972.22,0.608656,33.48,33.554,0.0196088,4920.36,2811.89,329.837,16.4919,811.503,1283.54,0,31.8334,151.072,1563.61,1639.98,0.179333,0.353419,7.41194,0.0330752,0.00820904,0.495165,0.508272,0.414321,0.111748,1.40978,41.6096
268500,9982.02,0.609254,33.458,33.422,0.018127,4922.78,2816.09,329.66,16.483,807.117,1279.69,0,31.8275,151.005,1567.13,1642,0.17962,0.354084,7.41063,0.0330255,0.00820815,0.495712,0.510096,0.413983,0.113219,1.40913,40.7923
269000,9977.46,0.608976,33.528,33.544,0.0191926,4921.78,2814.86,323.395,16.1697,812.106,1280.62,0,31.8057,150.906,1570.42,1645.28,0.179637,0.354156,7.41029,0.0324124,0.00821247,0.495491,0.508654,0.413894,0.114068,1.4095,41.165
269500,9981.02,0.609193,33.494,33.506,0.0184114,4922.67,2817.07,323.77,16.1885,803.47,1281.51,0,31.7896,150.904,1573.01,1648.12,0.179764,0.354462,7.41388,0.0324387,0.00820226,0.495763,0.511785,0.41455,0.11449,1.4093,41.4861
270000,9973.88,0.608757,33.646,33.61,0.0164291,4921.05,2812.57,318.264,15.9132,813.386,1289.83,0,31.9226,151.296,1575.74,1651.22,0.179423,0.353934,7.41055,0.0319095,0.00820857,0.495688,0.510383,0.414733,0.115373,1.4098,40.9592
270500,9982.22,0.609266,33.29,33.312,0.0208652,4922.6,2816.6,314.365,15.7183,807.434,1273.05,0,31.8761,150.902,1579.02,1655.5,0.179605,0.354363,7.41606,0.0314925,0.00822412,0.497311,0.50964,0.415509,0.115984,1.4091,41.7828
271000,9967.88,0.608391,33.498,33.524,0.0183939,4919.63,2814.72,315.577,15.7788,807.704,1282.35,0,31.8455,150.561,1582.15,1660.24,0.179853,0.354741,7.42054,0.0316604,0.00823091,0.498047,0.50675,0.415869,0.115988,1.41011,41.6417
271500,9959.04,0.607852,33.642,33.68,0.0186801,4917.14,2812.96,317.826,15.8913,807.464,1290.84,0,31.8396,150.966,1585.44,1662.46,0.179939,0.354861,7.42199,0.0319138,0.008227,0.498072,0.504861,0.415963,0.116244,1.41066,41.0356
272000,9957.92,0.607783,33.132,33.066,0.0175848,4916.43,2813.33,315.513,15.7756,806.222,1269.18,0,31.9202,150.922,1588.45,1666.6,0.180115,0.355221,7.42172,0.0316848,0.00822876,0.498652,0.50711,0.417132,0.116204,1.41067,40.9379
272500,9980.12,0.609138,33.734,33.722,0.0199937,4922.15,2818.62,319.555,15.9777,804.633,1287.44,0,31.8228,150.922,1591.42,1669.84,0.179936,0.354815,7.41806,0.0320193,0.0082231,0.499076,0.508946,0.417155,0.116311,1.40905,41.8358
273000,9963.64,0.608132,33.43,33.468,0.0184298,4918.22,2813.52,315.014,15.7507,808.024,1280.35,0,31.8969,151.013,1594.76,1673.06,0.179893,0.35476,7.41851,0.0316166,0.00822324,0.499471,0.506823,0.416819,0.117778,1.41025,41.1254
273500,9965.58,0.608251,33.526,33.55,0.0193282,4918.65,2814.52,319.043,15.9522,807.533,1285.85,0,31.8607,150.962,1597.56,1674.88,0.179994,0.355032,7.4183,0.0320146,0.00821506,0.499893,0.50679,0.416938,0.117658,1.41026,41.0257
274000,9955.54,0.607638,33.418,33.414,0.0191131,4916.79,2814.11,316.864,15.8432,809.417,1275.16,0,31.8921,150.815,1600.69,1676.5,0.180222,0.355547,7.42188,0.0318277,0.00820395,0.50049,0.507818,0.41663,0.118203,1.41073,41.8661
274500,9964.68,0.608196,33.514,33.45,0.0196736,4918.78,2816.01,319.126,15.9563,805.316,1278.49,0,31.8536,150.748,1603.92,1677.48,0.180229,0.355624,7.41934,0.0320258,0.00820159,0.500945,0.510082,0.416599,0.119087,1.41029,41.0239
275000,9958,0.607788,33.412,33.488,0.0202596,4916.73,2811.32,318.139,15.907,809.56,1279.52,0,31.942,150.773,1606.7,1679.92,0.179792,0.354725,7.41686,0.0319484,0.00819333,0.50125,0.51166,0.416226,0.119779,1.41066,40.531
275500,9971.26,0.608597,33.566,33.558,0.0199121,4920.22,2813.53,320.83,16.0415,811.122,1280.26,0,31.8977,150.725,1609.41,1682.54,0.179592,0.35433,7.41747,0.0321755,0.00819794,0.50106,0.506923,0.416005,0.119293,1.40994,41.6967
276000,9972.48,0.608672,33.504,33.49,0.019392,4920.67,2816.49,322.357,16.1178,807.166,1281.57,0,31.8783,150.942,1612.56,1683.84,0.179961,0.355077,7.41975,0.0323245,0.00820475,0.502075,0.508043,0.416465,0.1201,1.40983,41.3653
276500,9965.72,0.608259,33.452,33.444,0.0193624,4918.86,2812.34,317.947,15.8974,808.293,1280.47,0,31.9308,150.928,1615.38,1687.1,0.179683,0.354505,7.41278,0.0319042,0.00820764,0.501123,0.501024,0.416273,0.120219,1.41022,40.8032
277000,9973.26,0.608719,33.426,33.424,0.0176677,4920.65,2812.9,320.058,16.0029,809.956,1278.6,0,31.9384,150.764,1618.15,1690.84,0.179471,0.354099,7.41156,0.0320913,0.00820845,0.500551,0.496677,0.416573,0.119625,1.40966,41.2531
277500,9976.42,0.608912,33.692,33.618,0.0189468,4921.12,2814.13,321.36,16.068,809.164,1286.39,0,31.92,150.971,1621.04,1695.02,0.179554,0.354264,7.40874,0.0322118,0.00821434,0.500764,0.497716,0.416827,0.121428,1.40932,41.2585
278000,9970.7,0.608563,33.304,33.346,0.0174412,4919.69,2809.17,317.223,15.8612,811.559,1274.3,0,31.9395,150.797,1624.15,1698.14,0.179156,0.353681,7.40264,0.0318158,0.00821778,0.500308,0.49418,0.416532,0.12214,1.40993,40.5384
278500,9970.8,0.608569,33.658,33.66,0.0184685,4919.81,2804.77,319.977,15.9989,817.274,1289.86,0,31.995,151.036,1626.89,1701.18,0.178551,0.352564,7.39215,0.0320916,0.00820884,0.499518,0.489343,0.41593,0.120661,1.40986,41.5573
279000,9979.1,0.609076,33.456,33.408,0.0177456,4922.25,2806.86,321.006,16.0503,814.619,1279.99,0,32.0079,150.725,1630.22,1704.16,0.178655,0.352729,7.38502,0.0321677,0.00820547,0.498525,0.483283,0.414613,0.121742,1.40942,41.4004
279500,9996.58,0.610143,33.634,33.684,0.0188247,4926.53,2811.01,319.439,15.9719,816.091,1286.62,0,31.9753,150.984,1633.74,1706.94,0.178515,0.352393,7.38166,0.0319547,0.00819935,0.497545,0.482163,0.4134,0.123231,1.40794,40.7051
280000,9995.8,0.610095,33.488,33.442,0.018418,4925.91,2810.67,316.98,15.849,812.559,1282.86,0,32.0057,150.883,1637.06,1711,0.178514,0.352431,7.38517,0.0317114,0.00821159,0.498052,0.486744,0.414139,0.124509,1.40812,34.4968
280500,9990.1,0.609747,33.618,33.642,0.0196971,4924.52,2808.25,309.754,15.4877,816.073,1286.39,0,32.0479,150.665,1639.88,1716.5,0.178332,0.352023,7.38453,0.0310063,0.00821186,0.499926,0.49379,0.414557,0.123125,1.40836,38.6607
281000,9990.6,0.609778,33.574,33.58,0.0188051,4925.09,2810.49,310.659,15.5329,812.982,1286.74,0,32.0205,150.964,1642.89,1720.8,0.17856,0.352426,7.39192,0.0310949,0.00822051,0.501057,0.494756,0.415032,0.12445,1.40833,40.5737
281500,9992.02,0.609865,33.522,33.496,0.018006,4925.37,2810.91,309.49,15.4745,814.593,1282.34,0,32.0939,151.048,1645.82,1723.9,0.178504,0.352366,7.39728,0.0309742,0.00821303,0.502314,0.49294,0.41509,0.124886,1.40834,40.5708
282000,9985.16,0.609446,33.466,33.548,0.0191879,4923.85,2810.09,297.691,14.8846,816.749,1284.04,0,32.072,151.023,1648.79,1726.14,0.178529,0.352365,7.40282,0.0298137,0.00821683,0.502986,0.489327,0.414704,0.123896,1.40875,41.5532
282500,9995.72,0.61009,33.584,33.476,0.0186026,4925.84,2814.78,294.926,14.7463,816.917,1278.34,0,32.0752,151.085,1651.89,1729.42,0.17892,0.353054,7.40293,0.0295052,0.0082211,0.502763,0.482697,0.414139,0.123964,1.40808,41.1279
283000,9969.56,0.608494,33.438,33.522,0.0186305,4918.84,2808.19,305.359,15.268,817.867,1279.96,0,32.048,151.095,1654.99,1731.7,0.179085,0.353281,7.39735,0.0306288,0.00820791,0.502934,0.483703,0.414888,0.123265,1.40965,41.0823
283500,9977.64,0.608987,33.476,33.468,0.0183803,4921.61,2809.56,299.034,14.9517,816.15,1278.8,0,32.0726,151.074,1657.47,1734.78,0.178896,0.352671,7.40055,0.0299701,0.00820437,0.50323,0.476368,0.414972,0.121873,1.40928,41.8439
284000,9988.1,0.609625,33.448,33.416,0.0176725,4924.12,2814.48,297.536,14.8768,816.839,1275.02,0,32.0872,151.05,1660.95,1738.32,0.179222,0.353341,7.40194,0.0297892,0.00820892,0.503385,0.473419,0.414536,0.121784,1.40869,41.5431
284500,9997.02,0.61017,33.66,33.646,0.019044,4927.11,2815.58,296.966,14.8483,813.592,1286.73,0,31.9867,150.776,1664.23,1741.66,0.179014,0.3529,7.3951,0.029706,0.00822274,0.503592,0.469393,0.413776,0.122418,1.40798,40.8973
285000,9986.94,0.609554,33.57,33.584,0.0185001,4923.65,2810.27,292.585,14.6293,816.163,1283.15,0,32.064,150.772,1667.16,1744.4,0.178752,0.352352,7.39058,0.029297,0.00822921,0.503544,0.458724,0.41294,0.12304,1.40871,41.3731
285500,9989.52,0.609712,33.68,33.666,0.0183262,4924.14,2810.79,298.507,14.9253,814.388,1288.49,0,32.0165,150.792,1670.18,1747.5,0.178596,0.351991,7.39389,0.029882,0.0082385,0.504159,0.452724,0.412478,0.123603,1.40829,41.7036
286000,9985.82,0.609486,33.422,33.436,0.0211214,4923.26,2811.9,294.876,14.7438,814.767,1276.94,0,32.0875,150.99,1673.62,1750.86,0.179013,0.352813,7.38999,0.0295296,0.008235,0.50457,0.452673,0.412134,0.124967,1.40856,41.0388
286500,9981.18,0.609203,33.616,33.63,0.0194433,4921.98,2810.06,290.369,14.5184,813.717,1284.66,0,32.0894,150.726,1676.78,1753.7,0.178942,0.352658,7.3901,0.0290914,0.00823196,0.506022,0.451164,0.412169,0.123431,1.40894,40.8656
287000,9971.54,0.608615,33.466,33.478,0.0192886,4920.6,2807.99,290.579,14.529,812.672,1283.85,0,32.0884,150.914,1679.66,1756.82,0.178902,0.352546,7.39304,0.029141,0.00824167,0.506812,0.452911,0.412474,0.122985,1.40955,41.5118
287500,9977.24,0.608962,33.532,33.516,0.0197753,4921.22,2807.49,293.609,14.6805,817.161,1281.92,0,32.1166,151.038,1683.09,1759.86,0.17874,0.352134,7.38852,0.0294281,0.00825486,0.506432,0.45026,0.411393,0.122794,1.40933,41.3677
288000,9970.78,0.608568,33.446,33.488,0.0189489,4919.1,2804.65,290.474,14.5237,817.287,1281.21,0,32.1285,150.715,1686.02,1761.98,0.178566,0.351799,7.39062,0.0291323,0.00825167,0.507054,0.452022,0.410912,0.122613,1.40967,41.191
288500,9971.58,0.608617,33.616,33.584,0.0197677,4919.99,2804.18,292.251,14.6126,822.438,1282.94,0,32.1178,150.906,1688.49,1765.14,0.178489,0.351525,7.38488,0.0293082,0.00823936,0.507161,0.449541,0.410472,0.122049,1.40968,41.2115
289000,9980.04,0.609133,33.472,33.464,0.0197379,4922.19,2806.55,293.258,14.6629,813.9,1283.51,0,32.0843,150.808,1691.31,1768.54,0.178463,0.351391,7.38713,0.0293847,0.00823758,0.507079,0.444743,0.410149,0.122299,1.40913,40.8954
289500,9977.68,0.608989,33.556,33.554,0.019962,4921.43,2805.98,292.664,14.6332,813.307,1286.07,0,32.1002,150.635,1694.59,1772.26,0.178367,0.351212,7.39055,0.0293321,0.00824237,0.507096,0.441,0.409672,0.122335,1.40917,40.8909
290000,9971.9,0.608636,33.534,33.53,0.0196985,4919.7,2802.42,293.487,14.6743,823.007,1282.93,0,32.142,150.986,1697.07,1775.28,0.178077,0.350636,7.39343,0.0294316,0.00826266,0.50851,0.439355,0.409918,0.122665,1.40975,40.7426
290500,9967.92,0.608394,33.528,33.524,0.0185744,4919.18,2801.19,290.312,14.5156,818.591,1282.61,0,32.1913,150.885,1699.91,1778.1,0.177892,0.350324,7.39647,0.0291245,0.00825848,0.508824,0.437729,0.409199,0.122773,1.40979,41.7571
291000,9988.3,0.609637,33.542,33.524,0.020183,4923.88,2807.37,288.902,14.4451,817.252,1286.45,0,32.1022,150.836,1702.39,1780.62,0.1779,0.350345,7.40641,0.0289239,0.00825457,0.510164,0.441901,0.409636,0.120911,1.40852,41.5429
291500,9995.96,0.610105,33.644,33.618,0.0189069,4925.94,2808.97,293.181,14.659,814.268,1285.9,0,32.0866,150.827,1704.76,1783.8,0.17781,0.35009,7.40619,0.0293301,0.00824597,0.511764,0.444867,0.410673,0.119973,1.40806,41.0023
292000,9988.84,0.60967,33.456,33.488,0.0183862,4924.28,2805.08,290.732,14.5366,824.831,1281.52,0,32.1088,151.124,1708.08,1786.8,0.177353,0.349284,7.4131,0.029106,0.00824316,0.51214,0.447593,0.410573,0.120829,1.40845,41.0634
292500,9985.26,0.609452,33.516,33.534,0.0194304,4923,2802.75,294.74,14.737,822.133,1281.68,0,32.108,150.835,1711.26,1789.64,0.177212,0.349193,7.41097,0.0295172,0.00824058,0.512178,0.44863,0.410629,0.120736,1.40867,41.6364
293000,9991.08,0.609807,33.584,33.614,0.0206167,4924.15,2804.47,298.277,14.9138,822.212,1282.38,0,32.056,150.858,1713.77,1793.12,0.17721,0.349045,7.41071,0.0298543,0.00823327,0.513216,0.45044,0.411063,0.119311,1.40818,41.1994
293500,9986.52,0.609529,33.556,33.47,0.0183415,4923.46,2801.15,294.908,14.7454,824.472,1281.15,0,32.1255,150.963,1716.07,1795.96,0.176721,0.348042,7.4183,0.0295302,0.00823252,0.513172,0.452255,0.41111,0.118332,1.4085,41.0387
294000,9998.82,0.61028,33.656,33.684,0.0198961,4926.42,2806.6,296.695,14.8348,821.396,1286.07,0,32.0409,150.824,1718.55,1799.88,0.176929,0.348426,7.42588,0.029673,0.00823917,0.513021,0.449591,0.410806,0.119172,1.40764,41.8472
294500,10004.1,0.610601,33.59,33.58,0.0196547,4928.31,2807.17,294.502,14.7251,823.756,1283.92,0,32.0471,150.934,1721.63,1804.12,0.176733,0.348051,7.43096,0.0294381,0.00822809,0.513273,0.456935,0.410877,0.118052,1.40754,41.4758
295000,9998.32,0.610249,33.548,33.522,0.0190281,4926.41,2804.32,298.11,14.9055,821.13,1281.73,0,32.0714,150.747,1724.91,1806.18,0.176544,0.34773,7.42854,0.029816,0.0082174,0.512499,0.454891,0.410255,0.116558,1.40775,40.6974
295500,9987.96,0.609617,33.628,33.626,0.0195827,4924.14,2797.85,303.373,15.1686,823.569,1289.97,0,32.025,150.865,1727.59,1808.46,0.175973,0.346631,7.42417,0.030374,0.00820538,0.513371,0.455657,0.41008,0.115833,1.40855,41.0292
296000,9989.12,0.609688,33.646,33.748,0.0184619,4924.1,2797.02,306.049,15.3025,830.254,1289.37,0,32.0665,150.997,1730.63,1812.82,0.175751,0.346355,7.42733,0.0306382,0.00819027,0.513482,0.455307,0.408839,0.114741,1.40838,41.9471
296500,9988.88,0.609673,33.366,33.316,0.0189638,4923.76,2798.19,299.921,14.9961,821.408,1278.54,0,32.0634,150.746,1733.66,1816.3,0.175912,0.346758,7.43424,0.0300256,0.00818971,0.512877,0.448736,0.407894,0.114517,1.40837,41.0073
297000,9973.32,0.608723,33.54,33.596,0.0176651,4920.33,2796.49,299.191,14.9596,822.984,1288.23,0,32.0813,150.948,1736.68,1819.84,0.176205,0.347475,7.43842,0.0299988,0.00820006,0.513637,0.449136,0.408225,0.115785,1.40944,40.973
297500,9986.62,0.609535,33.554,33.508,0.0193861,4923.35,2799.45,296.415,14.8208,828.92,1285.77,0,32.0814,151.23,1739.64,1823.9,0.17607,0.347391,7.44092,0.0296813,0.00821107,0.51312,0.450251,0.408141,0.116559,1.40843,41.071
298000,9990.16,0.609751,33.43,33.404,0.0192455,4923.66,2797.39,292.892,14.6446,826.523,1277.77,0,32.0943,150.706,1743.11,1827.74,0.175599,0.3465,7.44058,0.0293179,0.00822378,0.512246,0.451256,0.408073,0.116703,1.40823,41.4187
298500,9992.76,0.60991,33.714,33.734,0.0187313,4924.52,2797.5,297.88,14.894,825.955,1289.1,0,32.0653,150.733,1746.06,1829.96,0.175542,0.346437,7.43826,0.0298097,0.00823051,0.511413,0.445338,0.407483,0.117148,1.40809,41.537
299000,9995.38,0.61007,33.576,33.522,0.0183956,4925.55,2800.58,296.724,14.8362,829.38,1284.51,0,32.0296,150.959,1749.5,1832.8,0.175809,0.346934,7.44336,0.0296861,0.00823095,0.5106,0.437127,0.406113,0.117872,1.40793,41.1609
299500,9987.34,0.609579,33.476,33.518,0.0177024,4923.42,2798.84,298.692,14.9346,824.493,1282,0,32.0689,150.964,1752.4,1835.24,0.175874,0.347101,7.44747,0.0299066,0.0082356,0.510221,0.432951,0.405316,0.118538,1.40859,41.8764
300000,9989.38,0.609704,33.7154,33.7192,0.0179461,4923.42,2799.75,293.272,14.6636,822.851,1291.18,0,32.0454,150.708,1754.51,1836.96,0.175909,0.347197,7.44629,0.0293588,0.0082395,0.510348,0.428264,0.405238,0.118675,1.40824,42.3731
