tick,population,occupancy,births_per_tick,deaths_per_tick,starved_share,inflow_in,cost_out,transfer,transit_loss,overflow,death_loss,extinct,energy_mean,age_mean,generation_mean,generation_max,active_params_frac,expressed_hidden_frac,msg_bandwidth,transfer_per_cell,eta_mean,div_weights,div_learning,div_masks,weight_drift,habitat_match,bonds_per_cell,bonded_frac,bond_flow_per_cell,group_size_mean,group_size_max,groups_5plus,in_groups_5plus,ticks_per_s
500,8380.36,0.511497,30.554,30.744,0.00382068,4392.09,2989.16,14047.3,702.368,0.0761793,716.813,0,23.4897,152.488,4.03497,18.24,0.270106,0.513228,5.95982,1.67517,0.00552831,0.0279766,0.028534,0.0852426,0.039225,1.49738,6.79882,0.998264,0.090657,6417.08,7272.74,4.02,0.996615,42.787
1000,8497,0.518616,27.416,27.346,0,4437.13,3026,14686.4,734.318,1.45166,658.434,0,24.2302,153.201,7.21215,23.8,0.269314,0.51234,5.91677,1.7285,0.00552627,0.0378649,0.0385424,0.115791,0.0398089,1.49186,6.9233,0.999037,0.0901398,6618.11,7440.2,3.24,0.997781,43.5432
1500,8539.2,0.521191,28.298,28.27,0,4451.5,3025.76,14593.9,729.697,0,684.41,0,24.0217,150.003,10.4137,27.5,0.267565,0.509447,5.86529,1.70904,0.00552369,0.0456775,0.0465523,0.137652,0.0387532,1.48937,6.8787,0.999037,0.0963416,6656.57,7479.64,3.28,0.998018,37.7342
2000,8584.22,0.523939,29.18,29.05,0,4468.5,3030.65,14751.1,737.554,0,710.477,0,24.1505,151.906,13.6624,32.1,0.266515,0.50782,5.80768,1.71841,0.00553031,0.0520799,0.0538354,0.156546,0.0395364,1.48737,6.86808,0.999035,0.101671,6694.81,7521.36,3.68,0.998697,37.0839
2500,8612.48,0.525664,28.404,28.41,0,4479.49,3040.59,14864.9,743.244,0,690.796,0,24.1792,151.896,16.8281,34.4,0.266203,0.507555,5.82233,1.72598,0.0055304,0.0581602,0.0583968,0.171953,0.0394746,1.48628,6.88271,0.998716,0.102371,6715.73,7545.16,3.26,0.997836,37.4519
3000,8624.88,0.526421,28.752,28.666,0,4484.08,3038.91,14847.6,742.378,0,698.121,0,24.1135,150.985,20.0483,39.18,0.265437,0.506323,5.80099,1.72146,0.00552219,0.0637112,0.0633073,0.185942,0.0392055,1.48552,6.86912,0.99895,0.105671,6699.47,7540.18,3.2,0.997287,37.6171
3500,8668.2,0.529065,29.066,28.986,0,4499.63,3046.54,14949,747.45,0,706.111,0,24.1409,151.372,23.2246,45.36,0.264464,0.504789,5.7674,1.72458,0.00551465,0.0686525,0.0689831,0.195637,0.0388036,1.483,6.85725,0.998316,0.108084,7401.45,7959.94,3.14,0.997878,37.8344
4000,8711.82,0.531727,28.99,28.926,7.0922e-05,4513.51,3056.45,15008.1,750.403,0.171275,704.909,0,24.1654,151.727,26.3874,47,0.264378,0.504901,5.72304,1.72272,0.00551221,0.0733765,0.0742176,0.205619,0.0388411,1.48055,6.85421,0.998359,0.109741,7457.53,8011.02,3.52,0.997406,37.184
4500,8711.1,0.531683,29.046,29.014,0,4513.35,3055.7,14998.2,749.908,0.185933,706.471,0,24.1575,151.541,29.5843,51.92,0.2645,0.505471,5.71292,1.72173,0.00550997,0.077747,0.0777546,0.216736,0.0391748,1.48052,6.84704,0.998269,0.110479,6762.02,7613.58,4.26,0.997759,36.3165
5000,8745.8,0.533801,29.174,29.104,0,4525.89,3061.57,15024.4,751.221,0.348027,708.978,0,24.1476,151.199,32.8153,55.82,0.263805,0.50435,5.68502,1.71791,0.00550443,0.0817224,0.0803959,0.225289,0.0390848,1.47869,6.8325,0.997781,0.111421,6746.13,7618.4,4.14,0.997238,35.8304
5500,8809.1,0.537665,29.408,29.286,0,4549.14,3074.96,15109.5,755.473,2.22148,714.118,0,24.1753,151.518,35.9952,60.82,0.263026,0.50331,5.63683,1.71521,0.00551751,0.0854795,0.0850707,0.233639,0.0399458,1.47563,6.82611,0.997668,0.112647,6774.42,7660.96,4.22,0.99699,35.5187
6000,8865,0.541077,29.612,29.5,0,4567.57,3087.15,15187.8,759.388,0.106088,719.263,0,24.1855,151.555,39.1324,63.5,0.262585,0.502706,5.58814,1.71323,0.00552661,0.08904,0.0885391,0.241047,0.0401246,1.47225,6.80979,0.99712,0.113489,6790.28,7694.12,4.54,0.996907,35.9562
6500,8892.96,0.542783,29.586,29.572,0,4576.58,3094.46,15194.9,759.746,0.498809,720.759,0,24.1832,151.756,42.3012,65.74,0.262574,0.502735,5.56189,1.70865,0.00552666,0.0924667,0.0914646,0.248133,0.0402966,1.47041,6.79947,0.996894,0.114283,6808.23,7717.28,4.6,0.996141,35.9615
7000,8911.42,0.54391,29.888,29.804,0,4583.54,3095.59,15199.9,759.994,1.10575,726.741,0,24.1588,151.198,45.6022,71.4,0.262289,0.502347,5.53045,1.70567,0.00553325,0.0959519,0.0944925,0.25484,0.040794,1.46972,6.78503,0.99637,0.114873,6792.3,7715.68,4.36,0.995303,36.7648
7500,8992.04,0.548831,29.998,29.764,0,4613.01,3109.95,15318.4,765.922,0.918797,728.055,0,24.2258,151.478,49.1493,74.88,0.261025,0.500394,5.47634,1.70358,0.00551694,0.0993993,0.0985492,0.261879,0.0408919,1.46587,6.74544,0.9943,0.116513,7164.23,7964.84,4.84,0.994322,37.0186
8000,9107.1,0.555853,30.364,30.236,0,4651.39,3139.23,15412.3,770.616,1.12008,738.617,0,24.1942,151.467,52.5582,78.04,0.260551,0.499923,5.42058,1.69234,0.00550003,0.102889,0.102161,0.268125,0.0409558,1.45934,6.68267,0.989537,0.118342,7284.6,8085.54,5.86,0.988887,37.2584
8500,9135.16,0.557566,30.568,30.48,0,4661.04,3142.02,15356.6,767.831,2.42423,745.387,0,24.1814,151.013,55.7643,82.88,0.260529,0.500049,5.36194,1.68104,0.00549341,0.106086,0.104734,0.273182,0.0408304,1.45774,6.63779,0.986825,0.117505,8097.96,8577.32,6.3,0.984974,36.0314
9000,9200.28,0.561541,30.824,30.602,0,4681.25,3150.81,15422.8,771.138,5.18574,750.381,0,24.2055,151.485,58.952,84.86,0.25948,0.498115,5.30557,1.67634,0.00550167,0.108966,0.108946,0.278365,0.041047,1.45387,6.60039,0.984606,0.118589,7773.52,8414.6,7.22,0.981657,36.7626
9500,9270.06,0.5658,30.914,30.87,0,4703.8,3160.33,15548.5,777.423,2.72477,759.369,0,24.2764,151.42,62.1631,87.1,0.257764,0.494954,5.26593,1.67727,0.0054969,0.112229,0.112698,0.283595,0.040756,1.44982,6.56599,0.981237,0.119201,8191.09,8689.32,4.66,0.97743,37.2904
10000,9324.58,0.569127,31.174,31.106,0.000133037,4721.17,3168.26,15605,780.249,2.58958,768.489,0,24.3268,151.173,65.3472,90.7,0.256602,0.493042,5.23927,1.67353,0.00549629,0.11527,0.11532,0.287981,0.0404919,1.44648,6.52609,0.976809,0.120155,8196.64,8719.38,3.9,0.974862,36.9256
10500,9336,0.569824,31.222,31.152,0.000128038,4723.1,3163.08,15617.2,780.86,3.70182,772.551,0,24.3971,151.315,68.516,94.14,0.255643,0.4914,5.21254,1.67279,0.00550305,0.118025,0.117992,0.291562,0.0408489,1.44529,6.49759,0.973144,0.119835,8570.02,8943.5,2.5,0.972481,37.1101
11000,9372.3,0.57204,31.254,31.166,0.000247301,4734.35,3166.41,15658.5,782.926,5.19053,776.249,0,24.4628,151.375,71.7677,98.32,0.255066,0.490434,5.17539,1.67073,0.0054998,0.120757,0.120861,0.294583,0.0409894,1.44344,6.46327,0.970427,0.119275,8488.61,8918.2,2.86,0.968759,36.7431
11500,9412.82,0.574513,31.27,31.298,0,4747.79,3175.61,15678.9,783.945,4.34618,781.594,0,24.4985,151.6,75.0065,101.4,0.255088,0.490761,5.1454,1.6657,0.00550175,0.123584,0.123658,0.299969,0.0410216,1.44098,6.41278,0.967371,0.120505,8504.37,8945.82,3.02,0.965877,36.4202
12000,9412.68,0.574504,31.386,31.362,6.45161e-05,4746.64,3171.11,15681.4,784.068,6.98968,783.343,0,24.5042,151.628,78.1217,103,0.254711,0.490438,5.13182,1.66599,0.00550759,0.125837,0.127234,0.302747,0.0417393,1.44082,6.39855,0.965428,0.121608,8457.95,8921.26,2.9,0.963832,36.6802
12500,9438.72,0.576094,31.566,31.582,6.34921e-05,4754.32,3168.47,15682.5,784.125,9.96252,793.711,0,24.5723,151.303,81.2983,106.2,0.253977,0.489205,5.09057,1.66151,0.00551139,0.128197,0.131179,0.306237,0.0423339,1.43933,6.33749,0.960503,0.122489,8382.56,8893.66,2.9,0.95969,36.952
13000,9436.28,0.575945,31.466,31.384,0.000184354,4753.51,3168.44,15631.7,781.583,13.7892,789.302,0,24.5657,151.635,84.3671,108.98,0.254403,0.489944,5.08265,1.65655,0.00551188,0.13033,0.134819,0.309828,0.0431877,1.43918,6.30691,0.958588,0.122207,8438.62,8922.44,1.9,0.957715,36.0937
13500,9470.36,0.578025,31.654,31.584,0.000125701,4764.9,3173.02,15663.6,783.179,10.2748,795.057,0,24.5632,151.299,87.522,112.74,0.253937,0.48918,5.06304,1.65395,0.00550492,0.133024,0.138351,0.315391,0.0436031,1.43771,6.26983,0.955918,0.122535,8369.37,8901.64,2.4,0.955563,36.1834
14000,9505.62,0.580177,31.672,31.532,0.000311014,4775.46,3176.8,15723.5,786.176,10.485,797.126,0,24.6639,151.493,90.6283,115.62,0.253476,0.488314,5.01752,1.65413,0.0054962,0.135411,0.140968,0.319177,0.044145,1.43545,6.2423,0.956841,0.122612,8474.94,8974.52,2,0.955977,35.8123
14500,9529.36,0.581626,31.776,31.816,0.000312966,4782.16,3179.45,15761.1,788.054,10.5395,805.321,0,24.6927,151.613,93.94,120.14,0.253201,0.487846,4.99705,1.65395,0.00549024,0.137554,0.143215,0.320562,0.0444582,1.43379,6.20363,0.956636,0.123203,8441.52,8967.76,2.78,0.9553,36.4046
15000,9545.7,0.582623,31.792,31.746,0.000260731,4787.9,3179.25,15821.8,791.091,8.56123,805.088,0,24.7402,151.493,97.2103,124.46,0.252612,0.487073,4.98215,1.65748,0.00550203,0.139836,0.145258,0.323334,0.0445625,1.43306,6.19262,0.956502,0.124692,8506.11,9009.88,2.3,0.956414,36.243
15500,9557.2,0.583325,31.796,31.702,0.000380689,4792.46,3180.26,15814.1,790.707,12.0412,805.744,0,24.7816,151.309,100.256,127.08,0.25267,0.487067,4.96529,1.65468,0.00551847,0.141941,0.147416,0.326215,0.04474,1.43281,6.1639,0.954663,0.123674,8505.78,9015.28,2.02,0.954638,36.5066
16000,9561.14,0.583566,32.08,32.112,0.000192197,4794.98,3185.95,15783.9,789.196,12.6732,813.269,0,24.6929,151.524,103.295,128.96,0.253371,0.488323,4.97093,1.65084,0.00552231,0.144599,0.149924,0.328654,0.045278,1.43273,6.13857,0.955269,0.124099,8434.8,8979.02,3.08,0.954249,36.7844
16500,9593.78,0.585558,31.952,31.874,0.0001182,4804.55,3190.76,15854.2,792.709,12.5364,806.965,0,24.7389,151.679,106.383,130.68,0.252732,0.487468,4.9598,1.65255,0.00553214,0.146328,0.152325,0.331037,0.0464677,1.43098,6.13152,0.955023,0.125112,8513.46,9036.6,2.96,0.954065,37.0275
17000,9603.54,0.586154,31.814,31.866,0.000313781,4807.61,3190.27,15791,789.552,11.9104,809.704,0,24.7447,151.606,109.459,133.72,0.252648,0.487374,4.93809,1.6443,0.00553463,0.148107,0.153733,0.334175,0.0478123,1.43043,6.10826,0.952224,0.12436,8466.15,9016.02,3.64,0.951275,36.9924
17500,9608.14,0.586434,32.116,32.108,0.000307814,4809.71,3186.57,15803,790.151,13.7103,820.87,0,24.892,151.666,112.577,136.26,0.252508,0.487339,4.90138,1.64475,0.00555503,0.149955,0.155599,0.337042,0.0482481,1.43026,6.08615,0.95069,0.122989,8450.45,9009.8,2.84,0.949798,36.5941
18000,9600.18,0.585948,32.002,32.014,0.000251569,4806.67,3179.07,15768.7,788.438,14.3774,821.191,0,24.9659,151.398,115.582,139.56,0.252388,0.487179,4.86439,1.64255,0.00558119,0.151375,0.157792,0.33988,0.0487027,1.43039,6.07032,0.950261,0.122416,8426.67,8993.38,2.98,0.949095,36.7894
18500,9623.16,0.587351,32.05,31.918,0.000242418,4812.62,3174.41,15810.5,790.526,18.2679,825.607,0,25.0882,151.668,118.591,144.3,0.251313,0.485419,4.82006,1.64297,0.00561303,0.152764,0.160285,0.341089,0.049397,1.42912,6.05478,0.948916,0.123049,8400.74,8990.12,3.16,0.94745,36.8734
19000,9644.52,0.588655,32.098,32.148,0.000246944,4819.43,3174.1,15795.4,789.773,18.7559,834.695,0,25.1818,151.315,121.714,147.46,0.250959,0.484913,4.78772,1.63777,0.00561992,0.154847,0.162297,0.34451,0.0499026,1.4276,5.98686,0.944929,0.122422,8367.95,8982.68,2.28,0.943368,36.6063
19500,9659.52,0.58957,32.396,32.264,0.000622064,4821.45,3173.36,15761.2,788.062,20.9756,837.577,0,25.1698,151.279,124.919,150,0.250928,0.484898,4.74852,1.63169,0.00563143,0.157141,0.165033,0.347355,0.0508738,1.42629,5.95439,0.943773,0.124583,8212.46,8905.26,4.52,0.941939,36.3103
20000,9688.52,0.59134,32.252,32.262,0.000802134,4830.7,3177.28,15829.3,791.467,19.146,839.9,0,25.2606,151.413,128.031,153.1,0.250784,0.484639,4.70076,1.63383,0.00564245,0.158499,0.167152,0.348946,0.0527334,1.42444,5.94162,0.942966,0.125352,8229.96,8928.16,4.68,0.941634,30.0275
20500,9720.22,0.593275,32.396,32.328,0.000935268,4838.7,3185.92,15842.7,792.134,20.3386,839.957,0,25.2062,151.436,131.009,158.08,0.250603,0.484279,4.70936,1.62987,0.00563026,0.160098,0.168532,0.350372,0.0529589,1.42235,5.93056,0.94265,0.125672,8285.11,8972.68,4.68,0.940959,34.2647
21000,9707.8,0.592517,32.384,32.406,0.000722621,4835.02,3182.47,15744.5,787.225,26.103,841.284,0,25.1569,151.633,134.218,161.9,0.250432,0.483946,4.73057,1.62184,0.00562864,0.16176,0.170876,0.35304,0.0520709,1.42301,5.91577,0.938515,0.126494,8237.77,8941.28,3.38,0.937102,36.6946
21500,9703.42,0.59225,32.352,32.366,0.000616813,4831.86,3174.22,15654.5,782.723,31.4125,843.322,0,25.1957,151.629,137.504,163.64,0.250065,0.483543,4.72103,1.61329,0.0056264,0.163413,0.172575,0.356419,0.0518226,1.4227,5.8341,0.933071,0.126353,8098.26,8863.18,3.7,0.932071,36.6333
22000,9740.72,0.594526,32.432,32.332,0.000736294,4842.49,3178.48,15607.9,780.393,33.573,844.924,0,25.2011,151.388,140.837,165.78,0.249593,0.482883,4.70303,1.60234,0.00563759,0.165489,0.174115,0.358228,0.0520978,1.42062,5.77765,0.927121,0.123998,8062.28,8860.76,4.22,0.924931,36.7823
22500,9732,0.593994,32.522,32.566,0.000798076,4840.6,3178.26,15551.9,777.593,34.5827,854.496,0,25.2336,151.413,143.93,168.58,0.250117,0.484078,4.70916,1.59801,0.00563875,0.167565,0.176403,0.360928,0.0523882,1.42112,5.75491,0.924446,0.12461,7989.17,8816.42,3.54,0.921441,36.4645
23000,9716.16,0.593027,32.366,32.442,0.00139298,4834.99,3174.82,15505.5,775.277,36.7225,849.269,0,25.2164,151.561,146.95,172.86,0.250003,0.484002,4.74593,1.59585,0.0056321,0.169207,0.178649,0.362351,0.0522434,1.42171,5.71659,0.918556,0.124017,7917.91,8770.02,4.66,0.916004,36.9316
23500,9714.92,0.592952,32.366,32.296,0.00161932,4834.21,3175.18,15355.3,767.766,43.9455,846.905,0,25.1267,151.39,150.143,176.62,0.250016,0.484136,4.78188,1.58059,0.00562424,0.171031,0.18161,0.362963,0.0524044,1.42175,5.66672,0.910242,0.122942,7751.16,8676.56,4.62,0.908008,36.9446
24000,9711,0.592712,32.554,32.602,0.00237581,4832.81,3173.1,15215.5,760.776,48.0346,855.76,0,25.0613,151.473,153.202,179.94,0.249797,0.483781,4.81503,1.56683,0.00561606,0.172749,0.184815,0.36513,0.0525335,1.42191,5.60026,0.899967,0.123494,6511.94,7885.58,6.24,0.8968,36.4648
24500,9707.76,0.592515,32.346,32.37,0.00254195,4831.63,3169.38,15171.7,758.586,46.5659,853.61,0,25.1425,151.497,156.295,183.3,0.249609,0.483424,4.81296,1.56284,0.00562544,0.174529,0.186315,0.364835,0.0527788,1.42189,5.56634,0.894738,0.123592,6364.39,7796.46,7.28,0.891194,36.9293
25000,9696.84,0.591848,32.218,32.288,0.00272394,4828,3157.48,15085.7,754.285,54.0385,860.883,0,25.2718,151.547,159.523,187.08,0.248971,0.482222,4.79509,1.55573,0.00561278,0.175937,0.188098,0.366517,0.0526917,1.42248,5.5116,0.887538,0.121521,6816.5,8091.16,6.78,0.884434,36.6786
25500,9695.2,0.591748,32.402,32.332,0.00260559,4825.93,3155.61,14957.7,747.886,59.7497,864.079,0,25.2829,151.461,162.58,190.56,0.248645,0.481637,4.83734,1.5428,0.00560579,0.1773,0.189901,0.367036,0.0532486,1.42228,5.46748,0.878974,0.120281,5529.19,7237.44,7.32,0.877673,36.8051
26000,9685.24,0.59114,32.33,32.274,0.00224244,4823.14,3152.09,14797.4,739.869,63.2597,863.896,0,25.262,151.229,165.806,193.92,0.248486,0.481458,4.86233,1.52783,0.00561102,0.178602,0.191812,0.368652,0.0542062,1.42283,5.42263,0.871028,0.11935,5353.55,7114.64,6.38,0.867375,35.7757
26500,9702.92,0.592219,32.308,32.332,0.00310237,4828.79,3149.45,14717.6,735.88,67.0031,872.928,0,25.3759,151.634,168.984,197.4,0.247475,0.479517,4.87071,1.51682,0.00560777,0.179791,0.194074,0.369876,0.0548819,1.42167,5.34344,0.858173,0.118533,5822.17,7447.84,6.9,0.855428,36.4773
27000,9724.76,0.593552,32.57,32.558,0.00336668,4834.73,3145.21,14648.5,732.423,73.0911,885.322,0,25.4421,151.382,172.006,199.7,0.246359,0.477514,4.8769,1.50631,0.00559821,0.181447,0.196585,0.370231,0.0555178,1.42042,5.24291,0.849251,0.118188,5426.42,7189.94,7.94,0.844563,36.3726
27500,9737.82,0.594349,32.546,32.518,0.00308718,4836.58,3143.69,14588.2,729.412,74.1518,887.86,0,25.4823,151.316,175.122,202.98,0.245662,0.476434,4.87822,1.4981,0.00560319,0.183146,0.197606,0.371038,0.0556444,1.41919,5.2151,0.844941,0.117987,5353.22,7142.24,8.68,0.840762,36.1481
28000,9745.7,0.59483,32.624,32.564,0.00275549,4838.84,3143.69,14446.9,722.347,78.0789,895.315,0,25.5276,151.252,178.213,206.32,0.245299,0.476066,4.9109,1.48239,0.00559653,0.18433,0.197709,0.371308,0.0550779,1.41873,5.1495,0.832667,0.117142,5085.69,6955.78,8.4,0.829645,36.477
28500,9746.48,0.594878,32.34,32.426,0.00230256,4839.16,3143.47,14384.3,719.217,79.6619,893.184,0,25.5129,151.499,181.299,209.32,0.244927,0.475543,4.93674,1.47585,0.00559083,0.185442,0.19805,0.372696,0.0547761,1.41845,5.11812,0.828535,0.11762,5941.17,7580.56,10.46,0.824821,36.2845
29000,9777.12,0.596748,32.722,32.554,0.0026353,4846.64,3147.23,14399.6,719.978,76.5543,901.494,0,25.5393,151.367,184.438,212.22,0.244184,0.474316,4.94503,1.47279,0.00559122,0.187103,0.200213,0.374857,0.0537327,1.41654,5.0805,0.823144,0.118135,5192.95,7048.2,9.32,0.817988,36.672
29500,9806.82,0.598561,32.784,32.778,0.00316778,4855.35,3154.17,14292.7,714.637,82.3705,903.025,0,25.4636,151.125,187.476,215.26,0.244036,0.474169,4.95053,1.45743,0.00559543,0.188407,0.201729,0.375914,0.0539607,1.41454,5.02365,0.816568,0.116443,4856.6,6815.18,9.52,0.813334,36.2631
30000,9823,0.599548,32.868,32.82,0.00249547,4858.98,3150.32,14281.1,714.058,83.1038,909.211,0,25.5631,151.43,190.553,218.46,0.243408,0.473008,4.91985,1.45385,0.00560958,0.189771,0.202825,0.375684,0.0544328,1.41318,4.97538,0.813786,0.115029,4711.66,6718.7,8.56,0.809154,36.3952
30500,9812.48,0.598906,32.608,32.672,0.00310052,4854.14,3139.06,14287.3,714.365,85.6499,911.074,0,25.8156,151.558,193.858,221.44,0.242675,0.471739,4.8997,1.45604,0.00561609,0.190863,0.204985,0.375696,0.0539393,1.41355,4.94722,0.812596,0.115382,4636.24,6658.2,9.76,0.80811,36.3085
31000,9801.8,0.598254,32.806,32.764,0.00271138,4851.78,3137.72,14287.6,714.378,85.7361,914.984,0,25.7623,151.346,197.003,223.56,0.242659,0.471768,4.91875,1.45765,0.00563988,0.192522,0.206028,0.376812,0.0547098,1.41437,4.95892,0.813336,0.116259,4614,6634.94,8.64,0.809706,36.0925
31500,9823.9,0.599603,32.786,32.78,0.00237618,4858.83,3140.94,14289.2,714.46,89.7443,914.572,0,25.7765,151.525,200.117,226.64,0.24183,0.470402,4.92951,1.45454,0.00564665,0.193943,0.206898,0.37905,0.0560022,1.41302,4.94569,0.810801,0.11576,4598.5,6632.4,5.58,0.807087,35.8489
32000,9838.26,0.60048,32.798,32.746,0.00292473,4863.72,3144.24,14266.8,713.339,90.2994,915.409,0,25.7831,151.427,203.149,230.52,0.241398,0.469603,4.96161,1.45014,0.00563946,0.194552,0.208782,0.379767,0.0554817,1.41242,4.91413,0.805796,0.116259,4583.84,6627.1,6.36,0.803964,36.2269
32500,9826.36,0.599753,32.826,32.896,0.00395787,4860.55,3140.97,14114.5,705.727,97.6466,917.656,0,25.7354,151.288,205.975,233.6,0.241493,0.469879,4.98462,1.43639,0.00561553,0.195367,0.209868,0.381133,0.0543444,1.41335,4.86466,0.797992,0.11575,4536.45,6590.1,5.74,0.795612,35.8935
33000,9808.02,0.598634,32.72,32.722,0.00405329,4855.44,3140.1,13999.7,699.985,105.27,912.242,0,25.7271,151.627,208.979,237.44,0.241784,0.470479,5.02347,1.42737,0.00561886,0.196616,0.211211,0.382553,0.0536197,1.41447,4.84132,0.791962,0.116114,4400.29,6483.82,7.2,0.789378,35.1685
33500,9804.36,0.598411,32.662,32.64,0.00309704,4854.14,3133.24,13912.3,695.615,105.66,914.549,0,25.7366,151.345,212.089,240.96,0.241203,0.469435,5.0159,1.419,0.00563892,0.198278,0.213282,0.383566,0.053969,1.41454,4.81981,0.7893,0.115644,4405.46,6487.94,7.3,0.7865,34.467
34000,9820.28,0.599382,32.77,32.794,0.00433699,4855.86,3124.63,13857.5,692.875,110.782,925.8,0,25.873,151.438,215.155,244.7,0.239824,0.466941,5.00559,1.41111,0.00564393,0.199601,0.214923,0.38569,0.0535159,1.41287,4.73003,0.778441,0.113521,4274.19,6395.52,10.82,0.775991,34.7717
34500,9800.66,0.598185,32.854,32.884,0.00502487,4850.31,3115.68,13684.9,684.247,123.53,931.049,0,25.8746,151.275,218.125,248.6,0.23914,0.46576,5.05407,1.39633,0.00563071,0.201543,0.216848,0.388166,0.0528488,1.41353,4.63894,0.767487,0.113061,4118.55,6270.7,8.48,0.763737,33.7174
35000,9822.06,0.599491,32.85,32.778,0.00573366,4856.87,3117.69,13569.4,678.472,127.449,931.262,0,25.8804,151.54,221.046,253.06,0.239223,0.46588,5.03681,1.38153,0.00564226,0.203171,0.218532,0.389088,0.0533119,1.41282,4.59774,0.761643,0.111044,4077.97,6248.68,10.24,0.757198,35.9032
35500,9816.06,0.599125,32.676,32.758,0.00589848,4854.68,3112.16,13408.3,670.417,137.086,933.395,0,25.9512,151.42,224.151,256.84,0.238768,0.465058,5.06295,1.36596,0.00565066,0.204222,0.219808,0.389998,0.0537757,1.41311,4.53099,0.750901,0.109787,4095.87,6265.5,8.7,0.746556,36.8322
36000,9808.04,0.598635,32.89,32.864,0.00511673,4854,3104.72,13285.7,664.283,142.61,942.084,0,25.959,151.152,227.346,258.68,0.237893,0.463313,5.08847,1.35457,0.0056449,0.204911,0.221616,0.390275,0.0533898,1.41393,4.47445,0.741725,0.107832,3999.57,6191.3,10.16,0.738193,37.185
36500,9803.98,0.598387,32.736,32.796,0.0073274,4851.41,3100.26,13189.1,659.456,147.391,943.334,0,26.0386,151.544,230.366,263.06,0.237573,0.462715,5.12122,1.34528,0.00564062,0.206637,0.222244,0.391655,0.0527147,1.41393,4.39083,0.732864,0.106895,3900.5,6116.62,13.44,0.729462,37.6443
37000,9804,0.598389,32.784,32.754,0.00655277,4853.02,3104.91,13086.7,654.337,156.385,941.152,0,25.9376,151.283,233.561,267.82,0.237869,0.463322,5.16353,1.33483,0.00564597,0.207949,0.223221,0.39326,0.0520379,1.41441,4.36657,0.727488,0.1051,3893.88,6115,10.7,0.72403,36.264
37500,9793.06,0.597721,32.728,32.666,0.00673501,4853.09,3100.12,12839.4,641.969,168.407,938.684,0,25.9002,151.332,236.572,271.02,0.237473,0.462294,5.19385,1.31107,0.00562363,0.208721,0.224342,0.394462,0.0520967,1.41568,4.30977,0.716403,0.101404,3682.84,5943.34,9.9,0.713727,36.1295
38000,9790.38,0.597557,32.696,32.794,0.00547961,4852.22,3094.6,12730,636.5,172.882,948.135,0,25.944,151.364,239.571,273.14,0.236631,0.460894,5.21863,1.30025,0.00560656,0.209331,0.225431,0.394909,0.0517356,1.41572,4.27021,0.707758,0.10131,3602.08,5879.1,8.96,0.704892,35.1666
38500,9780.58,0.596959,32.772,32.736,0.00524276,4849.37,3090.08,12588.3,629.416,182.259,952.747,0,25.9644,151.445,242.482,275.72,0.236435,0.460663,5.25253,1.28707,0.00560303,0.210452,0.226876,0.39494,0.0510609,1.41641,4.2093,0.698462,0.100432,3514.3,5806.64,8.52,0.695561,35.0052
39000,9787.52,0.597383,32.608,32.67,0.00531342,4853.4,3096.08,12458.1,622.905,187.601,946.935,0,25.8703,151.344,245.369,279.56,0.236392,0.460566,5.30443,1.27286,0.00559341,0.211127,0.229165,0.396025,0.0518472,1.41649,4.18749,0.691864,0.0991502,3456.84,5762.68,8.3,0.687952,34.8487
39500,9741.48,0.594573,32.552,32.518,0.0059603,4838.26,3078.95,12296.5,614.825,195.634,946.147,0,25.9451,151.352,248.342,283.14,0.236204,0.460164,5.30907,1.26229,0.00559347,0.21206,0.231613,0.396915,0.0519291,1.41911,4.15654,0.687773,0.0981305,3422.56,5720.7,8.96,0.685121,34.566
40000,9771.22,0.596388,32.712,32.8,0.00864552,4847.53,3088.26,12153.7,607.686,202.301,953.037,0,25.8598,151.317,251.146,283.66,0.235978,0.459611,5.36008,1.24382,0.00558328,0.212872,0.233291,0.39678,0.0515075,1.41732,4.07414,0.674492,0.097055,3263.22,5593.72,10.74,0.670561,29.1783
40500,9740.1,0.594489,32.624,32.634,0.00719421,4838.29,3073.12,12000.5,600.023,208.9,954.236,0,25.976,151.331,253.889,287.02,0.235349,0.458407,5.37596,1.23207,0.00560807,0.213449,0.235136,0.396526,0.0527325,1.41915,4.01063,0.666169,0.0962061,3190.89,5524.04,10.52,0.661695,34.1474
41000,9747.3,0.594928,32.746,32.676,0.00829721,4840.34,3069.62,11877.4,593.868,218.178,961.118,0,25.9953,151.208,256.71,290.06,0.234501,0.456922,5.40663,1.21854,0.00561337,0.21424,0.237792,0.396847,0.0527084,1.41877,3.93767,0.655088,0.0946664,3078.95,5426.24,10.1,0.650594,36.1051
41500,9744.96,0.594785,32.474,32.53,0.00850158,4838.97,3070.19,11725.6,586.282,230.53,952.655,0,25.9257,151.28,259.533,292.42,0.234422,0.456648,5.44278,1.20326,0.0056069,0.215459,0.240173,0.397368,0.051863,1.41877,3.90048,0.649908,0.0932412,3012.33,5367.98,11.24,0.644722,35.405
42000,9735.08,0.594182,32.626,32.598,0.00745251,4837.85,3066.68,11525.1,576.257,231.967,959.556,0,25.836,151.02,262.339,295.4,0.234542,0.45669,5.45616,1.18388,0.00562229,0.216965,0.24046,0.397641,0.0522123,1.4197,3.84537,0.642118,0.0919125,2952.11,5312.2,10.72,0.638295,34.9391
42500,9754.24,0.595352,32.724,32.734,0.00811476,4843.56,3064.99,11389.5,569.474,241.859,968.851,0,25.9501,151.426,265.032,298.9,0.23356,0.454835,5.48483,1.16765,0.00559928,0.218258,0.240834,0.397476,0.0513919,1.41868,3.75228,0.629814,0.0911032,2821.66,5196.26,10.62,0.625306,34.7384
43000,9727.86,0.593741,32.432,32.454,0.00873067,4836.54,3058.28,11131.6,556.579,251.703,966.309,0,25.9354,151.263,267.829,301,0.233512,0.454766,5.54209,1.1443,0.00558652,0.219269,0.242884,0.396797,0.0509761,1.4205,3.67804,0.614829,0.089581,2683.12,5061.24,10.82,0.609911,34.8602
43500,9751.52,0.595186,32.664,32.554,0.00847833,4842.86,3065.45,10933.3,546.667,264.982,968.512,0,25.8618,151.191,270.83,303.8,0.233527,0.454856,5.58969,1.12121,0.00556385,0.220063,0.24419,0.396746,0.0502903,1.41909,3.58587,0.604685,0.0890407,2603.85,4993.08,9.36,0.597895,34.9384
44000,9765.86,0.596061,32.842,32.914,0.00954867,4847.96,3065.14,10563.8,528.192,279.308,978.449,0,25.7782,151.143,273.612,309.22,0.232865,0.453591,5.64931,1.08171,0.00554187,0.220762,0.246864,0.395927,0.0499985,1.41838,3.44329,0.583233,0.0862335,2423.18,4820.44,9.28,0.578167,34.3206
44500,9733.48,0.594084,32.468,32.542,0.0080927,4838.52,3049.33,10309.6,515.478,295.584,979.139,0,25.8839,151.611,276.361,313.4,0.232474,0.452905,5.65708,1.05918,0.00551858,0.221671,0.248857,0.395995,0.0506881,1.42028,3.35458,0.571174,0.0851795,2294.51,4681.64,11.28,0.564701,34.844
45000,9754.94,0.595394,32.59,32.488,0.00942501,4844.12,3048.39,10140.4,507.021,304.446,979.234,0,25.8739,151.13,279.207,316.44,0.231691,0.451418,5.67029,1.03953,0.0055114,0.222057,0.248954,0.396195,0.0501025,1.41883,3.27522,0.561992,0.083436,2218.26,4605.68,10.42,0.555616,33.6558
45500,9754.62,0.595375,32.776,32.784,0.00996064,4845.59,3045.14,9919.76,495.988,310.795,994.151,0,25.9122,151.154,281.835,318.54,0.231245,0.450478,5.7175,1.01693,0.00548683,0.222409,0.25046,0.396119,0.0499213,1.41914,3.15875,0.547827,0.0822268,2103.05,4484.72,9.38,0.542158,33.9326
46000,9732.18,0.594005,32.442,32.51,0.0108324,4838.46,3037.24,9712.89,485.645,319.051,991.948,0,26.0018,151.332,284.612,319.44,0.231325,0.450479,5.74377,0.998012,0.00546519,0.223892,0.253137,0.395767,0.0494545,1.42046,3.08377,0.534451,0.0804688,2000.66,4371.34,10.18,0.528956,35.112
46500,9714.1,0.592902,32.662,32.732,0.0113212,4833.86,3023.49,9376.72,468.836,342.86,1003.94,0,26.0392,150.986,287.338,320.82,0.230423,0.44875,5.76755,0.965265,0.00545269,0.225074,0.256068,0.395298,0.0481801,1.42174,2.97389,0.517704,0.0782855,1424.38,3279.18,9.02,0.514071,35.4288
47000,9693.02,0.591615,32.406,32.432,0.0120684,4829.19,3013.95,9078.5,453.925,350.682,1007.85,0,26.1339,151.405,289.806,324.02,0.229645,0.447227,5.84427,0.936596,0.00542359,0.225708,0.256876,0.393878,0.0476416,1.42329,2.85075,0.497434,0.0750807,884.388,2227.18,10.08,0.494761,36.0802
47500,9671.16,0.590281,32.526,32.54,0.0107537,4822.18,2994.02,8721.69,436.085,378.155,1019.07,0,26.1721,151.204,292.397,327.18,0.228336,0.444639,5.85932,0.901813,0.00540183,0.226329,0.257981,0.39325,0.0471211,1.42472,2.72111,0.480169,0.0729416,818.563,2156.6,11.72,0.475104,35.5291
48000,9670.02,0.590211,32.286,32.254,0.011874,4822.14,2988.72,8467.33,423.366,384.51,1019.23,0,26.2497,151.277,295.104,331.38,0.227606,0.443215,5.90131,0.87562,0.00537627,0.227171,0.260259,0.392307,0.0465658,1.42459,2.62094,0.46469,0.0701215,777.516,2138.46,9.76,0.461983,35.9853
48500,9667.16,0.590037,32.426,32.426,0.00999924,4819.98,2983.51,8277.97,413.899,389.569,1030.93,0,26.2872,151.259,297.874,334.2,0.226972,0.441864,5.92298,0.856296,0.0053638,0.227885,0.260597,0.391294,0.0466695,1.42458,2.5707,0.457086,0.0682972,741.398,2102.98,10.14,0.452174,35.3922
49000,9663.78,0.58983,32.294,32.44,0.0117322,4819.05,2986.73,8113.82,405.691,394.926,1032.62,0,26.3173,151.2,300.434,337.84,0.227128,0.44229,5.97496,0.839599,0.00534591,0.228966,0.261191,0.39122,0.0467848,1.42453,2.52008,0.445634,0.066854,710.826,2079.64,10.44,0.440882,35.2937
49500,9613.76,0.586777,32.338,32.296,0.0110488,4805.35,2965.36,7864.43,393.222,414.554,1037.11,0,26.4386,151.287,302.925,341.54,0.226173,0.440359,6.02617,0.818043,0.00532557,0.229852,0.261392,0.391453,0.0470928,1.42801,2.4192,0.431696,0.0654122,675.688,2036.42,10.48,0.429595,34.3081
50000,9610.66,0.586588,32.072,32.21,0.0100381,4805.09,2964.91,7699.51,384.975,415.713,1036.19,0,26.3315,150.931,305.62,345.44,0.225935,0.439806,6.06725,0.801134,0.00532006,0.230577,0.263045,0.390843,0.0470442,1.42824,2.36924,0.421863,0.0627454,647.646,1998.76,7.24,0.419125,34.0989
50500,9605.9,0.586298,32.446,32.324,0.0109095,4803.31,2956.31,7501.71,375.085,427.383,1047.71,0,26.4174,151.028,308.458,347.68,0.225263,0.438534,6.07456,0.780957,0.00530551,0.231722,0.263483,0.390503,0.0471096,1.42866,2.29835,0.412199,0.0621269,467.744,1514.52,9.96,0.407528,34.2792
51000,9634.02,0.588014,32.104,32.094,0.0108654,4813.57,2955.81,7303.24,365.162,446.01,1039.23,0,26.5603,151.224,311.173,352,0.224096,0.436215,6.09654,0.758081,0.00527343,0.232676,0.262497,0.39,0.0462589,1.42744,2.20496,0.398753,0.0606612,453.608,1509.56,9.48,0.396593,34.4994
51500,9626.78,0.587572,32.308,32.292,0.00994427,4811.8,2943.96,7016.87,350.844,458.388,1054.59,0,26.6581,150.958,313.5,354.4,0.223084,0.434276,6.11893,0.728891,0.00523897,0.232826,0.262038,0.390108,0.0449329,1.42809,2.08892,0.381361,0.0580768,415.54,1468.84,10.56,0.378234,34.593
52000,9660.24,0.589614,32.476,32.396,0.0100899,4821.73,2944.91,6828.09,341.405,466.422,1071.54,0,26.7711,151.511,316.11,357.34,0.221994,0.432167,6.13576,0.706834,0.00522768,0.233324,0.260645,0.389756,0.0450539,1.42628,2.00609,0.369048,0.0547533,393.43,1468.8,9.08,0.364638,35.5542
52500,9655.9,0.589349,32.27,32.366,0.0122596,4821.06,2936.81,6590.21,329.511,479.883,1072.22,0,26.8635,151.016,318.862,359.52,0.220848,0.429896,6.17584,0.682502,0.00519942,0.233371,0.259846,0.389856,0.0440422,1.42635,1.9068,0.355353,0.0521797,371.843,1428.7,10,0.352673,35.8578
53000,9645.38,0.588707,32.452,32.352,0.0111753,4818.69,2928.13,6396.27,319.813,486.865,1081.67,0,26.948,150.8,321.409,362.72,0.219868,0.428109,6.21732,0.663157,0.00518615,0.23353,0.26096,0.390001,0.0436174,1.42748,1.84099,0.345226,0.0510694,351.504,1397.96,10.36,0.341246,36.2109
53500,9658.28,0.589495,32.26,32.354,0.012178,4823.24,2928.97,6123.4,306.17,500.537,1088.15,0,26.9951,151.117,323.984,365.28,0.219089,0.426483,6.27565,0.633999,0.00518404,0.233656,0.262768,0.390151,0.0437448,1.42682,1.75335,0.330587,0.0490122,339.119,1391.08,8.2,0.327828,35.3672
54000,9632.68,0.587932,32.258,32.31,0.011769,4816.87,2921.95,5891.42,294.571,513.62,1086.92,0,27.0067,151.411,326.706,367.94,0.218763,0.425771,6.33001,0.611607,0.00519467,0.234016,0.263643,0.390486,0.043824,1.4286,1.6937,0.319672,0.0476094,318.547,1365.9,9.68,0.316643,35.3876
54500,9645.48,0.588713,32.376,32.268,0.0105083,4820.18,2922.85,5737.25,286.863,516.937,1089.32,0,26.9952,150.773,329.434,371.28,0.218474,0.425121,6.34385,0.594821,0.00520514,0.234493,0.263924,0.390591,0.044101,1.42784,1.65165,0.312776,0.0465872,309.899,1362.5,9.66,0.309529,36.2884
55000,9647.3,0.588824,32.292,32.344,0.0114343,4820.66,2917.11,5432.58,271.629,527.761,1101.88,0,27.1699,151.327,331.682,373.46,0.217609,0.423355,6.39062,0.563114,0.00518812,0.234499,0.264504,0.390901,0.0440262,1.4276,1.52995,0.294206,0.0437191,277.255,1325.24,9.76,0.292047,36.233
55500,9640.92,0.588435,32.16,32.19,0.0111795,4818.24,2910.58,5161.92,258.096,534.673,1112.57,0,27.402,151.556,333.975,376.64,0.217046,0.422307,6.44154,0.535416,0.00517258,0.234273,0.263869,0.390993,0.0428804,1.42795,1.40834,0.274263,0.0403983,225.052,1275.26,11.96,0.271697,35.7342
56000,9623.58,0.587377,32.328,32.322,0.0102092,4813.43,2901.53,4874.46,243.723,540.157,1125.52,0,27.4518,150.988,336.725,379.12,0.216611,0.421432,6.46538,0.506513,0.00515065,0.234434,0.264011,0.391038,0.0418441,1.42894,1.32644,0.261227,0.0382255,214.343,1275.74,10.32,0.255786,36.1429
56500,9642.56,0.588535,32.282,32.266,0.0111672,4818.49,2904.25,4633.56,231.678,552.81,1132.13,0,27.5229,151.533,339.175,382.68,0.216295,0.420524,6.49026,0.480531,0.00514009,0.234694,0.263676,0.390534,0.041815,1.42769,1.26027,0.24805,0.0351894,198.081,1225.56,8.72,0.2432,36.2657
57000,9638.4,0.588281,32.188,32.22,0.0119412,4816.08,2895.77,4368.57,218.428,560.86,1132.38,0,27.6621,151.21,341.693,385.7,0.215452,0.4189,6.50986,0.453252,0.00512327,0.235289,0.263038,0.389432,0.0418212,1.42765,1.17375,0.233869,0.0325863,186.662,1195.58,9.14,0.22926,35.7244
57500,9622.68,0.587322,32.308,32.324,0.0112237,4811.54,2886.45,4116.73,205.837,570.831,1151.21,0,27.8239,151.191,344.348,388.18,0.214916,0.417898,6.54393,0.427817,0.00508954,0.235946,0.262016,0.38912,0.0410557,1.42851,1.07474,0.2172,0.0303378,174.863,1175.32,9.22,0.212245,36.2588
58000,9619.26,0.587113,32.292,32.232,0.0120432,4811.44,2884.6,3979.65,198.982,576.25,1148.8,0,27.9151,151.164,346.938,391,0.214988,0.417862,6.56444,0.413719,0.00508344,0.237153,0.262837,0.390089,0.0412715,1.42916,1.01596,0.208618,0.028928,165.278,1145.82,8.96,0.202726,36.1769
58500,9614.6,0.586829,32.224,32.324,0.0133295,4810.6,2884.22,3862.75,193.138,576.973,1158.92,0,27.932,151.133,349.383,394.72,0.214967,0.417646,6.59003,0.401758,0.00507117,0.238162,0.262806,0.389806,0.0416968,1.4294,0.974927,0.201139,0.0280319,152,1098.88,8.8,0.194382,35.8406
59000,9593.46,0.585538,32.002,32.028,0.011945,4805.33,2878.61,3677.56,183.878,587.914,1149.74,0,28.0282,151.179,351.908,398.6,0.214971,0.417467,6.62643,0.383339,0.0050535,0.239121,0.26251,0.389398,0.0411866,1.43093,0.918593,0.191507,0.026351,145.569,1087.22,9.54,0.185689,36.3268
59500,9572.84,0.58428,32.002,32.04,0.0121644,4798.37,2870.92,3530.25,176.513,587.046,1159.05,0,28.1718,151.146,354.673,400.62,0.214733,0.41696,6.65814,0.368777,0.00502678,0.240372,0.261268,0.389385,0.0404837,1.43214,0.861544,0.181793,0.0243983,135.17,1052.92,10.04,0.174461,35.9501
60000,9578.32,0.584614,32.186,32.142,0.0127616,4801.92,2875.32,3427.86,171.393,589.116,1170.42,0,28.0563,151.282,357.313,404.14,0.214601,0.416445,6.70059,0.357881,0.00501736,0.241239,0.261318,0.389827,0.040142,1.43232,0.846622,0.176532,0.0234817,133.096,1055.8,7.9,0.169913,29.6135
60500,9553.26,0.583085,32.014,32.092,0.0111524,4795.09,2866.57,3308.03,165.402,597.648,1168.09,0,28.1042,151.049,359.824,407.4,0.214315,0.415662,6.72009,0.346268,0.00502883,0.242479,0.262123,0.389906,0.0405406,1.43395,0.815195,0.170947,0.0227464,129.209,1047.26,10.24,0.165314,33.4087
61000,9551.92,0.583003,32.058,32.036,0.0107423,4794.08,2864.49,3213.83,160.692,600.578,1165.17,0,28.1737,151.074,362.502,412.16,0.214021,0.414973,6.73025,0.336457,0.00502868,0.243411,0.262567,0.390226,0.0409075,1.43393,0.796685,0.166784,0.0219994,118.837,1009.66,9.24,0.158535,35.6661
61500,9555.5,0.583221,32.036,32.034,0.0104615,4795.24,2864.86,3105.79,155.289,609.43,1167.61,0,28.1955,151.07,365.145,415.92,0.213994,0.414901,6.74271,0.325024,0.00502387,0.243741,0.262859,0.390805,0.0410548,1.43395,0.767886,0.161897,0.0205939,115.557,1002,10.94,0.155012,35.4709
62000,9578.9,0.58465,32.08,31.966,0.0123127,4801.8,2869.22,3022.27,151.113,610.675,1167.41,0,28.1868,150.959,368.07,420.44,0.213556,0.414033,6.75275,0.315519,0.00501661,0.244345,0.262992,0.39194,0.0402624,1.4324,0.746798,0.156778,0.0197403,111.414,991.02,12.32,0.148921,35.3513
62500,9569.46,0.584073,32.138,32.218,0.0117969,4799.53,2865.62,2925.76,146.288,615.322,1175.02,0,28.2152,151.111,370.842,425.58,0.213535,0.413909,6.7591,0.305734,0.00501036,0.24516,0.262555,0.39283,0.0401503,1.43297,0.709843,0.151518,0.0188311,107.094,976.16,9.96,0.143777,35.9118
63000,9541.48,0.582366,32.006,32.066,0.0117829,4791.1,2852.11,2830.81,141.541,619.035,1175.39,0,28.3523,150.841,373.54,427.84,0.212831,0.412505,6.77211,0.296681,0.00500058,0.245733,0.262922,0.39363,0.039852,1.43477,0.66901,0.14574,0.0176045,96.4198,925.36,9.68,0.137629,36.3279
63500,9560.28,0.583513,32.006,31.966,0.0126554,4796.35,2854,2717.2,135.86,629.647,1178.81,0,28.4096,151.428,376.363,430.9,0.212387,0.41164,6.78166,0.284219,0.00500801,0.247074,0.264164,0.394153,0.0403924,1.43355,0.630314,0.14139,0.0164699,87.713,879.7,7.88,0.131191,36.4061
64000,9561.46,0.583585,31.948,31.948,0.0126342,4798.14,2856.61,2610.9,130.545,623.813,1180.85,0,28.3743,150.903,378.815,432.84,0.212401,0.411509,6.81099,0.273067,0.00501767,0.248191,0.26399,0.394035,0.0406286,1.43361,0.605286,0.133654,0.0156075,76.7416,820.56,10,0.124985,35.6567
64500,9589.84,0.585317,32.298,32.196,0.0130741,4806.19,2865.58,2552.1,127.605,627.75,1190.38,0,28.3535,150.841,381.315,435.18,0.212294,0.411359,6.83424,0.266129,0.0050156,0.248729,0.264394,0.394432,0.040814,1.43198,0.5912,0.12936,0.014941,72.0766,794.74,9.14,0.121287,35.5757
65000,9594.58,0.585607,32.242,32.304,0.0137881,4808.64,2865.29,2528.26,126.413,625.616,1187.54,0,28.3782,150.818,383.936,436.4,0.212029,0.410941,6.8394,0.263509,0.00501489,0.250156,0.265588,0.395584,0.0404909,1.4319,0.573438,0.127193,0.0146616,67.9545,770.06,7.68,0.118443,35.9771
65500,9600.1,0.585944,32.106,32.074,0.0131284,4809.95,2866.61,2516.06,125.803,629.754,1186.81,0,28.4345,151.127,386.542,439.68,0.211956,0.410634,6.83779,0.26209,0.00503466,0.251804,0.267746,0.396004,0.041276,1.43145,0.579471,0.12836,0.0143868,68.6203,772.42,10.06,0.120753,35.978
66000,9590.42,0.585353,32.102,32.136,0.0124752,4807.22,2861.75,2431.98,121.599,633.714,1186.66,0,28.4504,150.966,389.063,442.08,0.211657,0.410182,6.85058,0.253586,0.00505596,0.253013,0.268551,0.396789,0.0420297,1.43218,0.551327,0.124408,0.0141464,65.6042,756.42,9.82,0.116932,36.535
66500,9597.8,0.585803,32.29,32.238,0.0141574,4809.36,2863.39,2393.17,119.659,638.546,1192.92,0,28.4425,151.187,391.675,445.48,0.211449,0.409875,6.85474,0.249345,0.00507496,0.254215,0.267554,0.396856,0.0427225,1.43168,0.554792,0.124087,0.013842,65.139,750.48,7.76,0.117651,36.1562
67000,9610.88,0.586602,32.26,32.21,0.0148139,4813.3,2865.59,2415.76,120.788,636.712,1184.62,0,28.4067,150.927,394.434,448.1,0.211217,0.409497,6.85244,0.251357,0.00508804,0.255109,0.268132,0.397125,0.0430776,1.43091,0.553372,0.124626,0.0139862,66.1986,755.48,6.48,0.118285,36.0895
67500,9609.88,0.586541,32.272,32.352,0.0143212,4813.26,2862.91,2401.58,120.079,639.236,1192.69,0,28.4856,150.888,396.967,451.58,0.210732,0.408611,6.85695,0.249906,0.00511641,0.255462,0.26897,0.397734,0.0443312,1.4312,0.556216,0.124815,0.014122,66.8921,763.16,8.28,0.116636,36.601
68000,9595.42,0.585658,32.1,32.078,0.014,4808.69,2856.75,2334.37,116.718,651.398,1182.37,0,28.6281,151.325,399.51,456,0.210157,0.407635,6.87829,0.243281,0.00511885,0.256336,0.269925,0.397913,0.0448408,1.43198,0.545631,0.121481,0.0134322,66.734,768.58,8,0.113434,35.387
68500,9588.76,0.585251,32.196,32.25,0.0127585,4807.98,2855,2276.07,113.804,646.653,1194.58,0,28.5568,151.004,402.269,460.36,0.210224,0.407872,6.89258,0.237367,0.0051146,0.257327,0.271294,0.398367,0.0448636,1.43273,0.512164,0.11598,0.0130095,59.1466,720.28,7.44,0.108304,34.7454
69000,9594.68,0.585613,32.178,32.124,0.013544,4810.3,2858.95,2175.65,108.782,653,1188.93,0,28.5535,151.077,405.157,465.1,0.210296,0.408057,6.92242,0.226758,0.00510338,0.258364,0.271366,0.397835,0.0449728,1.43244,0.487453,0.110912,0.0121839,52.5773,680.22,9.26,0.103585,35.5063
69500,9586.34,0.585104,32.116,32.176,0.0146836,4807.06,2857.75,2134,106.7,653.477,1190.31,0,28.5901,151.44,407.899,469.58,0.210317,0.408181,6.9395,0.222607,0.00508763,0.258886,0.271995,0.398355,0.0446668,1.43261,0.471999,0.10772,0.0122038,49.2758,656.86,9.6,0.0996203,35.3889
70000,9606.78,0.586351,32.262,32.182,0.01644,4813.12,2860.47,2083.1,104.155,653.935,1188.41,0,28.5422,150.824,410.525,472.14,0.21007,0.407718,6.9329,0.216837,0.00507965,0.259587,0.271952,0.397913,0.0443333,1.43157,0.456721,0.106101,0.0119391,45.8759,634.58,9.1,0.0956003,35.4238
70500,9596.84,0.585745,32.314,32.364,0.0161447,4809.81,2855.99,2061.76,103.088,658.728,1197.14,0,28.5696,151.004,413.248,474.22,0.20977,0.407172,6.93121,0.214836,0.00507586,0.260271,0.272055,0.398621,0.0447823,1.43181,0.453196,0.105006,0.0115153,44.1952,615.22,9.84,0.0974959,35.3755
71000,9612.62,0.586708,32.296,32.218,0.0147268,4814.53,2860.19,2028.56,101.428,663.426,1188.58,0,28.5627,150.825,415.86,477.62,0.209834,0.40733,6.93596,0.211032,0.00508459,0.261264,0.273146,0.398806,0.045029,1.4311,0.434791,0.103699,0.0113345,42.2135,602.76,10.66,0.0955287,35.2638
71500,9589.36,0.585288,32.246,32.294,0.0150137,4809.51,2853.48,2008.3,100.415,659.311,1196.28,0,28.6558,151.021,418.762,480.58,0.209776,0.4074,6.93935,0.209429,0.00509103,0.262186,0.273829,0.399868,0.0459932,1.43276,0.42286,0.101873,0.0113029,40.116,581.66,9.12,0.0933066,35.2474
72000,9592.24,0.585464,32.206,32.232,0.0164175,4809.7,2852.53,1953.28,97.6642,666.107,1193.03,0,28.6227,150.748,421.464,483.18,0.209465,0.406911,6.95841,0.203634,0.00509123,0.262568,0.27397,0.399951,0.0451173,1.43253,0.391144,0.0981182,0.0110056,35.4783,547.64,10.64,0.0881468,34.6338
72500,9588.64,0.585244,32.132,32.082,0.0161181,4808.77,2849.52,1868.51,93.4256,672.192,1189.18,0,28.703,151.151,424.371,485.88,0.209158,0.406292,6.96839,0.194869,0.00510675,0.263217,0.275164,0.3993,0.0449715,1.4328,0.368937,0.0936889,0.0104324,32.854,529,10.58,0.0840182,34.796
73000,9598.4,0.58584,32.234,32.232,0.0154123,4811.33,2854.98,1834.13,91.7066,666.24,1199.16,0,28.7169,151.127,427.213,488.1,0.209342,0.406576,6.98666,0.191087,0.00510799,0.263901,0.274942,0.399401,0.0447677,1.43216,0.367445,0.0906114,0.0101484,33.5846,543.84,9.36,0.080195,34.57
73500,9584.16,0.584971,32.362,32.42,0.0163112,4807.76,2854.54,1766.65,88.3327,662.226,1206.08,0,28.7594,150.62,430.172,488.18,0.209601,0.406935,7.01451,0.18433,0.00510258,0.264748,0.275399,0.400197,0.0443717,1.43297,0.348068,0.086544,0.00952317,32.2951,533.82,8.78,0.077359,34.4095
74000,9578.96,0.584653,32.198,32.228,0.0174554,4805.85,2855.39,1679.96,83.9982,667.697,1196.33,0,28.7916,150.853,432.852,486,0.209661,0.406857,7.05236,0.175378,0.00511106,0.265591,0.276053,0.39984,0.0443493,1.43335,0.320228,0.0804251,0.00862692,30.1889,514.5,8.6,0.0717256,34.8823
74500,9565.12,0.583809,32.212,32.228,0.0159894,4802.16,2849.91,1641.71,82.0856,672.199,1203.01,0,28.8605,151.036,435.496,487.66,0.209516,0.406555,7.053,0.171635,0.00512555,0.266336,0.276632,0.398688,0.0448424,1.43429,0.306141,0.0790128,0.00830307,28.7936,501.96,8.28,0.0696872,35.8143
75000,9557.7,0.583356,32.046,31.986,0.0150166,4800.37,2846.55,1625.09,81.2544,669.119,1197.29,0,28.953,150.978,438.265,489.62,0.209341,0.406087,7.05729,0.170031,0.00513482,0.266892,0.277041,0.39877,0.045234,1.43488,0.295802,0.0766318,0.00845743,26.788,482.3,9.12,0.0673484,35.8466
75500,9587.1,0.58515,32.128,32.164,0.0176017,4809.23,2853.84,1579.96,78.9981,671.81,1202.43,0,28.8703,150.956,441.154,493.12,0.209019,0.405442,7.06764,0.164799,0.00515385,0.2678,0.276418,0.398539,0.0459914,1.43302,0.279878,0.0748729,0.0083649,24.3774,459.7,7.52,0.0633431,36.7432
76000,9573.78,0.584337,32.296,32.31,0.0151538,4805.8,2851.6,1559.9,77.9948,674.605,1206.56,0,28.9271,150.802,444.076,497.08,0.209122,0.405533,7.08824,0.162933,0.00517442,0.268949,0.276698,0.398095,0.0460512,1.43409,0.267644,0.0721827,0.00869565,23.311,447.36,7.22,0.0620607,36.6446
76500,9549.36,0.582847,31.974,32.102,0.017253,4799.14,2845.52,1502.64,75.1321,677.97,1199.33,0,29.0325,151.322,446.572,499.48,0.208823,0.404947,7.12063,0.157353,0.0051731,0.269797,0.274433,0.397244,0.0454013,1.43583,0.262286,0.0676484,0.00828953,21.2533,424.34,5.5,0.0590094,36.4555
77000,9528.12,0.58155,31.956,31.942,0.0163089,4792.81,2846.98,1462.25,73.1127,675.009,1199.81,0,28.9989,151.018,449.545,501.78,0.209567,0.406317,7.15467,0.153467,0.00516409,0.270977,0.273848,0.396802,0.0447286,1.43702,0.271501,0.0647141,0.00840229,22.1079,432.66,3.8,0.0585769,36.6538
77500,9531.96,0.581785,31.918,31.91,0.0166097,4793.83,2851.66,1439.89,71.9947,671.969,1192.84,0,29.007,151.273,452.046,505.12,0.209672,0.40648,7.18705,0.15106,0.0051697,0.271499,0.272022,0.395991,0.0444313,1.43687,0.272563,0.0627315,0.00843115,23.0897,445,2.1,0.0578598,36.3052
78000,9523.4,0.581262,32.042,32.008,0.0184668,4790.27,2851.06,1446.36,72.3181,667.418,1198.4,0,29.0201,150.898,455.307,509,0.209843,0.406733,7.1923,0.151874,0.00517655,0.27266,0.272813,0.395867,0.0450649,1.43705,0.281914,0.0637628,0.00825346,25.2581,465.62,1.9,0.0602527,36.5923
78500,9524.02,0.5813,32.058,32.104,0.017595,4791.61,2854.19,1445.75,72.2873,666.81,1200.52,0,29.0593,151.059,458.4,511.52,0.210103,0.407083,7.20165,0.1518,0.00519026,0.273769,0.273762,0.396041,0.0455988,1.43737,0.291925,0.0639638,0.00824296,25.2203,467.74,1.9,0.0596087,36.7562
79000,9497.2,0.579663,31.784,31.814,0.0168553,4783.87,2847.66,1401.02,70.0509,675.015,1193.05,0,29.0856,151.269,461.592,514.16,0.210356,0.407527,7.20934,0.147519,0.00519156,0.274498,0.274677,0.395934,0.0454901,1.43923,0.282795,0.062349,0.007918,23.6319,450.5,1.9,0.0579872,36.6519
79500,9483.4,0.578821,31.834,31.886,0.0180369,4779.24,2846.57,1344.07,67.2034,674.235,1190.75,0,29.1075,151.181,464.778,518.2,0.210742,0.408291,7.22523,0.141726,0.00517563,0.275675,0.274833,0.396683,0.0452534,1.43989,0.264346,0.0597542,0.00766268,21.451,423.94,2.1,0.0561957,36.0957
80000,9492.1,0.579352,31.96,31.878,0.0174239,4782.67,2848.66,1286.55,64.3275,675.066,1195.33,0,29.0775,150.787,467.919,522.38,0.210771,0.408148,7.23391,0.135543,0.00518278,0.276907,0.27478,0.396875,0.0452588,1.43975,0.243165,0.056446,0.00709892,18.4863,391.82,1.9,0.0519879,30.5284
80500,9484,0.578857,31.952,32.074,0.0184092,4781.96,2847.25,1222.37,61.1183,680.466,1200.88,0,29.065,151.105,470.739,524.74,0.210799,0.408225,7.24867,0.128887,0.00519362,0.277904,0.274999,0.397124,0.0460148,1.44041,0.216276,0.0531692,0.00655639,16.013,359.42,2.1,0.0490147,32.7462
81000,9474.62,0.578285,31.638,31.602,0.0150107,4779.06,2844.51,1140.06,57.0028,680.979,1189.13,0,29.0805,151.184,473.722,528.74,0.210685,0.407957,7.27313,0.120326,0.00520849,0.279096,0.275563,0.397279,0.047244,1.44128,0.198613,0.0490907,0.00578001,13.249,322.72,2.1,0.044596,35.0216
81500,9475.66,0.578348,31.8,31.798,0.0141489,4779.86,2845.23,1096.73,54.8365,677.104,1198.78,0,29.0625,150.775,476.715,531.84,0.210751,0.408135,7.27795,0.115742,0.00520462,0.279904,0.275535,0.397339,0.0469958,1.44124,0.183046,0.0462999,0.0056193,11.5822,297.72,1.9,0.0417589,35.4459
82000,9464,0.577637,31.728,31.772,0.0151936,4777.07,2844.14,1038.68,51.9338,686.814,1200.31,0,29.1757,151.585,479.417,536.42,0.210985,0.408581,7.29676,0.10975,0.00521409,0.280511,0.275337,0.39766,0.0479052,1.44216,0.170513,0.0431785,0.00500797,10.0719,270.3,1.9,0.0394319,34.1893
82500,9438.66,0.57609,31.594,31.602,0.0159734,4769.47,2836.21,984.558,49.2279,688.292,1193.84,0,29.195,151.18,482.3,539.36,0.210851,0.408216,7.31032,0.104312,0.00521923,0.281702,0.275105,0.397309,0.0476222,1.44369,0.152995,0.0405569,0.00454488,8.80632,246.84,2.1,0.0371191,34.342
83000,9453.56,0.577,31.778,31.738,0.015546,4774.22,2839.68,948.096,47.4048,682.626,1202.69,0,29.1179,150.726,485.077,542.48,0.210691,0.407988,7.3205,0.10029,0.00521433,0.282662,0.274407,0.397394,0.0472989,1.44297,0.137441,0.0377533,0.00409532,7.38272,218.98,2.1,0.034112,35.3696
83500,9456.64,0.577187,31.762,31.738,0.0154013,4776.25,2838.75,905.368,45.2684,693.861,1202.14,0,29.255,151.389,487.63,545.52,0.210186,0.406953,7.33903,0.0957404,0.00522952,0.283515,0.274627,0.398024,0.0486621,1.44301,0.120511,0.0349411,0.0036566,6.43398,193.76,2.1,0.0318939,35.0466
84000,9466.3,0.577777,31.69,31.668,0.0163374,4777.66,2843.18,869.129,43.4565,687.341,1196.83,0,29.1534,151.052,490.306,549.62,0.210531,0.407523,7.34608,0.0918149,0.00524285,0.284126,0.274322,0.397929,0.0491335,1.44208,0.103921,0.0319738,0.00316788,5.31838,167.14,1.9,0.0284775,35.5068
84500,9465.44,0.577725,31.828,31.846,0.0172224,4777.44,2842.49,813.027,40.6513,689.959,1203.87,0,29.2147,150.952,492.783,553.56,0.210433,0.407411,7.35699,0.0858952,0.00525789,0.284282,0.27365,0.397687,0.049517,1.4421,0.0821358,0.0278711,0.00265219,4.21418,138.84,1.9,0.024768,36.5754
85000,9468.3,0.577899,31.93,31.906,0.018178,4778.45,2840.17,754.795,37.7398,693.387,1208.26,0,29.2699,151.006,495.16,553.6,0.209947,0.406372,7.36322,0.0797177,0.00527702,0.284584,0.27267,0.397904,0.0500658,1.44203,0.0618064,0.0245558,0.00210415,3.28395,118.78,2,0.0206685,36.7207
85500,9460.74,0.577438,31.682,31.784,0.0168755,4776.95,2834.07,714.638,35.7319,697.48,1210.15,0,29.3845,151.133,497.818,549.92,0.209171,0.404898,7.37596,0.0755366,0.00528444,0.285705,0.271355,0.398801,0.0500986,1.44255,0.042035,0.0206023,0.00149151,2.74263,110.32,2,0.0169589,36.8283
86000,9468.66,0.577921,31.714,31.662,0.0163451,4778.52,2834.6,676.124,33.8062,699.907,1208.47,0,29.3669,151.063,500.697,552.74,0.20884,0.404447,7.39005,0.0714061,0.00527996,0.287113,0.272205,0.399725,0.0498213,1.44206,0.0255914,0.0181499,0.0011296,2.40716,103.72,1.8,0.0132628,36.6813
86500,9449.34,0.576742,31.722,31.754,0.0172571,4773.12,2829.88,649.819,32.491,690.756,1215.63,0,29.41,150.862,503.563,555.74,0.208923,0.404649,7.39666,0.0687682,0.00527834,0.288038,0.271268,0.400153,0.0492986,1.44312,0.0153914,0.0149978,0.000806461,2.38461,104.36,0.9,0.011005,36.9716
87000,9458.88,0.577324,32.032,31.98,0.0160469,4776.59,2831.4,643.957,32.1979,696.809,1223.85,0,29.415,150.742,506.585,558.9,0.208665,0.404219,7.40003,0.06808,0.00530188,0.288749,0.270767,0.401152,0.0501713,1.44282,0.0154481,0.0150781,0.000786328,2.39935,103.84,0.9,0.0109461,37.0436
87500,9464.58,0.577672,31.604,31.588,0.0169785,4778.63,2835.65,625.155,31.2577,698.396,1208.7,0,29.4855,151.146,509.454,561.62,0.209016,0.404947,7.40235,0.066052,0.00531318,0.289873,0.270338,0.401635,0.050784,1.44249,0.0163216,0.0159392,0.000841979,2.37998,103.96,1.1,0.0110502,36.8289
88000,9470.48,0.578032,31.802,31.81,0.0170451,4780.09,2838.18,625.671,31.2836,697.861,1212.49,0,29.4724,150.965,512.595,564.64,0.209097,0.405099,7.4051,0.0660648,0.00531128,0.2913,0.271214,0.402742,0.0505869,1.44203,0.0165313,0.0161407,0.000919427,2.48186,107.06,0.9,0.0112667,36.3975
88500,9461.7,0.577496,31.77,31.892,0.017477,4777.2,2835.92,619.43,30.9715,694.753,1216.54,0,29.5097,151.062,515.733,565.7,0.209203,0.405252,7.40321,0.0654671,0.0053241,0.2924,0.271617,0.403083,0.0507501,1.44257,0.0162205,0.0158232,0.000827541,2.23941,97.78,0.9,0.0103023,36.9658
89000,9464.42,0.577662,31.878,31.77,0.0166785,4777.08,2832,621.028,31.0514,702.392,1212.72,0,29.5098,150.731,518.909,566.18,0.20859,0.404028,7.39631,0.0656171,0.0053332,0.293168,0.27226,0.402792,0.0503245,1.4424,0.0171345,0.0167435,0.000962252,2.42009,104.54,0.9,0.0110093,36.8787
89500,9462,0.577515,31.784,31.762,0.0172244,4776.35,2828.92,626.706,31.3353,705.58,1207.15,0,29.5602,150.935,522.018,569.54,0.208116,0.403177,7.39386,0.0662338,0.00533663,0.294037,0.273149,0.403547,0.0494901,1.4423,0.0177931,0.0172184,0.000984751,2.32077,101.16,0.9,0.0106555,36.5887
90000,9459.28,0.577349,31.71,31.798,0.016652,4775.67,2828.89,619.002,30.9501,700.264,1217.46,0,29.5607,150.866,525.293,572.6,0.208162,0.403108,7.39594,0.0654381,0.0053369,0.295206,0.273969,0.404058,0.0493165,1.44234,0.0177566,0.0171624,0.00102762,2.40488,105.08,0.9,0.0110683,36.6973
90500,9458.54,0.577303,31.798,31.754,0.0168988,4774.85,2830.41,617.837,30.8918,699.428,1210.53,0,29.6155,150.858,528.174,575.58,0.208587,0.403841,7.3917,0.0653207,0.00533593,0.296349,0.274404,0.404438,0.0491345,1.44234,0.0179735,0.0174321,0.00101989,2.55743,109.12,1.1,0.0115996,36.7575
91000,9454.78,0.577074,31.81,31.826,0.0167034,4773.77,2827.71,613.032,30.6516,704.1,1218.72,0,29.6078,151.028,531.1,579.24,0.208429,0.403543,7.38636,0.0648387,0.00534672,0.297405,0.274741,0.405369,0.0494971,1.44275,0.0174093,0.0170137,0.000994189,2.31885,101.14,0.9,0.0106653,37.0004
91500,9458.56,0.577305,31.772,31.754,0.0164941,4775.38,2825.66,613.832,30.6916,701.07,1210.6,0,29.5861,150.641,533.902,582.34,0.2078,0.402103,7.38845,0.0648969,0.00535856,0.297942,0.27476,0.404735,0.049065,1.44252,0.0172246,0.0167426,0.00100763,2.37074,103.52,1.3,0.0111189,37.054
92000,9476.5,0.5784,31.76,31.722,0.0159304,4780.51,2829.32,612.635,30.6317,706.134,1214.49,0,29.6653,151.168,536.446,584.86,0.20744,0.401292,7.39189,0.0646472,0.0053706,0.298729,0.274976,0.404771,0.0494195,1.44128,0.0173819,0.0169407,0.00100509,2.44304,105.8,1.1,0.0112356,36.9437
92500,9493.66,0.579447,31.9,31.83,0.0160392,4786.61,2833.61,606.165,30.3083,705.525,1212.98,0,29.6826,150.739,539.28,588.16,0.207212,0.400762,7.39633,0.0638504,0.0053881,0.299223,0.275101,0.405091,0.0494612,1.44044,0.0169161,0.0165243,0.000935364,2.36547,103.46,1.2,0.0110157,36.753
93000,9505.8,0.580188,31.95,31.95,0.0171775,4789.57,2834.95,603.237,30.1618,704.106,1217.71,0,29.6073,150.682,542.504,591.52,0.206857,0.39994,7.39552,0.0634604,0.00540205,0.299624,0.275041,0.404884,0.049582,1.43964,0.0177793,0.0173816,0.000985872,2.52907,109.24,1,0.0115113,36.7652
93500,9495.96,0.579587,31.894,31.884,0.0175496,4786.75,2830.77,590.327,29.5163,710.398,1217.43,0,29.8113,151.478,545.641,595.8,0.206585,0.399528,7.40061,0.0621665,0.00539845,0.30045,0.275311,0.40542,0.0494559,1.44045,0.0172414,0.016795,0.000911495,2.29758,100.34,0.9,0.0105321,36.9992
94000,9519.64,0.581033,31.88,31.912,0.0164665,4794.27,2836.48,598.734,29.9367,708.013,1217.31,0,29.7076,150.665,548.457,598.82,0.206329,0.399284,7.39902,0.0628938,0.00540349,0.300909,0.27555,0.405071,0.04852,1.43891,0.0175212,0.0170652,0.000966872,2.46359,106.98,1.1,0.0113212,37.0284
94500,9523.3,0.581256,32.21,32.152,0.0160613,4795.15,2834.94,606.007,30.3004,712.824,1225.48,0,29.6802,150.84,551.268,601.16,0.205935,0.398499,7.39497,0.0636339,0.00541245,0.301124,0.275949,0.404876,0.0481252,1.43865,0.0182039,0.0177565,0.00104229,2.51873,108.84,0.9,0.0113899,35.8307
95000,9506.54,0.580233,31.736,31.732,0.0175317,4790.95,2829.75,587.817,29.3909,716.63,1207.25,0,29.8577,151.247,554.332,603.94,0.205711,0.398136,7.40423,0.0618332,0.00541107,0.301513,0.2762,0.404518,0.0480279,1.43986,0.0181645,0.0175838,0.00102469,2.39165,104.54,0.9,0.0109634,36.2184
95500,9541.18,0.582347,32.064,32.108,0.017416,4800.14,2837.55,587.952,29.3976,712.142,1223.1,0,29.6902,150.764,557.28,606.84,0.205455,0.397653,7.3999,0.061622,0.00541465,0.301846,0.276992,0.403819,0.0474279,1.43754,0.017469,0.016943,0.00102579,2.32042,101.14,1.3,0.0107868,36.8581
96000,9507.34,0.580282,32.054,32.036,0.0157462,4790.69,2825.35,590.269,29.5134,713.552,1224.75,0,29.7804,150.862,560.13,610.06,0.205125,0.397133,7.39487,0.0620861,0.00543348,0.301902,0.278014,0.40403,0.0483802,1.43981,0.0179693,0.0174286,0.00107758,2.24024,98.14,1.1,0.0103916,36.5755
96500,9518.02,0.580934,31.974,31.938,0.0148645,4794.32,2827.93,594.858,29.7429,716.731,1220.02,0,29.8491,150.797,562.881,613.1,0.204969,0.396931,7.39627,0.0624977,0.00544903,0.302468,0.278031,0.404055,0.0488012,1.43913,0.0177306,0.0172725,0.00109044,2.3994,104.96,0.9,0.010989,37.0016
97000,9537.94,0.58215,31.912,31.952,0.0166493,4800.53,2831.55,595.13,29.7565,716.821,1212.78,0,29.8306,150.743,565.601,616.7,0.20453,0.396053,7.39879,0.0623952,0.00545449,0.303431,0.278709,0.405268,0.048852,1.43802,0.0176551,0.0171476,0.00101815,2.38498,103.94,0.9,0.0108589,36.9214
97500,9531.56,0.58176,32.068,31.996,0.0156949,4798.38,2825.24,595.999,29.8,723.063,1221.7,0,29.9117,151.035,568.539,621.66,0.203983,0.395039,7.39071,0.0625291,0.00545601,0.304213,0.278107,0.405893,0.0488693,1.43848,0.0177605,0.0172989,0.00107658,2.19781,96.58,0.9,0.0100972,36.9284
98000,9547.8,0.582751,32.106,32.082,0.0165444,4803.37,2826.5,595.762,29.7881,730.113,1222.02,0,29.9229,151.176,571.396,623.9,0.203354,0.393934,7.38887,0.062398,0.00546294,0.304938,0.277899,0.405957,0.0483849,1.43741,0.0184673,0.0178452,0.00116293,2.41256,105.8,1.1,0.0111433,37.1073
98500,9568.56,0.584019,32.186,32.182,0.0158136,4809.14,2832.24,589.679,29.484,724.617,1221.41,0,29.87,150.734,574.231,626.46,0.203335,0.393906,7.38738,0.061627,0.00546936,0.305904,0.278286,0.406291,0.0486324,1.43614,0.0181012,0.017587,0.00112469,2.43905,106.2,0.9,0.0110628,36.9506
99000,9567.68,0.583965,32.122,32.124,0.0180053,4809.23,2832.91,581.76,29.088,721.432,1219.71,0,29.8783,150.684,577.163,628.96,0.20337,0.394003,7.39339,0.0608043,0.00548597,0.3065,0.278208,0.405859,0.0488244,1.43617,0.0178092,0.0172428,0.00112793,2.28297,100.64,1.1,0.0105834,36.6424
99500,9593.12,0.585518,32.27,32.172,0.0156936,4815.61,2836.5,585.106,29.2553,726.188,1224.87,0,29.8733,150.69,579.898,632.42,0.20285,0.392947,7.38849,0.0609919,0.00550015,0.306508,0.277716,0.405044,0.0489511,1.43453,0.0183338,0.0178522,0.00105782,2.29443,100.6,0.9,0.0104494,36.2259
100000,9592.84,0.5855,32.256,32.376,0.0176203,4816.1,2837.83,578.08,28.904,726.169,1226.82,0,29.8908,150.868,582.703,635.48,0.203012,0.393268,7.38782,0.0602612,0.0055042,0.307223,0.278002,0.405127,0.0491297,1.43439,0.0174599,0.0170429,0.00101195,2.31091,101.46,0.9,0.0105392,30.5245
100500,9576.76,0.584519,32.012,31.99,0.0160338,4811.84,2834.79,572.94,28.647,723.808,1218.41,0,29.951,151.156,585.464,638.58,0.203226,0.393791,7.38965,0.0598264,0.00551513,0.308,0.278536,0.405348,0.0499388,1.43541,0.0179969,0.0174748,0.00105669,2.18784,96.06,0.9,0.00999709,33.8197
101000,9593,0.58551,32.452,32.366,0.0168155,4815.48,2839.14,571.27,28.5635,718.702,1232.74,0,29.8871,150.76,588.108,640.3,0.203371,0.394143,7.38377,0.059551,0.00552517,0.308502,0.279248,0.405381,0.0502856,1.43438,0.0188182,0.018249,0.00110968,2.38328,104.58,0.9,0.0108662,36.4838
101500,9603.3,0.586139,32.232,32.216,0.018226,4819.08,2841.72,561.846,28.0923,722.659,1226.28,0,29.9287,150.912,590.658,644.06,0.203203,0.393871,7.38357,0.0585055,0.00552858,0.308817,0.280657,0.405002,0.0505365,1.43364,0.0182315,0.0175901,0.00103641,2.33113,102.78,0.9,0.010668,36.854
102000,9624.8,0.587451,32.356,32.364,0.0168142,4825.42,2847.1,560.276,28.0138,721.352,1231.47,0,29.892,150.99,593.247,646.34,0.203043,0.393491,7.38419,0.0582118,0.00553611,0.309231,0.281058,0.404717,0.0508302,1.43242,0.0179207,0.0174594,0.00100452,2.37726,104.84,0.9,0.0108617,36.7675
102500,9616.84,0.586965,32.23,32.204,0.0183589,4822.26,2843.57,557.776,27.8888,718.866,1223.96,0,29.9056,150.704,595.996,649.18,0.202858,0.393229,7.38432,0.058001,0.00554624,0.309736,0.2812,0.404457,0.0506586,1.43285,0.0184209,0.0179178,0.00108158,2.47051,107.28,0.9,0.01112,36.7949
103000,9621.92,0.587275,32.408,32.358,0.0172907,4824.7,2845.01,559.814,27.9907,722.561,1232.1,0,29.9564,151.007,598.72,652.3,0.20257,0.392606,7.39554,0.0581808,0.00556524,0.309938,0.280273,0.403671,0.0511206,1.43245,0.0178337,0.0172311,0.00109341,2.38566,104.38,0.9,0.010813,37.0786
103500,9634.3,0.588031,32.43,32.51,0.0188126,4828.49,2847.65,575.469,28.7734,725.769,1228.86,0,29.94,150.622,601.567,656.34,0.202391,0.392302,7.39324,0.0597316,0.00556662,0.310389,0.28025,0.403429,0.0508517,1.43171,0.0186705,0.0179688,0.00131228,2.30575,102.32,1.2,0.0107889,36.7105
104000,9635.78,0.588121,32.418,32.36,0.0175058,4828.88,2848.26,564.127,28.2064,723.681,1224.59,0,29.9319,150.786,604.672,660.04,0.202468,0.39253,7.39149,0.0585455,0.00556953,0.310887,0.280384,0.403957,0.0506102,1.43169,0.0189257,0.0182677,0.00118804,2.40223,105.48,1.2,0.0111184,36.9576
104500,9639.48,0.588347,32.38,32.39,0.0178691,4830.18,2849.57,560.14,28.007,724.487,1228.79,0,29.9495,151.035,607.551,663.92,0.202398,0.392452,7.39608,0.0581088,0.00558317,0.311385,0.279893,0.403723,0.0508266,1.43139,0.0182292,0.0177043,0.00109691,2.38297,105.2,1.1,0.0109813,37.0154
105000,9643.96,0.588621,32.366,32.384,0.0185656,4830.74,2851.28,550.374,27.5187,726.155,1225.74,0,30.0269,151.121,610.484,666.58,0.202393,0.39254,7.40447,0.0570686,0.00560355,0.311862,0.279809,0.403419,0.0514864,1.43117,0.0180679,0.01729,0.00104607,2.23208,98.9,1.18,0.0103935,36.8095
105500,9646.2,0.588757,32.454,32.392,0.019253,4830.85,2851.67,542.016,27.1008,722.403,1232.15,0,29.9728,151.011,613.301,669.2,0.202305,0.392522,7.41058,0.0561897,0.00560803,0.312461,0.279883,0.403828,0.051577,1.431,0.0176569,0.0170743,0.000963057,2.25878,99.56,0.9,0.0102817,35.7477
106000,9635.52,0.588105,32.274,32.34,0.0170618,4828.55,2847.37,546.925,27.3463,720.43,1229.95,0,29.9701,150.865,616.152,670.54,0.202074,0.392082,7.40862,0.0567612,0.0056038,0.313148,0.280111,0.404371,0.0517462,1.43173,0.0175685,0.0170268,0.000986171,2.22616,98.68,1,0.0102572,36.5842
106500,9628.8,0.587695,32.322,32.24,0.0180403,4826.72,2844.37,534.093,26.7046,722.569,1228.91,0,30.048,150.941,619.085,672.6,0.201711,0.391249,7.42023,0.0554685,0.00561435,0.313979,0.279697,0.40398,0.0521675,1.43218,0.0181216,0.0176063,0.000987471,2.43581,106.76,1.1,0.0111733,37.1016
107000,9652.68,0.589153,32.396,32.426,0.0177284,4833.91,2849.8,537.169,26.8585,724.351,1230.94,0,29.9994,150.918,622.007,675.2,0.201407,0.390588,7.42169,0.0556496,0.00563188,0.314696,0.280403,0.404572,0.0528889,1.43075,0.0181208,0.0175883,0.00106288,2.23299,99.24,0.9,0.0102457,36.8396
107500,9641.18,0.588451,32.508,32.538,0.0180027,4829.96,2848.04,554.838,27.7419,728.445,1233.81,0,30.0331,150.848,625.003,677.7,0.201795,0.391384,7.41716,0.0575489,0.00564079,0.315962,0.28123,0.40497,0.0535607,1.43138,0.0191473,0.0184025,0.00122913,2.14041,94.82,1.54,0.0101588,36.9728
108000,9619.26,0.587113,32.226,32.23,0.0183745,4823.73,2842.85,538.687,26.9344,724.535,1224.55,0,30.0911,150.959,627.983,680.24,0.201988,0.391746,7.41747,0.0560012,0.00563859,0.316799,0.281868,0.404817,0.0537991,1.43273,0.0191575,0.0184339,0.00118058,2.29141,100.82,1.1,0.0105456,36.7216
108500,9637.96,0.588254,32.512,32.522,0.0181895,4829.37,2850.28,533.923,26.6961,723.906,1234.16,0,30.0202,150.841,630.82,683.56,0.202245,0.392228,7.41986,0.0553979,0.00564078,0.317471,0.282502,0.405043,0.0535949,1.43157,0.018556,0.0179875,0.00111169,2.36816,104.5,1.1,0.0109035,36.6661
109000,9628.06,0.58765,32.29,32.332,0.0170099,4826.63,2846.06,531.561,26.578,725.404,1224.57,0,30.0933,151.01,633.723,686.8,0.201964,0.391642,7.42566,0.0552099,0.00565943,0.317798,0.283051,0.404437,0.0544668,1.43232,0.0175782,0.0170609,0.00106466,2.2265,97.66,0.9,0.0101101,37.0055
109500,9636.64,0.588174,32.468,32.418,0.0173848,4828.89,2849.49,530.086,26.5043,719.263,1233.34,0,30.0856,150.736,636.551,689.76,0.202108,0.391892,7.4255,0.0550081,0.00567485,0.318284,0.283897,0.40429,0.0554727,1.43172,0.0185674,0.0179675,0.00108042,2.18333,96.68,1.3,0.0102177,37.0526
110000,9640.88,0.588433,32.476,32.426,0.0173516,4830.17,2851.03,531.557,26.5779,725.332,1228.49,0,30.0678,150.711,639.194,693.16,0.202099,0.391992,7.42849,0.0551356,0.00568403,0.319065,0.285071,0.405028,0.0564835,1.43147,0.0195421,0.0188846,0.00117777,2.29658,100.28,1.1,0.0104755,36.2933
110500,9648,0.588867,32.304,32.342,0.01834,4832.35,2852.12,527.768,26.3884,728.481,1222.26,0,30.0785,150.903,641.937,696.82,0.201902,0.391625,7.43105,0.054702,0.00568986,0.319531,0.285687,0.405653,0.0566966,1.43109,0.0182754,0.0177635,0.00113415,2.24389,98.5,1.1,0.0102756,36.7421
111000,9622.5,0.587311,32.354,32.454,0.0168133,4825.29,2845.9,523.879,26.194,722.553,1232.36,0,30.0995,150.752,644.823,699.46,0.202057,0.391813,7.432,0.0544429,0.00569681,0.32012,0.285415,0.406762,0.0569171,1.43264,0.018207,0.0176375,0.00107133,2.33874,103.08,0.9,0.0106781,36.942
111500,9618.32,0.587056,32.274,32.264,0.0168411,4823.59,2842.36,523.492,26.1746,725.182,1227.94,0,30.1465,150.88,647.561,703.22,0.201704,0.391045,7.43298,0.0544262,0.00569466,0.320323,0.285203,0.407649,0.0558949,1.43292,0.0181483,0.0175536,0.000999938,2.29285,101.04,0.9,0.0104643,36.8772
112000,9623.66,0.587382,32.43,32.388,0.0174702,4824.66,2841.62,517.798,25.8899,727.541,1231.63,0,30.1483,150.761,650.361,706.6,0.20126,0.39017,7.43504,0.0538049,0.00572021,0.320424,0.285963,0.407844,0.0561746,1.43239,0.0186417,0.0181471,0.00102627,2.34605,102.98,0.9,0.010666,36.3744
112500,9627.26,0.587601,32.426,32.376,0.0177929,4826.06,2843.78,516.815,25.8408,728.127,1229.42,0,30.1095,150.868,653.199,709.5,0.201453,0.390569,7.43508,0.0536821,0.00572989,0.321116,0.287726,0.408202,0.0572241,1.43228,0.0185722,0.0180237,0.00110491,2.30518,102,1,0.0106291,36.7336
113000,9640.14,0.588387,32.354,32.404,0.0198205,4829.41,2849.44,510.804,25.5402,725.72,1228.4,0,30.0842,150.931,656.279,712.52,0.201598,0.390896,7.44401,0.0529871,0.00572707,0.322595,0.288845,0.409123,0.0576682,1.43134,0.0191446,0.0184891,0.00108285,2.47831,108.74,1.1,0.0113697,36.2886
113500,9617.44,0.587002,32.35,32.344,0.017,4823.06,2842.36,516.921,25.846,729.623,1225.23,0,30.1308,150.811,659.1,715.1,0.201681,0.390963,7.43837,0.0537484,0.00572694,0.324105,0.289195,0.409297,0.0571235,1.43287,0.0193316,0.0186807,0.00120064,2.36973,104.14,1.36,0.0110408,34.538
114000,9610.18,0.586559,32.176,32.124,0.0167593,4821.11,2839.49,507.747,25.3873,729.861,1222.52,0,30.2275,151.003,661.911,717.56,0.201416,0.390386,7.44485,0.0528338,0.0057446,0.325349,0.288669,0.409492,0.0576283,1.43326,0.0180974,0.017598,0.00103175,2.31391,101.86,0.9,0.0105625,35.6073
114500,9608.24,0.58644,32.29,32.406,0.0189914,4820.82,2841.88,499.743,24.9871,726.095,1232.55,0,30.1739,150.861,664.717,720.9,0.201764,0.390981,7.45115,0.0520115,0.00577081,0.326214,0.289041,0.409735,0.0585778,1.43334,0.0186712,0.018084,0.00104794,2.30278,101.92,0.9,0.0105721,35.4279
115000,9611.22,0.586622,32.284,32.238,0.0166659,4821.41,2841.98,508.379,25.419,720.819,1229.15,0,30.1168,150.795,667.619,724.04,0.201619,0.390724,7.45344,0.0528954,0.00578227,0.326789,0.2892,0.41015,0.0595441,1.43317,0.0197643,0.0189047,0.0011717,2.38482,105.08,1.3,0.0110973,36.0498
115500,9612.18,0.586681,32.324,32.308,0.0172075,4821.78,2840.08,508.493,25.4246,725.574,1228.11,0,30.2143,150.755,670.67,727.58,0.201312,0.390225,7.44718,0.0529009,0.00579502,0.327017,0.289474,0.410012,0.060436,1.43309,0.0191094,0.0184477,0.00106304,2.33504,102.88,0.9,0.010663,35.8393
116000,9605.36,0.586265,32.358,32.28,0.0189193,4819.64,2837.93,504.072,25.2036,730.349,1227.38,0,30.2824,150.996,673.524,731.18,0.201308,0.390127,7.44861,0.0524787,0.0057886,0.328019,0.289732,0.409542,0.0608247,1.4336,0.0191928,0.0184519,0.00108549,2.22673,97.86,1.5,0.0104603,35.5136
116500,9620.26,0.587174,32.322,32.39,0.0179113,4823.56,2840.66,505.6,25.28,729.134,1233.1,0,30.2453,150.929,676.317,734.62,0.200973,0.389385,7.45514,0.0525556,0.00579585,0.328952,0.290472,0.409345,0.0612132,1.43268,0.018831,0.0181325,0.00108544,2.31873,102.42,0.9,0.0106054,34.652
117000,9607.22,0.586378,32.224,32.278,0.0181275,4819.82,2836.08,497.768,24.8884,729.104,1228.66,0,30.2677,151.214,679.154,737.16,0.200651,0.388572,7.46275,0.0518118,0.00582756,0.329074,0.290642,0.409325,0.0620793,1.43333,0.0191851,0.0185461,0.00106938,2.11554,93.86,1.1,0.00985449,34.3265
117500,9616.92,0.58697,32.278,32.258,0.0179937,4821.46,2836.85,498.231,24.9115,729.155,1225.58,0,30.256,150.518,681.741,740.02,0.20042,0.38807,7.46043,0.0518073,0.00584958,0.329038,0.289585,0.408656,0.0621932,1.43261,0.0195947,0.0189231,0.00105508,2.31053,101.54,1.5,0.0108537,33.4946
118000,9629.08,0.587712,32.478,32.376,0.0164675,4825.47,2841.66,491.334,24.5667,730.583,1233.03,0,30.2376,150.959,684.404,743.56,0.200654,0.388639,7.45752,0.0510263,0.0058567,0.329778,0.289645,0.409489,0.0632546,1.43187,0.0193836,0.0187126,0.00105053,2.30262,101.78,1.3,0.0107472,34.425
118500,9649.42,0.588954,32.39,32.412,0.0175751,4832.22,2850.14,484.53,24.2265,724.709,1233.16,0,30.1863,150.937,687.179,745.84,0.20089,0.389087,7.46343,0.050213,0.0058601,0.330443,0.290204,0.409904,0.063371,1.43064,0.018633,0.0180692,0.00101461,2.30443,101.98,0.9,0.0105337,35.0825
119000,9631.66,0.58787,32.352,32.38,0.017597,4826.98,2845.05,485.75,24.2875,725.272,1233.49,0,30.2478,150.967,690.033,749.08,0.200849,0.388978,7.47174,0.0504326,0.00586141,0.331082,0.289966,0.40974,0.0634165,1.43193,0.0191031,0.0184844,0.00103327,2.36297,103.62,1.3,0.0109238,34.8171
119500,9659.82,0.589589,32.436,32.384,0.0179149,4834.75,2852.16,492.124,24.6062,726.365,1228.59,0,30.1887,150.849,692.891,752.28,0.200706,0.388616,7.46964,0.0509454,0.00584414,0.332073,0.290261,0.409445,0.0633695,1.43008,0.0191015,0.0184741,0.00107303,2.37624,104.6,0.9,0.0107913,34.4267
120000,9637.74,0.588241,32.292,32.358,0.0171551,4828.98,2847.67,487.376,24.3688,726.034,1229.79,0,30.2414,151.099,695.69,756.3,0.200863,0.389008,7.47795,0.0505691,0.00584028,0.333064,0.290895,0.410079,0.063715,1.43155,0.018162,0.0176432,0.00105687,2.21768,97.94,0.9,0.0101281,28.4248
120500,9635.64,0.588113,32.438,32.36,0.0173432,4828.16,2846.32,484.661,24.233,726.756,1231.6,0,30.226,150.967,698.461,759.38,0.200705,0.388876,7.47914,0.0502992,0.00586097,0.333328,0.290499,0.410354,0.0637017,1.43153,0.0188221,0.0182264,0.00100888,2.15699,95.58,0.9,0.00988055,32.5531
121000,9649.18,0.588939,32.408,32.472,0.0184853,4831.83,2848.75,486.17,24.3085,724.77,1234.44,0,30.2173,150.873,701.474,763.28,0.200465,0.38866,7.47662,0.0503844,0.00587768,0.333936,0.29078,0.410367,0.0640373,1.43063,0.0189984,0.0184015,0.00102673,2.19484,98.02,1,0.0101732,33.1278
121500,9625.48,0.587493,32.3,32.302,0.0162054,4825.7,2842.13,482.969,24.1485,723.586,1233.64,0,30.3196,150.994,704.477,767.5,0.200481,0.388823,7.47918,0.0501763,0.00586918,0.335193,0.29145,0.410474,0.0637643,1.43233,0.0196988,0.0190441,0.00110487,2.27646,100.08,1.18,0.0105038,33.8049
122000,9630.54,0.587802,32.428,32.482,0.0177865,4826.76,2843.26,482.039,24.102,728.11,1235.88,0,30.2741,150.99,707.171,770.8,0.200533,0.388982,7.47419,0.0500537,0.00587901,0.335682,0.293591,0.409898,0.0645991,1.43201,0.0186586,0.0181312,0.00101441,2.25487,99.92,1.5,0.0106605,34.6088
122500,9621.52,0.587251,32.198,32.104,0.0168066,4824.07,2839.29,480.749,24.0375,732.55,1225.49,0,30.3855,151.117,710.06,774.04,0.200349,0.388727,7.47488,0.0499663,0.00587445,0.33627,0.295175,0.409728,0.0648404,1.43255,0.0178809,0.0173967,0.000975491,2.30398,101.52,0.9,0.0105186,34.7928
123000,9644.94,0.58868,32.486,32.43,0.0175512,4830.31,2843.33,486.55,24.3275,725.968,1234.91,0,30.2455,150.687,712.906,777.8,0.199892,0.38781,7.47107,0.050445,0.00587334,0.337111,0.295197,0.409401,0.0642806,1.43104,0.0182184,0.0177146,0.000976603,2.21216,98.12,1,0.0101874,34.8996
123500,9653.68,0.589214,32.428,32.484,0.0175612,4832.99,2845.12,488.013,24.4007,733.746,1234.68,0,30.2877,151.415,716.151,779.88,0.199663,0.387467,7.47455,0.0505523,0.00586994,0.337726,0.295424,0.409611,0.0644986,1.43039,0.0187328,0.0181195,0.00106701,2.25528,100.14,1.2,0.010489,34.5692
124000,9666.94,0.590023,32.412,32.34,0.0187495,4836.2,2844.85,491.795,24.5898,736.105,1225.16,0,30.2892,150.785,719.041,782.9,0.199086,0.386298,7.46721,0.0508731,0.00587483,0.338175,0.296148,0.40933,0.0642997,1.42937,0.0189667,0.0183916,0.00115098,2.35022,103.62,1.1,0.0108047,34.9549
124500,9667.22,0.59004,32.584,32.648,0.0193702,4836.89,2843.71,496.943,24.8471,731.649,1236.74,0,30.2378,150.65,721.784,785.54,0.198841,0.385782,7.46386,0.0514046,0.00587376,0.338465,0.296413,0.409569,0.0635896,1.42945,0.0202909,0.0195193,0.00120645,2.35384,104.28,0.9,0.0107473,34.8338
125000,9675.1,0.590521,32.516,32.466,0.0180656,4839,2844.33,482.65,24.1325,735.689,1234.46,0,30.302,150.935,724.814,789.3,0.198426,0.384999,7.47629,0.0498861,0.00586948,0.338561,0.296135,0.410492,0.0635829,1.42901,0.0195351,0.0188861,0.00111975,2.37242,104.3,0.9,0.0107445,34.2779
125500,9646.76,0.588792,32.32,32.386,0.01833,4831.83,2838.04,471.608,23.5804,736.844,1229.86,0,30.3849,150.903,727.989,792.34,0.198552,0.385233,7.48403,0.0488872,0.00587459,0.33923,0.297716,0.410755,0.064395,1.43076,0.0197542,0.0190576,0.00108344,2.23585,99.2,1.3,0.0104462,34.6073
126000,9643.54,0.588595,32.41,32.414,0.0169446,4830.41,2838.36,462.959,23.148,737.036,1235.52,0,30.4307,151.289,731.157,795.84,0.198759,0.385665,7.48786,0.0480069,0.00588369,0.339532,0.298639,0.410847,0.0655664,1.43103,0.0187812,0.0180926,0.000961906,2.38708,105.24,0.98,0.0109143,33.4195
126500,9623.38,0.587365,32.228,32.244,0.0173547,4824.15,2832.33,464.326,23.2163,735.726,1231.8,0,30.4405,150.912,734.509,799.58,0.198778,0.385735,7.48747,0.0482507,0.00587693,0.340328,0.300487,0.410973,0.0655898,1.43232,0.0199849,0.0192699,0.00101241,2.18527,96.84,1.3,0.010227,34.4846
127000,9628.58,0.587682,32.29,32.38,0.0175513,4826.15,2834.79,475.561,23.778,735.801,1229.62,0,30.4559,151.054,737.556,803.32,0.199005,0.386162,7.47857,0.0493907,0.00588106,0.34094,0.302401,0.410846,0.0657978,1.43193,0.0199449,0.0191036,0.00103216,2.23367,98.84,1.3,0.010431,34.4014
127500,9631.56,0.587864,32.5,32.354,0.0179665,4825.78,2834.58,475.729,23.7864,738.222,1230.84,0,30.5053,150.957,740.638,806.92,0.198932,0.386026,7.47867,0.0493932,0.00588801,0.340925,0.300798,0.411411,0.0658918,1.43171,0.0199093,0.0192532,0.00106192,2.26738,99.52,0.9,0.0102935,34.8151
128000,9661.98,0.58972,32.286,32.278,0.0191115,4835.26,2842.73,465.099,23.255,738.444,1228.36,0,30.4753,151.38,743.699,810.34,0.198645,0.385376,7.48518,0.0481368,0.00590453,0.341382,0.299659,0.411481,0.0670589,1.42977,0.0180213,0.0175079,0.000940569,2.17749,96.86,0.9,0.00998989,34.877
128500,9639.86,0.58837,32.376,32.426,0.0177494,4828.62,2834.31,463.058,23.1529,738.1,1236.48,0,30.487,151.027,746.425,813.52,0.1984,0.384763,7.47942,0.0480355,0.00592092,0.342384,0.298967,0.41171,0.0680893,1.43121,0.018503,0.0179923,0.0009411,2.31025,101.78,0.9,0.0105196,34.5631
129000,9658.14,0.589486,32.56,32.516,0.0186782,4834.44,2837.56,469.27,23.4635,733.078,1236.81,0,30.4172,150.627,749.285,815.04,0.19807,0.384061,7.47385,0.0485879,0.00592786,0.342711,0.299273,0.41211,0.0682439,1.42999,0.0192917,0.0186518,0.00102471,2.23914,99.44,1.08,0.0103508,34.5004
129500,9677.2,0.590649,32.506,32.5,0.0191099,4839.38,2843.13,464.774,23.2387,737.497,1237.39,0,30.44,151.001,752.066,817.2,0.198092,0.384211,7.47673,0.0480278,0.00591913,0.343682,0.299377,0.412216,0.0676842,1.42892,0.0195054,0.018904,0.000978585,2.13888,95.2,0.9,0.00980157,34.6119
130000,9669.78,0.590197,32.536,32.524,0.0192544,4837.61,2841.21,464.033,23.2017,734.796,1238.65,0,30.4216,150.975,754.908,820.56,0.198109,0.384353,7.47857,0.0479881,0.00591545,0.344793,0.300925,0.41258,0.0668008,1.4294,0.018197,0.0176841,0.000975062,2.32118,103.28,0.9,0.0106497,34.153
130500,9666.88,0.59002,32.374,32.39,0.0183222,4836.42,2839.56,463.851,23.1926,734.608,1236.13,0,30.485,151.128,757.517,825.12,0.198016,0.384219,7.47785,0.0479838,0.00591976,0.345193,0.301341,0.413238,0.0670978,1.42962,0.0187525,0.0181442,0.000983689,2.43993,106.54,0.9,0.0109891,33.6671
131000,9649.86,0.588981,32.454,32.536,0.0161052,4831.94,2833.15,473.208,23.6604,740.073,1239.97,0,30.5091,150.998,760.456,829.1,0.197749,0.383706,7.47228,0.0490389,0.00592553,0.345695,0.301493,0.413291,0.0668283,1.43057,0.0193298,0.0186562,0.00104615,2.04665,91.28,1,0.00947329,33.3911
131500,9670.08,0.590215,32.294,32.216,0.0170753,4837.08,2836.53,468.377,23.4188,740.575,1229.48,0,30.5512,151.286,763.056,832.04,0.197414,0.382993,7.47282,0.0484349,0.00593337,0.346164,0.301248,0.413302,0.0665199,1.42939,0.018548,0.0179462,0.00091959,2.24836,99.32,1,0.0102851,34.2068
132000,9685.94,0.591183,32.678,32.67,0.0184878,4841.49,2837.72,466.009,23.3005,739.07,1245.38,0,30.4747,150.921,765.872,835.16,0.196856,0.382032,7.46887,0.0481118,0.00593408,0.347153,0.301258,0.413898,0.0658045,1.42819,0.0187652,0.0181312,0.000907186,2.31783,102.36,1.4,0.0107796,34.6639
132500,9689,0.59137,32.56,32.512,0.0175248,4842.7,2839.99,470.221,23.5111,739.571,1241.47,0,30.493,151.004,769.005,837.6,0.197047,0.382397,7.46688,0.0485315,0.00594244,0.347898,0.300583,0.414326,0.0661388,1.42793,0.0191264,0.0184431,0.000990595,2.38533,104.42,1,0.0107917,34.308
133000,9687.36,0.59127,32.394,32.402,0.0184961,4842.17,2839.65,461.605,23.0803,736.948,1233.36,0,30.5585,150.858,771.872,840.1,0.197077,0.382564,7.46905,0.0476503,0.00594887,0.348412,0.300277,0.414328,0.0663102,1.42817,0.0195219,0.0187993,0.00101388,2.24834,99.36,1.1,0.0103205,34.1067
133500,9692.66,0.591593,32.696,32.672,0.0174081,4843.23,2841.51,459.006,22.9503,735.664,1248.02,0,30.4902,150.985,774.697,842.42,0.197191,0.382895,7.46945,0.0473561,0.00595516,0.34894,0.302434,0.414226,0.067107,1.42782,0.0193715,0.0186307,0.000958902,2.2419,99.36,1,0.0102607,33.4283
134000,9703.64,0.592263,32.612,32.664,0.0182488,4847.28,2844.27,452.421,22.6211,736.394,1245.81,0,30.554,150.935,777.439,844.84,0.197004,0.382655,7.47092,0.0466241,0.00597318,0.349662,0.304438,0.414232,0.0682008,1.42722,0.0187305,0.0180792,0.000927757,2.23916,99.42,1.4,0.0104892,34.4702
134500,9698.82,0.591969,32.434,32.392,0.0163189,4845.89,2842.27,461.047,23.0524,734.622,1239.55,0,30.4949,150.821,779.95,847.48,0.196925,0.382664,7.46942,0.0475367,0.0059778,0.350187,0.305005,0.413845,0.0680426,1.42741,0.0193021,0.0184793,0.000977012,2.14379,94.76,0.9,0.00973372,34.5721
135000,9684.92,0.591121,32.728,32.684,0.0178416,4841.32,2834.24,476.108,23.8054,741.984,1246.95,0,30.5834,151.037,783.034,850.02,0.196504,0.381921,7.45859,0.0491582,0.00596777,0.350503,0.305225,0.413908,0.0670705,1.42846,0.0208217,0.0198764,0.00115191,2.23716,98.88,1.1,0.0102718,34.4249
135500,9724.58,0.593541,32.55,32.586,0.0168975,4853.16,2846.29,486.887,24.3443,743.575,1237.76,0,30.5497,151.083,785.901,853.5,0.196265,0.381458,7.46836,0.0500679,0.00597351,0.351244,0.305125,0.414702,0.0673541,1.42572,0.0222883,0.0207535,0.00136474,2.19744,97.94,1.88,0.0105518,34.429
136000,9697.72,0.591902,32.638,32.608,0.0183182,4845.16,2837.47,498.672,24.9336,739.551,1240.36,0,30.574,150.748,788.695,857.5,0.196205,0.381345,7.46379,0.0514224,0.0059746,0.35195,0.306099,0.415463,0.0673493,1.42738,0.022661,0.0210663,0.00138676,2.20475,97.92,2.3,0.0109321,34.8265
136500,9715.02,0.592958,32.602,32.59,0.0181144,4849.98,2842.47,465.624,23.2812,736.474,1246.3,0,30.5594,150.988,791.603,861.68,0.196116,0.381201,7.47086,0.0479281,0.00600212,0.352468,0.307994,0.416006,0.0686787,1.42633,0.0200681,0.0192342,0.00109147,2.16605,96.66,1.3,0.0101144,34.9107
137000,9725.16,0.593577,32.814,32.8,0.0190505,4853.32,2845.08,460.927,23.0464,742.295,1249.18,0,30.5289,150.907,794.454,865.58,0.196029,0.38097,7.46998,0.0473958,0.00603223,0.353518,0.309543,0.416575,0.0699261,1.42569,0.0194537,0.0187464,0.00107712,2.31317,101.62,2,0.0110656,34.4685
137500,9714.04,0.592898,32.544,32.594,0.018728,4850.55,2841.65,461.37,23.0685,737.659,1242.9,0,30.5636,150.927,797.742,868.08,0.19602,0.380886,7.47001,0.0474951,0.00604632,0.354272,0.310546,0.416459,0.0706751,1.4266,0.0197894,0.0189885,0.00104989,2.21583,98.34,1.9,0.0106066,34.7708
138000,9713.98,0.592894,32.586,32.572,0.0179538,4849.82,2839.2,464.471,23.2235,742.718,1243.37,0,30.5899,150.862,800.765,871.8,0.195733,0.380337,7.46526,0.0478145,0.00604528,0.355741,0.310987,0.416267,0.0705855,1.42652,0.0200949,0.0193371,0.00111598,2.29023,101.14,1.08,0.0104685,34.991
138500,9719.86,0.593253,32.702,32.67,0.0190188,4851.36,2839.66,472.743,23.6371,743.153,1243.59,0,30.5396,150.695,803.923,875.58,0.195529,0.380142,7.46515,0.048637,0.00604058,0.35707,0.311819,0.416604,0.0706792,1.42611,0.0196707,0.0185803,0.0011172,2.28275,101.78,1.4,0.0107532,34.1158
139000,9739.42,0.594447,32.724,32.756,0.0180117,4857.42,2846.19,473.06,23.653,745.933,1243.37,0,30.5612,151.044,807.061,878.64,0.195622,0.38036,7.46779,0.0485713,0.00603125,0.358109,0.31246,0.417106,0.0703664,1.42506,0.0205638,0.0193748,0.00116445,2.26655,101.2,1.6,0.010992,34.8798
139500,9726.1,0.593634,32.766,32.788,0.0187232,4853.69,2842.2,461.715,23.0858,741.653,1246.33,0,30.5631,150.599,809.939,881.06,0.195592,0.380436,7.46476,0.0474721,0.00603848,0.358747,0.312645,0.417672,0.0702009,1.42572,0.0193209,0.0186691,0.00109864,2.16703,96.06,1.3,0.010043,34.2106
140000,9717.34,0.593099,32.8,32.782,0.0177705,4851.29,2838.14,468.066,23.4033,746.65,1250.33,0,30.6242,150.909,812.655,883.76,0.195448,0.380228,7.45944,0.0481686,0.00604758,0.359427,0.314065,0.418083,0.0708781,1.42631,0.0197294,0.0189163,0.00116666,2.14838,95.46,1.5,0.010129,28.9872
140500,9728.46,0.593778,32.6,32.534,0.0184573,4854.25,2841.68,471.545,23.5773,744.651,1238.72,0,30.6068,150.903,815.184,886.9,0.195538,0.380533,7.45728,0.0484712,0.00605307,0.359602,0.313937,0.418381,0.0708001,1.42556,0.0196045,0.0187163,0.0012095,2.31929,103.04,1.5,0.0108583,32.7941
141000,9726.5,0.593658,32.726,32.73,0.0179807,4853.81,2839.32,463.366,23.1683,743.531,1247.18,0,30.5737,150.764,818.058,890.16,0.195167,0.379605,7.45749,0.0476401,0.00606613,0.360084,0.312436,0.418196,0.0710189,1.42558,0.0195878,0.0186852,0.001101,2.24629,99.28,0.98,0.0102097,35.8505
141500,9726.48,0.593657,32.646,32.72,0.0172954,4853.73,2837.57,447.381,22.3691,751.008,1243.83,0,30.6975,151.159,820.838,892.54,0.194984,0.37917,7.45608,0.0459961,0.00609592,0.360009,0.311721,0.418045,0.0716301,1.42585,0.0183415,0.0177925,0.000986033,2.10163,93.9,1,0.00966922,35.0595
142000,9727.22,0.593702,32.668,32.57,0.0169686,4853.74,2839.28,452.743,22.6372,745.945,1243.47,0,30.6638,150.744,823.598,894.02,0.195077,0.379225,7.46262,0.0465441,0.00611792,0.359813,0.313426,0.417876,0.0721224,1.42556,0.0196603,0.0188582,0.00115305,2.28767,101.74,1.12,0.0105448,34.3694
142500,9744.5,0.594757,32.794,32.76,0.0181275,4858.39,2844.41,457.679,22.884,743.088,1248.27,0,30.6214,150.948,826.475,896.9,0.195225,0.37949,7.45524,0.046968,0.00612098,0.360425,0.313752,0.417836,0.0723652,1.42451,0.0195225,0.0189601,0.00117524,2.30715,102.76,0.9,0.0105092,34.9673
143000,9742.02,0.594606,32.622,32.714,0.0202728,4858,2846.33,449.675,22.4838,742.983,1243.85,0,30.6521,151.019,829.46,899.6,0.195692,0.380414,7.45256,0.0461585,0.00613693,0.360876,0.313707,0.417752,0.0734794,1.42471,0.0195809,0.0189957,0.00111853,2.33095,103.1,1,0.0105973,34.3097
143500,9725.52,0.593599,32.638,32.634,0.0175008,4853.22,2839.55,449.99,22.4995,744.453,1246.37,0,30.7053,151.055,832.153,902.96,0.195427,0.379963,7.4539,0.0462688,0.00614016,0.361865,0.314401,0.417454,0.0741013,1.42586,0.0196432,0.0190304,0.00115712,2.1838,96.34,1,0.00992252,34.1763
144000,9726.36,0.59365,32.762,32.764,0.0184993,4853.69,2836.41,445.221,22.261,748.977,1248.56,0,30.7292,151.043,834.923,906.04,0.194937,0.379046,7.44876,0.0457748,0.00613881,0.362834,0.314655,0.417333,0.0731957,1.42591,0.0197941,0.019023,0.001189,2.10817,93.44,1.7,0.0100236,34.2985
144500,9738.22,0.594374,32.748,32.708,0.0197748,4857.43,2840.34,439.465,21.9733,748.336,1246.54,0,30.787,150.815,838.114,909.58,0.194903,0.378998,7.45497,0.0451281,0.00613265,0.363627,0.31385,0.417472,0.072229,1.42515,0.0201016,0.0194814,0.00123092,2.19486,97.9,0.9,0.0100195,34.1225
145000,9732.48,0.594023,32.642,32.642,0.0186247,4855.84,2837.02,442.046,22.1023,748.523,1243.96,0,30.779,150.94,840.829,912.86,0.194598,0.378516,7.45406,0.0454197,0.00613579,0.364466,0.313951,0.41766,0.071987,1.42547,0.0205209,0.0197791,0.00130765,2.38751,106.02,1.1,0.0109548,34.7015
145500,9744,0.594727,32.866,32.832,0.0182787,4859.04,2839.79,443.053,22.1526,747.473,1249.95,0,30.7385,150.696,843.207,916.4,0.19463,0.378638,7.4539,0.0454701,0.00613988,0.365432,0.313345,0.418174,0.0710119,1.42505,0.0198481,0.0192446,0.00121697,2.20289,98.1,0.9,0.0100315,33.8287
146000,9749.38,0.595055,32.752,32.814,0.0188025,4860.6,2841.4,446.033,22.3017,750.445,1248.5,0,30.7168,150.769,846.218,919.6,0.194582,0.378671,7.45072,0.0457495,0.0061545,0.365823,0.312894,0.418089,0.0710603,1.42447,0.0209987,0.0201987,0.00130643,2.29157,101.58,1.1,0.0104846,34.1419
146500,9745.8,0.594836,32.68,32.648,0.0183697,4859.84,2839.59,443.149,22.1574,749.657,1247.16,0,30.7664,150.966,849.069,923.06,0.194436,0.378632,7.45042,0.0454709,0.00615595,0.367227,0.31249,0.418412,0.070302,1.4247,0.02069,0.0199553,0.00132067,2.19588,98.12,0.9,0.0100302,34.1478
147000,9745.52,0.594819,32.882,32.884,0.0193546,4858.87,2838.31,437.091,21.8546,745.882,1254.89,0,30.7404,150.874,851.754,925.28,0.194334,0.378451,7.44794,0.0448504,0.00616391,0.368236,0.313005,0.418812,0.0705902,1.42458,0.0200054,0.0193753,0.00121221,2.22993,99.64,0.9,0.0101869,33.5454
147500,9769.04,0.596255,32.868,32.774,0.0166916,4866.13,2843.24,439.987,21.9994,751.126,1248.8,0,30.7574,150.827,854.601,928.86,0.194101,0.378111,7.4415,0.0450387,0.00616378,0.369164,0.312173,0.41908,0.0709655,1.42324,0.020567,0.0199508,0.00127512,2.2688,101.52,0.9,0.0103586,34.3507
148000,9770.38,0.596337,32.73,32.776,0.0189685,4866.42,2843.73,440.541,22.0271,750.265,1248.62,0,30.7615,151.061,857.586,931.32,0.194054,0.378002,7.44242,0.0450901,0.00616378,0.369194,0.310482,0.418731,0.0715371,1.42304,0.019909,0.0193399,0.00118672,2.26861,100.18,0.9,0.0102174,33.6791
148500,9760.78,0.595751,32.792,32.808,0.0176321,4863.73,2841.38,450.167,22.5083,754.875,1245.54,0,30.7785,151.02,860.643,934.14,0.194143,0.378143,7.43938,0.0461197,0.00616783,0.369398,0.311205,0.418043,0.0713803,1.4236,0.021543,0.0206702,0.00136692,2.23149,99.42,0.9,0.0101507,33.9671
149000,9753.46,0.595304,32.622,32.684,0.0193134,4861.71,2840.73,445.21,22.2605,754.155,1244.14,0,30.8097,151.16,863.641,938.12,0.194373,0.378716,7.44051,0.0456462,0.00617263,0.370052,0.311462,0.41834,0.0721217,1.42406,0.0211046,0.020352,0.00136481,2.14956,96.1,1.3,0.0100151,34.0035
149500,9742.74,0.59465,32.818,32.8,0.0191785,4858.57,2836.95,445.172,22.2586,751.603,1248.18,0,30.7753,150.857,866.416,941.92,0.194299,0.378659,7.44064,0.0456923,0.00616816,0.370058,0.310192,0.418787,0.0716694,1.42476,0.0206223,0.0200496,0.00131833,2.20099,98.28,0.9,0.0100526,33.8436
150000,9740.22,0.594496,32.71,32.738,0.0182642,4857.5,2834.37,442.972,22.1486,752.747,1247.19,0,30.7554,150.848,869.182,944.66,0.194023,0.378112,7.4422,0.0454785,0.0061648,0.370357,0.308862,0.418553,0.0710727,1.42504,0.021087,0.0201877,0.00130492,2.32535,102.86,1.3,0.0107201,34.3972
150500,9736.04,0.594241,32.772,32.712,0.0174818,4856.46,2831.67,451.71,22.5855,758.11,1248.51,0,30.77,151.097,872.243,947.36,0.193755,0.377659,7.44031,0.0463955,0.00617543,0.371227,0.30856,0.418325,0.0710663,1.42523,0.0217495,0.0206671,0.00137595,2.30661,102.1,1.2,0.0106111,33.8414
151000,9746.88,0.594902,32.73,32.746,0.0186356,4859.25,2832.41,455.321,22.766,760.525,1243.53,0,30.7321,150.837,875.326,949.56,0.193434,0.376913,7.43651,0.0467142,0.00618504,0.372371,0.308165,0.418424,0.0713444,1.42452,0.0215585,0.0208833,0.00132903,2.34503,103.76,1,0.0106641,34.6582
151500,9744.78,0.594774,32.68,32.688,0.0179196,4858.27,2829.38,458.311,22.9155,759.577,1244.5,0,30.7813,151.072,878.184,952.74,0.193012,0.375888,7.43585,0.0470318,0.0061857,0.372676,0.30842,0.41828,0.0711503,1.4245,0.0212623,0.0204763,0.00130475,2.20055,97.86,1.1,0.0101215,34.3898
152000,9749.72,0.595076,32.796,32.708,0.018327,4859.78,2828.26,468.091,23.4046,761.335,1243.48,0,30.7675,150.715,881.059,955.54,0.192632,0.375252,7.43205,0.0480111,0.00619243,0.373002,0.307804,0.418227,0.0704416,1.42415,0.0214295,0.0207115,0.00136365,2.29094,101.22,0.9,0.0103522,34.3424
152500,9751.34,0.595175,32.67,32.73,0.0177397,4860.53,2828.2,456.31,22.8155,760.96,1249.26,0,30.8156,151.257,884.448,960.06,0.192389,0.374874,7.44257,0.046795,0.00619091,0.3735,0.30682,0.4178,0.0706797,1.42416,0.0202886,0.0196773,0.00119888,2.19319,97.8,0.9,0.0099976,34.8617
153000,9751.64,0.595193,32.822,32.842,0.0178645,4861.06,2832.24,448.208,22.4104,756.329,1252.59,0,30.7732,150.876,887.26,963,0.192908,0.375835,7.44817,0.0459622,0.00620107,0.374134,0.306926,0.417224,0.0708123,1.42413,0.0208501,0.020167,0.0012694,2.25141,100.2,0.9,0.0102369,34.683
153500,9725.78,0.593615,32.688,32.758,0.017793,4854.31,2825.78,455.605,22.7802,754.916,1248.69,0,30.7967,150.877,889.943,965.76,0.193125,0.376243,7.44141,0.046845,0.00620158,0.374763,0.305901,0.416885,0.0710294,1.42579,0.0214929,0.0207569,0.00130542,2.07014,91.98,0.9,0.00941576,35.2246
154000,9747.46,0.594938,32.762,32.73,0.0179662,4859.54,2831.28,453.61,22.6805,760.706,1248.33,0,30.8132,150.976,892.595,969.06,0.193127,0.376253,7.44098,0.0465365,0.00620203,0.375847,0.304976,0.417019,0.070607,1.42451,0.0211294,0.0203662,0.00130632,2.251,99.14,0.9,0.0101405,35.663
154500,9737.8,0.594348,32.716,32.69,0.0185966,4857.03,2828.95,456.978,22.8489,758.695,1245.19,0,30.8003,150.836,895.16,971.84,0.193116,0.376062,7.44402,0.0469284,0.00620856,0.377057,0.305402,0.417489,0.07049,1.42506,0.0213727,0.0206086,0.00132668,2.13461,94.68,0.9,0.00968765,35.9226
155000,9724.16,0.593516,32.6,32.66,0.0180399,4853.85,2826.81,457.783,22.8892,758.81,1242.89,0,30.8119,150.93,898.082,975.52,0.193415,0.376583,7.44132,0.0470767,0.0062126,0.377691,0.304566,0.417758,0.0709795,1.42603,0.022821,0.0219058,0.00144131,2.18202,97.78,1.1,0.0101391,36.2038
155500,9726.52,0.59366,32.784,32.776,0.0182779,4853.48,2827.8,463.613,23.1806,755.313,1250.93,0,30.7472,150.959,900.89,978.38,0.193582,0.377008,7.43732,0.0476649,0.00622216,0.378194,0.30477,0.418054,0.0714264,1.4257,0.0229035,0.0221653,0.00154635,2.2291,99.4,0.9,0.0101861,36.0698
156000,9741.88,0.594597,32.666,32.644,0.0180399,4857.95,2830.09,462.835,23.1417,762.37,1243.26,0,30.7855,151.254,903.519,982.66,0.193174,0.376324,7.4408,0.0475092,0.00620851,0.37776,0.303543,0.418076,0.0709656,1.42488,0.0228564,0.0220516,0.00144629,2.20532,98.36,0.9,0.0100593,35.7535
156500,9747.84,0.594961,32.722,32.722,0.0180903,4860.16,2830.21,469.817,23.4909,759.955,1244.06,0,30.7541,150.763,906.521,987.66,0.192851,0.37571,7.44188,0.0481969,0.00622056,0.378578,0.304367,0.418483,0.0716145,1.42449,0.0235833,0.0223748,0.00148531,2.2842,101.48,1.1,0.0105089,36.334
157000,9749.14,0.59504,32.972,32.882,0.018248,4860.55,2828.92,464.941,23.247,760.336,1252.28,0,30.7354,150.638,909.657,992.12,0.192622,0.375337,7.43893,0.0476907,0.00622137,0.380353,0.305222,0.418739,0.07149,1.4244,0.0226558,0.0217696,0.0014117,2.21257,98.16,1.2,0.0101826,35.9189
157500,9738.24,0.594375,32.656,32.708,0.0172677,4858.13,2823.3,457.951,22.8976,759.945,1246.67,0,30.8048,150.654,913.053,994.28,0.192192,0.374514,7.43847,0.0470263,0.006246,0.382106,0.304994,0.418912,0.0723521,1.42527,0.0230476,0.0221664,0.00141344,2.17923,97.3,1,0.010004,36.1236
158000,9738.14,0.594369,32.722,32.72,0.0179726,4856.84,2822.22,461.647,23.0824,763.514,1247.97,0,30.8398,150.938,916.006,994.68,0.192255,0.374782,7.43243,0.0474063,0.0062585,0.382732,0.305703,0.4185,0.0732764,1.42523,0.0226207,0.0218669,0.0013962,2.13982,95.14,1.1,0.00983461,35.9624
158500,9732.24,0.594009,32.658,32.732,0.0184096,4855.25,2820.91,457.903,22.8952,764.445,1247.11,0,30.8458,150.873,918.867,998.72,0.192445,0.375197,7.42175,0.0470497,0.00626798,0.383095,0.307066,0.417768,0.0739122,1.42558,0.0239525,0.0229827,0.00139024,2.16159,96.28,0.9,0.00985703,35.5408
159000,9726.08,0.593633,32.658,32.604,0.0176525,4854.1,2816.28,454.992,22.7496,767.936,1244.45,0,30.9204,151.111,921.952,1001.48,0.192045,0.374343,7.41583,0.0467809,0.00627178,0.384038,0.308415,0.417133,0.0746971,1.42595,0.0242893,0.0230905,0.00142193,2.26153,100.84,1.1,0.0104644,36.1075
159500,9741.54,0.594576,32.768,32.728,0.0175971,4858.22,2821.7,451.765,22.5882,770.211,1248.18,0,30.8531,150.969,924.921,1004.48,0.192169,0.374522,7.41646,0.0463751,0.0062778,0.385274,0.308518,0.416463,0.0744402,1.42494,0.023631,0.0227686,0.00131781,2.0806,93.44,0.9,0.00955329,36.2463
160000,9756.84,0.59551,32.728,32.73,0.0169954,4862.26,2827.2,454.034,22.7017,762.013,1247.94,0,30.8175,151.012,927.705,1007.34,0.192311,0.374621,7.42131,0.0465351,0.00628155,0.385876,0.308528,0.416419,0.0743421,1.42393,0.0231516,0.0221533,0.00139415,2.15716,95.86,1.1,0.00990736,29.8224
160500,9745.94,0.594845,32.862,32.858,0.0176243,4860,2821.87,451.438,22.5719,764.048,1254.41,0,30.9265,150.836,930.624,1009.76,0.191895,0.373795,7.42096,0.0463213,0.00626181,0.387241,0.308884,0.416861,0.0733848,1.42469,0.0226885,0.0217549,0.00138503,2.18863,97.46,1.1,0.0100603,33.5334
161000,9766.5,0.5961,32.772,32.708,0.0179619,4864.93,2827.64,449.937,22.4969,764.215,1246.77,0,30.9215,150.782,933.622,1011.16,0.191934,0.373973,7.4223,0.0460701,0.00624952,0.388298,0.308113,0.41659,0.0728179,1.42347,0.0237924,0.0228298,0.00144158,2.1812,96.9,0.9,0.00988934,36.0578
161500,9771.52,0.596406,32.908,32.932,0.0186027,4867.3,2830.66,452.929,22.6465,761.126,1252.35,0,30.8535,150.771,936.385,1013.06,0.192169,0.374387,7.4169,0.0463518,0.00623958,0.389188,0.308172,0.415058,0.0718995,1.42301,0.0232111,0.0222512,0.00147051,2.20946,98.26,0.9,0.010016,35.6497
162000,9771.82,0.596425,32.786,32.794,0.0182575,4867.43,2831.35,452.82,22.641,767.38,1245.14,0,30.9207,150.915,939.089,1015.96,0.192314,0.374688,7.41773,0.0463393,0.00623505,0.389383,0.307561,0.414814,0.0709306,1.42319,0.0236928,0.0227534,0.00153395,2.1308,95.4,1.2,0.00987318,36.3467
162500,9768.78,0.596239,32.852,32.848,0.0171427,4867.15,2830.66,444.93,22.2465,763.173,1251.02,0,30.9484,150.966,941.826,1017.06,0.192288,0.374543,7.41834,0.0455458,0.0062382,0.38989,0.307258,0.414853,0.0709681,1.42333,0.0224133,0.0215762,0.00132969,2.15228,96,1.3,0.0100724,35.6087
163000,9772.24,0.59645,32.738,32.718,0.0182153,4867.45,2833.33,440.161,22.008,760.649,1248.37,0,30.9671,151.213,944.54,1019.86,0.192486,0.374785,7.42566,0.0450418,0.0062356,0.390115,0.307591,0.415091,0.0711462,1.42309,0.022615,0.0218229,0.00135554,2.09532,93.74,1,0.00961736,35.3305
163500,9789.72,0.597517,32.806,32.77,0.0180025,4872.54,2839.4,441.388,22.0694,756.247,1250.52,0,30.8516,150.671,947.418,1021.82,0.192568,0.374836,7.43339,0.0450871,0.00625136,0.390966,0.307072,0.415763,0.0719333,1.42202,0.0226365,0.0217581,0.0013685,2.12447,95.04,0.9,0.009672,35.7046
164000,9772.74,0.596481,32.938,33.008,0.0170692,4867.83,2832.11,445.762,22.2881,764.847,1257.05,0,30.9581,151.161,950.115,1024.48,0.192163,0.373965,7.43174,0.0456129,0.00625021,0.391804,0.307499,0.41547,0.072828,1.4231,0.0233873,0.0224683,0.00141652,2.24525,100.58,1,0.0103031,34.9835
164500,9783.82,0.597157,32.856,32.812,0.0189229,4870.01,2832.56,447.595,22.3798,761.311,1250.22,0,30.9371,150.904,952.921,1027.36,0.191843,0.373288,7.42752,0.0457484,0.00624242,0.392009,0.30648,0.415441,0.0728009,1.42228,0.0234513,0.0224455,0.00140155,2.21899,98.66,1.2,0.0101963,34.5385
165000,9794.68,0.59782,33.076,33.072,0.0189067,4873.08,2832.94,438.71,21.9355,765.364,1259.25,0,30.9204,150.841,955.835,1030.56,0.19136,0.372349,7.42381,0.0447908,0.00623589,0.392163,0.305933,0.415496,0.0722953,1.4215,0.0238909,0.0228903,0.00146113,2.28529,101.44,0.9,0.0103229,34.615
165500,9777.2,0.596753,32.756,32.752,0.0179412,4868.75,2826.23,431.2,21.56,766.006,1253,0,31.0182,151.157,958.785,1033.78,0.191025,0.371703,7.42687,0.044103,0.00623461,0.392268,0.304958,0.415355,0.0721231,1.42267,0.0231959,0.0223451,0.00142229,2.28056,101.62,0.9,0.0103564,34.3496
166000,9808.9,0.598688,32.886,32.854,0.0180358,4877.26,2836.06,431.791,21.5895,762.79,1252.48,0,30.8786,150.798,961.915,1036.7,0.191195,0.372095,7.42722,0.0440205,0.00623754,0.392903,0.305544,0.41566,0.0718167,1.42069,0.0226163,0.021662,0.00134538,2.21506,98.3,0.9,0.0099847,35.0342
166500,9806.24,0.598525,33.036,32.992,0.0180824,4876.66,2836.94,436.947,21.8474,760.656,1260.33,0,30.9083,151.082,964.637,1040.1,0.191539,0.372739,7.41986,0.0445577,0.00622521,0.393513,0.306893,0.416526,0.0722338,1.42075,0.0217485,0.0202886,0.00127839,2.10291,94.04,1.46,0.00997247,35.1027
167000,9807.7,0.598615,32.958,32.962,0.0179597,4876.71,2835.44,440.724,22.0362,761.388,1254.18,0,30.8747,150.629,967.348,1043.12,0.191173,0.371933,7.42512,0.0449367,0.00621776,0.39418,0.306612,0.416839,0.0718725,1.4207,0.0218639,0.0206363,0.00136327,2.30434,102.82,1.7,0.0109328,35.1987
167500,9816.64,0.59916,32.976,33.022,0.0188152,4878.72,2835.93,427.165,21.3583,763.994,1257.81,0,30.9382,150.946,970.508,1045.68,0.190806,0.371174,7.42478,0.0435143,0.00621259,0.39518,0.306531,0.417258,0.0717866,1.41992,0.0209243,0.0201603,0.00129971,2.2182,99.56,1.3,0.0103138,35.421
168000,9801.9,0.59826,32.916,32.89,0.018148,4874.71,2831.07,420.289,21.0145,760.842,1257.14,0,30.9729,150.77,973.357,1048.42,0.190699,0.370964,7.42795,0.0428783,0.00620071,0.395392,0.30626,0.416578,0.0720737,1.42099,0.0201347,0.0195246,0.00120367,2.10116,93.42,1.2,0.00964546,35.7163
168500,9808.2,0.598645,33.066,33.074,0.017924,4876.79,2829.91,416.832,20.8416,767.068,1263.95,0,31.0192,150.889,976.269,1052.26,0.190246,0.370177,7.42319,0.0424979,0.00617697,0.395297,0.305028,0.416248,0.0716554,1.42057,0.0200808,0.0193243,0.00113972,2.18871,97.78,1.4,0.0101795,35.9616
169000,9820.2,0.599377,32.872,32.862,0.0183475,4879.9,2828.92,416.19,20.8095,776.385,1253.04,0,31.0493,151.06,979.434,1055.76,0.189549,0.369013,7.42162,0.0423809,0.00615224,0.396347,0.305292,0.416646,0.070586,1.41984,0.0200888,0.0194575,0.00114467,2.13789,95.6,1.5,0.00999666,35.4032
169500,9819.08,0.599309,33.024,33.044,0.0182378,4879.2,2823.22,424.705,21.2352,769.582,1261.73,0,31.0583,150.865,982.06,1058.7,0.188771,0.367565,7.41424,0.0432526,0.00614531,0.396585,0.30697,0.416667,0.0701396,1.4199,0.0215327,0.0204147,0.001235,2.14258,96.62,1.38,0.0101102,35.0097
170000,9828.64,0.599893,33.142,33.08,0.017421,4882.3,2824.77,425.916,21.2958,774.546,1264.94,0,31.0448,150.888,984.936,1062.28,0.188519,0.367153,7.41674,0.0433339,0.00613455,0.396437,0.307089,0.416431,0.0694364,1.4192,0.0201408,0.0194999,0.0011938,2.32133,103.44,1.5,0.0107878,35.7183
170500,9829.96,0.599973,32.886,32.932,0.0197572,4882.65,2827.46,421.918,21.0959,774.652,1254.41,0,31.102,150.868,987.566,1065.5,0.18889,0.367893,7.41826,0.0429219,0.00612481,0.395191,0.306821,0.41594,0.068988,1.41926,0.020212,0.0193735,0.00115219,2.09469,94.44,1.4,0.00982301,36.0687
171000,9817.18,0.599193,33.038,33.056,0.0177086,4879.64,2825.17,421.281,21.064,769.153,1264.16,0,31.0378,150.611,990.173,1069.02,0.189032,0.368254,7.42003,0.0429121,0.00612447,0.394874,0.30667,0.416597,0.0684905,1.41997,0.0202859,0.0194955,0.00121422,2.1627,97.4,1.2,0.0100746,35.7368
171500,9808.84,0.598684,33.036,33.04,0.0188935,4876.81,2821.76,416.492,20.8246,777.114,1262.28,0,31.083,150.983,992.997,1070.74,0.188911,0.368107,7.41954,0.0424613,0.00612606,0.39474,0.306119,0.416875,0.0694214,1.42045,0.0216916,0.0207473,0.00127246,2.22032,98.94,1.2,0.0102138,35.6749
172000,9810.92,0.598811,32.94,32.896,0.0185547,4877.43,2818.56,418.022,20.9011,774.539,1254.56,0,31.1321,150.614,995.664,1074.4,0.188307,0.366953,7.41919,0.0426078,0.00611398,0.39493,0.305827,0.416524,0.0685383,1.4204,0.0211317,0.0201716,0.00132124,2.14468,96.34,1.4,0.0101572,35.5371
172500,9843.24,0.600784,33.238,33.21,0.0179029,4886.2,2825.06,413.612,20.6806,780.009,1267.7,0,31.1205,150.875,998.131,1076.9,0.18786,0.366157,7.41744,0.0420194,0.00611145,0.394718,0.304165,0.415863,0.0683103,1.41827,0.0203837,0.0197233,0.00125807,2.2242,99.9,1.2,0.0102586,34.4303
173000,9832.04,0.6001,32.886,32.928,0.0183637,4883.03,2821.01,413.383,20.6692,780.483,1254.72,0,31.1991,151.014,1000.87,1080.84,0.187676,0.36577,7.41915,0.0420439,0.00611568,0.39542,0.303854,0.4157,0.0682162,1.41892,0.0206708,0.0199976,0.0012887,2.18386,97.56,1,0.00993854,33.5838
173500,9826.62,0.599769,32.992,32.97,0.0181423,4880.8,2818.34,411.999,20.5999,780.383,1260.71,0,31.2085,150.893,1003.63,1085.14,0.187465,0.365316,7.42207,0.0419272,0.00611899,0.396683,0.304222,0.416053,0.0674943,1.4192,0.0195838,0.0190037,0.00117845,2.25205,100.04,1.1,0.0102466,33.7172
174000,9841.62,0.600685,33.066,33.046,0.018235,4885.16,2820.86,418.705,20.9353,779.417,1260.38,0,31.1484,150.747,1006.21,1088.56,0.187267,0.36482,7.41674,0.0425441,0.00611904,0.397633,0.30497,0.416079,0.0671873,1.41829,0.0205454,0.0199398,0.00124245,2.13055,95.68,0.9,0.00968877,34.3413
174500,9835.68,0.600322,33.074,33.11,0.0173963,4883.77,2821.16,411.828,20.5914,779.92,1266.55,0,31.2215,151.03,1008.96,1090.86,0.187525,0.365218,7.41628,0.0418711,0.00613367,0.397998,0.305327,0.416024,0.0672864,1.41849,0.0200535,0.0195268,0.00123423,2.26538,101.74,0.9,0.0103065,33.909
175000,9832.64,0.600137,33.094,33.11,0.0169691,4882.6,2821.58,408.402,20.4201,776.661,1268.73,0,31.1941,150.9,1011.7,1093.96,0.187729,0.365532,7.42049,0.0415352,0.00614705,0.398249,0.305703,0.416031,0.0678777,1.4188,0.0202755,0.0197141,0.00120345,2.10952,94.84,0.9,0.00961068,34.3019
175500,9834.78,0.600267,33.058,32.98,0.0166492,4883.29,2822.32,409.68,20.484,774.044,1262.72,0,31.1847,150.692,1014.41,1096.62,0.187849,0.365616,7.41596,0.0416559,0.00616801,0.397467,0.306636,0.415477,0.0684762,1.41875,0.0197502,0.0191829,0.001192,2.20863,98.48,0.9,0.00998024,34.1468
176000,9832.98,0.600157,32.936,33.03,0.0184653,4883.36,2821.34,399.695,19.9847,779.399,1261.8,0,31.2177,150.868,1017.17,1099.36,0.187663,0.365293,7.41431,0.0406479,0.00618218,0.398106,0.308384,0.415726,0.0693187,1.41871,0.0201045,0.0194657,0.00125903,2.12188,95.74,0.9,0.00969909,33.3627
176500,9815.2,0.599072,33.188,33.112,0.0181755,4878,2815.57,406.684,20.3342,778.038,1265.74,0,31.1781,150.695,1019.94,1101.96,0.187797,0.365597,7.40227,0.0414338,0.00617752,0.398299,0.309608,0.416054,0.0690446,1.41979,0.0210237,0.0202108,0.00131292,2.18037,98.22,1.28,0.0101554,33.8553
177000,9827.08,0.599797,32.944,32.982,0.0184977,4881.4,2821.89,407.585,20.3793,780.651,1257.73,0,31.2,150.899,1022.86,1105.94,0.188177,0.366488,7.40529,0.0414761,0.00618203,0.398498,0.309803,0.415995,0.0698701,1.41901,0.0207384,0.020022,0.00133278,2.0618,91.42,1.3,0.0094649,33.6111
177500,9816.92,0.599177,33.142,33.176,0.0175499,4878.09,2817.99,406.102,20.3051,774.397,1266.39,0,31.2226,150.367,1025.43,1108,0.188107,0.366355,7.39991,0.0413673,0.00619299,0.397841,0.309964,0.415115,0.06975,1.41955,0.0222509,0.0211794,0.00135492,2.08765,93.32,1.1,0.00963596,34.6225
178000,9821.06,0.59943,33.024,32.99,0.0178557,4880.1,2816.94,406.588,20.3294,783.4,1260,0,31.326,150.989,1028.02,1110.68,0.187713,0.365661,7.40502,0.0413995,0.00618783,0.397526,0.310387,0.414451,0.0696283,1.41972,0.0217158,0.0206245,0.00133961,2.17401,97.12,1.4,0.0101354,34.7848
178500,9839.38,0.600548,33.088,33.006,0.0184939,4885.2,2820.53,403.125,20.1563,782.501,1263.97,0,31.2246,151.039,1030.73,1113.82,0.187478,0.365306,7.40234,0.0409701,0.00618397,0.397966,0.310009,0.414215,0.069856,1.41859,0.0216958,0.0208136,0.00138754,2.19383,98.76,0.92,0.0100075,33.7842
179000,9859.38,0.601769,33.062,33.086,0.0196635,4890.41,2823.82,402.874,20.1437,783.591,1259.27,0,31.1831,150.835,1033.62,1116.52,0.187248,0.364815,7.39237,0.0408622,0.00617462,0.397934,0.309926,0.413736,0.0687856,1.41722,0.0225485,0.0213132,0.00139487,2.14669,96.12,1.5,0.010114,33.8683
179500,9839.7,0.600568,33.038,33.072,0.0180784,4885.19,2817.33,399.988,19.9994,785.492,1263.74,0,31.2626,151.247,1036.52,1119.18,0.187203,0.364836,7.38435,0.0406509,0.00617316,0.397698,0.309204,0.413047,0.069011,1.41848,0.0221152,0.0212716,0.00138311,2.17097,97.86,1.1,0.0100239,34.3731
180000,9853.06,0.601383,33.186,33.142,0.0188374,4888.18,2820.08,398.302,19.9151,777.996,1267.82,0,31.1572,150.448,1039.58,1122.06,0.18725,0.364976,7.37193,0.0404241,0.00616609,0.397851,0.310125,0.412256,0.0683422,1.41748,0.0236756,0.0227886,0.00151254,2.45571,108.36,0.9,0.0109622,28.511
180500,9859.14,0.601754,33.07,33.056,0.0189872,4890.41,2821.4,397.814,19.8907,781.142,1262.84,0,31.2415,150.686,1042.38,1125.04,0.18711,0.364564,7.37179,0.0403503,0.00616929,0.398113,0.311934,0.411915,0.0681896,1.4171,0.0226802,0.0218585,0.00141251,2.08576,94.56,1.1,0.00967315,31.8951
181000,9854.8,0.601489,33.256,33.272,0.017888,4889.03,2820.52,397.358,19.8679,783.37,1273.46,0,31.277,151.095,1045.18,1127.46,0.187141,0.364599,7.376,0.0403208,0.00616215,0.397844,0.31216,0.410935,0.0679147,1.41743,0.0223317,0.0214348,0.00135158,2.19706,98.54,1.3,0.0102157,33.1592
181500,9850.42,0.601222,33.118,33.1,0.0191415,4887.82,2817.49,398.67,19.9335,782.419,1266.43,0,31.2831,150.825,1048.1,1130.62,0.186919,0.364137,7.36982,0.0404721,0.00614573,0.397829,0.312858,0.411866,0.0673952,1.41757,0.0225609,0.0217204,0.00137912,2.10072,93.88,1.1,0.00959155,34.5963
182000,9844.72,0.600874,32.996,33.018,0.0186772,4885.68,2814.8,400.466,20.0233,784.401,1262.74,0,31.2632,150.861,1051.1,1134.44,0.186781,0.363907,7.37308,0.0406784,0.00613303,0.399256,0.313389,0.412684,0.0665453,1.4181,0.0234199,0.0224243,0.0014436,2.12698,95.1,0.9,0.00962414,34.1563
182500,9845.7,0.600934,33.022,33.106,0.0172929,4886.46,2813.36,402.736,20.1368,789.615,1267.1,0,31.3587,151.216,1053.66,1137.06,0.186425,0.363173,7.3723,0.0409051,0.00615576,0.401167,0.314204,0.413232,0.0676178,1.41793,0.0232949,0.0223423,0.00141083,2.03809,90.8,0.9,0.00918419,34.2373
183000,9842.78,0.600756,33.12,33.054,0.0188893,4885.26,2810.95,412.482,20.6241,784.7,1264.34,0,31.3004,150.709,1056.23,1140.16,0.18633,0.3629,7.36683,0.041907,0.00616685,0.402906,0.313382,0.414018,0.0676542,1.41809,0.023363,0.0222598,0.001486,2.16033,96.64,1.5,0.0101683,33.1318
183500,9851.7,0.6013,33.18,33.182,0.0178709,4887.77,2809.65,403.505,20.1753,791.016,1270.91,0,31.3082,150.895,1058.69,1143.58,0.185732,0.361754,7.36515,0.0409576,0.00618849,0.403728,0.314962,0.413701,0.0682594,1.41768,0.0235204,0.0223371,0.00143257,2.10346,94.52,1.5,0.00987492,34.76
184000,9846.12,0.600959,32.984,33.01,0.0179943,4886.64,2807.48,399.493,19.9747,787.752,1265.5,0,31.3803,150.952,1061.29,1144.72,0.185431,0.361177,7.37366,0.0405735,0.00620118,0.404495,0.315762,0.413775,0.0686772,1.41793,0.0227093,0.0215089,0.00142527,2.19541,98.22,1.3,0.0101859,35.4385
184500,9850.16,0.601206,33.136,33.112,0.0171897,4887.62,2809.82,391.048,19.5524,789.134,1273.1,0,31.3278,150.85,1064.08,1146.52,0.185568,0.361382,7.38193,0.0396995,0.00618709,0.404807,0.316311,0.414331,0.067996,1.41783,0.0228547,0.0218618,0.00139192,2.16781,96.48,1.2,0.00990131,34.3066
185000,9850.06,0.6012,33.11,33.134,0.0178784,4887.35,2809.99,403.363,20.1682,791.308,1266.87,0,31.3489,151.061,1066.89,1149.26,0.185442,0.361195,7.38931,0.0409502,0.00618655,0.405466,0.317501,0.414671,0.0679614,1.41776,0.0268496,0.0235281,0.00153919,2.19733,98.96,2.3,0.0112776,33.7476
185500,9859.6,0.601782,33.086,33.024,0.0186859,4889.59,2811.39,393.757,19.6879,785.545,1268.77,0,31.2675,150.782,1069.45,1152.7,0.185238,0.360867,7.39335,0.0399366,0.00617455,0.405269,0.317427,0.414295,0.0678616,1.41718,0.0231202,0.0220939,0.00144,2.03156,90.5,1.2,0.00936637,34.2715
186000,9846.74,0.600997,33.202,33.202,0.0180595,4886.36,2806.75,390.383,19.5192,790.878,1271.98,0,31.3448,150.899,1072.26,1156.32,0.185185,0.360819,7.38381,0.0396456,0.00617024,0.405286,0.31669,0.413572,0.0673043,1.41789,0.0223096,0.0214808,0.00134739,2.20361,98.84,1.2,0.0101793,35.391
186500,9864.82,0.602101,33.178,33.174,0.0188423,4891.49,2809.66,393.481,19.6741,792.852,1271.63,0,31.3389,150.92,1075.36,1159.72,0.184941,0.36043,7.37396,0.0398877,0.00617139,0.405528,0.316568,0.41358,0.0672825,1.41674,0.0224717,0.0215999,0.00131771,2.10258,94.06,1.3,0.00971034,35.6412
187000,9859.94,0.601803,32.938,32.974,0.0193524,4890.58,2807.02,395.959,19.798,796.389,1260.57,0,31.3164,151.034,1077.85,1163.36,0.184774,0.360063,7.37014,0.0401581,0.00617287,0.405512,0.315662,0.413564,0.0666599,1.4171,0.0219867,0.0211775,0.0013357,2.16196,96.76,1.4,0.0100242,35.061
187500,9846.2,0.600964,33.274,33.328,0.0183739,4886.54,2802.93,390.833,19.5417,792.29,1279.11,0,31.3111,150.72,1080.67,1167.84,0.184815,0.360121,7.36597,0.0396938,0.00618663,0.406293,0.317164,0.414596,0.0670771,1.418,0.0228915,0.0219145,0.0013822,2.05662,92.48,1.1,0.00946918,35.4034
188000,9853.82,0.601429,33.09,33.028,0.0168658,4889.15,2798.48,390.853,19.5427,797.408,1272.06,0,31.3569,150.869,1083.2,1169.9,0.183867,0.35833,7.35749,0.0396651,0.00619808,0.406834,0.317609,0.41585,0.067244,1.41758,0.0221926,0.0212651,0.00133844,2.19427,98.68,1,0.0100508,35.2771
188500,9852.86,0.601371,33.15,33.126,0.0175428,4888.83,2792.6,389.715,19.4858,800.229,1275.15,0,31.3997,150.711,1085.47,1172.06,0.183163,0.356977,7.34581,0.0395536,0.00620051,0.407011,0.317545,0.415541,0.0665308,1.41779,0.022694,0.0218476,0.00138892,2.05046,91.1,1.2,0.00940709,35.3035
189000,9875.88,0.602776,33.144,33.09,0.0187802,4894.86,2798.52,393.064,19.6532,800.557,1270.74,0,31.3548,150.777,1088.12,1175.38,0.183091,0.356794,7.33837,0.0398004,0.0061951,0.407597,0.318177,0.416207,0.0658217,1.41587,0.0222249,0.0213541,0.00138146,2.12601,95.76,0.9,0.00965805,35.6727
189500,9886.74,0.603439,33.288,33.302,0.017824,4897.1,2800.35,394.891,19.7445,796.474,1282.95,0,31.418,151.067,1090.89,1177.66,0.183068,0.356693,7.33193,0.0399413,0.00619261,0.407374,0.318366,0.416369,0.0652078,1.41524,0.0223812,0.0214546,0.00144526,2.08722,92.9,1.3,0.00957832,35.3672
190000,9879.86,0.603019,33.218,33.192,0.0188401,4895.19,2797.26,391.775,19.5887,800.418,1281.89,0,31.4204,151.101,1093.55,1180.6,0.182923,0.356409,7.33225,0.0396535,0.00618691,0.407689,0.318426,0.416866,0.065107,1.41585,0.0218736,0.0211086,0.00144713,2.14439,96,1.1,0.00978168,35.2979
190500,9886.1,0.6034,33.188,33.134,0.0174106,4897.08,2797.4,397.987,19.8993,799.169,1272.88,0,31.4168,150.603,1096.15,1184.08,0.182748,0.356001,7.32503,0.040257,0.00618337,0.40821,0.319164,0.417173,0.0635122,1.41529,0.0220665,0.021199,0.00139398,2.14199,96.48,0.9,0.00972104,35.8439
191000,9898.46,0.604154,33.356,33.426,0.0201428,4900.31,2800.2,394.383,19.7192,801.156,1280.19,0,31.3708,150.656,1099.02,1186.54,0.182656,0.355643,7.32279,0.0398423,0.00618842,0.408144,0.318488,0.416903,0.0631644,1.4145,0.0210091,0.0202978,0.0012235,2.0977,95.2,0.9,0.00957654,35.5423
191500,9881.42,0.603114,33.27,33.262,0.0187975,4895.86,2795.81,395.376,19.7688,803.93,1282.53,0,31.4496,151.304,1101.74,1190,0.182755,0.355688,7.32115,0.040012,0.00618683,0.408396,0.318085,0.41652,0.0626809,1.41564,0.0214574,0.0206864,0.00129514,2.07904,94.3,1.1,0.00964354,34.8761
192000,9894.36,0.603904,33.184,33.17,0.0178375,4899.38,2796.88,390.948,19.5474,803.15,1275.04,0,31.4608,150.761,1104.29,1193.66,0.182358,0.354725,7.32008,0.0395121,0.00618067,0.408609,0.318228,0.416979,0.0617361,1.41475,0.0214787,0.0208076,0.00128937,2.17536,97.34,0.9,0.00979898,35.4426
192500,9893.74,0.603866,33.192,33.202,0.0198419,4900.11,2796.52,390.982,19.5491,807.952,1275.49,0,31.4858,151.068,1106.65,1196.06,0.182273,0.354381,7.31812,0.0395184,0.00616909,0.408428,0.317726,0.417503,0.0606422,1.41471,0.0205826,0.0198306,0.00129899,2.21153,99.92,1.2,0.0102082,35.3139
193000,9888.22,0.603529,33.178,33.198,0.0178818,4898.1,2792.64,396.521,19.8261,805.735,1275.68,0,31.4345,150.755,1109.19,1198.34,0.181997,0.353706,7.31772,0.0401002,0.00615912,0.407917,0.317048,0.417435,0.0596234,1.41528,0.0211844,0.0203976,0.00135226,2.30338,103.64,1.2,0.0106072,35.7362
193500,9889.76,0.603623,33.364,33.326,0.0191352,4898.27,2787.66,397.53,19.8765,809.101,1284.36,0,31.5049,150.798,1112.03,1199.66,0.181342,0.352439,7.3039,0.0401957,0.00615724,0.408278,0.316931,0.418301,0.0600527,1.41537,0.0218512,0.0211273,0.00134193,2.12106,95.18,0.9,0.00958694,35.5981
194000,9896.66,0.604044,33.328,33.306,0.0192604,4900.26,2790.58,387.601,19.3801,812.566,1281.25,0,31.5173,151.106,1114.84,1202.72,0.181448,0.352647,7.3047,0.0391644,0.00614606,0.408558,0.316175,0.418902,0.0596373,1.41466,0.0211948,0.0204209,0.0012965,2.21802,99.96,0.9,0.0100639,35.5816
194500,9900.76,0.604294,33.15,33.184,0.0199635,4901.13,2795.03,385.825,19.2912,807.163,1273.2,0,31.4733,150.621,1117.92,1205.6,0.181828,0.353392,7.31556,0.0389695,0.0061568,0.409787,0.316497,0.41975,0.0601941,1.41446,0.0220638,0.0212437,0.0013317,2.17195,97.88,0.9,0.0098496,36.123
195000,9888.3,0.603534,33.316,33.336,0.0177507,4898.01,2788.13,386.469,19.3235,808.65,1282.31,0,31.4756,150.762,1120.69,1208.44,0.18131,0.352337,7.31105,0.039083,0.00617354,0.410397,0.316492,0.419489,0.0610524,1.41524,0.0211024,0.0203034,0.00133731,2.13242,95.86,1.48,0.00994686,36.0728
195500,9900.7,0.604291,33.208,33.158,0.0191343,4901.23,2790.06,382.222,19.1111,816.712,1277.81,0,31.5992,151.211,1123.29,1211.6,0.181043,0.351872,7.31248,0.0386059,0.00618474,0.412276,0.31796,0.419867,0.0611804,1.41435,0.020726,0.0200472,0.0013711,2.17054,97.42,0.9,0.00980469,35.8738
196000,9897.48,0.604094,33.36,33.394,0.0187459,4900.52,2787.17,378.418,18.9209,812.033,1285.54,0,31.4796,150.764,1126.01,1214.5,0.180824,0.351601,7.30451,0.0382331,0.00617435,0.413222,0.318793,0.420372,0.06034,1.41463,0.0213749,0.020692,0.00128544,2.07088,94.02,0.9,0.00946056,36.4783
196500,9896.86,0.604056,33.182,33.152,0.0185801,4900.49,2787.37,377.045,18.8522,816.491,1275.59,0,31.5297,151.141,1128.55,1215.14,0.180877,0.351834,7.30536,0.0380978,0.00618163,0.414778,0.319759,0.421302,0.0601588,1.41473,0.0211584,0.0204957,0.00128857,2.32134,103.42,0.9,0.0104116,36.288
197000,9897.46,0.604093,33.226,33.274,0.0197136,4900.24,2788.03,379.685,18.9842,809.612,1278.29,0,31.4587,150.452,1131.44,1217.58,0.180925,0.351933,7.30889,0.0383619,0.00618272,0.415432,0.319653,0.420565,0.0593206,1.41462,0.0213841,0.0206162,0.00122855,2.12184,95.9,0.9,0.00964878,35.4697
197500,9890.4,0.603662,33.376,33.396,0.0177508,4898.85,2785.06,378.389,18.9195,815.275,1283.13,0,31.572,150.939,1134.37,1220.38,0.180729,0.351523,7.31064,0.0382575,0.00618316,0.416538,0.320529,0.42073,0.0594204,1.41513,0.0201449,0.0195483,0.00121404,2.10539,95.04,0.9,0.00957348,36.1424
198000,9900.8,0.604297,33.288,33.242,0.0179987,4901.53,2784.42,370.492,18.5246,815.922,1283.42,0,31.5764,151.155,1137.16,1222.16,0.18026,0.350615,7.30299,0.0374204,0.00619452,0.416327,0.320199,0.420556,0.0599239,1.41443,0.0207864,0.0200733,0.00128626,2.06038,92.58,1.6,0.00967427,35.9199
198500,9906.64,0.604653,33.192,33.152,0.0174766,4902.2,2783.34,370.538,18.5269,819.628,1277.02,0,31.6138,150.804,1139.94,1224.52,0.179898,0.349874,7.29607,0.0374029,0.00620509,0.416426,0.320556,0.420652,0.0601106,1.41377,0.0214231,0.0206419,0.00128862,2.09054,94.58,1,0.00958429,35.4204
199000,9903.52,0.604463,33.384,33.418,0.0190469,4901.69,2781.36,373.876,18.6938,814.091,1287.56,0,31.5777,150.545,1142.33,1227.32,0.179757,0.349551,7.29359,0.0377517,0.00623054,0.416158,0.321092,0.420695,0.0611481,1.41411,0.0229937,0.0222222,0.00144372,2.20978,99.72,1.2,0.0101811,36.2949
199500,9919.02,0.605409,33.402,33.334,0.0183004,4905.33,2783.79,381.571,19.0786,821.943,1282.46,0,31.5618,150.758,1145.08,1230.22,0.179602,0.349252,7.28943,0.0384677,0.00623491,0.415242,0.321379,0.419838,0.0609795,1.41317,0.0228244,0.021879,0.00145067,2.22572,99.78,1.2,0.0101888,36.1622
200000,9918.46,0.605375,33.348,33.366,0.0188793,4906.04,2786.48,387.411,19.3706,819.33,1283.4,0,31.6048,151.121,1148.13,1232.48,0.179882,0.349871,7.29652,0.0390599,0.00622936,0.415726,0.321611,0.419874,0.0612081,1.41323,0.0217138,0.0210281,0.00143149,2.02224,91.46,1.3,0.00939881,29.8644
200500,9920.24,0.605483,33.332,33.374,0.0183203,4906.28,2785.88,386.427,19.3213,818.496,1278.53,0,31.5852,150.481,1150.91,1234.16,0.179769,0.349757,7.29331,0.0389531,0.00624568,0.41561,0.323251,0.419988,0.061647,1.41316,0.0224149,0.0216206,0.00142427,2.13572,96.42,0.9,0.00968509,33.7724
201000,9930.36,0.606101,33.334,33.294,0.01776,4908.71,2790.61,382.549,19.1275,819.234,1280.51,0,31.5529,151.074,1154.01,1236.46,0.180037,0.350333,7.29573,0.0385235,0.00625291,0.416184,0.324357,0.420286,0.0625278,1.41241,0.0229266,0.0220928,0.00147739,2.07309,93.4,0.9,0.00936783,35.6024
201500,9912.04,0.604983,33.476,33.496,0.0177492,4903.86,2786.07,383.955,19.1977,816.464,1287.79,0,31.5606,150.817,1157.15,1239.86,0.180161,0.35066,7.29152,0.0387364,0.00624294,0.418081,0.325746,0.42089,0.0627597,1.41353,0.0232366,0.0223488,0.001481,2.07715,94.04,1.1,0.00954966,35.8087
202000,9908.08,0.604741,33.202,33.182,0.019008,4902.83,2783.09,383.743,19.1872,819.201,1275.88,0,31.5917,150.938,1160.16,1244.06,0.179834,0.350205,7.29289,0.0387307,0.00624441,0.419147,0.32743,0.421227,0.0634008,1.41372,0.022863,0.0219445,0.00142782,2.23198,100.3,1.3,0.0103065,35.9852
202500,9927.52,0.605928,33.4,33.446,0.0207786,4908.66,2787.4,385.251,19.2626,820.118,1284.79,0,31.5494,150.793,1163.09,1247.24,0.179552,0.349787,7.29494,0.0388065,0.00625425,0.419055,0.327793,0.420848,0.0639357,1.41258,0.0236474,0.022775,0.00148843,2.23425,100.28,1.1,0.0101627,35.6954
203000,9917.52,0.605317,33.39,33.324,0.0194917,4905.6,2784.14,380.835,19.0418,820.223,1277.15,0,31.6129,150.737,1165.97,1248.04,0.179517,0.349799,7.2952,0.0384002,0.00626883,0.419398,0.328073,0.421391,0.0648251,1.41318,0.0232354,0.0224107,0.00145739,2.22973,100.22,0.9,0.010071,36.4412
203500,9917.36,0.605308,33.424,33.464,0.0197014,4906.26,2782.09,375.398,18.7699,822.3,1284.96,0,31.6285,150.727,1168.76,1244.7,0.179119,0.349156,7.29361,0.0378526,0.00626949,0.419299,0.327423,0.421465,0.0641891,1.41322,0.0235952,0.0227039,0.00152665,2.23898,100.38,1.1,0.0101805,36.448
204000,9929.32,0.606038,33.378,33.366,0.0192871,4908.96,2783.38,378.512,18.9256,826.105,1281.93,0,31.6527,150.864,1171.82,1242,0.178915,0.348704,7.29141,0.0381204,0.00628525,0.419292,0.328152,0.421668,0.0645705,1.41249,0.0236263,0.022718,0.00154139,2.23152,100.22,1.3,0.0102604,35.8553
204500,9940.3,0.606708,33.454,33.408,0.0188875,4911.9,2786.27,376.788,18.8394,823.186,1284.56,0,31.6519,150.907,1174.98,1243.96,0.1788,0.348436,7.29368,0.0379048,0.00629429,0.419797,0.328904,0.42139,0.0654188,1.41163,0.023516,0.0227355,0.00157975,2.207,99,1.1,0.0100368,35.9596
205000,9930.98,0.606139,33.28,33.354,0.0207179,4909.18,2784.91,375.381,18.769,819.319,1278.24,0,31.6148,150.688,1178.09,1247.94,0.178956,0.348872,7.29837,0.0377984,0.00629226,0.420317,0.329801,0.421102,0.0655258,1.41228,0.0246097,0.023645,0.0016244,2.13019,96.2,1.1,0.00976617,35.7929
205500,9923.42,0.605677,33.486,33.464,0.0173927,4906.65,2783.99,376.37,18.8185,823.785,1288.13,0,31.6569,151.045,1181.16,1253.2,0.179159,0.349349,7.3005,0.0379274,0.00628304,0.421602,0.331,0.421476,0.0650816,1.41273,0.0253344,0.0243528,0.00174886,2.16748,97.32,1.3,0.0100028,35.7621
206000,9927.84,0.605947,33.29,33.28,0.0183331,4908.53,2786.5,374.468,18.7234,821.758,1279.06,0,31.6082,150.891,1184,1256.56,0.179241,0.349569,7.30214,0.0377192,0.00629182,0.422044,0.331351,0.42157,0.0650191,1.41241,0.0244323,0.0236064,0.00167193,2.05526,92.26,0.9,0.00926041,36.6172
206500,9918.82,0.605397,33.3,33.296,0.0183716,4905.55,2787.65,375.714,18.7857,818.104,1280,0,31.616,150.976,1186.84,1258.72,0.179892,0.350867,7.30772,0.0378791,0.00630177,0.423093,0.331681,0.421821,0.0650231,1.41324,0.023656,0.0228777,0.00154725,2.18679,98.92,0.9,0.00993858,36.5149
207000,9917.66,0.605326,33.342,33.444,0.0180165,4905.71,2787.99,375.404,18.7702,817.211,1286.79,0,31.5948,151.088,1189.84,1261.38,0.179857,0.350799,7.30838,0.0378521,0.00632781,0.424317,0.33239,0.421364,0.0654654,1.41307,0.0231278,0.022329,0.00158343,2.27446,102.28,0.9,0.0102718,35.8147
207500,9907.12,0.604683,33.36,33.28,0.0191418,4902.16,2784.36,375.162,18.7581,814.325,1278.08,0,31.6372,150.661,1192.95,1263.68,0.179829,0.350683,7.30573,0.0378682,0.00633656,0.425926,0.333495,0.421541,0.0655689,1.41362,0.0236972,0.0228533,0.00154019,2.27126,101.78,1.2,0.0103986,36.4193
208000,9907.42,0.604701,33.33,33.402,0.0179555,4902.48,2783.23,377.375,18.8688,818.954,1285.49,0,31.5997,150.783,1196.02,1265.76,0.179725,0.350505,7.29821,0.0380902,0.00634512,0.426963,0.333479,0.421386,0.0664366,1.41365,0.0226941,0.0219552,0.00152907,2.04812,91.74,1.1,0.00934199,36.2322
208500,9903.3,0.604449,33.34,33.296,0.0184536,4900.98,2781.54,376.426,18.8213,816.8,1283.05,0,31.5921,150.682,1199.34,1266.68,0.179734,0.350432,7.29236,0.0380104,0.00633129,0.428104,0.333398,0.421989,0.0657044,1.41388,0.0233058,0.0225504,0.00156332,2.11929,95.4,1.1,0.00969673,36.1007
209000,9910.3,0.604877,33.382,33.382,0.0169287,4903.52,2781.86,379.343,18.9672,821.349,1284.08,0,31.6391,150.951,1202.57,1269.16,0.179543,0.350111,7.28866,0.038278,0.00632842,0.430047,0.332857,0.422932,0.0651271,1.41359,0.0232206,0.0224497,0.0016658,2.02117,91.14,1,0.00921365,36.1023
209500,9909.44,0.604824,33.178,33.14,0.0185221,4902.85,2784.94,380.23,19.0115,816.147,1273.3,0,31.6074,150.774,1205.77,1271.46,0.180133,0.351154,7.29127,0.0383709,0.00631922,0.432762,0.333781,0.424569,0.0654283,1.41371,0.0226168,0.0219004,0.00162602,2.11706,94.74,1.1,0.00964418,36.5265
210000,9915.36,0.605186,33.44,33.428,0.0180801,4904.92,2785.52,376.32,18.816,820.048,1287.38,0,31.6247,151.004,1208.64,1274,0.179991,0.350934,7.28697,0.0379534,0.00631904,0.433861,0.332677,0.424824,0.0661765,1.41336,0.023067,0.0223369,0.00163879,2.02183,90.84,1.1,0.00922615,35.987
210500,9922.38,0.605614,33.3,33.274,0.0182153,4906.15,2785.97,377.554,18.8777,823.181,1276.01,0,31.6598,150.965,1211.47,1276.76,0.179722,0.350619,7.29005,0.0380513,0.0063205,0.435284,0.332132,0.425479,0.0662977,1.41289,0.0237568,0.0229424,0.00175869,2.07579,93.28,0.9,0.00936588,36.6586
211000,9916.34,0.605245,33.318,33.406,0.0176102,4905.28,2786.43,377.921,18.8961,818.11,1281.41,0,31.649,150.847,1214.42,1279.62,0.179866,0.35093,7.29406,0.0381102,0.00633712,0.437107,0.331289,0.425663,0.0670371,1.41305,0.0247184,0.0238571,0.00182621,2.18154,98.76,1.38,0.0102084,36.1366
211500,9900.74,0.604293,33.34,33.364,0.0176653,4900.06,2782.75,376.449,18.8225,813.931,1287.97,0,31.6251,150.749,1217.41,1282.16,0.180133,0.351513,7.29017,0.0380225,0.00635274,0.437583,0.330068,0.425074,0.0677169,1.4141,0.0251906,0.0243279,0.0019175,1.97357,88.72,1.4,0.00917505,35.9677
212000,9888.56,0.60355,33.168,33.162,0.0184023,4897.15,2778.55,379.654,18.9827,823.892,1273.09,0,31.7591,151.089,1220.36,1286.1,0.179975,0.35121,7.28688,0.0383932,0.00636727,0.438171,0.331318,0.424947,0.0687269,1.4148,0.0239795,0.0231239,0.00187103,2.2369,99.78,1.5,0.0103852,36.7805
212500,9883.28,0.603228,33.172,33.194,0.0176712,4895.64,2775.3,384.111,19.2055,817.615,1278.78,0,31.7196,150.775,1223.27,1287.6,0.179794,0.350981,7.28026,0.0388647,0.00637612,0.438468,0.33077,0.424604,0.0688286,1.41517,0.0254086,0.0245465,0.00186137,2.08634,93.32,1.1,0.0095067,36.5396
213000,9895.02,0.603944,33.432,33.388,0.0193847,4898.53,2777.58,385.84,19.292,823.599,1285.94,0,31.7112,150.975,1226.25,1291.46,0.179782,0.350963,7.2753,0.0389935,0.00636869,0.439977,0.330038,0.424573,0.0680287,1.4145,0.0252496,0.0243764,0.00188407,2.12294,95.3,0.9,0.00959577,35.8734
213500,9901.64,0.604348,33.254,33.24,0.0191804,4900.81,2778.04,380.735,19.0367,822.394,1277.44,0,31.7187,150.641,1229.32,1294.38,0.179593,0.350588,7.27294,0.0384516,0.00637325,0.440277,0.328519,0.42395,0.0678392,1.41428,0.0253654,0.024305,0.00181362,2.05893,92.86,1.3,0.00961258,35.9773
214000,9911.2,0.604932,33.362,33.322,0.0189284,4903.15,2780.03,383.288,19.1644,823.728,1278.85,0,31.7314,150.845,1232.3,1297.96,0.179601,0.350569,7.26605,0.0386721,0.00637077,0.441188,0.328765,0.424233,0.068666,1.41356,0.0243842,0.0234338,0.00177317,2.15428,96.94,1.1,0.0098413,36.5635
214500,9908.02,0.604738,33.338,33.404,0.0181333,4902.52,2774.63,387.623,19.3811,823.205,1286.84,0,31.6964,150.76,1235.18,1300.36,0.178938,0.349319,7.25748,0.039122,0.0063722,0.441279,0.328758,0.423069,0.0688903,1.41373,0.0253127,0.0243902,0.00186366,2.12291,95.54,1.2,0.00978614,35.8213
215000,9919.72,0.605452,33.382,33.338,0.0197317,4905.01,2775.64,384.574,19.2287,831.004,1278.16,0,31.7722,150.681,1237.99,1303.72,0.178707,0.348881,7.25014,0.0387687,0.00636242,0.440946,0.328532,0.422417,0.0684351,1.41282,0.0254118,0.0244037,0.00187619,2.08999,94.62,1.3,0.00970463,36.4728
215500,9926.22,0.605848,33.494,33.422,0.0180169,4907.15,2772.57,386.778,19.3389,825.717,1288.08,0,31.768,150.657,1240.81,1305.46,0.178146,0.347931,7.23602,0.0389652,0.00636029,0.440875,0.327848,0.421353,0.0687064,1.41247,0.0257615,0.0248247,0.00201403,2.19552,99.02,1.2,0.0100983,35.3109
216000,9940.98,0.606749,33.332,33.354,0.0183486,4911.58,2776.5,382.028,19.1014,828.812,1286.58,0,31.805,150.978,1244.05,1309.16,0.178162,0.348051,7.23186,0.0384298,0.00638906,0.44008,0.325741,0.421029,0.069829,1.4116,0.0255746,0.024637,0.00201275,2.14346,96.96,0.9,0.00971722,34.8275
216500,9948.46,0.607206,33.498,33.456,0.0188085,4913.27,2780.76,376.005,18.8003,828.209,1284.5,0,31.7967,150.814,1246.96,1311.56,0.178488,0.348655,7.23437,0.0377951,0.00643131,0.439591,0.324347,0.420433,0.0712932,1.41101,0.0270558,0.0260666,0.00205343,2.08463,93.92,1.3,0.00960003,35.296
217000,9946.62,0.607094,33.418,33.436,0.0198891,4912.81,2779.35,371.474,18.5737,827.179,1289.14,0,31.8806,151.078,1249.93,1312.78,0.178386,0.348399,7.23572,0.0373466,0.00643225,0.439104,0.32312,0.419091,0.0715432,1.41134,0.0257293,0.0247519,0.00200442,2.16127,97.14,1.3,0.00992792,35.9765
217500,9947.96,0.607175,33.404,33.398,0.0188888,4913.43,2779.77,366.903,18.3451,824.076,1289.47,0,31.7619,150.859,1252.86,1315,0.178339,0.348289,7.23345,0.0368821,0.00641517,0.43897,0.322506,0.418402,0.0703269,1.41106,0.0255615,0.024522,0.00186026,2.04939,91.04,1.1,0.0092098,34.1252
218000,9944.16,0.606943,33.376,33.378,0.0188541,4911.57,2779.91,367.671,18.3835,825.479,1284.15,0,31.8358,150.666,1255.76,1315.56,0.178579,0.34868,7.23976,0.0369738,0.00642369,0.43899,0.321333,0.417555,0.0712953,1.41139,0.0257765,0.0248632,0.00193894,1.9393,86.32,0.9,0.00864546,34.1476
218500,9940.9,0.606744,33.454,33.478,0.0179414,4911.2,2780.71,363.956,18.1978,825.703,1289.32,0,31.8573,151.036,1258.62,1317.88,0.178809,0.349096,7.24256,0.0366118,0.00642375,0.439586,0.32209,0.417793,0.071601,1.41179,0.0258742,0.0249425,0.00194972,1.97705,89.42,1.1,0.00905955,34.9856
219000,9947.04,0.607119,33.574,33.558,0.0193119,4913,2780.67,363.795,18.1898,825.776,1296.57,0,31.8068,150.992,1261.56,1321.08,0.178575,0.348698,7.23496,0.0365734,0.00642449,0.438256,0.322302,0.418185,0.0711539,1.41119,0.0256271,0.0245154,0.00199157,2.08207,93.7,0.9,0.0093844,35.5838
219500,9954.2,0.607556,33.37,33.396,0.018437,4915.53,2782.66,368.642,18.4321,826.095,1283.87,0,31.8334,150.935,1264.43,1324.42,0.178624,0.348861,7.2313,0.0370337,0.00642332,0.438267,0.323447,0.418896,0.0709361,1.41083,0.0270556,0.0258804,0.00215913,2.04173,92.84,0.9,0.0092903,35.0647
220000,9957.74,0.607772,33.498,33.44,0.0204633,4915.98,2780.98,372.398,18.6199,825.101,1285.69,0,31.8029,150.598,1267.19,1328.3,0.178334,0.348494,7.22321,0.0373981,0.00642161,0.439048,0.323543,0.419413,0.0708767,1.41051,0.0273317,0.0262491,0.00227783,2.2885,102.64,1.3,0.010469,29.5325
220500,9963.24,0.608108,33.518,33.522,0.0196769,4917.29,2781.02,372.369,18.6185,832.417,1290.56,0,31.8153,151.172,1269.89,1331.94,0.178153,0.348222,7.22132,0.0373739,0.0064314,0.440442,0.324606,0.418895,0.0717337,1.41022,0.0285843,0.0271088,0.00223318,2.24666,101.5,1.4,0.0103938,32.6594
221000,9942.46,0.60684,33.35,33.376,0.0186444,4911.89,2775.66,375.098,18.7549,826.348,1285.32,0,31.8596,150.975,1272.68,1334.44,0.178197,0.348373,7.22057,0.0377266,0.00645886,0.440612,0.325357,0.418206,0.0721066,1.41148,0.0283396,0.0270381,0.00219855,2.14415,96.6,1.4,0.00992469,35.6386
221500,9952.2,0.607434,33.492,33.512,0.0197613,4914.34,2778.09,377.361,18.868,831.936,1288.41,0,31.8108,150.782,1275.56,1337.54,0.178197,0.348469,7.22195,0.0379172,0.00648909,0.440188,0.325418,0.41756,0.0733916,1.41099,0.0271461,0.0259483,0.00206144,2.16363,97.3,1,0.00978416,35.4337
222000,9938.72,0.606611,33.402,33.446,0.0198324,4910.77,2773.34,369.828,18.4914,833.257,1288.28,0,31.8663,151.007,1278.41,1341.46,0.177972,0.347948,7.22419,0.037211,0.00651552,0.441144,0.3258,0.417214,0.0743469,1.4117,0.0267757,0.0256367,0.00207235,2.03273,91.84,1.4,0.00945013,34.6857
222500,9952.66,0.607462,33.608,33.486,0.0185843,4915,2775.67,369.213,18.4606,828.23,1290.01,0,31.8137,150.571,1281.48,1344.9,0.177739,0.34747,7.22353,0.0370969,0.00653292,0.440881,0.325613,0.416676,0.0745345,1.41094,0.0285792,0.027315,0.0021755,2.05534,93.04,1.04,0.00937878,33.0399
223000,9961.9,0.608026,33.41,33.432,0.0192102,4916.8,2778.84,366.82,18.341,832.65,1285.29,0,31.8255,150.907,1284.48,1348.12,0.177896,0.347772,7.22146,0.036822,0.00653994,0.441623,0.327538,0.416957,0.0750538,1.41028,0.0274329,0.0262363,0.00204357,2.19696,98.78,1.6,0.0102719,33.734
223500,9978.98,0.609069,33.62,33.612,0.0192522,4921.39,2784.21,372.293,18.6146,828.934,1293.31,0,31.7168,150.779,1287.35,1352.6,0.177998,0.347952,7.21997,0.0373073,0.00653634,0.442282,0.329947,0.417476,0.0747115,1.40911,0.026824,0.0257237,0.00202582,2.16466,97.62,1.38,0.0100679,33.6496
224000,9966.72,0.60832,33.452,33.522,0.0193626,4918.52,2781.84,367.879,18.394,830.762,1286.73,0,31.8099,150.994,1290.25,1356.5,0.178132,0.348338,7.22071,0.0369102,0.00652097,0.443822,0.33068,0.418136,0.0744168,1.40998,0.0279408,0.0266547,0.00207849,2.12372,96.1,0.9,0.00960751,34.4396
224500,9932.1,0.606207,33.332,33.368,0.0192718,4909.29,2769.95,367.386,18.3693,831.302,1286.58,0,31.8948,150.985,1292.89,1358.52,0.177834,0.347797,7.21995,0.0369895,0.00651126,0.443417,0.3305,0.417968,0.0736298,1.41243,0.0274746,0.0262322,0.00202111,2.08473,93.58,1.3,0.0095849,34.1118
225000,9935.16,0.606394,33.458,33.426,0.0193179,4910.66,2770.31,370.37,18.5185,836.754,1285.14,0,31.9011,150.769,1295.73,1361.76,0.177707,0.347522,7.21621,0.0372785,0.00651438,0.443321,0.331228,0.41819,0.0732239,1.41208,0.0282945,0.0271753,0.00220019,2.21237,99.7,0.9,0.0099981,33.9486
225500,9929.26,0.606034,33.544,33.63,0.0195202,4909.14,2767.73,369.072,18.4536,833.465,1296.72,0,31.8663,150.754,1298.49,1365.9,0.177553,0.34731,7.21685,0.0371707,0.0065327,0.443831,0.330622,0.417438,0.0737958,1.41255,0.0280696,0.0269254,0.0022116,2.18126,98.2,1.2,0.0099996,34.5844
226000,9934.58,0.606359,33.396,33.272,0.0191785,4909.84,2767.25,391.728,19.5864,840.245,1281.71,0,31.8872,150.838,1300.9,1369.22,0.177323,0.346882,7.21285,0.0394301,0.00654286,0.443089,0.330688,0.417096,0.0743186,1.41206,0.0287362,0.0273451,0.00246503,2.18651,98.1,1.5,0.0101328,34.3921
226500,9943.96,0.606931,33.274,33.316,0.0188007,4912.41,2769.12,385.862,19.2931,834.436,1276.28,0,31.8839,150.677,1303.77,1373.04,0.177121,0.346485,7.21571,0.038803,0.00655481,0.442093,0.329897,0.417126,0.0748204,1.41147,0.029826,0.0282574,0.00251108,2.29911,102.54,1.4,0.0105215,34.7557
227000,9944.42,0.606959,33.644,33.582,0.0192882,4912.72,2767.44,364.343,18.2172,838.771,1297.35,0,31.8919,150.896,1306.68,1377.56,0.176875,0.346049,7.21358,0.0366378,0.0065488,0.442071,0.329577,0.416967,0.0745121,1.41138,0.0290297,0.0277123,0.00223044,2.22506,99.44,0.9,0.00996312,34.8198
227500,9942.54,0.606844,33.46,33.51,0.0190428,4912.34,2767.65,358.645,17.9323,837.81,1293.35,0,31.9494,151.029,1309.35,1380.64,0.176879,0.346057,7.21828,0.0360719,0.00653981,0.441477,0.329785,0.416755,0.0742745,1.41148,0.0285118,0.0273572,0.00213693,2.22801,100.06,1.5,0.0103219,34.012
228000,9946.34,0.607076,33.382,33.33,0.0184888,4913.01,2767.93,354.187,17.7093,836.698,1284.33,0,31.9328,150.72,1312.03,1383.52,0.17677,0.345919,7.22029,0.0356099,0.00654453,0.440753,0.328964,0.41721,0.0742945,1.41128,0.028537,0.0272119,0.0020886,2.19697,97.96,1.1,0.00990758,34.4395
228500,9952.54,0.607455,33.52,33.568,0.0199481,4915.06,2767.88,357.602,17.8801,837.799,1293.89,0,31.9141,150.82,1314.77,1386.46,0.17659,0.345676,7.21152,0.0359307,0.00653556,0.43948,0.329864,0.41731,0.0742153,1.4109,0.02741,0.0261901,0.00201941,2.14304,95.92,1.1,0.00970143,34.5071
229000,9954.02,0.607545,33.378,33.334,0.0185993,4915.89,2767.88,358.489,17.9244,840.966,1287.47,0,31.9483,151.083,1318.01,1389.54,0.176531,0.34555,7.21295,0.0360144,0.00653952,0.439423,0.330198,0.417158,0.0756292,1.41078,0.0270963,0.0258345,0.00196079,2.11679,95.76,1.24,0.00974722,34.4746
229500,9973.66,0.608744,33.566,33.556,0.0191829,4920.29,2773.88,361.899,18.095,833.687,1287.77,0,31.894,150.61,1320.88,1392.68,0.176777,0.346025,7.20608,0.0362857,0.00655331,0.439878,0.331089,0.41689,0.0762264,1.4095,0.02791,0.0265223,0.00204825,2.18027,98.26,1.2,0.00996006,34.4108
230000,9967.76,0.608384,33.802,33.774,0.019589,4919.37,2770.81,368.444,18.4222,838.606,1305.15,0,31.9388,150.945,1323.73,1395.92,0.176586,0.345793,7.204,0.0369625,0.00656011,0.440854,0.33238,0.41702,0.0764136,1.41015,0.0271312,0.0259875,0.00198725,2.05611,92.98,1,0.00934168,33.6992
230500,9983.82,0.609364,33.304,33.314,0.019515,4923.57,2774.15,367.827,18.3914,839.78,1281.66,0,31.9614,150.894,1326.62,1399,0.176334,0.34529,7.20613,0.0368421,0.00657324,0.441105,0.333468,0.41705,0.0767951,1.40901,0.0275922,0.0262921,0.00193318,2.14671,96.2,1.3,0.00979129,34.8823
231000,9965.98,0.608275,33.576,33.59,0.0179901,4918.5,2769.35,375.952,18.7976,835.151,1297.95,0,31.8939,150.792,1329.54,1402.54,0.176362,0.345341,7.20443,0.0377236,0.00657958,0.441141,0.333115,0.416901,0.0770279,1.41008,0.0281111,0.0268127,0.00206464,2.09079,94.36,1.1,0.00952818,33.664
231500,10007,0.610778,33.712,33.622,0.0197956,4929.36,2777.59,371.829,18.5914,840.206,1296.88,0,31.8955,151.287,1332.42,1405.82,0.176052,0.344896,7.19601,0.0371568,0.00658005,0.441291,0.332674,0.417102,0.0773039,1.40752,0.0265169,0.0254197,0.00176192,2.1925,99.12,1.4,0.0101122,34.3548
232000,10021.6,0.611671,33.622,33.58,0.0210487,4933,2780.17,376.132,18.8066,835.835,1286.95,0,31.8387,150.441,1335.22,1409.68,0.175822,0.344598,7.19816,0.0375317,0.00657324,0.441965,0.334023,0.417223,0.0759291,1.40663,0.0266614,0.0254042,0.00183326,2.12584,95.64,1.2,0.0096521,34.054
232500,10015.2,0.611282,33.666,33.72,0.0199151,4931.32,2777.09,386.119,19.306,842.46,1298.04,0,31.8635,151.302,1337.89,1412.86,0.175493,0.343984,7.20159,0.038553,0.00657177,0.44291,0.334294,0.416979,0.0763269,1.40689,0.0275613,0.0262354,0.001929,1.9443,87.18,1.5,0.00901613,33.7891
233000,10015.7,0.61131,33.668,33.658,0.0200423,4931.91,2772.72,390.04,19.502,844.803,1294.1,0,31.9122,151.103,1340.43,1416.92,0.174857,0.342775,7.19314,0.0389429,0.00657803,0.442946,0.33485,0.416333,0.0760001,1.40682,0.0281283,0.0265967,0.00197755,2.1918,99.76,1.6,0.0102835,34.7774
233500,10015.7,0.611307,33.73,33.7,0.0195759,4931.9,2771.58,392.843,19.6422,842.141,1292.84,0,31.8922,150.597,1343.06,1418.9,0.174729,0.34267,7.18828,0.0392225,0.00658098,0.444012,0.336078,0.416342,0.075381,1.40681,0.0282326,0.0265772,0.00195906,2.2579,102.14,1.6,0.0105007,34.6556
234000,10021.5,0.611666,33.79,33.8,0.0210062,4933.43,2772.06,397.937,19.8968,850.565,1297.31,0,31.9055,150.951,1345.63,1420.24,0.174524,0.34225,7.18767,0.0397084,0.00658689,0.44488,0.337659,0.416201,0.0755619,1.40629,0.0283402,0.0269269,0.0019977,1.98894,89.62,1.7,0.00931534,34.6309
234500,10021.6,0.611671,33.676,33.714,0.021105,4932.84,2771.04,398.827,19.9414,843.656,1293.72,0,31.9106,150.841,1348.24,1423.6,0.174498,0.342341,7.18292,0.0397963,0.00656924,0.445376,0.339787,0.415813,0.0745683,1.40636,0.0276559,0.0263987,0.00202356,2.1119,95.7,1.1,0.00960935,34.4671
235000,10027.4,0.612025,33.712,33.668,0.0202996,4934.7,2773.46,408.047,20.4024,847.207,1291.3,0,31.8705,150.962,1350.84,1426.46,0.174765,0.342908,7.17518,0.040693,0.00657212,0.445926,0.339213,0.416006,0.0737294,1.40605,0.027668,0.0263557,0.0019236,2.11485,95.92,2.1,0.0101704,34.2218
235500,10043.8,0.613027,33.894,33.904,0.0206916,4938.64,2776.69,410.15,20.5075,848.528,1298.81,0,31.8107,150.908,1353.68,1429.38,0.174765,0.342906,7.1654,0.0408362,0.00657816,0.446454,0.33864,0.416149,0.0733949,1.40499,0.0267875,0.0255647,0.00193837,2.13708,96.62,0.9,0.00957975,34.433
236000,10023.7,0.611801,33.786,33.736,0.0194784,4933.91,2770.22,402.613,20.1307,846.91,1294.95,0,31.818,150.516,1356.91,1433.08,0.174624,0.342768,7.16091,0.040166,0.00658158,0.446325,0.33919,0.416156,0.0743187,1.40625,0.0269752,0.0258578,0.00189593,2.10768,95.18,1.1,0.00955456,34.8837
236500,10044,0.613035,33.836,33.884,0.0196604,4938.92,2774.06,394.626,19.7313,845.43,1302.71,0,31.8055,150.881,1360.06,1435.92,0.174361,0.342244,7.16225,0.0392901,0.00658479,0.445456,0.337559,0.415405,0.0756038,1.40498,0.0257192,0.0247794,0.00178576,2.13561,96.36,0.9,0.00955966,34.758
237000,10026.2,0.611952,33.648,33.634,0.0193736,4934.24,2773.39,393.391,19.6696,842.179,1295.98,0,31.857,150.9,1362.83,1439.16,0.174954,0.343345,7.16603,0.0392366,0.00658589,0.444953,0.338485,0.414495,0.076085,1.40606,0.025298,0.0244702,0.00176456,2.11344,95.88,1.3,0.00977948,34.753
237500,10026.2,0.611953,33.814,33.86,0.0195316,4934.03,2772.08,391.539,19.5769,843.636,1298.09,0,31.8197,150.564,1365.7,1442.44,0.174815,0.343084,7.1628,0.0390508,0.00659281,0.445089,0.339771,0.414186,0.075906,1.40607,0.0261913,0.0252797,0.00181789,2.02701,91.18,0.9,0.00905559,34.3347
238000,10025.9,0.611934,33.772,33.712,0.018506,4933.84,2768.67,388.125,19.4063,851.483,1296.93,0,31.9003,150.985,1368.35,1446.86,0.17442,0.342402,7.15625,0.0387122,0.00661276,0.444761,0.339546,0.413381,0.076371,1.40612,0.0267581,0.025641,0.00184891,2.2503,102.24,1.1,0.0102564,34.747
238500,10031.9,0.612301,33.588,33.626,0.019412,4935.88,2771.07,390.165,19.5083,852.087,1291.83,0,31.9011,151.125,1371.16,1451.12,0.174455,0.342516,7.15949,0.038892,0.00663435,0.444357,0.339012,0.413077,0.0768017,1.4058,0.0257097,0.0247048,0.0017996,2.0732,93.4,1.1,0.00939549,34.3828
239000,10027.6,0.612034,33.844,33.798,0.0192824,4934.44,2768.72,395.505,19.7753,848.553,1299.21,0,31.9268,150.804,1373.98,1454.78,0.174367,0.342386,7.15367,0.0394418,0.00665647,0.444378,0.338239,0.412601,0.0770945,1.40604,0.0261046,0.0251652,0.00189776,2.14491,97.78,1.3,0.00994572,34.914
239500,10020.7,0.611615,33.636,33.686,0.0191257,4932.86,2768.13,381.826,19.0913,845.264,1295.1,0,31.9045,150.574,1376.78,1457.56,0.174403,0.342519,7.16026,0.0381036,0.00666219,0.44582,0.339582,0.413172,0.0769651,1.40628,0.026214,0.02525,0.00186218,2.17191,98.2,0.9,0.00976371,35.1092
240000,10033.4,0.612391,33.804,33.742,0.0178177,4936.17,2772.93,378.54,18.927,851.425,1295.64,0,31.9685,150.932,1379.66,1460.88,0.174563,0.342878,7.16659,0.0377284,0.00667602,0.446149,0.341606,0.413639,0.0776927,1.40565,0.027422,0.0264311,0.00197015,2.13116,96.4,1,0.00961769,28.8195
240500,10052.2,0.613535,33.91,33.912,0.0185404,4941.06,2775.63,374.084,18.7042,842.596,1302.94,0,31.9168,150.605,1382.49,1463.62,0.174322,0.342442,7.15997,0.0372142,0.00668168,0.445982,0.343782,0.414082,0.0777541,1.40459,0.0265932,0.0255267,0.00186408,2.03581,91.54,1,0.00912031,32.0092
241000,10075.7,0.614969,33.886,33.88,0.020729,4946.8,2779.65,376.763,18.8382,850.305,1299.88,0,31.8962,151.055,1384.88,1466.8,0.17381,0.34144,7.15755,0.0373929,0.00669049,0.445733,0.345401,0.413833,0.0782487,1.40266,0.0286,0.0275279,0.00195179,2.23438,100.52,0.9,0.0099388,34.6718
241500,10066.6,0.614414,33.73,33.708,0.0199728,4944.11,2771.51,374.791,18.7396,853.406,1294.66,0,31.9259,150.856,1387.4,1469.6,0.173006,0.339669,7.15507,0.0372313,0.00671231,0.445092,0.345725,0.412639,0.0779815,1.40345,0.0285296,0.0274489,0.00193136,2.10757,95.72,0.9,0.00947252,34.806
242000,10079.9,0.615227,34.034,33.968,0.0198658,4947.91,2772.2,376.371,18.8185,854.027,1302.9,0,31.9178,150.776,1390.04,1472.68,0.172536,0.338731,7.15205,0.0373387,0.00673361,0.44381,0.345842,0.41139,0.0785386,1.40244,0.0280114,0.0270253,0.0019267,2.12168,95.94,1.1,0.0095864,35.0141
242500,10088,0.61572,34.064,34.092,0.0199184,4950.43,2774.87,377.025,18.8512,854.883,1310.7,0,31.9119,150.971,1392.59,1475.24,0.172486,0.338721,7.15442,0.0373741,0.00673138,0.443464,0.346585,0.411124,0.0777284,1.40188,0.029474,0.0281237,0.00210583,2.14875,97.4,1.1,0.00972423,34.5294
243000,10077,0.615051,33.68,33.722,0.0198948,4947.13,2772.24,364.509,18.2255,851.058,1295.56,0,31.9196,150.855,1395.29,1478.14,0.172498,0.338713,7.16256,0.0361717,0.006728,0.443562,0.34708,0.410764,0.0772015,1.40272,0.0293019,0.0281131,0.00216604,2.11652,95.5,1.4,0.00968074,34.7209
243500,10084.8,0.615525,34.116,34.046,0.0199469,4949.34,2775.12,363.015,18.1507,852.648,1310.03,0,31.9008,150.631,1398.47,1477.6,0.172502,0.338825,7.16778,0.0359968,0.00673306,0.44357,0.347403,0.411318,0.0772966,1.40218,0.0305022,0.0291912,0.00215676,2.11282,95.88,1,0.00951838,34.6616
244000,10066.5,0.61441,33.688,33.798,0.0207515,4944.99,2770.88,360.935,18.0468,851.881,1298.08,0,31.9335,150.89,1401.26,1481.1,0.172607,0.339154,7.17072,0.0358549,0.0067325,0.445138,0.349212,0.412101,0.076874,1.40348,0.0287332,0.0274479,0.00199214,2.07806,94.14,1.3,0.00952323,34.5913
244500,10063.2,0.614211,33.98,33.91,0.0196183,4943.45,2774.56,361.232,18.0616,850.469,1302.44,0,31.941,150.736,1403.97,1483.7,0.173218,0.340332,7.18387,0.0358965,0.00673788,0.446651,0.350554,0.412558,0.0766914,1.40372,0.0304278,0.0290605,0.00214598,2.17715,98.44,1.6,0.010084,34.6424
245000,10070.8,0.61467,33.848,33.894,0.0196678,4945.82,2777.96,359.875,17.9938,849.002,1302.3,0,31.9115,150.876,1406.69,1485,0.173268,0.340436,7.18971,0.0357347,0.00675068,0.446771,0.351539,0.412528,0.0767364,1.40319,0.0318467,0.0301189,0.00237689,2.10155,94.9,1.4,0.00964733,33.754
245500,10052.9,0.613579,33.916,33.888,0.0194127,4941.13,2772.23,355.656,17.7828,852.665,1298.81,0,31.9864,150.966,1409.75,1486.62,0.173122,0.340187,7.18921,0.0353785,0.00675039,0.44681,0.350247,0.412018,0.0769463,1.40427,0.0314411,0.0297819,0.00232247,2.04049,92.76,1.3,0.00943768,34.6493
246000,10072.6,0.614785,33.87,33.822,0.0196713,4945.67,2776.67,357.118,17.8559,850.887,1298.69,0,31.975,150.918,1412.44,1489.94,0.172983,0.339798,7.19428,0.0354539,0.00674375,0.447394,0.349797,0.411363,0.0757576,1.40302,0.0297278,0.0284352,0.00226734,2.10484,95.12,0.9,0.00940587,33.5363
246500,10070,0.614626,33.87,33.904,0.0203103,4945.63,2774.4,354.313,17.7156,854.084,1301.92,0,31.959,150.989,1415.15,1491.68,0.172593,0.339017,7.19593,0.0351854,0.00675676,0.446658,0.349095,0.410769,0.0758843,1.40314,0.0299821,0.0288958,0.00221572,2.09151,94.36,1.1,0.00943407,32.656
247000,10062.8,0.614183,33.724,33.746,0.0185587,4943.7,2772.84,350.242,17.5121,851.953,1298.09,0,31.9437,150.853,1418.39,1494.24,0.172541,0.338963,7.20439,0.0348057,0.00677267,0.446715,0.347882,0.410726,0.076476,1.40361,0.0307629,0.0295585,0.00218694,2.07989,93.5,1.1,0.00935223,34.379
247500,10054,0.61365,33.896,33.878,0.0176678,4941.56,2767.81,348.356,17.4178,851.441,1306.12,0,31.9685,150.683,1421.55,1496.5,0.172224,0.338485,7.19838,0.0346481,0.00676639,0.447748,0.348843,0.411852,0.0759015,1.4043,0.0298545,0.0283568,0.00210161,2.03743,91.76,1.2,0.00924827,34.7875
248000,10068.2,0.614515,33.906,33.874,0.0194008,4945,2767.2,355.899,17.7949,857.489,1303.15,0,31.9978,151.022,1424.17,1499.54,0.171534,0.337076,7.19544,0.0353491,0.00676275,0.447635,0.349543,0.411744,0.0753228,1.40329,0.0306792,0.0291634,0.00218888,2.04329,92.26,1.72,0.00959819,34.736
248500,10068.1,0.614508,33.7,33.776,0.0199802,4945.31,2764.67,360.64,18.032,859.987,1296.65,0,31.9998,150.778,1426.6,1501,0.171113,0.336184,7.19202,0.0358197,0.00676205,0.447463,0.35088,0.411209,0.0746026,1.40328,0.0327481,0.0312624,0.00245371,2.11267,95.16,0.9,0.0094117,34.4347
249000,10066.1,0.614385,34.09,34.038,0.0189336,4944.08,2762.43,358.872,17.9436,858.437,1307.57,0,32.0124,150.671,1429.33,1502.54,0.170828,0.335665,7.19657,0.0356518,0.00677381,0.447239,0.351526,0.411206,0.0748263,1.40337,0.0331456,0.0317765,0.00253487,2.1467,97.24,0.9,0.00962429,34.5042
249500,10062.7,0.614177,33.794,33.866,0.018107,4943.8,2763.43,356.901,17.8451,863.196,1305.58,0,32.0397,151.032,1432.38,1506.08,0.170896,0.335925,7.20708,0.0354682,0.00677451,0.448073,0.351558,0.411646,0.0751334,1.4035,0.0306442,0.0294734,0.00244619,2.12676,95.94,1.1,0.0096141,34.8745
250000,10073.4,0.614829,33.896,33.818,0.0198605,4945.96,2764.72,350.644,17.5322,859.277,1298.99,0,31.9771,150.605,1435.56,1509.68,0.170742,0.335702,7.20637,0.0348092,0.00677239,0.448197,0.353185,0.41131,0.075197,1.40291,0.0316719,0.0303893,0.00246088,2.09836,94.92,0.9,0.00938575,33.9336
250500,10071.2,0.6147,33.986,34.012,0.0203564,4945.97,2762.42,353.983,17.6992,859.13,1308.71,0,31.9977,150.805,1438.51,1512.94,0.170423,0.335054,7.20522,0.0351482,0.00678274,0.448935,0.353407,0.411463,0.076233,1.40311,0.0323505,0.0309822,0.0025363,2.12309,96.02,0.9,0.00949642,34.5088
251000,10077.9,0.615107,33.852,33.81,0.0196387,4947.39,2759.99,354.979,17.749,867.199,1303.23,0,32.047,150.934,1441.35,1516.88,0.169734,0.333654,7.20784,0.0352234,0.00678906,0.448774,0.353239,0.411649,0.0771215,1.40269,0.0312804,0.0301414,0.00246443,2.13449,95.7,1.5,0.00976553,34.6542
251500,10075,0.61493,33.884,33.916,0.0201784,4947.17,2753.65,356.088,17.8044,870.033,1302.95,0,32.033,150.843,1444.16,1520.22,0.168776,0.331745,7.20849,0.0353437,0.00679203,0.447129,0.353216,0.411368,0.0775053,1.40299,0.0330396,0.0317692,0.00259918,2.00022,89.92,1.2,0.00903387,34.744
252000,10071.8,0.614735,33.85,33.878,0.0191051,4946.5,2750.23,362.733,18.1367,875.027,1304.08,0,32.0083,150.897,1447,1523.58,0.168329,0.330902,7.20661,0.0360144,0.00679817,0.447713,0.354519,0.411176,0.078024,1.40295,0.0331129,0.0317151,0.00254505,2.11663,95.4,1.28,0.00963416,34.7152
252500,10066.1,0.614385,33.906,33.846,0.0196885,4943.77,2746.26,362.585,18.1293,875.089,1304.25,0,32.0676,150.956,1450.48,1526.94,0.167988,0.330157,7.21363,0.0360201,0.00680017,0.44686,0.354119,0.410485,0.0780743,1.4035,0.0318662,0.0306383,0.00241425,2.04171,91.74,1,0.0091278,34.5618
253000,10072.7,0.614788,33.882,33.956,0.0208256,4946.65,2746.19,359.376,17.9688,874.912,1305.25,0,32.0015,150.637,1453.54,1529.38,0.167711,0.3297,7.20495,0.0356781,0.00680492,0.446307,0.353989,0.409087,0.0787668,1.40309,0.0320975,0.0308328,0.00239092,2.05024,93.54,1.1,0.00934418,34.1955
253500,10066.8,0.614427,33.896,33.816,0.0183055,4944.58,2739.95,359.324,17.9662,884.001,1303.59,0,32.0932,150.769,1456.21,1532.52,0.167038,0.328479,7.20244,0.0356941,0.00682488,0.445947,0.354198,0.407708,0.0791327,1.40329,0.0308501,0.029523,0.00242899,2.24734,101.68,1,0.0101218,34.8118
254000,10058.4,0.613916,33.886,34.008,0.0199097,4942.58,2739.81,358.202,17.9101,879.183,1310.81,0,32.0689,150.873,1459.46,1535.76,0.167147,0.328721,7.21592,0.0356128,0.00684607,0.447259,0.356301,0.40771,0.0804027,1.40386,0.0301325,0.029015,0.00224157,2.01172,91.24,1,0.00909067,35.1118
254500,10050.9,0.613456,33.652,33.632,0.0202304,4939.76,2741.74,355.105,17.7552,875.458,1298.18,0,32.1303,150.86,1462.7,1539.08,0.167639,0.329747,7.23132,0.0353306,0.00684624,0.450175,0.358438,0.409348,0.0799708,1.40442,0.0307672,0.0295495,0.00252438,2.24269,100.62,1.3,0.0102034,34.6964
255000,10044.4,0.613064,33.81,33.8,0.0185511,4938.57,2744.14,354.43,17.7215,875.074,1305.75,0,32.0554,151.012,1465.8,1542.56,0.168027,0.330555,7.24422,0.0352861,0.00685547,0.451365,0.359654,0.409502,0.0802116,1.40484,0.0326275,0.0312713,0.00260933,2.13033,94.44,1.3,0.00957601,33.9333
255500,10036.9,0.612604,33.788,33.814,0.018825,4936.83,2744.71,354.733,17.7367,872.716,1305.84,0,32.0484,150.997,1469.05,1546.74,0.168252,0.331,7.25565,0.0353428,0.0068538,0.450082,0.36016,0.409044,0.0805683,1.40529,0.0316192,0.0303958,0.00253786,2.09034,94.08,1.1,0.0094527,34.785
256000,10055.8,0.613757,33.928,33.862,0.0204469,4941.78,2747,351.917,17.5958,870.57,1304.78,0,32.0376,150.79,1471.95,1549.42,0.167744,0.330037,7.25875,0.0349966,0.0068511,0.447853,0.35985,0.408021,0.0797773,1.40406,0.0325108,0.0311004,0.00261001,2.17166,98.4,1,0.00979573,34.3246
256500,10057.7,0.613872,33.734,33.77,0.0199406,4942.19,2747.1,343.885,17.1942,875.993,1298.49,0,32.0623,150.787,1474.57,1552.6,0.167536,0.329575,7.26822,0.0341919,0.00685438,0.447004,0.359099,0.407935,0.0796213,1.404,0.0309764,0.0297613,0.00239389,2.1389,96.28,1.1,0.00963412,34.6691
257000,10055.5,0.613739,33.818,33.846,0.0199234,4941.85,2749.68,347.876,17.3938,873.547,1301.27,0,32.045,150.77,1477.65,1555.28,0.167963,0.330507,7.27402,0.0345958,0.0068561,0.447117,0.360394,0.408489,0.0799713,1.40421,0.0306777,0.0294686,0.00233081,2.05033,93.28,1,0.0092927,34.6668
257500,10044,0.613035,33.962,33.896,0.0193999,4938.77,2746.44,350.415,17.5207,869.687,1306.43,0,32.0735,150.777,1480.76,1558.1,0.167866,0.330492,7.27683,0.0348879,0.00684285,0.447823,0.36173,0.409515,0.0787117,1.40479,0.0301111,0.029026,0.00230398,2.08174,94.42,0.9,0.00936291,34.5304
258000,10068.2,0.614515,33.672,33.666,0.0203577,4944.46,2746.48,348.852,17.4426,876.535,1297.44,0,32.1184,150.86,1483.68,1561.4,0.167015,0.328772,7.26745,0.0346492,0.00683238,0.447603,0.361697,0.409562,0.078104,1.40325,0.0292088,0.0280606,0.00230775,2.19744,98.72,1.5,0.0100776,34.3982
258500,10056.5,0.613802,33.922,33.914,0.0189945,4941.53,2741.11,346.435,17.3218,875.305,1308.28,0,32.0762,150.591,1486.74,1564.2,0.166706,0.328068,7.26547,0.0344491,0.00682798,0.445769,0.362107,0.408566,0.0772742,1.40394,0.0285942,0.0276417,0.00210221,2.08887,94.26,1,0.00938333,34.0646
259000,10061.9,0.614131,33.768,33.776,0.0191954,4943.21,2740.94,342.156,17.1078,881.159,1307.77,0,32.1202,151.289,1490,1567.08,0.166363,0.327334,7.26972,0.0340053,0.00681874,0.445222,0.361638,0.408091,0.0773521,1.40366,0.0271284,0.0262121,0.00201381,2.07627,93.9,1.2,0.00946148,34.6583
259500,10078.2,0.615123,33.994,33.982,0.0198676,4947.94,2745.31,339.933,16.9966,875.585,1307.1,0,32.0679,150.446,1493.13,1570.72,0.166347,0.327286,7.26705,0.0337294,0.00682479,0.444503,0.361262,0.406931,0.0775771,1.40265,0.0279182,0.026914,0.00216502,2.03055,91.42,1.1,0.0091292,34.8181
260000,10063,0.614196,33.86,33.884,0.0188244,4944.12,2743.19,343.627,17.1814,879.088,1310.68,0,32.0849,150.958,1496.3,1572.82,0.166647,0.327817,7.27121,0.0341478,0.00682287,0.445221,0.360451,0.407514,0.0783755,1.40372,0.0280398,0.0270023,0.00209464,2.10028,95.2,1,0.00947156,28.7042
260500,10054.6,0.613685,33.81,33.822,0.0193617,4941.65,2741.79,346.766,17.3383,879.159,1301.96,0,32.106,150.733,1499.67,1575.74,0.166803,0.327996,7.26661,0.0344883,0.00682118,0.446249,0.359884,0.407629,0.0780805,1.40409,0.0291489,0.0280231,0.0021296,2.16314,98.02,1.4,0.0099567,32.8187
261000,10064,0.614257,33.88,33.88,0.0191852,4943.69,2744.2,352.688,17.6344,878.656,1300.57,0,32.1099,150.695,1502.86,1578.12,0.166885,0.327988,7.26311,0.0350444,0.00681882,0.446457,0.359726,0.407494,0.0779347,1.40351,0.0284737,0.0273787,0.00215315,2.04343,92.16,1.1,0.00921955,34.165
261500,10055.5,0.613737,33.766,33.732,0.018811,4941.42,2741.38,351.213,17.5607,882.638,1299.37,0,32.1553,151.039,1505.32,1580.54,0.166737,0.327803,7.26987,0.0349276,0.00683324,0.444008,0.360017,0.406494,0.078249,1.40414,0.0286891,0.0276627,0.00222868,2.12448,96.4,1.1,0.00966385,34.5284
262000,10059.5,0.613981,33.782,33.806,0.0193651,4942.67,2741.69,343.764,17.1882,887.425,1301.28,0,32.1904,151.412,1507.89,1583.66,0.166456,0.327492,7.27375,0.0341737,0.00684462,0.44221,0.36125,0.405316,0.0788931,1.40372,0.02923,0.0280847,0.00220888,2.17455,98.02,1,0.0097566,35.1618
262500,10061.8,0.614121,33.664,33.656,0.0196937,4943.23,2739.31,344.913,17.2457,881.919,1295.23,0,32.149,150.848,1510.39,1584.84,0.166023,0.326743,7.27091,0.0342795,0.00686276,0.440793,0.361826,0.404276,0.0795027,1.40363,0.0292031,0.0280006,0.00221909,2.17466,98.24,1.2,0.00987029,34.3025
263000,10078.1,0.615116,33.994,33.984,0.0176331,4947.42,2742.05,348.891,17.4446,881.621,1313.9,0,32.1054,150.807,1513.45,1587.78,0.165767,0.326249,7.27049,0.0346187,0.00685631,0.440476,0.362016,0.403947,0.0787918,1.40258,0.029889,0.028639,0.00231422,2.18973,98.58,0.9,0.0097472,34.7125
263500,10091.6,0.615942,33.958,33.942,0.0183989,4951.04,2743.06,359.213,17.9607,882.572,1306.39,0,32.0732,150.882,1516.51,1591.76,0.165501,0.325846,7.26042,0.0355953,0.00686223,0.440933,0.361391,0.403538,0.0792484,1.40164,0.0287279,0.027618,0.00219292,2.0372,92.26,1.1,0.00920535,34.8083
264000,10080.8,0.615283,33.862,33.882,0.0189214,4948.54,2736.43,353.085,17.6542,885.594,1307.97,0,32.1064,150.794,1519.31,1595.16,0.164964,0.324691,7.25361,0.0350251,0.00686436,0.440038,0.359116,0.403351,0.0791679,1.40238,0.0302471,0.0289397,0.00227985,2.1597,98.04,0.9,0.0096895,34.9955
264500,10065.7,0.614363,33.842,33.838,0.0181293,4943.64,2729.13,346.564,17.3282,884.779,1308.84,0,32.1307,150.679,1522.31,1598.14,0.164562,0.323935,7.25402,0.0344299,0.00685168,0.438337,0.358996,0.402957,0.0786379,1.40341,0.0303724,0.0290472,0.00222378,2.05337,92.62,1.4,0.00942277,34.8184
265000,10078.7,0.615155,33.81,33.78,0.019578,4947.1,2727.77,344.352,17.2176,897.981,1303.48,0,32.1868,150.983,1525.26,1600.46,0.163784,0.322456,7.25042,0.0341661,0.00686514,0.436968,0.35949,0.402105,0.0792478,1.40251,0.030559,0.029174,0.00219432,2.09084,95.08,1.4,0.00965765,34.4798
265500,10094.6,0.616127,34.028,34.032,0.0183242,4951.56,2729.16,354.591,17.7295,890.945,1316.72,0,32.1043,150.847,1527.97,1601.88,0.163353,0.321737,7.24698,0.0351268,0.00685654,0.438607,0.359066,0.403174,0.0782399,1.40154,0.0307204,0.0292109,0.00228656,2.16175,97.68,1.6,0.0100294,34.4456
266000,10078.8,0.615161,33.826,33.838,0.0176346,4947.96,2724.08,354.003,17.7001,901.046,1305.29,0,32.1977,151.094,1530.9,1604.18,0.163098,0.321379,7.25231,0.0351237,0.00684238,0.439771,0.359165,0.40389,0.0781299,1.4026,0.0301545,0.0287594,0.00218563,2.09442,94.5,1,0.00938581,34.942
266500,10068.6,0.614537,33.78,33.808,0.0186126,4945.34,2722.06,347.421,17.371,899.421,1304.65,0,32.2101,150.968,1533.82,1607.18,0.163316,0.321799,7.24469,0.0345054,0.00683565,0.439547,0.359251,0.403014,0.078175,1.40317,0.0303952,0.0291336,0.0022215,2.17281,98.12,1.3,0.00991943,34.9045
267000,10067.6,0.614479,33.98,33.964,0.0178675,4945.13,2721.08,359.055,17.9527,895.187,1314.03,0,32.1496,150.747,1536.56,1607.32,0.16322,0.321659,7.24414,0.0356644,0.00683419,0.437677,0.359899,0.402126,0.0779761,1.4033,0.0305215,0.029123,0.0023224,2.18847,99.26,1.3,0.0100322,34.6671
267500,10076.3,0.615009,33.866,33.848,0.0194267,4947.43,2721.9,357.372,17.8686,901.001,1308.53,0,32.1554,150.823,1539.39,1610.28,0.162952,0.321105,7.24516,0.0354666,0.00684042,0.43733,0.359589,0.402196,0.0784085,1.40277,0.0318962,0.0304096,0.00228378,2.15773,97.22,0.9,0.00961008,34.4613
268000,10081.3,0.615311,33.862,33.846,0.019547,4948.47,2721.11,349.221,17.4611,899.411,1305.81,0,32.1598,150.909,1542.15,1614.36,0.162585,0.320471,7.24755,0.0346404,0.0068349,0.437371,0.36012,0.403177,0.0777029,1.40243,0.0313684,0.0299162,0.00223069,2.15224,97.26,1.3,0.00982121,34.9456
268500,10056,0.613768,33.722,33.778,0.0178741,4942.59,2713.13,344.346,17.2173,906.827,1304.81,0,32.2603,151.084,1545.27,1617.9,0.162186,0.319609,7.25609,0.0342429,0.00682464,0.435092,0.357959,0.402574,0.0772417,1.40407,0.0313609,0.0299566,0.00226438,2.04826,92.54,1.1,0.00926205,34.092
269000,10074.6,0.614902,33.892,33.832,0.0195874,4946.31,2716.09,346.129,17.3065,907.384,1306.94,0,32.1859,150.937,1547.92,1620.56,0.161939,0.319026,7.25581,0.0343568,0.00681436,0.434343,0.35823,0.401748,0.0769467,1.4028,0.0321052,0.0306024,0.00237403,2.18993,99.26,1.1,0.00991634,34.4854
269500,10061.1,0.614081,33.722,33.8,0.0187041,4943.51,2710.67,344.36,17.218,907,1307.17,0,32.2392,150.931,1550.47,1622.5,0.16159,0.318234,7.25432,0.034227,0.0067875,0.435082,0.359462,0.401386,0.0764152,1.4036,0.0317064,0.0301837,0.00227354,2.31057,104.14,1.1,0.0104253,35.1792
270000,10067.5,0.61447,33.974,33.95,0.0169127,4945.03,2709.82,347.575,17.3787,911.096,1313.96,0,32.2636,151.28,1553.35,1625.56,0.161427,0.318016,7.24296,0.0345243,0.00677397,0.435845,0.360502,0.401559,0.076262,1.40335,0.0320399,0.030564,0.00232988,2.19755,99.26,1.7,0.0102127,35.3082
270500,10068.8,0.614551,33.668,33.644,0.0182307,4945.27,2709.57,345.354,17.2677,908.169,1300.81,0,32.2654,150.864,1556.42,1628.92,0.161377,0.317985,7.23911,0.0342995,0.00677,0.435618,0.360358,0.401555,0.0756969,1.40317,0.0317886,0.030432,0.0023625,2.13582,96.7,1.3,0.00976303,35.9006
271000,10073.9,0.61486,33.898,33.932,0.0201613,4946.64,2709.96,349.269,17.4635,904.662,1313.34,0,32.2095,150.51,1559.25,1632.16,0.161194,0.317715,7.24088,0.0346708,0.00677004,0.435544,0.361163,0.400856,0.0759388,1.40292,0.0330289,0.0314049,0.00251427,2.08786,94.8,1.5,0.00966394,35.8956
271500,10089,0.615786,34.13,34.06,0.0173898,4950.17,2707.13,355.604,17.7802,912.949,1319.87,0,32.2474,150.86,1562.11,1633.62,0.160323,0.316082,7.23047,0.0352465,0.0067545,0.435467,0.360434,0.399988,0.0752864,1.40199,0.0334497,0.0317429,0.00244575,2.08506,93.54,1,0.0092798,34.9727
272000,10100.3,0.616471,33.59,33.576,0.01778,4953.16,2706.89,347.992,17.3996,919.734,1297.41,0,32.2937,150.967,1564.87,1636.5,0.159662,0.314857,7.23433,0.034455,0.00675221,0.432507,0.359772,0.398224,0.0748224,1.40109,0.0328085,0.0312936,0.00243835,2.16401,97.1,1,0.00962798,35.3752
272500,10111.9,0.617179,34.204,34.184,0.0200072,4956.17,2713.12,348.65,17.4325,913.539,1317.4,0,32.1858,150.941,1568.04,1640.08,0.160208,0.315785,7.23412,0.0344801,0.00675986,0.430991,0.360625,0.39768,0.0748827,1.40042,0.0342728,0.0327499,0.00275175,2.07713,93.88,1.2,0.00939593,35.8859
273000,10127.5,0.618132,34.084,34.048,0.018441,4959.83,2718.09,341.455,17.0728,911.487,1317.9,0,32.1788,150.952,1571.15,1641.42,0.160217,0.315685,7.2409,0.0337158,0.00677106,0.429311,0.360737,0.397525,0.0753774,1.39938,0.0364043,0.034542,0.00275756,2.12723,96.48,1.3,0.00968989,35.233
273500,10102.1,0.616584,33.948,33.986,0.01898,4953.66,2709.3,335.833,16.7917,916.087,1311.04,0,32.2805,150.916,1574.52,1644.36,0.159831,0.314906,7.24298,0.0332437,0.00678132,0.428824,0.36162,0.398196,0.075385,1.4011,0.036377,0.0345951,0.00270694,2.11643,96.14,1.68,0.00985885,35.3436
274000,10102.3,0.616598,33.89,33.96,0.0193017,4953.86,2709.71,338.594,16.9297,914.38,1311.11,0,32.2826,150.899,1577.64,1647.84,0.15979,0.314843,7.24935,0.0335164,0.00677559,0.427851,0.361322,0.397986,0.0749251,1.40114,0.0367433,0.0347517,0.00277553,1.93774,87.22,1.5,0.00888745,35.6578
274500,10090.3,0.615862,34.006,33.912,0.0190714,4951.22,2705.64,338.259,16.913,917.528,1309.71,0,32.2963,150.737,1580.36,1651.76,0.159629,0.314656,7.24845,0.0335231,0.00676633,0.427598,0.361866,0.398247,0.0742095,1.40195,0.036102,0.034334,0.00279028,2.08115,93.78,1.1,0.00935499,35.4516
275000,10106.8,0.616869,33.934,33.942,0.0191207,4955.24,2708.14,338.874,16.9437,917.115,1310.35,0,32.2927,150.648,1583.22,1653.54,0.15933,0.314139,7.24724,0.0335289,0.00675076,0.425555,0.361424,0.397641,0.0733022,1.40081,0.03846,0.0363982,0.00298183,2.09322,93.96,1.7,0.00964511,35.4159
275500,10095.3,0.616166,34.096,34.082,0.0215782,4951.51,2704.69,348.974,17.4487,917.356,1313.89,0,32.3112,150.709,1586.36,1655.18,0.159419,0.314497,7.24003,0.034568,0.00675024,0.42655,0.363125,0.397897,0.0736099,1.40136,0.0383985,0.0362252,0.00296103,2.05691,92.8,1.7,0.00954383,35.8699
276000,10120.1,0.617681,33.964,33.954,0.0189273,4958.77,2707.38,348.851,17.4426,920.458,1313.9,0,32.2766,150.991,1589.25,1655.88,0.159,0.313667,7.22321,0.0344712,0.00674883,0.426411,0.362609,0.398244,0.0740583,1.39994,0.0403156,0.0378888,0.00295498,2.1984,98.94,2.4,0.010545,35.6396
276500,10117.3,0.617511,33.952,34.01,0.0195196,4958.04,2705.51,351.753,17.5877,921.639,1312.45,0,32.2734,150.944,1592.14,1658.14,0.158874,0.313489,7.22006,0.0347676,0.00674651,0.427223,0.363268,0.399897,0.0741421,1.40005,0.0405725,0.0381609,0.00307054,2.15074,97.54,1.4,0.00985253,35.4808
277000,10108.7,0.616989,33.976,33.94,0.0176566,4955.14,2701.61,360.889,18.0444,917.154,1313.96,0,32.272,150.779,1595.01,1659.62,0.158688,0.313199,7.22216,0.0357005,0.00675324,0.427621,0.365155,0.400594,0.0744237,1.40079,0.0403508,0.0376638,0.00324813,2.18845,99.08,2.1,0.0103764,35.788
277500,10102.6,0.616613,33.988,34.02,0.0183597,4953.93,2700.29,361.636,18.0818,929.346,1313.85,0,32.342,150.993,1597.93,1660.8,0.15861,0.313133,7.22655,0.0357967,0.0067667,0.428366,0.366161,0.400721,0.0755048,1.40102,0.0395345,0.0371275,0.00302542,2.1357,96.46,1.4,0.00979074,35.6392
278000,10106.9,0.616874,33.944,33.902,0.0176131,4954.93,2698.04,356.098,17.8049,919.983,1309.61,0,32.2989,150.61,1600.96,1658.68,0.158042,0.312093,7.22604,0.0352335,0.00677947,0.426634,0.365851,0.400717,0.0751186,1.40069,0.0396788,0.0373143,0.00317565,2.08541,94.58,1.4,0.00957804,35.0155
278500,10119.4,0.617637,34.134,34.142,0.0180377,4957.96,2700.33,354.843,17.7422,924.837,1323.33,0,32.2991,151.105,1604.08,1661.38,0.157912,0.311879,7.22301,0.0350659,0.0067964,0.425681,0.365373,0.400479,0.0759458,1.39975,0.0408554,0.0381438,0.00321296,2.20502,99.8,2.3,0.0106487,35.5579
279000,10119.9,0.617672,33.964,33.982,0.0186555,4957.75,2702.65,354.626,17.7313,924.282,1310.59,0,32.2947,150.694,1607.15,1664.24,0.158226,0.312474,7.22609,0.0350424,0.0068407,0.427749,0.367269,0.401787,0.0768502,1.39963,0.0404463,0.0376953,0.00317901,2.2293,100.12,1.8,0.0104082,35.8393
279500,10102.4,0.616603,33.98,33.988,0.0181913,4953.67,2700.55,351.284,17.5642,925.957,1311.31,0,32.3582,151.023,1610.06,1666.42,0.15852,0.313153,7.23552,0.0347721,0.00687778,0.429039,0.368254,0.403316,0.0781109,1.40103,0.0395191,0.0370443,0.00307452,2.07887,94.08,2.9,0.0104862,35.5149
280000,10110.5,0.617094,33.962,33.892,0.0192748,4955.41,2703.36,349.064,17.4532,920.177,1311.58,0,32.3439,150.897,1612.82,1668.82,0.15856,0.313331,7.23911,0.034525,0.00689579,0.428911,0.36991,0.404095,0.0779967,1.40027,0.0381976,0.0359741,0.00298557,2.14813,97.14,1.8,0.0100404,28.989
280500,10114.9,0.617362,33.944,34.004,0.0190296,4956.37,2704.87,357.268,17.8634,920.362,1311.47,0,32.3195,150.694,1615.87,1671.48,0.158787,0.313644,7.22839,0.035321,0.00690417,0.430445,0.372467,0.40494,0.07837,1.39999,0.038238,0.0361972,0.00303656,2.09178,93.7,1.8,0.00967193,33.1447
281000,10113.5,0.61728,34.132,34.108,0.0180253,4955.69,2703.52,356.015,17.8008,919.443,1319.9,0,32.2825,150.932,1618.69,1673.88,0.158997,0.31404,7.21106,0.0352022,0.00691456,0.431424,0.37295,0.405267,0.0796758,1.40035,0.0400847,0.0376958,0.00311015,1.98726,89.3,1.5,0.00908483,35.356
281500,10106.8,0.616869,33.838,33.858,0.017809,4954.84,2701.65,354.474,17.7237,924.849,1308.23,0,32.3826,151.057,1621.52,1675.84,0.158872,0.313888,7.21305,0.035073,0.00692749,0.431347,0.372133,0.404871,0.0802834,1.40073,0.0396172,0.0371971,0.00306545,2.10018,94.38,1.8,0.00975366,35.4045
282000,10114.3,0.617327,33.996,33.962,0.0182948,4956.58,2703.96,354.435,17.7218,920.499,1312.19,0,32.3098,150.893,1624.59,1678.9,0.159033,0.314257,7.20536,0.0350431,0.00695043,0.432302,0.372724,0.404499,0.0816841,1.40007,0.0398614,0.037344,0.00318547,2.10695,95.44,2.2,0.0100339,35.7308
282500,10125.3,0.618,34.066,34.066,0.0178425,4959.45,2707.24,346.126,17.3063,919.68,1318.39,0,32.3217,151.122,1627.54,1681.16,0.159217,0.314536,7.20013,0.0341845,0.00696662,0.433755,0.374681,0.404864,0.0833019,1.39948,0.0390227,0.03668,0.0029776,2.09471,94.66,1.6,0.00970004,34.7533
283000,10132,0.618407,33.97,33.962,0.0183552,4961.24,2704.42,341.141,17.057,924.392,1312.2,0,32.4008,151.039,1630.52,1681.36,0.15854,0.31316,7.19097,0.0336695,0.00695376,0.432989,0.375355,0.404115,0.0828178,1.39891,0.0414759,0.0388072,0.00332059,2.09738,94.38,2.4,0.010025,35.4034
283500,10140.2,0.618911,34.01,34.042,0.0180209,4962.31,2705.93,341.388,17.0694,918.226,1318.53,0,32.3486,151.017,1633.6,1683.24,0.158657,0.313336,7.18361,0.0336666,0.00695246,0.43242,0.37534,0.403216,0.0830531,1.39839,0.0422034,0.0395682,0.00329743,1.92307,86.18,1.5,0.00878655,35.7829
284000,10147.4,0.619348,34.104,34.018,0.0185691,4964.7,2705.32,347.349,17.3674,923.119,1316.97,0,32.3473,150.956,1636.6,1686.24,0.158348,0.312776,7.17444,0.0342302,0.00694192,0.431943,0.374296,0.402959,0.0820372,1.39776,0.0402179,0.0379179,0.00318784,2.12665,96.96,1.6,0.00988414,35.8823
284500,10155.5,0.619841,34.212,34.22,0.019376,4966.41,2704.46,344.702,17.2351,921.877,1324.78,0,32.3747,150.713,1639.76,1689.68,0.158093,0.312413,7.16171,0.0339424,0.00694036,0.430871,0.374113,0.403335,0.0821249,1.39726,0.0422778,0.0395937,0.00324588,2.10946,95.14,2.1,0.00994103,34.9765
285000,10150.6,0.619543,34.142,34.168,0.0180729,4965.41,2702,346.514,17.3257,925.733,1322.64,0,32.3338,150.707,1642.84,1692.26,0.158001,0.312391,7.15704,0.0341371,0.00694346,0.428727,0.37216,0.402528,0.0817781,1.3978,0.0421917,0.0397211,0.0032435,2.00502,90.2,1.9,0.00936675,35.3072
285500,10165.3,0.620442,34.278,34.204,0.017865,4969.27,2706.93,353.351,17.6676,928.365,1320.34,0,32.3402,150.886,1646.03,1695.42,0.15822,0.312925,7.15112,0.0347604,0.00694232,0.427371,0.371009,0.402043,0.0821252,1.39664,0.0431737,0.040616,0.00341771,2.0112,90.88,1.4,0.00918653,35.7702
286000,10169.1,0.620674,33.992,34.064,0.0196798,4970.45,2704.35,357.081,17.854,928.366,1311.76,0,32.3589,151.003,1649.19,1698.02,0.157831,0.312319,7.13783,0.0351147,0.00693518,0.425811,0.369994,0.401206,0.0818989,1.3964,0.0427729,0.0401199,0.00343113,2.10883,95.84,2.8,0.010399,35.0492
286500,10152.4,0.619651,34.254,34.222,0.0183354,4965.83,2698.27,364.378,18.2189,930.766,1324.61,0,32.3882,150.899,1652.15,1700.16,0.157623,0.312043,7.13409,0.0358909,0.00692186,0.424292,0.368919,0.401233,0.0813767,1.39751,0.0437201,0.040789,0.0035464,2.04106,91.88,1.7,0.0094504,33.9574
287000,10155.8,0.619858,33.998,34.068,0.0184574,4966.46,2698.62,359.474,17.9737,932.49,1316.07,0,32.427,151.078,1654.77,1702.62,0.157516,0.311954,7.13835,0.0353958,0.00691356,0.421869,0.366969,0.400526,0.0808292,1.39737,0.0430963,0.0403217,0.00358723,2.08951,94.4,1.8,0.00971132,34.9848
287500,10157,0.619933,34.252,34.194,0.0194823,4966.87,2697.63,361.113,18.0557,928.482,1321.06,0,32.4131,150.894,1657.63,1706.1,0.157426,0.311768,7.12737,0.0355532,0.00690091,0.421667,0.36829,0.40042,0.0802387,1.39714,0.0446512,0.0417192,0.00370928,2.13691,96.68,2.1,0.0100686,34.1162
288000,10161.5,0.620206,34.106,34.142,0.0190941,4968.24,2696.7,364.472,18.2236,930.33,1320.9,0,32.4003,150.759,1660.49,1708.88,0.157126,0.311092,7.12617,0.0358677,0.00687804,0.419589,0.367244,0.399877,0.0797417,1.39702,0.0462346,0.0427959,0.00390345,2.23129,100.96,2.9,0.0109651,33.9297
288500,10156.1,0.619877,34.204,34.162,0.0191755,4966.9,2693.14,366.798,18.3399,931.93,1324.44,0,32.4871,150.852,1663.56,1711.86,0.156694,0.310253,7.1303,0.0361165,0.00685554,0.420146,0.367578,0.399561,0.0787543,1.39729,0.0467739,0.0433849,0.00401214,2.24665,100.88,3.7,0.0113653,34.3758
289000,10159.5,0.620089,34.148,34.134,0.0188817,4967.21,2691.84,360.375,18.0188,935.299,1322.88,0,32.4968,150.899,1666.66,1714.78,0.156476,0.309785,7.12269,0.0354718,0.00687296,0.419613,0.367369,0.399272,0.0795334,1.39696,0.0480191,0.0444242,0.00408509,2.09059,93.48,1.6,0.00958306,34.0107
289500,10156.3,0.619894,34.116,34.142,0.0193105,4966.68,2691.74,360.938,18.0469,933.249,1319.31,0,32.451,150.722,1669.65,1717.66,0.156326,0.309502,7.13707,0.0355375,0.00687413,0.418026,0.365846,0.399183,0.0794191,1.39713,0.0478469,0.044143,0.00394285,2.07875,93.14,2.9,0.0102047,34.641
290000,10147.5,0.619352,34.138,34.14,0.0192442,4964.66,2690.34,362.151,18.1075,933.806,1322.96,0,32.4869,150.91,1672.76,1720.56,0.156497,0.309661,7.13891,0.0356884,0.00689043,0.417077,0.36459,0.398648,0.0799651,1.39787,0.0468434,0.0434239,0.00383528,2.06077,92.32,1.9,0.00959726,34.6174
290500,10148.5,0.619418,34.25,34.216,0.0182309,4964.86,2688.17,365.381,18.2691,936.309,1326.18,0,32.4805,150.878,1675.65,1722.98,0.156392,0.309462,7.12398,0.0360025,0.00687421,0.415079,0.363941,0.397484,0.0795068,1.39791,0.0457381,0.0424547,0.00376442,2.19175,98.32,1.6,0.0100239,35.0138
291000,10151.9,0.619625,34.03,34.056,0.0191651,4966.03,2690.46,365.227,18.2614,940.504,1316.39,0,32.5328,150.928,1678.37,1725.98,0.1565,0.309638,7.12976,0.0359761,0.00686121,0.415144,0.363986,0.397297,0.0795977,1.39768,0.0456344,0.0424588,0.00387945,2.0374,91.4,2.2,0.00963322,35.1091
291500,10171.5,0.620818,34.282,34.25,0.0188,4971.05,2696.81,364.853,18.2426,932.66,1324.39,0,32.397,150.712,1681.18,1728.84,0.15663,0.309842,7.13171,0.0358701,0.00686537,0.415643,0.362498,0.396781,0.0796954,1.39631,0.0453929,0.0420975,0.00384409,2.17113,98.32,3.7,0.0110823,34.197
292000,10168.3,0.620626,34.18,34.192,0.0195325,4970.31,2696.25,359.045,17.9523,933.392,1320.33,0,32.4774,151.13,1684.07,1731.62,0.156632,0.309803,7.13385,0.0353099,0.00687413,0.415846,0.361563,0.397235,0.0805669,1.39652,0.0447462,0.0415972,0.00370686,2.14295,96.8,2.4,0.0102794,34.6621
292500,10166.7,0.620524,34.08,34.114,0.0201024,4969.39,2693.55,355.924,17.7962,930.425,1323.69,0,32.4618,150.764,1686.98,1734.58,0.156366,0.309305,7.13004,0.0350092,0.00688272,0.414055,0.3606,0.395704,0.0807467,1.39665,0.0457606,0.0423731,0.00386205,2.16165,96.5,2.2,0.0101166,34.5919
293000,10173.3,0.620927,34.258,34.196,0.020287,4971,2694.82,351.335,17.5667,936.916,1322.35,0,32.481,150.975,1689.76,1737.42,0.156023,0.308644,7.1421,0.0345353,0.00688326,0.414394,0.360819,0.394428,0.0808825,1.39605,0.0482322,0.0446306,0.00393324,2.08454,94.1,2.9,0.0102735,34.4097
293500,10174.5,0.621001,34.12,34.154,0.0190589,4970.71,2693.86,349.51,17.4755,933.565,1323.56,0,32.4798,150.956,1692.38,1739.36,0.155782,0.308219,7.14736,0.0343512,0.00688864,0.413998,0.358289,0.393397,0.0807717,1.39595,0.0467087,0.043312,0.00381365,2.11069,95.38,3.54,0.0106682,34.6253
294000,10169.2,0.620679,34.388,34.344,0.0203574,4969.96,2689.27,349.159,17.458,938.42,1329.93,0,32.5095,150.828,1695.05,1742,0.155458,0.30764,7.13489,0.0343346,0.00688392,0.414904,0.357955,0.394227,0.0804347,1.39627,0.0458758,0.0427469,0.00381461,2.13068,96.08,3.58,0.0107759,34.7746
294500,10184.1,0.621587,34.158,34.178,0.0191522,4973.9,2694.44,352.936,17.6468,937.386,1321.94,0,32.5273,150.939,1697.79,1745.26,0.155548,0.307727,7.14102,0.034656,0.00687129,0.415122,0.357446,0.394028,0.0801183,1.3955,0.047867,0.044383,0.0039402,2.13293,96.6,2.2,0.0102153,34.9181
295000,10178.9,0.621272,34.224,34.252,0.020718,4972.43,2696.27,363.438,18.1719,936.601,1319.18,0,32.4446,150.602,1700.87,1747.48,0.155917,0.308371,7.14749,0.0357048,0.0068496,0.415604,0.359087,0.393818,0.0794266,1.39562,0.0475687,0.0440005,0.00391535,2.17575,97.12,2.98,0.0105761,33.8877
295500,10152.9,0.619685,34.202,34.264,0.020025,4965.99,2689.63,353.394,17.6697,934.701,1327.74,0,32.5011,151.004,1703.71,1750.4,0.155978,0.308528,7.14577,0.0348071,0.00684037,0.415497,0.360048,0.394305,0.0792048,1.3974,0.0502034,0.0462633,0.00404248,1.98405,89.44,2.8,0.00978459,34.5422
296000,10172.6,0.620885,34.408,34.286,0.0186043,4970.34,2693.21,352.303,17.6152,935.584,1326.13,0,32.5591,150.814,1706.5,1752.26,0.155798,0.308241,7.14535,0.0346326,0.00682749,0.414424,0.36017,0.394011,0.0782578,1.39614,0.0502083,0.0462781,0.00419832,2.15741,96.16,3.4,0.0107718,35.2613
296500,10178.4,0.621239,34.034,34.102,0.019931,4971.9,2695.24,355.241,17.762,939.254,1313.65,0,32.5676,150.824,1709.27,1755.5,0.155783,0.308274,7.14757,0.0349014,0.00682147,0.415243,0.361431,0.393855,0.0780465,1.39562,0.0495564,0.0456067,0.00402133,2.0688,93.04,3,0.0102309,34.3939
297000,10160.9,0.62017,34.212,34.232,0.0192761,4967.7,2692.81,345.218,17.2609,933.358,1325.43,0,32.5461,150.886,1712.13,1759.44,0.156134,0.308931,7.14611,0.033975,0.00684203,0.415671,0.361739,0.393783,0.0788803,1.39667,0.0478297,0.0444994,0.00393745,2.12376,95.36,2.6,0.0102184,34.446
297500,10156.3,0.619893,34.206,34.206,0.0198154,4966.35,2690.77,343.071,17.1535,936.338,1327.86,0,32.6264,151.219,1714.91,1762.32,0.156116,0.30883,7.1428,0.0337795,0.00686204,0.415154,0.360562,0.392552,0.0800787,1.39715,0.0489195,0.0451759,0.00398392,2.16096,97.44,2.4,0.0103209,34.2123
298000,10157.4,0.619958,34.016,33.966,0.0183981,4966.39,2689.86,343.123,17.1562,937.89,1314.31,0,32.6028,150.76,1717.8,1765.68,0.155996,0.3086,7.13893,0.0337802,0.00684766,0.415274,0.360051,0.392104,0.079288,1.39709,0.0484138,0.0448952,0.00393511,2.26462,101.46,2.7,0.01097,34.802
298500,10168.5,0.620637,34.314,34.322,0.020079,4969.45,2692.31,342.58,17.129,931.83,1328.3,0,32.5413,150.632,1720.93,1769.34,0.155991,0.30864,7.13424,0.0336901,0.00685605,0.415626,0.360985,0.392653,0.0792449,1.39636,0.0492692,0.0453098,0.00410803,2.13446,95.92,2.7,0.0103078,34.7776
299000,10159.3,0.620072,34.226,34.19,0.0178814,4967.45,2691.74,337.915,16.8957,936.197,1326.54,0,32.6128,151.068,1724.01,1772.5,0.1562,0.308993,7.1361,0.0332619,0.00687598,0.41621,0.36242,0.393461,0.0803804,1.39691,0.0500476,0.0461281,0.00417113,1.99611,90.08,3.08,0.00996193,34.7798
299500,10166.2,0.620496,34.078,34.13,0.0188052,4968.79,2694.27,338.236,16.9118,934.122,1321.22,0,32.5987,150.824,1726.92,1775.74,0.156373,0.309347,7.13718,0.0332705,0.00687149,0.417636,0.364475,0.393889,0.0806989,1.39662,0.0508625,0.046747,0.00420124,2.19374,98.64,4,0.0113248,35.6862
300000,10162.2,0.620253,34.4654,34.4423,0.0219825,4968.08,2695.12,343.719,17.186,931.042,1328.7,0,32.5523,150.422,1728.78,1777.73,0.156535,0.309682,7.142,0.0338233,0.00687608,0.418781,0.365667,0.395004,0.0806215,1.39684,0.0525098,0.0477488,0.00435634,2.16787,96.2308,3.46154,0.0108631,35.6248
