tick,population,occupancy,births_per_tick,deaths_per_tick,starved_share,inflow_in,cost_out,transfer,transit_loss,overflow,death_loss,extinct,energy_mean,age_mean,generation_mean,generation_max,active_params_frac,expressed_hidden_frac,msg_bandwidth,transfer_per_cell,eta_mean,div_weights,div_learning,div_masks,weight_drift,habitat_match,ticks_per_s
500,8187.46,0.499723,30.442,30.86,0.0996934,4088.07,2381.19,15642.7,782.137,321.047,717.066,0,27.0588,150.147,3.64894,14,0.217753,0.418505,5.99714,1.91056,0.00552458,0.0264997,0.0266208,0.0809275,0.0309537,1.45137,44.9605
1000,8582.88,0.523857,28.492,28.016,0.079385,4353.83,2489.71,16758.1,837.906,414.482,676.115,0,27.8145,148.716,7.15211,18.62,0.218377,0.419991,5.91063,1.952,0.00553524,0.0374125,0.0379031,0.116561,0.0318248,1.45695,45.6021
1500,8606.38,0.525292,29.9,29.496,0.0861544,4492.82,2487.83,16825,841.25,435.437,722.113,0,28.2956,148.369,10.4612,21.92,0.219964,0.423004,5.71283,1.95291,0.00554948,0.0454261,0.0470647,0.140785,0.0325897,1.47393,46.3338
2000,8603.6,0.525122,29.446,29.058,0.0796553,4541.71,2468.23,16426.1,821.303,475.118,707.359,0,28.2111,149.267,13.8334,24.66,0.220261,0.423764,5.47606,1.90648,0.00556013,0.0522565,0.0566355,0.156186,0.0332589,1.48134,46.7583
2500,8682.92,0.529963,29.824,29.568,0.0763249,4494.25,2466.17,15803.5,790.175,444.876,717.605,0,27.426,148.237,17.2205,28.38,0.219494,0.422571,5.23417,1.81789,0.0055741,0.058521,0.0646081,0.170873,0.0338052,1.46616,47.2875
3000,8762.06,0.534794,30.078,30.154,0.0731958,4402.31,2461.95,15445.5,772.273,402.196,746.382,0,27.0814,149.797,20.4853,30.8,0.21878,0.421474,4.96523,1.76154,0.00558923,0.0639912,0.071216,0.182114,0.0349416,1.44884,47.4564
3500,8853.74,0.540389,29.752,30.112,0.073719,4390.34,2467.69,15702.6,785.13,442.757,763.777,0,27.5444,150.197,23.7695,36.46,0.218554,0.421347,4.74892,1.77194,0.0056047,0.0687071,0.075473,0.193253,0.0353973,1.44042,47.0125
4000,8976.66,0.547892,30.326,30.172,0.0650868,4501.96,2484.65,16237.4,811.87,468.966,803.414,0,28.3842,148.919,27.0307,40,0.218806,0.421994,4.54664,1.8087,0.00561681,0.0727971,0.0803599,0.205257,0.0355112,1.43999,47.6535
4500,8969.46,0.547452,30.898,30.408,0.070478,4630.47,2470.22,16472,823.602,502.541,822.459,0,29.1467,149.498,30.1472,43.02,0.219518,0.423527,4.37513,1.83559,0.00562569,0.0765361,0.0844295,0.214817,0.0361824,1.45779,47.5082
5000,8978.44,0.548,30.614,30.448,0.0698844,4677.54,2459.02,16150.8,807.541,540.043,806.693,0,28.8957,149.264,33.2887,47.1,0.219507,0.423758,4.2158,1.79744,0.00563958,0.07968,0.0883829,0.221995,0.0367016,1.46165,47.5442
5500,9011.96,0.550046,30.85,30.582,0.0673963,4610.4,2447.63,15649.7,782.484,502.341,809.523,0,28.2378,149,36.5354,49,0.218623,0.422244,4.04715,1.73549,0.00566695,0.0831947,0.0916917,0.229591,0.0376303,1.44953,47.3552
6000,9089.64,0.554788,30.838,31.086,0.0628089,4518.22,2452.25,15448.7,772.434,451.59,825.974,0,27.8814,150.39,39.6601,52.34,0.21789,0.421248,3.89813,1.69909,0.00568647,0.0864207,0.0960182,0.235944,0.038865,1.43338,47.4884
6500,9171.88,0.559807,30.886,31.09,0.066515,4500.01,2457.21,15674.9,783.745,480.877,841.725,0,28.2102,150.186,42.6866,55.98,0.216878,0.419694,3.77055,1.70833,0.00570439,0.0897872,0.100556,0.243162,0.0393642,1.42521,46.5103
7000,9216.56,0.562534,31.12,31.004,0.0575671,4586.18,2455.01,16150.3,807.515,519.704,870.905,0,29.1479,149.509,45.8304,60.18,0.216729,0.419594,3.63175,1.75248,0.00572143,0.0931144,0.104727,0.249574,0.0400881,1.42877,46.2798
7500,9217.42,0.562587,31.596,31.218,0.0576445,4718.31,2445.35,16376.4,818.821,554.632,892.827,0,29.7938,149.901,49.069,63.92,0.217126,0.420503,3.5067,1.77637,0.00573314,0.0963894,0.108201,0.254185,0.0406504,1.44547,46.5274
8000,9250.86,0.564628,31.462,31.218,0.0602502,4772.22,2441.65,16106.7,805.337,586.133,874.341,0,29.4459,149.386,52.2682,66.14,0.21666,0.419858,3.3947,1.74058,0.00574759,0.099576,0.1113,0.259152,0.0407909,1.44753,42.7726
8500,9260.34,0.565206,31.482,31.476,0.0564019,4694.91,2432.51,15691.7,784.587,540.979,875.286,0,28.9078,149.709,55.3791,69.12,0.21629,0.419135,3.29125,1.69442,0.00577512,0.102587,0.113728,0.264348,0.0417443,1.43671,45.3275
9000,9307.16,0.568064,31.496,31.678,0.0538429,4591.23,2431.9,15442.2,772.11,490.07,881.312,0,28.5099,150.528,58.4573,72.16,0.21595,0.418583,3.16939,1.65914,0.00580436,0.105401,0.116189,0.269092,0.0427062,1.42266,47.3025
9500,9351.1,0.570746,31.32,31.412,0.0551576,4556.03,2434.08,15555.5,777.775,518.927,884.23,0,28.7074,150.308,61.5272,76.8,0.216095,0.419009,3.06038,1.66332,0.00581893,0.10822,0.117854,0.274241,0.0439592,1.41545,47.6033
10000,9383.46,0.572721,31.82,31.708,0.0478427,4639.52,2437.57,16001.6,800.082,551.275,924.915,0,29.6036,149.894,64.7254,80.94,0.217041,0.420818,2.95292,1.70563,0.00583629,0.110678,0.119319,0.279604,0.0452023,1.4198,47.6009
10500,9361.2,0.571362,31.792,31.586,0.0579089,4763.87,2427.58,16202.2,810.112,590.778,924.657,0,30.1963,149.883,67.9438,84.72,0.217777,0.422171,2.86354,1.73067,0.00584775,0.113409,0.121928,0.284497,0.0462704,1.43644,47.6184
11000,9374.36,0.572166,31.866,31.686,0.0532905,4813.06,2422.45,15954.5,797.726,618.754,913.705,0,29.8553,149.752,71.1089,87.72,0.217417,0.42153,2.79366,1.70176,0.00586891,0.116094,0.123725,0.289295,0.0469131,1.44061,47.6749
11500,9401.16,0.573801,31.904,31.88,0.0519215,4742.46,2418.89,15629,781.451,571.845,912.226,0,29.3492,149.907,74.2742,91.42,0.217189,0.421068,2.70137,1.66265,0.00589211,0.118565,0.125204,0.293768,0.0480492,1.42967,47.5067
12000,9440.12,0.576179,31.884,32.086,0.05183,4633.25,2417.85,15398.6,769.931,514.021,913.638,0,28.9288,150.465,77.2939,94.18,0.216606,0.420009,2.60877,1.63128,0.00591774,0.121201,0.127011,0.297394,0.0492399,1.41528,47.3809
12500,9473.82,0.578236,31.776,31.978,0.0481124,4596.83,2418.12,15549.6,777.481,540.137,921.577,0,29.1628,150.29,80.2842,95.38,0.216265,0.419378,2.54081,1.64129,0.00593504,0.123617,0.129265,0.300503,0.050123,1.40964,47.6914
13000,9508.76,0.580369,32.256,31.912,0.0429576,4677.14,2417.52,16017.4,800.87,573.442,954.769,0,30.0431,149.865,83.3502,97.62,0.215894,0.418956,2.47022,1.68529,0.00595534,0.125695,0.131531,0.30258,0.0506785,1.41267,47.2375
13500,9499.62,0.579811,32.168,31.952,0.0550806,4808.71,2412.26,16198.1,809.905,615.14,959.328,0,30.5361,149.936,86.3374,101.08,0.216309,0.419694,2.41286,1.70534,0.00598223,0.127543,0.134828,0.305431,0.0515606,1.42907,47.8186
14000,9521.98,0.581176,32.332,32.254,0.0491955,4858.9,2410.56,15978.1,798.904,640.295,952.363,0,30.205,149.998,89.3667,105.12,0.216011,0.418969,2.35186,1.67831,0.0059924,0.129988,0.13723,0.307566,0.0518966,1.43183,47.4951
14500,9525.88,0.581414,32.26,32.304,0.0473829,4779.28,2403.27,15684.2,784.208,590.516,947.259,0,29.7101,150.186,92.4271,108.14,0.215292,0.417704,2.30622,1.64695,0.00600864,0.132246,0.139737,0.309773,0.0525106,1.42154,47.0671
15000,9548.3,0.582782,32.116,32.398,0.0448475,4667.94,2399.44,15482.6,774.128,540.269,938.119,0,29.3361,150.436,95.3722,112.04,0.214172,0.415611,2.2712,1.62168,0.00601589,0.134689,0.141532,0.313544,0.0528357,1.40959,47.1435
15500,9612.04,0.586672,32.402,32.332,0.0459076,4637.8,2407.32,15625.8,781.292,557.731,949.507,0,29.4311,150.615,98.3458,115.06,0.21351,0.414501,2.23374,1.62603,0.00600844,0.13688,0.14234,0.316599,0.0539926,1.40208,46.7779
16000,9623.52,0.587373,32.47,32.238,0.0417354,4712.88,2407.02,16066.4,803.318,591.821,976.321,0,30.3061,150.095,101.393,118,0.213688,0.414995,2.18579,1.67027,0.00600759,0.13905,0.14304,0.320014,0.054406,1.40663,46.3646
16500,9611.06,0.586613,32.548,32.476,0.0471947,4839.19,2399.92,16234.6,811.73,633.993,986.753,0,30.7614,150.185,104.437,120.74,0.2138,0.415192,2.13916,1.68919,0.00601735,0.141182,0.144526,0.321356,0.0553709,1.42118,46.8977
17000,9605.24,0.586257,32.418,32.276,0.0485472,4883.14,2394.52,16003.7,800.185,665.835,963.274,0,30.4278,150.151,107.493,124.1,0.213497,0.414798,2.11347,1.66652,0.00603337,0.143295,0.145497,0.323571,0.0563477,1.42641,47.5865
17500,9614.44,0.586819,32.678,32.77,0.0457165,4807.18,2393.1,15695.6,784.779,613.421,968.923,0,29.8704,150.019,110.335,127.52,0.213133,0.414284,2.09864,1.63311,0.00602941,0.145005,0.146882,0.326246,0.0569024,1.41701,46.9215
18000,9631.22,0.587843,32.476,32.772,0.0462707,4692.5,2391.14,15498.2,774.909,553.639,956.95,0,29.5005,150.452,113.386,130.7,0.212686,0.413415,2.05366,1.60973,0.00602475,0.146947,0.149101,0.3292,0.057833,1.40509,46.8604
18500,9657.4,0.589441,32.378,32.35,0.0467697,4651.41,2393.13,15611.7,780.587,571.067,958.445,0,29.638,149.839,116.371,133.96,0.212401,0.412975,2.03057,1.61714,0.00605039,0.148869,0.15046,0.330916,0.0588077,1.39951,47.4495
19000,9672.7,0.590375,32.822,32.5,0.0376766,4726.61,2397.19,16034.2,801.711,605.982,989.769,0,30.4247,150.04,119.281,135.44,0.212672,0.413472,2.01868,1.65848,0.00607358,0.150688,0.151705,0.333098,0.0593125,1.40362,46.9698
19500,9682.32,0.590962,32.97,32.786,0.0467108,4860.18,2399.18,16275.4,813.772,638.698,1004.53,0,30.8848,150.331,122.22,139.46,0.213012,0.414032,1.99449,1.68105,0.00609912,0.152229,0.153441,0.336591,0.0598998,1.41709,47.0863
20000,9720.36,0.593284,32.666,32.74,0.0451111,4919.81,2407.08,16116.6,805.831,670.85,980.084,0,30.5402,150.074,125.219,144.08,0.212977,0.414018,1.97558,1.65858,0.00612734,0.153828,0.154437,0.339064,0.0603129,1.42007,40.1818
20500,9747.28,0.594927,32.924,32.958,0.0464631,4850.06,2409.82,15857.4,792.872,623.68,975.846,0,30.0124,150.324,128.407,148.2,0.212731,0.413526,1.95565,1.62768,0.00614623,0.155563,0.156533,0.33943,0.0613789,1.41034,44.6767
21000,9765.72,0.596052,33.012,33.094,0.041409,4738.53,2409.77,15630.3,781.517,553.845,974.748,0,29.5633,150.451,131.577,151.6,0.212268,0.412589,1.9304,1.6011,0.00614146,0.157174,0.15832,0.340218,0.062001,1.3993,47.2901
21500,9767.84,0.596182,32.654,32.664,0.0504479,4692.61,2406.34,15724.6,786.232,581.411,966.893,0,29.7394,150.343,134.592,155.06,0.211945,0.412085,1.90962,1.61041,0.00614535,0.159076,0.159345,0.341047,0.0626117,1.39575,47.6608
22000,9771.9,0.596429,33.166,32.968,0.0374598,4757.94,2403.67,16132.5,806.625,611.121,1007.09,0,30.4992,150.057,137.644,158.7,0.211465,0.411325,1.90716,1.65156,0.00615144,0.161144,0.160251,0.344068,0.0631255,1.39861,47.7153
22500,9763.12,0.595894,33.006,32.968,0.047573,4881.97,2397.06,16348.4,817.423,656.954,1006.48,0,30.977,150.71,140.661,161.38,0.211021,0.410528,1.88445,1.67467,0.00615441,0.163427,0.160746,0.346037,0.0635314,1.41143,46.9621
23000,9783.18,0.597118,32.818,32.882,0.0437273,4937.54,2401.49,16193,809.648,680.827,992.318,0,30.6789,150.086,143.871,165.58,0.211083,0.410648,1.87683,1.65576,0.0061518,0.165311,0.161516,0.348206,0.0640191,1.4161,47.4762
23500,9802.74,0.598312,33.332,33.258,0.0421596,4868.06,2403.17,15903.8,795.188,628.87,992.131,0,30.1321,150.112,147.033,168.08,0.210799,0.410209,1.85931,1.62298,0.00617713,0.167534,0.162587,0.34965,0.0652792,1.40702,47.2095
24000,9850.7,0.601239,33.112,33.214,0.0441961,4762.39,2404.28,15727.2,786.359,565.273,985.496,0,29.7182,150.725,150.255,170.2,0.209648,0.408163,1.81864,1.59716,0.00621521,0.169303,0.163543,0.350825,0.0668087,1.39417,47.6695
24500,9834.42,0.600245,33.014,33.012,0.0433878,4711.59,2397.77,15785.8,789.288,590.489,986.176,0,29.8735,149.975,153.425,174.74,0.209293,0.407407,1.8168,1.60582,0.00622992,0.171376,0.164252,0.352211,0.0672301,1.39203,47.3755
25000,9840.54,0.600619,33.338,33.102,0.039047,4778.59,2397.95,16189.3,809.463,624.745,1015.48,0,30.6491,150.282,156.564,179.32,0.209468,0.407697,1.79358,1.646,0.00624134,0.172897,0.165541,0.353967,0.0675573,1.39489,47.4946
25500,9836.5,0.600372,33.182,33.13,0.0449712,4907.16,2394.74,16403.1,820.155,664.414,1019.99,0,31.1246,150.552,159.519,184.06,0.209496,0.407789,1.76784,1.66782,0.00625115,0.174253,0.166342,0.355804,0.0680823,1.40838,47.8103
26000,9859.6,0.601782,33.21,33.3,0.044154,4961.33,2398.97,16211.8,810.592,692.365,1007.81,0,30.7328,150.08,162.629,187.72,0.209333,0.407538,1.7622,1.6449,0.00626122,0.175594,0.166997,0.358304,0.068611,1.41199,47.0546
26500,9866.38,0.602196,33.494,33.462,0.0435706,4885.49,2395.88,15995.6,799.78,642.209,1001.77,0,30.3333,150.362,165.509,191.36,0.208775,0.406578,1.74917,1.62196,0.00627331,0.177144,0.168291,0.359644,0.069553,1.40327,47.2891
27000,9889.92,0.603633,33.086,33.242,0.0435661,4774.23,2392.8,15805.6,790.281,581.356,987.975,0,29.9398,150.621,168.505,196.24,0.207551,0.404246,1.72906,1.59857,0.00629132,0.178704,0.169218,0.360493,0.0705837,1.39208,47.736
27500,9886.76,0.60344,33.248,33.184,0.0407614,4725.57,2389.94,15868.8,793.44,594.703,1000.07,0,30.0642,150.164,171.513,196.8,0.20717,0.40353,1.7315,1.60556,0.00631055,0.180291,0.170153,0.361835,0.0710182,1.38859,47.4157
28000,9905.6,0.60459,33.702,33.412,0.0393937,4800.65,2393.29,16270.6,813.53,633.682,1028.86,0,30.7649,149.919,174.538,199.46,0.207018,0.403548,1.73379,1.64358,0.00630972,0.181964,0.171037,0.363585,0.0713139,1.39237,47.444
28500,9888,0.603516,33.382,33.4,0.045835,4922.54,2384.99,16473.6,823.68,673.999,1032.8,0,31.2742,150.568,177.419,203.96,0.206765,0.40333,1.70493,1.66632,0.00630274,0.18351,0.172,0.36496,0.0718784,1.40543,47.4602
29000,9912.76,0.605027,33.26,33.316,0.0409352,4975.85,2389.99,16272.8,813.639,703.66,1014.3,0,30.88,150.125,180.404,208.28,0.206815,0.403295,1.69214,1.6422,0.00631122,0.185149,0.172632,0.365647,0.0730241,1.40856,47.3909
29500,9922.34,0.605612,33.696,33.714,0.0411662,4901.62,2392.14,15989.3,799.467,652.16,1013.09,0,30.3591,150.122,183.407,212.06,0.207032,0.403807,1.67741,1.61215,0.0063226,0.186751,0.173671,0.367041,0.0747465,1.39994,47.5073
30000,9929.84,0.606069,33.286,33.458,0.0406615,4782.32,2386.72,15806.1,790.305,587.328,1001.53,0,30.0371,150.651,186.66,214.96,0.206283,0.402277,1.64505,1.59223,0.00635841,0.188218,0.173606,0.369011,0.0758807,1.38876,45.7191
30500,9946.14,0.607064,33.458,33.49,0.0425053,4742.83,2390.25,15904.7,795.236,602.881,1008.81,0,30.1423,150.296,189.865,217.62,0.20634,0.402377,1.64173,1.5996,0.00638386,0.189776,0.173419,0.370488,0.0769852,1.38552,45.0315
31000,9938.76,0.606614,33.534,33.292,0.036505,4810.36,2388.58,16298.2,814.911,643.255,1025.97,0,30.9279,150.299,192.93,222.5,0.206573,0.40302,1.63061,1.64068,0.00639369,0.19128,0.175255,0.371488,0.0782412,1.39038,44.8975
31500,9917.18,0.605297,33.564,33.392,0.0441525,4929.8,2382.7,16453.2,822.662,679.052,1038.72,0,31.3315,150.477,195.902,225.74,0.206579,0.403207,1.62268,1.65934,0.00639646,0.192001,0.177138,0.373469,0.0793566,1.4034,45.7791
32000,9923.88,0.605706,33.282,33.486,0.0426948,4978.19,2382.82,16280.4,814.018,710.392,1020.76,0,31.0213,150.322,198.943,229.76,0.206365,0.403061,1.61963,1.64134,0.00638919,0.193274,0.178259,0.374966,0.0795391,1.40774,44.7914
32500,9949.38,0.607262,33.738,33.768,0.0415405,4910.69,2387.29,16030.3,801.515,659.157,1021.07,0,30.4706,150.346,201.756,233.82,0.206102,0.402755,1.62,1.61198,0.00639888,0.194539,0.180147,0.376237,0.0802827,1.39891,46.1998
33000,9955.2,0.607617,33.286,33.47,0.0381792,4792.17,2387.39,15852.2,792.609,592.482,1003.73,0,30.1397,150.814,204.922,236.6,0.205953,0.402489,1.61217,1.59294,0.00640967,0.195693,0.181894,0.378121,0.0808081,1.38832,47.5078
33500,9947.28,0.607134,33.472,33.44,0.0425328,4745.24,2387.02,15875.7,793.784,604.233,1011.06,0,30.1852,150.025,208.151,239.24,0.206132,0.402787,1.6178,1.59669,0.00643392,0.196802,0.183141,0.379636,0.0820068,1.38611,47.7262
34000,9950.7,0.607343,33.72,33.46,0.0367352,4813.25,2387.71,16247.9,812.397,643.472,1031.39,0,30.9083,150.141,211.315,241.34,0.206533,0.403599,1.59793,1.63373,0.00645125,0.198193,0.185738,0.38087,0.0850447,1.38987,48.3548
34500,9908.8,0.604785,33.522,33.454,0.042876,4926.94,2377.21,16397.7,819.884,688.641,1039.29,0,31.3885,150.519,214.115,244.68,0.206787,0.404093,1.57378,1.6552,0.00645089,0.199134,0.187927,0.382009,0.0866349,1.4037,47.701
35000,9912.56,0.605015,33.2,33.264,0.042144,4975.45,2378.03,16225.8,811.29,715.7,1016.52,0,31.0839,150.295,217.068,249.04,0.206777,0.404062,1.57117,1.63765,0.0064656,0.200205,0.18864,0.383875,0.0881198,1.40839,48.1308
35500,9937.44,0.606533,33.65,33.784,0.0423748,4905.81,2378.47,15944,797.202,664.123,1020.79,0,30.5178,150.162,219.938,252.02,0.206183,0.402971,1.55337,1.60538,0.006494,0.201245,0.190433,0.384815,0.0893295,1.39903,47.8182
36000,9984.8,0.609424,33.428,33.524,0.0417135,4800.01,2383.06,15827.9,791.393,601.731,1007.17,0,30.1751,150.87,222.958,254.42,0.205344,0.40156,1.53166,1.58591,0.00651137,0.202517,0.191637,0.386498,0.090252,1.3862,47.6852
36500,9988.56,0.609653,33.53,33.488,0.04102,4753.77,2380.54,15909.8,795.49,613.87,1014.7,0,30.3322,150.255,225.929,257.94,0.205108,0.401094,1.51754,1.59359,0.00653889,0.203979,0.192688,0.388072,0.0914762,1.38288,48.0026
37000,9986.48,0.609526,33.962,33.624,0.0366336,4822.38,2378.37,16272.8,813.641,648.405,1046.14,0,31.035,150.085,228.931,261.66,0.205103,0.40096,1.50915,1.63048,0.00653562,0.205346,0.194385,0.388906,0.0924679,1.38778,48.1334
37500,9949.62,0.607277,33.582,33.518,0.0440308,4939.31,2369.38,16455.4,822.771,695.967,1044.59,0,31.5569,150.833,231.865,264.04,0.205171,0.401055,1.49552,1.65436,0.00654506,0.206236,0.19619,0.39002,0.0940163,1.40171,48.0282
38000,9993.74,0.609969,33.362,33.524,0.0412525,4997.05,2379.64,16269.3,813.466,723.361,1024.7,0,31.0999,150.092,234.878,266.52,0.205128,0.400992,1.49659,1.62878,0.00654993,0.207865,0.19728,0.391172,0.0949559,1.40318,41.9643
38500,9967.82,0.608387,33.874,34.028,0.0413665,4912.61,2373.34,15991.1,799.557,673.213,1031.16,0,30.6741,150.733,237.921,269.14,0.204938,0.400383,1.5027,1.60534,0.00654043,0.209317,0.197608,0.391931,0.095895,1.3968,40.2426
39000,10010.4,0.610986,33.572,33.666,0.0391063,4806.73,2377.55,15858.4,792.918,603.234,1016.03,0,30.305,150.504,241.139,272.66,0.2045,0.399663,1.47145,1.58486,0.00654942,0.211006,0.198246,0.392789,0.0964311,1.38488,39.5734
39500,10036.1,0.612555,33.69,33.48,0.0406182,4767.7,2381.57,15964.6,798.23,619.675,1015.09,0,30.4233,150.223,244.387,276.56,0.20429,0.399253,1.46963,1.59166,0.00656269,0.2125,0.199242,0.394559,0.0970697,1.38088,39.6722
40000,10015.7,0.61131,33.806,33.65,0.0361942,4832.25,2376.89,16380.9,819.045,653.136,1045.47,0,31.2539,150.222,247.401,281.62,0.204303,0.399371,1.46893,1.63633,0.00656417,0.214053,0.200603,0.395694,0.0973942,1.38615,32.3471
40500,9984.28,0.609392,33.772,33.704,0.0430442,4948.42,2370.35,16496.7,824.835,691.987,1053.13,0,31.6115,150.416,250.472,284.52,0.204414,0.39963,1.46844,1.65254,0.00657753,0.215184,0.2016,0.397177,0.0970205,1.39926,36.7224
41000,10015.3,0.611287,33.688,33.826,0.0410942,5004.24,2376.13,16319.3,815.964,726.445,1036.76,0,31.2272,150.435,253.461,287.36,0.204085,0.399151,1.46949,1.63035,0.00659649,0.216384,0.202088,0.397048,0.0972949,1.40201,37.8779
41500,10022.8,0.611746,33.826,33.906,0.0411372,4928.55,2373.46,16094.2,804.709,676.363,1031.18,0,30.8115,150.459,256.405,290.24,0.203298,0.39788,1.47124,1.60683,0.00660255,0.21799,0.202142,0.396568,0.0973712,1.39382,37.6316
42000,10039.6,0.612771,33.584,33.696,0.0377991,4816.61,2371.18,15913.3,795.668,614.21,1021.44,0,30.4294,150.938,259.4,295.26,0.202507,0.396404,1.45452,1.58559,0.00661067,0.219413,0.201334,0.396846,0.0972172,1.38346,41.9262
42500,10023.9,0.611812,33.622,33.574,0.039851,4763.58,2369.95,15967.4,798.369,627.779,1020.92,0,30.5459,150.163,262.601,298.48,0.202524,0.396392,1.48184,1.59365,0.00660743,0.220575,0.202798,0.397364,0.0971546,1.38082,44.6245
43000,10034.6,0.612465,34.022,33.756,0.0368153,4838.68,2372.03,16328.5,816.426,658.772,1050.33,0,31.1842,150.261,265.633,302.26,0.202664,0.396507,1.46924,1.62793,0.00659866,0.221791,0.203315,0.39879,0.0972277,1.38509,44.7649
43500,10013,0.611143,33.74,33.726,0.0443954,4958.4,2370.07,16461.3,823.067,706.102,1052.38,0,31.5622,150.866,268.61,304.62,0.202691,0.396655,1.4992,1.64431,0.00660357,0.222683,0.205463,0.399537,0.0973293,1.39789,45.8726
44000,10018.7,0.61149,33.532,33.618,0.0389468,5002.98,2372.34,16267,813.348,734.606,1032.5,0,31.2157,150.354,271.846,306.34,0.202926,0.397119,1.49165,1.6242,0.00660986,0.223933,0.207755,0.400347,0.0974733,1.40113,41.9647
44500,10037,0.612611,33.962,34.03,0.0400556,4933.14,2378.15,16049.9,802.496,677.011,1032.96,0,30.7804,150.232,275.195,307.88,0.20299,0.397307,1.50235,1.59983,0.00663924,0.225068,0.210073,0.40188,0.0985348,1.39296,38.5249
45000,10044.6,0.613075,33.596,33.758,0.0382334,4815.52,2377.72,15894.8,794.742,608.379,1020.83,0,30.467,151.165,278.379,310.8,0.20251,0.396297,1.50729,1.583,0.00665001,0.226667,0.211189,0.403026,0.0998248,1.38285,37.7439
45500,10038.7,0.612711,33.87,33.742,0.041021,4768.69,2375.12,15922.2,796.113,623.384,1025.8,0,30.5183,150.098,281.587,312.04,0.202112,0.395447,1.52379,1.58671,0.0066696,0.228656,0.212591,0.404253,0.100452,1.38032,38.4241
46000,10042.9,0.612969,33.922,33.718,0.0363021,4841.05,2372.81,16295.9,814.797,667.039,1048.33,0,31.2282,150.249,284.629,314.72,0.202121,0.395429,1.4926,1.6234,0.00668777,0.230229,0.213315,0.405221,0.102014,1.38488,38.7957
46500,9999.86,0.610343,33.698,33.696,0.0432904,4949.4,2365.01,16414.4,820.722,707.363,1049.21,0,31.6332,150.684,287.516,319.54,0.20229,0.395735,1.50223,1.6419,0.00668299,0.231592,0.213724,0.405078,0.102157,1.39757,38.6554
47000,10036.2,0.61256,33.684,33.774,0.0403034,5009.5,2371.36,16247,812.35,738.759,1038.59,0,31.2747,150.375,290.596,323.36,0.202413,0.396007,1.47108,1.61957,0.00668864,0.233277,0.214823,0.405062,0.103479,1.40065,36.9886
47500,10035.4,0.61251,33.876,33.982,0.041016,4931.37,2372.19,15983.9,799.193,684.601,1032.18,0,30.8477,150.509,293.746,327.12,0.202309,0.395828,1.48602,1.59377,0.00669161,0.234237,0.216161,0.405512,0.105286,1.39294,37.3715
48000,10056.5,0.613801,33.644,33.768,0.0413177,4817.87,2376.81,15824.5,791.223,616.971,1015.98,0,30.4727,150.966,296.92,328.92,0.201929,0.395143,1.50351,1.57407,0.00670883,0.235797,0.217552,0.406454,0.106471,1.38169,38.1177
48500,10035.7,0.612532,33.782,33.734,0.0424473,4770.3,2369.18,15842.7,792.133,633.828,1028.36,0,30.624,150.116,300.023,333.34,0.201819,0.394761,1.487,1.57943,0.00674141,0.237856,0.217841,0.407517,0.107621,1.38115,38.0528
49000,10041.1,0.612861,34.01,33.75,0.0364267,4838.91,2369.3,16224.4,811.221,666.71,1052.82,0,31.3232,150.433,303.089,336.3,0.201908,0.394915,1.47405,1.61662,0.00675131,0.23877,0.219231,0.409131,0.108334,1.38462,37.6672
49500,10018.5,0.611481,33.842,33.746,0.0443283,4956.77,2366.32,16360.6,818.032,712.116,1051.59,0,31.6831,150.61,306.234,340.84,0.202343,0.395838,1.46469,1.63344,0.00674435,0.239986,0.22054,0.40988,0.108267,1.3968,37.9521
50000,10039.3,0.612748,33.564,33.862,0.0419038,5009.43,2377.06,16181.4,809.069,740.512,1039.4,0,31.3037,150.324,309.171,343.34,0.2027,0.396499,1.49524,1.61278,0.00674529,0.241395,0.223164,0.410424,0.107822,1.39991,38.2531
50500,10025.2,0.61189,33.974,34.008,0.0423246,4929.3,2375.67,15866.3,793.317,683.606,1034.75,0,30.8164,150.415,312.21,345.96,0.20278,0.396687,1.51253,1.58366,0.00676119,0.24213,0.225498,0.410814,0.108606,1.39341,38.7405
51000,10032.6,0.612339,33.584,33.68,0.0417542,4811.52,2372.06,15714,785.699,623.682,1014.76,0,30.542,150.953,315.18,347.86,0.202101,0.395426,1.50387,1.567,0.00675703,0.242935,0.226542,0.411369,0.108613,1.38324,38.8208
51500,10022.7,0.611736,33.536,33.498,0.0430252,4763.92,2372.23,15766.9,788.343,632.307,1013.58,0,30.6444,150.052,318.192,350.96,0.201882,0.39494,1.53879,1.5739,0.00675429,0.24386,0.226883,0.412152,0.107423,1.38102,38.7287
52000,10026.5,0.61197,34.29,33.874,0.0370982,4835.43,2367.92,16122.7,806.135,669.266,1057.21,0,31.2985,149.917,321.244,353.5,0.201608,0.394403,1.51005,1.60914,0.00676725,0.24495,0.226709,0.413506,0.107946,1.38575,38.7811
52500,10000.8,0.610398,33.67,33.766,0.0448345,4953.17,2359.72,16309.5,815.477,721.061,1052.87,0,31.7721,150.799,324.111,353.46,0.201364,0.393891,1.4967,1.63138,0.00677855,0.245869,0.22658,0.414486,0.10781,1.39806,38.9335
53000,10027.7,0.612045,33.536,33.746,0.0443906,5008,2369.52,16099.4,804.971,752.629,1033.16,0,31.3675,150.181,327.02,355.96,0.201281,0.393702,1.53368,1.60642,0.00678543,0.247272,0.227619,0.415104,0.107804,1.40112,38.7514
53500,10025.8,0.611924,33.984,33.978,0.0413792,4930.15,2369.49,15800.5,790.025,697.909,1029.55,0,30.8816,150.334,329.916,359.68,0.201147,0.393474,1.5498,1.57682,0.00678407,0.24836,0.22868,0.414981,0.108292,1.39365,38.3172
54000,10074.1,0.614875,33.778,33.97,0.0394133,4825.73,2375.53,15691.6,784.582,625.805,1024.17,0,30.5625,150.858,333.125,362.9,0.200703,0.3927,1.52083,1.55846,0.00677645,0.250006,0.229562,0.415902,0.109579,1.38154,37.9873
54500,10068.2,0.614514,33.832,33.568,0.0410744,4775.1,2373.52,15712.8,785.64,638.81,1022.26,0,30.6142,149.755,336.313,366.98,0.20044,0.392249,1.53356,1.56156,0.00677527,0.250927,0.230696,0.416375,0.108675,1.378,38.4999
55000,10074,0.614868,34.29,33.978,0.0376938,4848.55,2372.72,16096.8,804.84,682.772,1051.87,0,31.3248,150.464,339.353,371.76,0.200225,0.391902,1.53201,1.59895,0.0067823,0.251945,0.232281,0.416499,0.110003,1.38295,37.6405
55500,10043.5,0.613004,33.702,33.826,0.0458826,4964.68,2367.52,16221.9,811.094,723.488,1052.56,0,31.7336,150.361,342.151,373.3,0.200362,0.392228,1.53124,1.61568,0.00677448,0.252723,0.235162,0.416866,0.109924,1.39524,38.0131
56000,10075.1,0.614934,33.852,34.026,0.0434951,5019.37,2379.9,15998.8,799.939,753.774,1042.36,0,31.33,150.231,345.112,377.78,0.200605,0.392794,1.5674,1.58898,0.00676051,0.253504,0.238144,0.417366,0.109636,1.39779,37.3739
56500,10065.8,0.614369,34.096,34.224,0.0434644,4941.74,2379.35,15720.3,786.013,700.798,1037.16,0,30.9356,150.464,347.953,381.82,0.200403,0.392522,1.59894,1.56258,0.00676477,0.254184,0.239408,0.417026,0.110124,1.39133,37.1278
57000,10078.2,0.615123,33.902,33.894,0.041668,4824.16,2382.42,15464.6,773.228,630.001,1021.62,0,30.4862,150.457,350.946,383.52,0.199951,0.391738,1.62596,1.53511,0.00676238,0.255458,0.240242,0.416448,0.1101,1.38036,37.2855
57500,10075.3,0.614949,33.92,33.798,0.0423505,4779.37,2376.03,15542.9,777.147,644.115,1027.66,0,30.6224,149.979,353.973,384.02,0.199059,0.389991,1.62664,1.54369,0.00675981,0.256414,0.241185,0.416374,0.109211,1.37837,37.5782
58000,10076.3,0.615009,34.346,34.08,0.0383915,4847.56,2377.71,15876.2,793.809,686.885,1054.53,0,31.2377,150.014,357.346,387.4,0.198934,0.389744,1.65118,1.57662,0.00677136,0.25743,0.242562,0.416374,0.109566,1.38222,37.2299
58500,10056.2,0.613784,33.7,33.73,0.0463433,4966.98,2375.01,16035.3,801.764,730.426,1052.08,0,31.6797,150.738,360.452,390.54,0.199311,0.390343,1.64262,1.59501,0.00676556,0.258282,0.244128,0.415822,0.111349,1.39413,37.1118
59000,10080.9,0.615289,33.778,34.096,0.0446448,5023.9,2390.3,15812.2,790.61,755.615,1043.84,0,31.3386,150.352,363.614,394.62,0.1998,0.391286,1.69761,1.56971,0.00677526,0.259447,0.244721,0.415908,0.112017,1.39796,38.0751
59500,10064.6,0.614297,34.294,34.286,0.0460858,4940.7,2386.26,15468.6,773.429,701.143,1039.49,0,30.8614,150.213,366.666,398.44,0.199605,0.391,1.7156,1.5378,0.0067933,0.261144,0.245007,0.416522,0.111666,1.39112,38.3335
60000,10107,0.61688,33.92,33.914,0.0416045,4831.21,2388.05,15280,763.998,634.767,1024.32,0,30.4356,150.578,369.918,401.74,0.19876,0.389379,1.6887,1.51249,0.00679254,0.262794,0.244416,0.417834,0.11141,1.37862,31.097
60500,10096.7,0.616256,33.914,33.772,0.0422997,4783.51,2384.59,15357.8,767.892,650.248,1026.82,0,30.5731,149.994,373.222,404.82,0.198577,0.389035,1.68828,1.52206,0.00679559,0.264228,0.246789,0.418577,0.112249,1.37638,35.0655
61000,10063.4,0.614221,34.342,34.152,0.041219,4844.52,2380.15,15659.3,782.968,693.129,1055.39,0,31.1869,150.008,376.397,407.68,0.198735,0.389364,1.71334,1.55708,0.00679374,0.264789,0.248886,0.419054,0.112516,1.38266,37.7315
61500,10032.3,0.612322,33.776,33.892,0.0485171,4962.58,2378.96,15797,789.852,740.102,1054.02,0,31.6295,150.729,379.299,410.78,0.198937,0.389772,1.75595,1.57526,0.00678574,0.26493,0.249936,0.419528,0.110979,1.39591,34.9257
62000,10075.9,0.614983,33.694,33.942,0.0454179,5024.05,2390.69,15528.5,776.427,768.134,1036.31,0,31.2402,150.181,382.401,414.04,0.198696,0.389446,1.78705,1.54239,0.00676363,0.265657,0.251489,0.420111,0.110569,1.3989,35.8113
62500,10058,0.613892,34.266,34.276,0.0436078,4940.22,2386.08,15157.4,757.868,715.665,1038.92,0,30.765,150.24,385.648,418.46,0.19834,0.388743,1.80561,1.50791,0.00673878,0.266209,0.253123,0.420545,0.110744,1.39155,37.3062
63000,10088.7,0.615764,33.86,33.846,0.040661,4826.59,2392.01,14925.9,746.295,647.4,1024.5,0,30.3405,150.666,388.634,422.24,0.198166,0.388431,1.80097,1.48034,0.00671413,0.266375,0.25401,0.420707,0.110414,1.37928,35.7159
63500,10077.9,0.615109,33.876,33.776,0.039763,4777.47,2387.95,15011.6,750.579,665.145,1022.17,0,30.4997,149.757,391.469,424.98,0.197933,0.388002,1.8119,1.49087,0.00671659,0.266504,0.254502,0.420672,0.1099,1.37767,36.9613
64000,10055.6,0.613743,34.354,34.048,0.0416088,4842.63,2385,15341.2,767.06,697.535,1053.07,0,31.1673,149.884,394.483,426.62,0.197684,0.387678,1.84774,1.52685,0.00669724,0.266275,0.255301,0.420514,0.109849,1.38348,37.6068
64500,10031.2,0.612255,33.828,33.966,0.0510311,4961.92,2383.77,15404.6,770.232,754.28,1053.37,0,31.5947,150.729,397.412,430.24,0.197822,0.388039,1.87409,1.53643,0.00668051,0.266534,0.256742,0.420468,0.109764,1.3958,37.5713
65000,10063.3,0.614214,33.74,34.016,0.0479806,5019.14,2397.84,15040.5,752.025,785.443,1036.01,0,31.1626,149.852,400.461,432.92,0.198048,0.388593,1.9246,1.49596,0.00665182,0.26635,0.259133,0.419854,0.109605,1.39906,35.9128
65500,10051.3,0.61348,34.074,34.228,0.0463948,4936.43,2400.39,14636.1,731.805,736.539,1034.53,0,30.7193,150.786,403.456,436.16,0.197897,0.388522,1.98989,1.45732,0.00662418,0.266208,0.260182,0.419426,0.110002,1.39153,37.2028
66000,10043.8,0.613025,33.694,33.616,0.0408382,4813.95,2395.4,14345,717.248,664.696,1014.26,0,30.3359,150.358,406.59,439.7,0.196977,0.387001,2.01564,1.42918,0.00663619,0.266337,0.260957,0.419535,0.109081,1.38201,37.7371
66500,10020.1,0.611578,33.878,33.758,0.0465625,4760.45,2390.31,14340.8,717.042,678.708,1022.02,0,30.3844,149.813,409.701,442.6,0.196211,0.385854,2.06759,1.43254,0.00664363,0.266497,0.261269,0.419492,0.107656,1.38009,37.4559
67000,10000.4,0.610376,34.114,33.832,0.0469249,4827.07,2386.46,14653.6,732.681,724.976,1044.3,0,31.0244,149.73,412.712,445.7,0.196324,0.386263,2.0674,1.46654,0.00662949,0.266752,0.261879,0.418476,0.107365,1.38628,37.4381
67500,9972.5,0.608673,33.756,33.958,0.0525167,4944.68,2389.56,14670.4,733.522,771.424,1053.25,0,31.4823,150.626,415.7,448.94,0.196658,0.386976,2.14117,1.47174,0.00661907,0.266998,0.263644,0.417753,0.107364,1.39919,37.6971
68000,10008.7,0.610885,33.6,33.89,0.0498808,5003.34,2404.55,14212.5,710.627,807.283,1031.6,0,30.9826,149.891,418.519,451.76,0.196941,0.387577,2.18807,1.42149,0.00659329,0.267212,0.26502,0.417219,0.107741,1.40219,37.3384
68500,9991.02,0.609803,34.086,34.094,0.0477831,4918.13,2401.24,13786.4,689.319,758.756,1032.96,0,30.4745,150.252,421.437,454.9,0.196459,0.386735,2.22576,1.38091,0.00659295,0.268404,0.266743,0.418349,0.109073,1.39427,37.4366
69000,10009.7,0.610941,33.578,33.544,0.0424455,4801.68,2404.45,13580.2,679.01,693.256,1009.54,0,30.1153,150.692,424.614,458,0.196001,0.385965,2.24484,1.35783,0.00660107,0.268984,0.267239,0.420007,0.109928,1.38299,37.9372
69500,9982.38,0.609276,33.782,33.66,0.0494035,4747.46,2401.04,13635.5,681.773,695.652,1014.68,0,30.1576,149.686,427.771,461.42,0.196198,0.386452,2.27222,1.36753,0.00662186,0.269547,0.267139,0.420889,0.110066,1.38186,38.1453
70000,9943.94,0.60693,33.878,33.692,0.0508165,4808.67,2397.09,13965.9,698.297,738.935,1037.72,0,30.8578,149.84,430.773,464.56,0.196618,0.387487,2.29568,1.40561,0.00661802,0.270141,0.267401,0.420583,0.109452,1.38856,37.8579
70500,9908.86,0.604789,33.552,33.812,0.057522,4927.02,2396.01,13877.2,693.861,787.193,1049.46,0,31.1617,150.433,433.542,467.42,0.196694,0.38779,2.35406,1.40144,0.00659957,0.270537,0.269356,0.418796,0.109191,1.40263,38.0735
71000,9935.48,0.606414,33.532,33.874,0.0568344,4984.33,2412.51,13361.6,668.082,833.562,1026,0,30.7342,149.819,436.49,469.6,0.196816,0.388214,2.44907,1.34641,0.00656892,0.270074,0.27158,0.417495,0.1078,1.40707,38.4203
71500,9937.22,0.60652,33.946,33.888,0.0522157,4901.29,2413,12889.3,644.464,788.734,1020.23,0,30.2333,150.229,439.63,472.88,0.196527,0.387681,2.47597,1.29831,0.00656183,0.270034,0.271839,0.417151,0.107704,1.39735,38.1609
72000,9921,0.60553,33.466,33.326,0.050113,4775.41,2407.36,12720,636.002,707.467,1000.08,0,29.9157,149.971,442.837,476.18,0.196075,0.386892,2.48146,1.28318,0.00656855,0.27075,0.272938,0.417754,0.106111,1.3872,37.7659
72500,9906.48,0.604644,33.594,33.51,0.0534425,4727.56,2411.19,12830.4,641.522,712.328,1010.51,0,29.9636,149.852,446.06,479.86,0.196474,0.387812,2.53322,1.29651,0.00658805,0.271261,0.275449,0.418378,0.105324,1.38585,38.1395
73000,9892.82,0.60381,33.808,33.624,0.053907,4797.9,2419.96,13100.9,655.043,754.773,1033.37,0,30.5156,149.819,448.901,483.4,0.197251,0.38958,2.61196,1.32535,0.0065705,0.270809,0.277558,0.417417,0.103881,1.39243,38.1926
73500,9836.54,0.600375,33.356,33.686,0.0641664,4905.18,2420.97,12894.9,644.746,809.138,1031.64,0,30.8353,150.237,451.862,485.5,0.19745,0.390336,2.73535,1.31195,0.00655311,0.269959,0.277896,0.415646,0.102419,1.40645,38.3594
74000,9876.3,0.602802,33.282,33.568,0.0590637,4965.89,2442.64,12280.9,614.044,851.178,1011.94,0,30.2964,149.806,454.714,488.36,0.197792,0.391142,2.83511,1.24508,0.00654368,0.269519,0.278543,0.41339,0.101278,1.41001,37.597
74500,9820.26,0.599381,33.718,33.69,0.0588178,4863.64,2431.66,11728.9,586.447,811.22,1003.14,0,29.894,149.94,457.847,490.52,0.197556,0.390814,2.89322,1.19534,0.0065737,0.270462,0.280104,0.411987,0.101561,1.40275,38.0981
75000,9777.06,0.596744,33.136,32.962,0.0562959,4726.09,2418.07,11460.5,573.027,733.303,984.558,0,29.5117,149.914,460.967,493.28,0.196927,0.389642,2.90239,1.17333,0.00658587,0.270697,0.280696,0.410252,0.100323,1.39306,38.5493
75500,9735.6,0.594214,33.14,33.118,0.0633557,4670.25,2413.05,11513.2,575.658,744.425,983.044,0,29.4664,149.021,463.968,495.24,0.196774,0.38951,2.96057,1.18394,0.0065893,0.270823,0.282085,0.409215,0.0983604,1.39265,38.1987
76000,9735.84,0.594229,33.702,33.6,0.0629769,4751.53,2426.69,11653.4,582.669,788.447,1026.6,0,29.9762,149.506,466.838,499.72,0.197126,0.390733,3.08237,1.19792,0.00657023,0.269018,0.281623,0.405595,0.0965856,1.40059,38.1232
76500,9703.8,0.592273,32.818,33.318,0.0741714,4865.9,2435.7,11362,568.099,847.413,1009.61,0,30.2904,150.052,469.847,504.34,0.19745,0.391817,3.21186,1.17196,0.00653699,0.266822,0.280901,0.402286,0.0949145,1.41347,37.6526
77000,9728.26,0.593766,33.202,33.374,0.0709814,4919.74,2456.96,10678.5,533.924,891.22,997.704,0,29.8258,149.32,472.916,507.74,0.197864,0.392896,3.36759,1.09934,0.00650014,0.265288,0.280171,0.39947,0.0935303,1.41805,37.9691
77500,9710.42,0.592677,33.568,33.46,0.0717505,4827.91,2458.55,10102.1,505.105,842.245,989.364,0,29.2145,149.299,476.018,509.24,0.197881,0.392932,3.42739,1.04158,0.00649326,0.265657,0.279886,0.398001,0.0936456,1.40787,38.0498
78000,9649.58,0.588964,32.944,32.702,0.0668741,4685.66,2447.51,9869.44,493.472,761.146,961.388,0,28.8876,149.7,479.191,511.32,0.197845,0.392954,3.47716,1.0243,0.00650016,0.265755,0.280056,0.396461,0.0943272,1.39894,38.3788
78500,9597.96,0.585813,32.938,32.99,0.0769071,4628.07,2446.94,9898.45,494.923,770.96,965.513,0,28.8098,148.892,482.512,515.08,0.198584,0.394513,3.55732,1.03246,0.00647653,0.264403,0.279585,0.3944,0.093313,1.3996,38.1303
79000,9572.86,0.584281,33.294,33.334,0.0807333,4699.77,2459.72,9955.73,497.787,814.632,1000.81,0,29.2695,149.164,485.779,518.16,0.199579,0.396638,3.69478,1.04074,0.00645799,0.263031,0.279287,0.391096,0.0918089,1.40813,38.155
79500,9554.26,0.583146,32.686,33.252,0.0912257,4824.16,2481.18,9494.45,474.723,877.828,993.032,0,29.5157,149.367,489.061,521.66,0.200727,0.39918,3.89409,0.994876,0.00642799,0.259716,0.276958,0.386299,0.0893459,1.42303,38.0952
80000,9531.4,0.58175,32.822,32.844,0.0835868,4854.12,2493.79,8666.96,433.348,917.957,967.721,0,28.974,148.702,492.197,526.98,0.201517,0.400933,4.04732,0.909949,0.00639378,0.256667,0.274697,0.3822,0.0876919,1.428,31.3587
80500,9469.1,0.577948,33.126,32.984,0.0861778,4750.47,2486.53,8079.63,403.981,866.656,957.452,0,28.3857,148.64,495.34,532.7,0.201395,0.400843,4.15824,0.853885,0.00636075,0.254361,0.273415,0.378134,0.0861254,1.42048,34.9601
81000,9388.12,0.573005,32.376,32.398,0.0907594,4601.69,2471.69,7793.1,389.655,792.793,926.967,0,27.8489,148.874,498.622,536.68,0.20153,0.401152,4.21058,0.830276,0.0063539,0.252914,0.27178,0.375184,0.0869302,1.41243,37.5733
81500,9298.98,0.567565,32.218,32.466,0.0999797,4535.29,2464.05,7782.06,389.103,801.224,935.399,0,27.8941,148.435,501.725,539.56,0.202508,0.40311,4.31981,0.837202,0.00634253,0.250661,0.268349,0.371173,0.0863666,1.41582,38.187
82000,9251.94,0.564694,32.324,32.374,0.0942048,4588.44,2463.71,7882.51,394.126,847.06,961.266,0,28.5298,148.502,504.803,542.92,0.203016,0.404203,4.42703,0.851934,0.00635079,0.250649,0.266376,0.369514,0.0846282,1.42252,38.4817
82500,9223.88,0.562981,31.89,32.376,0.106488,4713.1,2473.2,7465.51,373.275,904.376,961.268,0,28.8748,148.581,507.899,545.66,0.203569,0.405539,4.56315,0.809818,0.0063353,0.24904,0.2639,0.365578,0.0833385,1.44034,38.554
83000,9221.1,0.562811,32.19,32.092,0.0981671,4750.83,2481.57,6772.03,338.602,956.52,939.757,0,28.4015,148.357,510.693,548.54,0.203786,0.406016,4.65939,0.734385,0.00631062,0.248023,0.263107,0.363213,0.0820452,1.44441,37.8657
83500,9070.88,0.553643,31.782,31.67,0.0980574,4624.51,2448.54,6284.14,314.207,898.863,916.768,0,27.9734,148.608,513.828,551.78,0.203935,0.406259,4.73764,0.692262,0.00631178,0.247279,0.260062,0.361534,0.0826133,1.44304,38.3214
84000,9002.52,0.54947,31.208,31.358,0.102028,4485.13,2433.55,6064.88,303.244,822.314,894.88,0,27.3097,148.066,516.802,554.5,0.203652,0.405611,4.7849,0.673039,0.00632347,0.245835,0.25761,0.360583,0.0827001,1.43546,38.0244
84500,8963.66,0.547098,31.672,31.92,0.111581,4419.02,2434.41,6046.5,302.325,833.945,917.155,0,27.3091,147.95,519.684,558.7,0.203941,0.40641,4.89323,0.673008,0.00630904,0.244115,0.255226,0.35798,0.0817443,1.43114,38.1186
85000,8961.56,0.54697,31.178,31.414,0.104694,4498.66,2451.63,5998.48,299.924,889.302,931.149,0,28.006,148.267,522.606,559.22,0.204673,0.408225,5.04915,0.668684,0.00630304,0.241942,0.251508,0.353611,0.0801892,1.43952,38.0328
85500,8928.4,0.544946,31.534,31.688,0.119285,4621.15,2457.01,5495.55,274.777,951.14,940.769,0,28.3585,147.609,525.373,561.8,0.204792,0.408818,5.20465,0.614903,0.00629256,0.238987,0.245729,0.348779,0.0782144,1.45977,37.8772
86000,8874.9,0.541681,31.582,31.136,0.109498,4639.03,2451.57,4834.95,241.748,994.429,909.194,0,27.9735,147.418,527.896,565.2,0.204778,0.409101,5.31911,0.543644,0.00628284,0.23661,0.241233,0.344981,0.0773361,1.46598,37.9753
86500,8890.66,0.542643,31.238,31.104,0.114811,4568.36,2466.25,4424.94,221.247,931.037,885.671,0,27.3834,147.822,530.389,568.32,0.204511,0.408531,5.44908,0.496974,0.00625164,0.233585,0.234287,0.339948,0.0772251,1.45478,38.0031
87000,8799.48,0.537078,31.178,31.478,0.123459,4413.19,2447.42,4241.49,212.074,851.488,884.789,0,26.6678,147.484,533.272,571.72,0.204399,0.408269,5.52324,0.480356,0.0062372,0.232414,0.230302,0.337213,0.0759922,1.44599,38.3358
87500,8807.84,0.537588,31.11,31.49,0.126345,4368.67,2462.11,4207.64,210.382,869.887,894.048,0,26.6945,148.071,536.146,574.64,0.20461,0.408863,5.64564,0.476123,0.00622087,0.229986,0.22548,0.332664,0.0743169,1.44042,38.2334
88000,8849.98,0.54016,31.196,31.224,0.119011,4460.76,2484.75,4131.21,206.561,926.132,917.58,0,27.4134,147.623,539.06,577.72,0.204934,0.409564,5.74968,0.46609,0.00622153,0.228553,0.220866,0.329288,0.0722419,1.44599,38.2631
88500,8801.78,0.537218,31.276,31.334,0.129957,4573.81,2482.25,3767.64,188.382,981.62,918.449,0,27.9102,147.092,541.787,581.02,0.205211,0.410125,5.86307,0.427003,0.0062342,0.227381,0.216404,0.325727,0.0702041,1.4666,38.2367
89000,8740.12,0.533455,31.258,30.842,0.121425,4596.63,2473.98,3307.74,165.387,1017.7,896.333,0,27.6523,147.502,544.347,582.34,0.205386,0.410324,5.95752,0.377383,0.00624568,0.226974,0.212587,0.32248,0.0691544,1.47497,38.3597
89500,8676.3,0.529559,30.784,30.762,0.132718,4504.08,2460.9,3029.61,151.481,951.817,873.747,0,27.0327,147.365,547.056,583.18,0.20535,0.409946,6.01263,0.348332,0.00626798,0.228205,0.210203,0.320768,0.0692987,1.47026,38.6552
90000,8651.54,0.528048,31.064,31.364,0.131059,4369.39,2452.55,2966.04,148.302,874.952,881.733,0,26.2839,146.966,550.115,586.32,0.204812,0.408618,6.02417,0.341591,0.0062913,0.228972,0.210108,0.318667,0.0682812,1.45629,38.6256
90500,8678.46,0.529691,30.848,31.326,0.136306,4335.44,2466.13,2945.23,147.261,899.437,888.589,0,26.5315,147.958,553.219,589.66,0.20439,0.40786,6.11266,0.337971,0.0063195,0.228179,0.208014,0.315652,0.0652316,1.45137,37.9901
91000,8728.74,0.53276,30.732,30.674,0.128686,4421.71,2485.37,2876.34,143.817,954.451,906.188,0,27.2373,147.1,555.915,591.38,0.204593,0.408612,6.16942,0.328881,0.00633171,0.227228,0.205137,0.311949,0.0637329,1.4539,38.5377
91500,8688.46,0.530302,31.366,31.172,0.134292,4534.61,2478.7,2659.42,132.971,1004.76,917.927,0,27.6584,146.737,558.507,592.14,0.204477,0.408618,6.23255,0.305079,0.00633581,0.226101,0.202082,0.308287,0.0624698,1.47368,38.5303
92000,8663.46,0.528776,31.244,30.758,0.131536,4572.91,2474.66,2358.65,117.933,1039.44,889.757,0,27.4401,147.015,560.945,594.62,0.204013,0.407859,6.30255,0.271276,0.00635074,0.226152,0.200184,0.305527,0.0612053,1.48119,38.4028
92500,8564.74,0.52275,30.536,30.65,0.144703,4464.65,2449.2,2163.85,108.192,970.861,869.759,0,26.8575,146.711,563.463,597.24,0.203506,0.406748,6.35652,0.251856,0.00633514,0.226151,0.199069,0.304393,0.0597703,1.47725,37.801
93000,8565.52,0.522798,30.918,31.346,0.136494,4350.09,2454.31,2083.33,104.166,896.709,886.873,0,26.2545,146.92,566.13,599.52,0.203669,0.407063,6.39273,0.242111,0.00632079,0.224754,0.196385,0.299969,0.0587548,1.46514,38.3581
93500,8604.24,0.525161,30.752,31.38,0.147518,4322.96,2470.06,2061.16,103.058,924.815,892.381,0,26.4274,147.685,568.978,602.06,0.2036,0.407054,6.44615,0.238487,0.00631897,0.223111,0.196221,0.295795,0.0582606,1.45978,38.4856
94000,8632.46,0.526884,30.658,30.416,0.129926,4396.72,2481.2,1972.34,98.6173,980.391,905.775,0,27.1939,146.78,571.792,605.06,0.203442,0.406899,6.51613,0.227995,0.00632089,0.220779,0.194136,0.291309,0.0561447,1.46339,38.313
94500,8580.86,0.523734,30.988,30.66,0.134423,4513.14,2471.39,1790.58,89.5289,1037.43,913.022,0,27.6929,146.511,574.164,607.5,0.203152,0.406308,6.58393,0.208077,0.0063305,0.219071,0.191281,0.285858,0.0548505,1.48505,38.2643
95000,8489.68,0.518169,30.92,30.434,0.137758,4525.87,2446.65,1588.69,79.4344,1067.33,885.498,0,27.4902,146.711,576.506,610.08,0.202844,0.405623,6.62705,0.186528,0.00633459,0.218469,0.188744,0.281798,0.0546135,1.49663,38.7803
95500,8504.7,0.519086,30.356,30.51,0.144564,4465.15,2451.63,1480.55,74.0273,993.249,873.372,0,26.8509,146.505,578.854,613.04,0.202343,0.404473,6.66045,0.173681,0.00633722,0.219103,0.189038,0.280536,0.054013,1.48859,38.3908
96000,8496.76,0.518601,30.66,31.186,0.141616,4336.99,2449.5,1427.57,71.3786,918.23,887.606,0,26.2691,146.939,581.47,616.42,0.201915,0.403505,6.67828,0.167479,0.00635503,0.219918,0.190518,0.282644,0.0541323,1.47353,38.0145
96500,8533,0.520813,30.544,31.054,0.141849,4305.38,2461.45,1400.21,70.0106,945.028,896.202,0,26.3466,147.564,584.13,620.02,0.201577,0.402795,6.71418,0.163605,0.00638302,0.220301,0.191005,0.282951,0.0533348,1.4668,38.3189
97000,8592.56,0.524448,30.652,30.3,0.129487,4389.38,2480.12,1367.68,68.3841,1003.11,908.049,0,27.2138,146.936,586.945,622.88,0.201557,0.402873,6.75227,0.158967,0.00640454,0.220534,0.192081,0.283331,0.0524174,1.4681,38.7016
97500,8563.18,0.522655,31.048,30.544,0.136904,4511.84,2470.54,1297.82,64.8912,1050.85,913.907,0,27.8512,146.185,589.314,626.22,0.20102,0.40187,6.77465,0.151285,0.00642738,0.221676,0.19394,0.28401,0.0517773,1.48904,38.5627
98000,8478.44,0.517483,30.84,30.574,0.143433,4525.31,2448.18,1195.66,59.7831,1074.43,892.556,0,27.6268,146.483,591.408,627.98,0.200804,0.401415,6.80249,0.140708,0.006438,0.223007,0.196466,0.286671,0.0520683,1.49854,38.6547
98500,8467.62,0.516823,30.574,30.84,0.14429,4451.68,2447.94,1076.62,53.8312,1004.4,890.197,0,26.9999,146.526,593.948,630.32,0.200651,0.400999,6.83774,0.126975,0.00644413,0.224446,0.197055,0.288002,0.052035,1.49071,38.9251
99000,8453.54,0.515963,30.55,30.862,0.141989,4329,2442.32,1052.95,52.6473,927.854,885.028,0,26.4431,146.748,596.572,633.66,0.200129,0.399811,6.84532,0.124282,0.00644934,0.225229,0.198675,0.289876,0.0516213,1.4782,37.8452
99500,8501.86,0.518912,30.47,31.1,0.144535,4296.3,2459.32,1039.03,51.9516,947.845,905.851,0,26.6351,147.439,599.428,637.86,0.200065,0.399816,6.88357,0.121939,0.00647266,0.225085,0.200838,0.290421,0.0508392,1.46913,39.0195
100000,8529.48,0.520598,30.546,30.298,0.133793,4367.36,2466.51,1048.03,52.4013,1004.82,910.841,0,27.5271,146.65,601.974,640.74,0.199865,0.399554,6.90519,0.12273,0.00649787,0.225779,0.202302,0.29001,0.050006,1.47126,34.0158
100500,8534.86,0.520927,30.928,30.236,0.13514,4501.35,2466.34,1023.74,51.1871,1053.78,916.384,0,28.1267,146.558,604.386,643.16,0.199344,0.398561,6.91784,0.119748,0.00652114,0.226795,0.203812,0.291045,0.0496262,1.49062,38.0127
101000,8452.28,0.515886,30.736,30.524,0.144072,4512.25,2442.04,961.718,48.0859,1075.28,899.167,0,27.8833,146.589,606.953,645.56,0.19901,0.397817,6.92519,0.113565,0.00652317,0.228066,0.205752,0.293175,0.0500679,1.49897,40.9381
101500,8449.04,0.515688,30.454,30.626,0.146378,4446.82,2441.65,899.112,44.9556,1009.23,888.96,0,27.3205,146.489,609.721,648.68,0.198787,0.397144,6.93581,0.106296,0.00652452,0.229323,0.207037,0.294691,0.0498202,1.4924,40.9964
102000,8497.9,0.518671,30.838,31.104,0.141449,4345.44,2456.49,885.532,44.2766,931.97,898.335,0,26.6842,147.032,612.619,651.02,0.198825,0.397048,6.94476,0.104048,0.00654904,0.229559,0.208218,0.295239,0.0496217,1.47585,40.9243
102500,8594.96,0.524595,30.762,31.302,0.147257,4333.36,2485.52,893.869,44.6935,954.742,910.417,0,26.8201,147.356,615.428,653.04,0.198711,0.396817,6.95944,0.103847,0.00656958,0.229515,0.209489,0.29512,0.0494058,1.46591,40.9538
103000,8616.04,0.525881,30.802,30.562,0.130558,4403.58,2492.63,887.535,44.3768,1009.02,926.403,0,27.6807,146.865,618.103,655.68,0.198796,0.397061,6.97751,0.102941,0.00659714,0.229662,0.210008,0.295601,0.0486723,1.46853,40.834
103500,8564.72,0.522749,31.36,30.79,0.139463,4510.53,2476.53,870.108,43.5054,1051.78,931.76,0,28.3485,146.013,620.338,659.1,0.198573,0.396751,6.98392,0.101482,0.00661827,0.230023,0.210979,0.297487,0.0484481,1.48843,40.7187
104000,8503.62,0.51902,30.902,30.684,0.143137,4535.49,2458.76,819.805,40.9903,1083.28,903.449,0,28.1488,146.621,622.889,662.3,0.198294,0.396101,6.98995,0.0963219,0.00662957,0.231035,0.213249,0.30005,0.0486849,1.49753,40.883
104500,8534.34,0.520895,30.818,30.828,0.143523,4478.83,2469.34,768.37,38.4185,1007.82,898.113,0,27.4683,146.225,625.562,660.06,0.198293,0.395925,7.01066,0.0900064,0.00666015,0.232241,0.214178,0.301205,0.0488933,1.4883,41.0358
105000,8567.66,0.522928,31.088,31.5,0.144604,4370.5,2478.78,764.104,38.2052,929.677,913.522,0,26.9115,147.033,628.328,661.76,0.198115,0.395566,7.01018,0.0891232,0.00667135,0.23286,0.214221,0.302059,0.0495589,1.47274,41.0557
105500,8626.06,0.526493,30.86,31.416,0.148445,4336.65,2496.45,772.633,38.6316,955.327,908.826,0,26.897,147.324,631.07,664.1,0.197821,0.395177,7.03106,0.0894695,0.00670254,0.232611,0.21341,0.301959,0.0486395,1.4617,40.9502
106000,8642.7,0.527509,30.932,30.718,0.130298,4409.08,2500.91,784.2,39.21,1005.61,932.942,0,27.8379,146.531,633.729,666.48,0.197851,0.395268,7.03896,0.0907073,0.00673394,0.232803,0.213918,0.301599,0.0480937,1.46566,40.9492
106500,8562.94,0.52264,31.232,30.622,0.135621,4508.79,2476.46,776.485,38.8243,1055.73,926.181,0,28.446,146.208,635.913,668.1,0.197713,0.395346,7.03391,0.090653,0.00675013,0.233293,0.215282,0.303638,0.0486036,1.48844,40.6556
107000,8575,0.523376,30.962,30.636,0.136349,4567.56,2476.47,747.688,37.3844,1083.95,916.784,0,28.2321,146.985,638.329,670.44,0.196922,0.393942,7.04196,0.0871425,0.006747,0.234977,0.217165,0.305911,0.0491492,1.49531,40.9712
107500,8561.86,0.522574,30.746,30.914,0.136296,4491.18,2473.8,715.509,35.7754,1012.28,910.587,0,27.6196,146.879,640.897,673.76,0.196816,0.393652,7.05047,0.0835402,0.0067535,0.23674,0.218357,0.30768,0.048897,1.48716,41.1744
108000,8618.68,0.526042,31.042,31.38,0.138595,4391.52,2490.34,721.4,36.07,934.211,915.516,0,27.0387,147.264,643.76,676.02,0.196819,0.393451,7.04706,0.0836763,0.00676744,0.237085,0.219922,0.307702,0.0485619,1.47085,41.0859
108500,8643.42,0.527552,30.906,31.478,0.141699,4347.14,2498.33,719.195,35.9597,957.745,919.847,0,27.1254,147.372,646.433,679.58,0.196647,0.393289,7.0641,0.0831571,0.00679548,0.237662,0.220839,0.307898,0.0489728,1.46209,40.9439
109000,8696.66,0.530802,31.16,30.84,0.1264,4430.92,2512.15,723.858,36.1929,1007.99,945.777,0,28.0502,146.759,649.091,682.58,0.196631,0.393409,7.06912,0.0832425,0.00681307,0.237904,0.221163,0.308097,0.0491969,1.46462,40.7725
109500,8607.92,0.525386,31.238,30.772,0.133785,4527.45,2487.53,723.936,36.1968,1059.24,934.758,0,28.6382,146.263,651.531,684.1,0.196861,0.39398,7.06932,0.0841054,0.00681997,0.238045,0.221641,0.308342,0.0491487,1.48653,40.7996
110000,8572.28,0.52321,31.002,30.71,0.134136,4566.19,2475.7,695.859,34.7929,1085.71,915.977,0,28.2906,146.641,654.177,687.18,0.196386,0.393049,7.0759,0.0811688,0.00682897,0.239203,0.22238,0.309935,0.0487565,1.49581,41.0424
110500,8560.92,0.522517,30.74,30.916,0.138837,4486.32,2473.7,674.956,33.7478,1014.79,904.205,0,27.7627,146.749,656.876,690.2,0.196213,0.392561,7.09151,0.0788726,0.00682772,0.241207,0.223897,0.310507,0.0492253,1.48622,40.9748
111000,8605.74,0.525253,31.048,31.456,0.137776,4386.61,2486.92,666.265,33.3132,937.32,915.601,0,27.1352,147.032,659.516,693.08,0.196168,0.392432,7.08833,0.0774232,0.00684077,0.242166,0.223892,0.311707,0.0496391,1.47108,41.0867
111500,8637.12,0.527168,30.972,31.44,0.142345,4343.36,2495.09,664.071,33.2035,958.314,922.75,0,27.253,147.419,662.234,696.84,0.195857,0.391751,7.09595,0.0768551,0.00686792,0.242298,0.225082,0.311911,0.0503511,1.46147,40.9673
112000,8701.3,0.531085,30.952,30.544,0.123096,4432.82,2510.98,661.734,33.0867,1012.05,939.68,0,28.1725,147.076,665.06,700.04,0.195649,0.391446,7.09791,0.076067,0.00688927,0.242545,0.225531,0.313104,0.050602,1.46405,41.1262
112500,8662.7,0.528729,31.288,30.866,0.130394,4548.86,2497.86,661.528,33.0764,1065.81,943.649,0,28.6872,146.631,667.351,703.7,0.195483,0.391149,7.08647,0.0763879,0.00688879,0.243451,0.226335,0.313735,0.0509232,1.48383,41.1546
113000,8628.5,0.526642,31.264,30.928,0.131705,4585.35,2486.11,639.338,31.9669,1085.78,926.936,0,28.5253,146.59,669.892,707.02,0.195092,0.39024,7.08717,0.0740997,0.00690257,0.244678,0.227048,0.315475,0.0518353,1.49242,40.9271
113500,8631.14,0.526803,31.132,31.25,0.139481,4515.09,2488,624.83,31.2415,1019.12,923.182,0,27.8596,146.773,672.661,710.46,0.194975,0.389801,7.09172,0.0724179,0.00691324,0.246346,0.227362,0.316286,0.0520108,1.48315,41.044
114000,8684.46,0.530057,31.066,31.494,0.136634,4418.08,2501.29,619.356,30.9678,943.886,923.777,0,27.3072,147.247,675.433,713.54,0.194615,0.388937,7.09189,0.0713256,0.00694555,0.247274,0.228088,0.317323,0.0524408,1.46852,41.0588
114500,8721.62,0.532325,31.268,31.742,0.140466,4377.72,2511.39,609.806,30.4903,964.434,937.345,0,27.3689,147.436,678.358,717,0.194417,0.38858,7.09661,0.069915,0.0069803,0.247326,0.228357,0.317173,0.05314,1.45939,40.7717
115000,8736.02,0.533204,31.178,30.832,0.125065,4441.19,2512.76,625.365,31.2683,1017.73,947.771,0,28.2533,147.045,681.163,720.86,0.194046,0.387988,7.10082,0.0715769,0.00700994,0.246883,0.22881,0.316885,0.0537883,1.46075,41.1264
115500,8722.42,0.532374,31.402,30.848,0.128628,4571.68,2504.85,635.457,31.7728,1072.02,949.575,0,28.8165,146.627,683.735,723.38,0.193494,0.387077,7.08555,0.0728563,0.00702087,0.246913,0.229531,0.318116,0.0536937,1.48123,40.9968
116000,8700.86,0.531058,31.468,31.362,0.133885,4609.73,2494.79,612.516,30.6258,1097.09,943.469,0,28.5246,147.151,686.162,726.1,0.192806,0.385745,7.08154,0.0704059,0.00702128,0.248122,0.230477,0.320018,0.0537669,1.48756,41.1292
116500,8685.3,0.530109,31.236,31.138,0.134388,4534.24,2488.4,612.156,30.6078,1030.23,923.035,0,27.9063,146.466,688.924,728.32,0.192456,0.38509,7.07252,0.0704918,0.00702464,0.249123,0.231538,0.320501,0.0536574,1.48006,41.0735
117000,8762.58,0.534825,31.33,31.82,0.133862,4441.26,2509.69,604.749,30.2375,953.221,931.577,0,27.4035,147.435,691.857,730.54,0.19202,0.384041,7.0787,0.0690334,0.00703967,0.249159,0.231039,0.320334,0.0543472,1.46279,40.6372
117500,8749.2,0.534009,31.174,31.804,0.140811,4385.85,2505.91,602.765,30.1383,971.2,943.34,0,27.5771,147.817,694.618,734.4,0.191873,0.383659,7.08917,0.0688721,0.00704551,0.249345,0.231741,0.319323,0.0549822,1.45693,41.0309
118000,8792.3,0.536639,31.34,30.856,0.117956,4463.98,2516.04,603.836,30.1918,1022.71,959.437,0,28.4033,146.859,697.022,735.98,0.191894,0.383844,7.0889,0.0687166,0.00705233,0.250324,0.232128,0.319308,0.0553342,1.4596,41.0762
118500,8781.02,0.535951,31.582,31.126,0.125543,4594.04,2514.34,605.91,30.2955,1076.44,963.832,0,28.9541,146.915,699.323,737.88,0.191939,0.383991,7.09909,0.0690327,0.00705385,0.251402,0.234033,0.319742,0.0557675,1.47838,40.8152
119000,8714.66,0.531901,31.458,31.224,0.130908,4614.44,2492.76,590.277,29.5139,1098.66,945.173,0,28.7209,146.745,701.81,740.68,0.191414,0.382899,7.09634,0.0677403,0.00705417,0.252542,0.23554,0.320582,0.0559847,1.48691,40.5319
119500,8725.46,0.53256,31.298,31.382,0.132676,4548,2495.87,575.282,28.7641,1033.82,936.412,0,28.212,147.401,704.417,743.6,0.191229,0.382479,7.10161,0.0659583,0.00706062,0.253458,0.236767,0.321822,0.056008,1.47832,40.6418
120000,8717.52,0.532075,31.218,31.734,0.131639,4428.65,2492.34,561.929,28.0965,953.693,941.01,0,27.6138,147.037,707.293,745.72,0.190731,0.3814,7.10864,0.0644784,0.00707064,0.25359,0.237211,0.321945,0.0565118,1.46639,34.0517
120500,8809.26,0.537675,31.336,31.766,0.135983,4406.62,2515.52,560.628,28.0314,970.03,948.568,0,27.6511,147.336,710.046,748.48,0.19018,0.380386,7.11176,0.0636386,0.00707907,0.254114,0.237667,0.321512,0.0569773,1.45442,38.3558
121000,8846.8,0.539966,31.52,31.05,0.116111,4485.3,2524.29,560.102,28.0051,1029.68,972.745,0,28.5554,147.305,712.645,751.38,0.190056,0.380269,7.10922,0.0633398,0.00708999,0.253945,0.238358,0.321139,0.0573466,1.45723,41.1661
121500,8789.46,0.536466,31.596,31.156,0.125576,4594.13,2505.39,566.174,28.3087,1078.07,969.452,0,29.0991,146.706,715.074,753.94,0.189769,0.379799,7.09705,0.0644399,0.00708801,0.254273,0.238841,0.322075,0.0575629,1.47696,40.4369
122000,8778.98,0.535826,31.55,31.302,0.129535,4640.12,2501.51,561.855,28.0928,1102.01,953.715,0,28.8707,146.972,717.779,756.66,0.189554,0.379238,7.09776,0.064029,0.00709171,0.255232,0.239048,0.322791,0.0584745,1.48391,40.3777
122500,8780.18,0.5359,31.442,31.672,0.13155,4565.43,2501.29,555.248,27.7624,1036.61,951.808,0,28.2368,147.225,720.474,759.68,0.189278,0.37852,7.09913,0.0632619,0.00709789,0.256113,0.238761,0.323596,0.0592374,1.47438,41.1125
123000,8812.88,0.537896,31.426,31.754,0.131131,4457.89,2509.71,555.558,27.7779,959.688,944.984,0,27.7252,147.445,723.498,762.32,0.189043,0.377826,7.09833,0.0630751,0.00709978,0.256731,0.238385,0.323805,0.0597066,1.45991,41.0397
123500,8844.56,0.539829,31.41,31.87,0.132238,4421.73,2518.48,552.087,27.6044,977.896,955.664,0,27.8284,147.389,726.234,765.34,0.188815,0.377274,7.10687,0.0624199,0.00712045,0.257284,0.239344,0.323241,0.0607216,1.45321,41.1124
124000,8901,0.543274,31.732,31.376,0.11627,4502.53,2531.78,550.521,27.5261,1029.82,980.732,0,28.6131,147.126,728.851,768.32,0.18879,0.377246,7.10024,0.0618801,0.00713622,0.257778,0.239791,0.323156,0.0604023,1.45445,40.4364
124500,8837.3,0.539386,31.624,31.212,0.124093,4610.49,2515.67,545.562,27.2781,1082.88,974.276,0,29.2248,147.118,731.362,771.4,0.189004,0.377717,7.10377,0.0617561,0.00713834,0.258672,0.240209,0.325152,0.0604232,1.47387,40.7197
125000,8869,0.541321,31.99,31.66,0.131191,4669.17,2520.84,547.239,27.362,1107.95,960.475,0,28.8293,146.571,733.921,775.26,0.188426,0.37661,7.09733,0.0617232,0.0071366,0.259809,0.240819,0.326898,0.0606238,1.47824,41.0284
125500,8857.84,0.54064,31.746,31.948,0.134139,4590.91,2519.85,539.394,26.9697,1040.15,952.689,0,28.3023,147.143,736.618,778.62,0.188436,0.376756,7.10687,0.0609155,0.00711244,0.261211,0.243339,0.327968,0.0609092,1.4694,41.1075
126000,8903.88,0.54345,31.816,32,0.129704,4493.87,2530.09,539.41,26.9705,960.994,954.76,0,27.7841,147.325,739.571,781.2,0.188056,0.375824,7.10347,0.0605942,0.00710168,0.262242,0.24493,0.328867,0.0619869,1.45648,41.2659
126500,8955.6,0.546606,31.964,32.398,0.129658,4463.54,2544.86,532.956,26.6478,981.463,978.028,0,27.8256,147.727,742.35,783.72,0.187875,0.375266,7.1125,0.0595261,0.00710814,0.262743,0.24674,0.328873,0.0634967,1.44895,38.7167
127000,8932.06,0.54517,31.686,31.416,0.121979,4512.27,2536.68,527.189,26.3595,1036.57,980.625,0,28.6847,147.186,745.007,786.24,0.18778,0.375103,7.11414,0.0590327,0.00712256,0.263235,0.247605,0.330324,0.0632954,1.45164,36.804
127500,8906.18,0.54359,31.842,31.442,0.120155,4636.62,2529.3,528.918,26.4459,1084.47,984.961,0,29.1831,146.944,747.379,786.62,0.187704,0.375006,7.11866,0.059417,0.0071187,0.263716,0.24855,0.332136,0.0635574,1.471,38.1089
128000,8871.84,0.541494,31.814,31.744,0.130554,4670.21,2518.75,518.643,25.9321,1112.04,966.588,0,29.0736,147.575,749.956,787.34,0.187315,0.374239,7.12727,0.0584811,0.00711274,0.264794,0.248552,0.333359,0.0640093,1.4779,38.011
128500,8867.28,0.541216,31.506,31.698,0.13237,4595.91,2518.22,515.251,25.7625,1040.78,951.998,0,28.4059,147.152,752.546,790.4,0.187314,0.374222,7.13138,0.0581246,0.00711269,0.266228,0.250052,0.33393,0.0639815,1.46949,38.0382
129000,8870.5,0.541412,31.816,32.058,0.129208,4483.99,2519.62,509.539,25.477,961.823,961.834,0,27.8574,147.259,755.338,793.76,0.187199,0.373823,7.14333,0.0574511,0.00711418,0.266873,0.251235,0.334485,0.0647318,1.45906,37.6902
129500,8857.62,0.540626,31.446,31.764,0.131707,4426.89,2515.98,495.325,24.7663,990.553,956.99,0,27.9884,147.769,758.255,796.44,0.186774,0.372853,7.16402,0.0559251,0.00711806,0.267562,0.252115,0.334529,0.0658238,1.45244,38.3165
130000,8939.2,0.545605,31.832,31.434,0.117733,4522.67,2537.86,506.852,25.3426,1039.93,987.394,0,28.7772,147.143,761.174,798.62,0.186776,0.373013,7.15981,0.0567158,0.00712478,0.268056,0.251833,0.334816,0.065787,1.45387,37.5962
130500,8902.56,0.543369,31.728,31.61,0.124617,4632.3,2527.05,508.193,25.4097,1089.59,981.862,0,29.3729,147.35,763.745,801.16,0.186629,0.373011,7.16219,0.0570941,0.00712346,0.2681,0.251988,0.335419,0.0658966,1.46937,37.5559
131000,8877.44,0.541836,31.938,31.704,0.125892,4673.42,2517.37,510.004,25.5002,1114.45,969.844,0,29.0883,147.239,766.273,804.7,0.186268,0.372417,7.1571,0.0574611,0.00711906,0.268508,0.252469,0.336525,0.0646532,1.47775,37.3023
131500,8915.9,0.544183,31.748,31.804,0.129754,4616.93,2526.98,492.42,24.621,1047.19,959.463,0,28.4243,147.102,769.137,807.6,0.185786,0.371429,7.16679,0.0552343,0.00711123,0.269674,0.25337,0.337311,0.0645572,1.46799,37.4321
132000,8907.58,0.543676,31.866,32.052,0.126508,4497.29,2523.18,487.602,24.3801,970.364,965.051,0,27.8665,147.439,772.042,809.54,0.185372,0.370457,7.17047,0.0547446,0.00712077,0.270288,0.253947,0.338456,0.0654971,1.45638,37.0594
132500,8939.8,0.545642,31.582,31.944,0.127312,4460.09,2532.74,482.509,24.1255,991.667,969.209,0,28.0631,147.985,774.652,811.26,0.185281,0.370202,7.17804,0.0539733,0.00714061,0.270776,0.254763,0.338235,0.0656891,1.44956,36.1762
133000,8982.5,0.548248,31.834,31.54,0.116094,4537.34,2545.03,482.4,24.12,1039.52,993.59,0,28.8673,147.343,777.614,814.36,0.185619,0.370834,7.17571,0.0537232,0.00716496,0.270985,0.255381,0.337761,0.0660366,1.45165,37.9167
133500,8954.86,0.546561,32,31.72,0.120379,4653.98,2536.08,485.28,24.264,1093.81,996.706,0,29.3826,147.123,780.21,816.9,0.185484,0.370728,7.16845,0.0542031,0.0071731,0.271312,0.255064,0.337929,0.0663377,1.4679,38.3293
134000,8935.34,0.54537,31.95,31.77,0.127499,4692.74,2528.37,485.613,24.2807,1117.2,972.777,0,29.0509,147.341,782.972,820.3,0.185044,0.369818,7.17125,0.05436,0.00718427,0.272073,0.255225,0.338685,0.0661432,1.47464,38.5434
134500,8951.98,0.546385,31.888,31.996,0.127945,4628.48,2534.01,472.882,23.6441,1048.03,964.582,0,28.4997,147.315,785.75,822.18,0.184981,0.369577,7.17613,0.0528322,0.00718893,0.273259,0.256821,0.340389,0.0656433,1.46582,38.7337
135000,8907.68,0.543682,31.636,32.144,0.124096,4495.52,2519.78,459.403,22.9701,973.271,970.538,0,28.0513,147.767,788.323,823.74,0.184758,0.368874,7.1659,0.0515814,0.00718942,0.273456,0.257819,0.340227,0.0655769,1.45638,38.7772
135500,8908.42,0.543727,31.482,31.802,0.124141,4442.41,2520.91,457.307,22.8653,990.231,968.821,0,28.1276,147.643,790.996,823.08,0.184806,0.368879,7.17331,0.0513331,0.00719551,0.274375,0.25824,0.341149,0.0651398,1.44926,38.4049
136000,8981.92,0.548213,31.852,31.534,0.108552,4537.24,2540.71,463.548,23.1774,1043.71,999.462,0,28.9465,147.398,793.623,825.28,0.184996,0.369504,7.16688,0.051635,0.00720303,0.275274,0.258477,0.342268,0.0643574,1.45175,38.4055
136500,8919.98,0.544432,31.762,31.35,0.116843,4646.01,2523.55,460.204,23.0102,1096.68,987.697,0,29.6232,147.434,796.224,827.4,0.185078,0.369817,7.16799,0.0516071,0.00720172,0.275788,0.258884,0.34275,0.0638122,1.4716,38.56
137000,8893.34,0.542806,31.832,31.626,0.121662,4680.75,2515.47,458.981,22.9491,1116.91,971.998,0,29.2393,147.054,798.943,831.68,0.184815,0.369274,7.17123,0.0516242,0.00719111,0.276601,0.2609,0.342467,0.0638604,1.47738,38.7054
137500,8903.62,0.543434,31.618,31.652,0.118857,4612.57,2515.62,454.541,22.7271,1051.77,964.13,0,28.6847,147.375,801.491,833.46,0.184244,0.368131,7.17037,0.0510651,0.00719924,0.2784,0.262046,0.343797,0.0637695,1.46845,38.7597
138000,8923.72,0.544661,31.672,32.126,0.121605,4499.85,2521.32,447.111,22.3555,973.755,973.078,0,28.1625,147.774,804.164,835.2,0.183947,0.367552,7.17791,0.0501192,0.00720204,0.28016,0.263235,0.346006,0.0641259,1.45482,38.5264
138500,8975.38,0.547814,31.71,32.16,0.12508,4468,2535.18,436.703,21.8352,998.78,979.695,0,28.2517,147.958,806.8,838.28,0.183746,0.367298,7.18771,0.0486561,0.00720733,0.281305,0.264185,0.347136,0.0642017,1.44708,38.5881
139000,8968.86,0.547416,31.826,31.548,0.110179,4531.69,2534.18,437.853,21.8927,1046.69,998.294,0,29.0946,147.259,809.732,842.08,0.184023,0.368017,7.19314,0.0488415,0.00720708,0.282235,0.263816,0.348191,0.0632457,1.4518,38.7448
139500,8913.04,0.544009,31.758,31.324,0.117002,4645.98,2517.96,439.641,21.982,1100.38,989.811,0,29.6454,146.959,812.28,845.08,0.183886,0.367959,7.1923,0.0493445,0.0072034,0.282682,0.263823,0.348851,0.0630027,1.47242,38.7627
140000,8914.24,0.544082,31.976,31.6,0.116686,4690.31,2517.4,433.895,21.6948,1117.82,978.814,0,29.2663,147.237,814.737,847,0.18375,0.367803,7.19243,0.0486798,0.00721623,0.283547,0.265192,0.349313,0.0640933,1.47716,31.2388
140500,8921.32,0.544514,31.58,31.808,0.120545,4615.65,2520.69,425.717,21.2858,1048.3,971.207,0,28.6762,147.601,817.399,849.82,0.183655,0.36754,7.2065,0.047736,0.00723667,0.284841,0.266635,0.35073,0.0647076,1.46707,34.7815
141000,8933.16,0.545237,31.658,32.062,0.120145,4503.59,2524.99,423.162,21.1581,972.408,974.489,0,28.2188,147.842,820.155,852.08,0.18359,0.367576,7.21397,0.0473792,0.00725233,0.28586,0.267221,0.352466,0.0648869,1.45479,37.9519
141500,8991.38,0.54879,31.794,32.158,0.121586,4473.6,2540.21,419.993,20.9997,995.748,982.219,0,28.3758,147.98,822.885,854.68,0.183459,0.367397,7.21079,0.0467106,0.00726693,0.286942,0.267875,0.353487,0.0650045,1.44602,37.3177
142000,8989.24,0.54866,31.724,31.432,0.111148,4540.58,2540.25,420.635,21.0317,1044.58,998.131,0,29.2133,147.41,825.685,857.78,0.183736,0.368123,7.2066,0.0468069,0.00726715,0.287538,0.267626,0.353649,0.064948,1.45069,37.6908
142500,8954.66,0.546549,31.976,31.594,0.114694,4658.83,2529.32,429.229,21.4615,1091.83,1006.05,0,29.7361,147.484,828.242,861.18,0.18371,0.368226,7.20059,0.0479451,0.00726629,0.287954,0.268442,0.353598,0.0651864,1.47003,37.3543
143000,8933.22,0.54524,31.858,31.536,0.115615,4698.19,2520.98,424.731,21.2366,1119.69,979.868,0,29.3854,147.328,830.625,863.34,0.183402,0.367755,7.19157,0.0475466,0.0072784,0.289255,0.268866,0.354292,0.065955,1.47622,37.5304
143500,8938.7,0.545575,31.744,31.838,0.119968,4621.56,2522.68,419.373,20.9687,1049.51,973.962,0,28.7716,147.69,833.126,866.16,0.183348,0.367551,7.19102,0.0469223,0.00728035,0.29014,0.270543,0.35533,0.0668413,1.46567,37.2595
144000,8975.32,0.54781,31.628,32.176,0.123218,4516.93,2532.15,415.379,20.7689,975.587,978.426,0,28.3119,147.944,835.608,869.06,0.182916,0.366727,7.1963,0.0462951,0.00729108,0.290931,0.271808,0.355592,0.0674456,1.45225,38.2157
144500,8983.38,0.548302,31.816,32.17,0.122835,4471.34,2532.64,410.16,20.508,992.985,987.849,0,28.495,147.626,838.163,871.66,0.18269,0.366436,7.19169,0.0456733,0.0072944,0.291748,0.272672,0.35582,0.0674115,1.44645,38.2577
145000,9023.7,0.550763,32.05,31.712,0.107475,4550.03,2543.12,416.436,20.8218,1050.92,1009,0,29.2242,147.319,840.803,876.42,0.182702,0.36664,7.193,0.0461854,0.00729501,0.29224,0.272848,0.3558,0.067597,1.44894,37.9103
145500,8991.16,0.548777,31.88,31.502,0.116844,4671.7,2533.41,413.631,20.6815,1096.09,1000.44,0,29.8065,147.375,843.205,877.34,0.182691,0.367003,7.1924,0.0460466,0.00728482,0.292082,0.272939,0.355285,0.0676716,1.46794,38.5601
146000,8969.36,0.547446,31.918,31.598,0.115601,4710.53,2526.96,409.512,20.4756,1116.83,987.914,0,29.4763,147.722,845.809,880.12,0.182555,0.366875,7.19863,0.0456872,0.00729485,0.292066,0.273871,0.35527,0.0678819,1.47428,38.2983
146500,8990.38,0.548729,31.904,31.92,0.115176,4639.06,2532.44,411.928,20.5964,1051.82,983.095,0,28.8743,147.688,848.612,882.62,0.182261,0.36644,7.19842,0.045844,0.0072961,0.29224,0.274567,0.355186,0.0678062,1.46249,38.3577
147000,9022.6,0.550696,31.814,32.314,0.118634,4532.22,2540.04,397.31,19.8655,975.871,989.241,0,28.4223,148.056,851.261,886.9,0.181807,0.365444,7.2061,0.0440625,0.00730783,0.292754,0.276866,0.354729,0.068929,1.44937,37.7339
147500,9024.88,0.550835,31.788,32.288,0.123258,4483.93,2541.41,387.483,19.3742,995.113,994.104,0,28.5044,147.914,853.881,889.26,0.181846,0.365427,7.2144,0.0429545,0.00732938,0.293567,0.280187,0.354381,0.0699318,1.44372,37.952
148000,9027.18,0.550975,31.978,31.634,0.107604,4553.59,2540.92,393.83,19.6915,1048.59,1012.64,0,29.3533,147.609,856.411,892.26,0.181911,0.365786,7.214,0.0436537,0.0073406,0.293116,0.281436,0.354422,0.0697637,1.44936,38.5355
148500,8987.36,0.548545,31.744,31.27,0.111211,4671.41,2530.62,386.529,19.3265,1108.25,996.822,0,29.8734,147.503,859.165,894.54,0.181947,0.366034,7.22162,0.0430339,0.00733803,0.293069,0.28216,0.354621,0.070749,1.46853,38.2266
149000,8983.16,0.548289,32.124,31.89,0.116566,4712.78,2526.66,384.778,19.2389,1121.48,990.507,0,29.4975,147.166,862.05,894.88,0.181519,0.365324,7.21103,0.0428534,0.00733693,0.293295,0.282764,0.35596,0.0715453,1.4727,38.185
149500,8961.04,0.546938,31.874,32.068,0.116838,4629.7,2519.29,380.621,19.031,1055.25,989.763,0,28.9637,147.931,865.033,897.32,0.181239,0.364786,7.20877,0.0424902,0.00734403,0.293715,0.283298,0.357982,0.072423,1.46438,38.0689
150000,8976.04,0.547854,31.374,31.872,0.118462,4516.78,2523.07,366.519,18.326,983.001,974.904,0,28.5548,147.877,867.929,899.9,0.180835,0.363884,7.22296,0.0408558,0.00735487,0.294209,0.285319,0.359852,0.0736395,1.45181,38.6684
150500,9049.56,0.552341,32.012,32.196,0.114797,4492.06,2541.92,374.104,18.7052,993.289,997.463,0,28.5825,147.687,870.704,902.32,0.180533,0.363223,7.22328,0.0413517,0.00737282,0.294716,0.286808,0.360672,0.0740823,1.44262,37.7862
151000,9064.68,0.553264,32.092,31.782,0.10467,4565,2547.82,374.47,18.7235,1057.6,1015.79,0,29.3905,147.79,873.478,905.88,0.180885,0.364001,7.23448,0.0413301,0.00736147,0.295049,0.288147,0.361064,0.0733905,1.44688,37.4553
151500,8998.36,0.549216,31.788,31.544,0.116544,4675.5,2529.98,372.619,18.631,1106.93,1001.58,0,29.9627,147.477,876.144,908.94,0.180952,0.364268,7.24077,0.0414288,0.00736369,0.29456,0.288776,0.361378,0.073215,1.46762,38.2862
152000,8993.04,0.548892,32.026,31.792,0.118537,4719.54,2526.87,373.208,18.6604,1124.05,995.103,0,29.6557,147.38,878.803,911.12,0.180608,0.363701,7.24366,0.0415113,0.00736828,0.294372,0.288127,0.361497,0.0733871,1.47309,38.2038
152500,9009.58,0.549901,32.1,31.996,0.115008,4644.79,2531.26,371.481,18.5741,1056.67,987.761,0,28.9996,147.574,881.595,913.42,0.180523,0.363537,7.23863,0.0412406,0.0073658,0.295026,0.28838,0.361625,0.0731392,1.46119,38.1705
153000,9048.34,0.552267,31.83,32.37,0.119731,4540.59,2542.23,362.022,18.1011,980.05,991.169,0,28.5786,148.051,884.366,916.04,0.180124,0.362729,7.25348,0.0400298,0.00737674,0.295769,0.289776,0.36238,0.0740564,1.44786,37.4485
153500,9054.28,0.552629,31.844,32.234,0.122437,4491.69,2541.39,363.695,18.1848,993.917,996.149,0,28.6751,147.856,887.119,919.16,0.1797,0.361927,7.25484,0.0401797,0.00738913,0.296488,0.290683,0.362517,0.0747587,1.4416,38.1917
154000,9078.94,0.554135,32.252,31.962,0.105864,4570.77,2548.96,371.05,18.5525,1055.21,1025.05,0,29.4812,147.511,889.903,922.02,0.179989,0.362589,7.255,0.0408886,0.00738766,0.297443,0.290249,0.361889,0.0748641,1.44604,38.1519
154500,9032.8,0.551318,31.968,31.582,0.114339,4689.52,2538.95,366.636,18.3318,1107.98,1005.49,0,30.0267,147.444,892.687,925.42,0.180391,0.363522,7.26714,0.0406073,0.00739892,0.298076,0.290583,0.361625,0.0754539,1.46659,38.2796
155000,9014.94,0.550228,32.062,31.778,0.113739,4726.26,2531.89,366.514,18.3257,1120.81,996.401,0,29.6313,147.323,895.444,928.5,0.18011,0.362961,7.26131,0.0406615,0.00740694,0.298946,0.291324,0.362652,0.0756747,1.47165,38.7063
155500,8993.98,0.548949,31.986,32.156,0.117243,4640.35,2527.16,365.359,18.2679,1059.26,993.238,0,29.1735,147.724,898.438,932.02,0.18024,0.363189,7.25818,0.0406313,0.007416,0.300277,0.292814,0.363733,0.0763048,1.46267,38.05
156000,9028.34,0.551046,31.836,32.278,0.121504,4535.35,2537.15,352.425,17.6213,979.333,988.627,0,28.6667,147.916,901.323,934.6,0.18009,0.362946,7.26327,0.0390514,0.00743083,0.301679,0.294984,0.365088,0.0769827,1.44927,38.1468
156500,9070.7,0.553632,31.934,32.184,0.121827,4499.32,2547.93,351.403,17.5701,998.704,994.142,0,28.7472,147.81,904.049,937.74,0.179916,0.36275,7.26572,0.0387485,0.00743312,0.30272,0.296281,0.365616,0.0774728,1.44151,37.5029
157000,9089.94,0.554806,32.184,31.878,0.106695,4576.03,2554.38,355.678,17.7839,1051.13,1019.92,0,29.5559,147.662,906.459,942.74,0.180289,0.363775,7.26253,0.0391521,0.00744534,0.303104,0.296619,0.364601,0.077793,1.44626,37.435
157500,9042.78,0.551927,32.006,31.7,0.116559,4690.45,2544.94,347.831,17.3916,1101.4,1010.46,0,30.0524,147.383,909.153,944.18,0.180856,0.365001,7.26952,0.0384849,0.00745863,0.303293,0.296217,0.365237,0.078341,1.46521,37.0316
158000,9029.86,0.551139,32.178,31.904,0.111915,4731.95,2540.4,351.293,17.5647,1118.45,1003.53,0,29.7077,147.597,912.037,947.1,0.180829,0.364912,7.25853,0.0389145,0.00745398,0.303743,0.297474,0.366303,0.0789553,1.4707,37.3064
158500,9016.74,0.550338,31.92,32.11,0.117517,4645.34,2534.43,344.524,17.2262,1050.38,991.866,0,29.1097,147.372,914.955,950.3,0.180416,0.36413,7.25843,0.0382141,0.0074517,0.304304,0.298915,0.366611,0.0796175,1.46065,37.9924
159000,9031.94,0.551266,31.932,32.322,0.116819,4533.74,2535.59,343.556,17.1778,979.034,991.441,0,28.5763,147.812,917.825,952.94,0.179657,0.362564,7.26095,0.0380538,0.00745653,0.305494,0.299924,0.366562,0.0805559,1.44821,38.4709
159500,9095.88,0.555168,32.172,32.428,0.121651,4504.78,2553.56,339.363,16.9682,997.53,1001.09,0,28.6392,147.75,920.939,954.56,0.1796,0.362454,7.26757,0.0373201,0.00745126,0.306499,0.300664,0.367588,0.0807655,1.43918,38.6411
160000,9124.38,0.556908,32.078,31.79,0.10917,4585.37,2563.44,342.896,17.1448,1051.45,1015.86,0,29.4575,147.491,923.856,956.94,0.180112,0.363493,7.27178,0.0375985,0.00745427,0.306515,0.30195,0.368245,0.0805888,1.44378,37.0453
160500,9093.38,0.555016,32.326,31.966,0.112591,4706.2,2558.54,338.589,16.9295,1102.57,1016.39,0,30.0194,147.437,927.056,960.4,0.180695,0.364628,7.27425,0.0372571,0.0074483,0.307041,0.302528,0.367847,0.0808187,1.46192,38.9099
161000,9077.38,0.554039,32.244,32.068,0.117931,4745.48,2553.24,332.989,16.6494,1121.43,1000.46,0,29.7108,147.508,929.936,963.78,0.180415,0.364094,7.27887,0.0366995,0.00744672,0.307069,0.300994,0.367469,0.0815006,1.46731,43.5431
161500,9073.96,0.553831,32.332,32.362,0.116351,4667.2,2547.68,331.79,16.5895,1053.81,1001.58,0,29.0757,147.595,932.709,967,0.17948,0.362213,7.28058,0.0365654,0.00744713,0.307975,0.300478,0.367807,0.0830675,1.45767,39.6609
162000,9148.88,0.558403,32.18,32.39,0.116958,4574.96,2565.04,326.879,16.3439,976.338,995.377,0,28.6665,147.701,935.508,969.7,0.178845,0.360935,7.28133,0.035732,0.0074516,0.308779,0.300706,0.368637,0.0844478,1.44237,37.1646
162500,9212.18,0.562267,32.584,32.824,0.121188,4551.52,2582.79,330.862,16.5431,1001.13,1009.68,0,28.6812,147.387,938.314,973.38,0.178808,0.36092,7.28043,0.0359156,0.007459,0.309587,0.301535,0.370109,0.0849827,1.43569,36.0003
163000,9210.92,0.56219,32.564,32.356,0.109731,4616.36,2583.29,339.989,16.9994,1055.9,1030.33,0,29.4913,147.691,941.256,977.6,0.179137,0.361687,7.27668,0.0369172,0.00746366,0.310213,0.302137,0.370643,0.0853828,1.44003,36.4861
163500,9186.18,0.56068,32.548,32.198,0.116606,4736.24,2577.64,330.919,16.5459,1108.36,1018.54,0,29.9687,147.331,943.923,981.06,0.17936,0.362414,7.2778,0.0360363,0.00747003,0.310871,0.301712,0.371297,0.0851307,1.45652,35.2176
164000,9172.52,0.559846,32.544,32.52,0.119173,4775.77,2570.38,331.828,16.5914,1125.7,1016.6,0,29.7031,147.356,946.565,982.84,0.178891,0.361558,7.26783,0.036184,0.00746965,0.311151,0.300784,0.371557,0.085536,1.4615,37.4203
164500,9147.12,0.558296,32.554,32.66,0.12205,4688.47,2560.21,336.37,16.8185,1063.02,1003.62,0,29.1581,147.726,949.063,985.38,0.178385,0.360377,7.25808,0.0367765,0.00748616,0.312059,0.299696,0.371703,0.0860647,1.45279,42.9313
165000,9221.76,0.562852,32.54,32.702,0.116829,4601.06,2578.76,330.134,16.5067,984.95,1000.46,0,28.7729,147.902,951.686,987.4,0.177846,0.359107,7.26924,0.035811,0.00749892,0.313023,0.299925,0.372342,0.0866552,1.4396,42.8615
165500,9237.5,0.563812,32.552,32.904,0.120691,4560.72,2583.52,325.871,16.2935,1002.51,1012.69,0,28.7966,147.743,954.447,990.22,0.177937,0.359514,7.26425,0.035289,0.00749314,0.313837,0.300548,0.372932,0.0872634,1.43488,41.7231
166000,9214.78,0.562426,32.648,32.288,0.111654,4615.05,2580.36,330.719,16.5359,1058.92,1028.45,0,29.5945,147.562,957.067,992.48,0.178695,0.361054,7.26219,0.0359052,0.00748912,0.314135,0.301381,0.373152,0.0871268,1.43913,32.9413
166500,9204.58,0.561803,32.632,32.456,0.116684,4741.97,2581.08,330.836,16.5418,1111.55,1026.44,0,30.0442,147.249,960.111,995.46,0.179094,0.361943,7.2715,0.0359535,0.00747911,0.314555,0.30144,0.373828,0.0869687,1.45499,32.9606
167000,9227.22,0.563185,32.77,32.578,0.117574,4794.41,2584.4,331.344,16.5672,1131.72,1012.95,0,29.7624,147.502,962.689,998.2,0.178761,0.361293,7.26537,0.0359207,0.00749374,0.314927,0.301487,0.373985,0.0884109,1.4586,32.5427
167500,9201.88,0.561638,32.516,32.682,0.121743,4709.56,2572.83,323.976,16.1988,1059.96,1009.64,0,29.2407,147.765,965.46,1001.3,0.178075,0.359953,7.25065,0.0352215,0.00750548,0.315771,0.301289,0.374137,0.0886713,1.45091,39.7925
168000,9226.2,0.563123,32.62,32.84,0.117938,4603.11,2576.69,320.934,16.0467,981.863,1008.79,0,28.7547,147.545,968.263,1004.18,0.177346,0.358355,7.25517,0.034796,0.00751854,0.31669,0.302577,0.373568,0.0891499,1.43918,41.6211
168500,9248.62,0.564491,32.59,32.77,0.117592,4563.31,2581.91,322.485,16.1243,1008.76,1013.54,0,28.7713,147.972,970.885,1008.18,0.177071,0.357857,7.2654,0.0348678,0.00751547,0.31647,0.304099,0.372626,0.0896899,1.43378,38.9639
169000,9272.2,0.56593,32.866,32.476,0.107522,4636.17,2588.36,335.885,16.7942,1062.78,1037.23,0,29.5578,147.5,973.534,1011.34,0.177318,0.358645,7.25782,0.0362422,0.00751457,0.316948,0.304381,0.372255,0.0890728,1.43678,38.4947
169500,9196.12,0.561287,32.416,32.486,0.116713,4735.36,2572.44,329.021,16.4511,1109,1035.38,0,30.0681,147.753,976.7,1013.32,0.177953,0.360052,7.27614,0.0357864,0.00750395,0.317799,0.305416,0.372214,0.0906002,1.45459,38.3388
170000,9210.56,0.562168,32.664,32.452,0.118103,4789.32,2572.85,333.68,16.684,1131.94,1016.3,0,29.7509,147.344,979.336,1017.54,0.177446,0.359235,7.26761,0.0362361,0.00751552,0.318792,0.302946,0.371229,0.0904445,1.4596,43.4271
170500,9228.48,0.563262,32.53,32.58,0.117901,4717.26,2571.39,334.348,16.7174,1068.29,1002.33,0,29.2533,147.772,982.123,1022.82,0.17629,0.356859,7.25992,0.0362364,0.00752402,0.320189,0.302429,0.371937,0.0903239,1.44913,38.9001
171000,9270.24,0.565811,32.748,33.034,0.114803,4616.44,2579.79,333.898,16.6949,991.689,1017.91,0,28.7525,148.279,984.8,1025.66,0.175508,0.355124,7.26873,0.036027,0.00753753,0.320501,0.303928,0.373103,0.0919927,1.43691,35.1668
171500,9254.64,0.564858,32.628,32.9,0.119278,4563.83,2577.34,326.459,16.3229,1009.13,1017.18,0,28.8518,147.519,987.533,1027.7,0.175768,0.355624,7.27671,0.0352781,0.00754739,0.32156,0.305288,0.373734,0.0919385,1.43316,35.7066
172000,9267.62,0.565651,33.002,32.602,0.105209,4633.57,2582.25,336.433,16.8216,1062.19,1040.38,0,29.5933,147.389,990.218,1030.48,0.176285,0.356812,7.26871,0.0363213,0.007554,0.322208,0.306071,0.374202,0.0907249,1.43687,34.8539
172500,9243.82,0.564198,32.59,32.462,0.11335,4756.24,2577.13,326.766,16.3383,1116.42,1034.95,0,30.143,147.304,992.924,1032.42,0.176453,0.357384,7.27296,0.0353587,0.00756588,0.322178,0.3064,0.374278,0.0911516,1.45337,40.7815
173000,9228.5,0.563263,32.72,32.546,0.116742,4791.95,2571.22,351.328,17.5664,1139.95,1017.61,0,29.7846,147.423,995.572,1035.5,0.176262,0.357017,7.26125,0.0380794,0.00757314,0.322292,0.306921,0.373802,0.0917467,1.45754,37.4638
173500,9234.64,0.563638,32.596,32.834,0.116613,4723.07,2569.54,335.874,16.7937,1077.06,1011.21,0,29.2909,147.762,998.209,1038.44,0.175566,0.355441,7.26087,0.0363804,0.00757905,0.322511,0.306439,0.373957,0.0922088,1.4497,37.9167
174000,9233.74,0.563583,32.582,32.854,0.113981,4606.04,2564.67,340.753,17.0377,995.616,1013.09,0,28.7866,147.766,1000.66,1040.82,0.174675,0.353618,7.25953,0.0369076,0.00760197,0.323289,0.305202,0.37461,0.0935481,1.43871,43.6013
174500,9251.86,0.564689,32.532,32.6,0.116285,4564.27,2571.82,331.644,16.5822,1011.72,1016.19,0,28.8808,148.223,1003.44,1044.02,0.174924,0.354054,7.27335,0.0358514,0.00761779,0.324256,0.305199,0.37487,0.0944436,1.43359,43.4641
175000,9287.6,0.56687,32.93,32.614,0.106868,4642.04,2582.62,351.595,17.5798,1067.59,1040.39,0,29.6484,147.336,1006.2,1046.94,0.175603,0.355559,7.25483,0.0378636,0.00763798,0.325172,0.304723,0.374565,0.0947138,1.43639,43.6936
175500,9233.04,0.56354,32.578,32.54,0.115651,4751.68,2571.11,329.116,16.4558,1122.43,1036.08,0,30.1964,147.538,1009.22,1050.48,0.17594,0.356305,7.26635,0.0356538,0.0076334,0.326156,0.304833,0.375335,0.0948177,1.45309,43.8365
176000,9215.36,0.562461,32.72,32.572,0.115044,4791.27,2563.92,332.228,16.6114,1140.82,1021.29,0,29.8238,147.327,1012.19,1053.88,0.175678,0.355929,7.26326,0.0360555,0.00764759,0.326505,0.305987,0.374789,0.0941603,1.45952,38.1521
176500,9237.88,0.563835,32.746,32.834,0.115661,4723.37,2565.12,332.49,16.6245,1077.03,1018.36,0,29.2743,147.605,1015.14,1056.66,0.17487,0.354206,7.25229,0.0359947,0.00766295,0.327603,0.306032,0.374727,0.0932778,1.4498,32.6661
177000,9267.64,0.565652,32.578,32.836,0.113908,4615.36,2568.12,324.546,16.2273,1002.85,1008.19,0,28.8846,148.059,1017.8,1055.66,0.173776,0.351759,7.25801,0.0350266,0.00769062,0.328285,0.30589,0.375148,0.0933869,1.43687,35.1469
177500,9294.6,0.567297,32.658,32.778,0.116467,4574.53,2574.21,327.41,16.3705,1015.03,1018.12,0,28.8422,147.744,1020.5,1058.08,0.173605,0.351341,7.257,0.035224,0.00769949,0.329201,0.306832,0.375523,0.0938816,1.43041,35.8068
178000,9307.1,0.56806,32.966,32.672,0.1059,4647.36,2580.56,334.041,16.7021,1076.42,1047.4,0,29.5794,147.645,1023.31,1061.04,0.174269,0.352697,7.25347,0.0358952,0.00768773,0.329441,0.307374,0.375772,0.0932271,1.4347,35.9607
178500,9246.72,0.564375,32.562,32.426,0.115283,4756.94,2568.23,329.766,16.4883,1131.31,1032.95,0,30.1832,147.813,1026.43,1064.12,0.174837,0.353869,7.26478,0.035662,0.00768478,0.329726,0.308017,0.375931,0.093509,1.45281,35.8894
179000,9257.7,0.565045,32.718,32.704,0.114551,4806.28,2570.58,332.973,16.6487,1147.4,1023.28,0,29.8638,147.68,1029.47,1067.62,0.174666,0.353538,7.26161,0.0359646,0.00768964,0.330988,0.308433,0.376749,0.0932111,1.45682,35.5584
179500,9238.72,0.563887,32.888,32.942,0.118696,4719.16,2561.18,350.368,17.5184,1071.64,1020.77,0,29.2425,147.308,1032.43,1070.54,0.174174,0.352399,7.24735,0.0379166,0.00769864,0.332059,0.308425,0.377626,0.0926657,1.448,35.599
180000,9269.84,0.565786,32.704,32.934,0.114083,4614.72,2568,340.665,17.0333,999.728,1013.93,0,28.8222,147.946,1035.23,1072.58,0.173668,0.35127,7.2533,0.0367347,0.00770109,0.333037,0.310136,0.378406,0.0944121,1.43618,32.9744
180500,9279.68,0.566387,32.588,32.768,0.116106,4575.32,2572.24,319.849,15.9925,1010.97,1023.15,0,28.9104,147.691,1038.13,1075.8,0.173802,0.351573,7.26494,0.0344682,0.0076913,0.333981,0.311344,0.378835,0.0941772,1.43271,41.5658
181000,9256.8,0.56499,32.822,32.546,0.1096,4630.76,2569.68,325.185,16.2593,1075.03,1044.15,0,29.8091,147.828,1040.97,1078.14,0.174472,0.353141,7.27532,0.0351364,0.00768464,0.334469,0.311425,0.378198,0.0943984,1.43717,43.5739
181500,9253.94,0.564816,32.614,32.47,0.114096,4759.84,2571.44,314.738,15.7369,1123.33,1042.2,0,30.2329,147.709,1043.79,1082.46,0.174645,0.353589,7.28307,0.0340154,0.00769132,0.33454,0.312954,0.377675,0.0945325,1.45225,43.2639
182000,9261.6,0.565283,32.742,32.644,0.115256,4804.88,2570.54,321.126,16.0563,1143.29,1026.75,0,29.8409,147.398,1046.51,1086.56,0.174361,0.353106,7.27395,0.0346756,0.00770714,0.335182,0.312345,0.377827,0.0938426,1.45619,43.5841
182500,9237.66,0.563822,32.868,33.04,0.115246,4720.37,2560.29,320.759,16.0379,1077.37,1023.21,0,29.2887,147.37,1049.13,1090.14,0.173746,0.351948,7.26155,0.0347277,0.00772456,0.335748,0.312806,0.378288,0.0942,1.44809,43.7238
183000,9259.28,0.565142,32.666,32.814,0.115729,4612.11,2560.13,317.206,15.8603,1001.55,1014.58,0,28.9318,148.051,1051.71,1091.62,0.172759,0.349896,7.25644,0.0342657,0.00774882,0.335742,0.314764,0.378334,0.0946113,1.43686,43.6564
183500,9282.56,0.566562,32.572,32.774,0.116789,4574.42,2568.71,312.634,15.6317,1020.81,1020.09,0,28.9413,147.738,1054.31,1093.14,0.172998,0.350441,7.26466,0.0336819,0.00774562,0.33612,0.317608,0.378724,0.0947818,1.43203,42.1111
184000,9289.54,0.566989,32.92,32.58,0.104065,4644.29,2573.84,314.312,15.7156,1075.5,1047.91,0,29.7331,147.573,1057.2,1095.86,0.173584,0.35184,7.26546,0.0338453,0.00774744,0.335541,0.319246,0.378247,0.0940142,1.43612,35.533
184500,9269.28,0.565752,32.648,32.512,0.11384,4763.49,2570.93,307.501,15.3751,1131.19,1038.05,0,30.2448,147.791,1060.25,1098.52,0.174002,0.352719,7.27185,0.0331775,0.00774057,0.335765,0.319612,0.378874,0.093848,1.45092,33.0759
185000,9272.04,0.56592,32.734,32.66,0.11468,4811.37,2570.03,307.474,15.3737,1148.61,1029.51,0,29.9386,147.722,1063.16,1102.22,0.173804,0.352391,7.26671,0.0331665,0.00774332,0.335497,0.320083,0.37891,0.0933514,1.45641,32.4656
185500,9264.64,0.565469,32.78,32.88,0.115451,4729.5,2563.72,304.874,15.2437,1080.47,1021.65,0,29.4431,147.796,1065.76,1106.5,0.173261,0.351198,7.25686,0.0329158,0.00776614,0.336325,0.320247,0.378796,0.0931661,1.44737,32.3532
186000,9287.04,0.566836,32.726,32.988,0.111757,4625.29,2566.64,300.906,15.0453,1002.94,1024.88,0,28.9893,147.947,1068.4,1109.18,0.172462,0.349573,7.26027,0.0324082,0.00778297,0.336715,0.321319,0.37902,0.0937577,1.43692,36.9923
186500,9278.48,0.566313,32.584,32.796,0.116967,4568.82,2565.89,301.006,15.0503,1018.42,1018.28,0,29.0019,147.675,1071.21,1111.36,0.172646,0.349928,7.26803,0.0324417,0.00778062,0.336963,0.323138,0.380042,0.093556,1.43077,43.3397
187000,9304.96,0.56793,32.898,32.484,0.101202,4650.11,2574.49,306.062,15.3031,1081.42,1047.14,0,29.8455,147.691,1073.83,1113.46,0.173185,0.351036,7.25935,0.0328994,0.00777809,0.336863,0.324288,0.381021,0.092719,1.43612,43.2617
187500,9278.64,0.566323,32.614,32.512,0.111205,4766.86,2569.09,327.35,16.3675,1129.48,1043.78,0,30.296,147.998,1076.63,1116.78,0.173388,0.351347,7.26652,0.0352662,0.00776379,0.336996,0.325063,0.380912,0.0929259,1.45104,43.5071
188000,9270.34,0.565817,32.75,32.726,0.112596,4811.93,2565.71,321.985,16.0993,1150.78,1031.36,0,30.0484,147.541,1079.45,1118.38,0.173238,0.351066,7.25482,0.0347318,0.00775703,0.33722,0.324625,0.381323,0.0923903,1.45666,43.8753
188500,9306.56,0.568027,32.986,32.976,0.11282,4746.82,2569.22,318.816,15.9408,1083.64,1030.54,0,29.4538,147.683,1081.93,1119.54,0.172311,0.349121,7.23882,0.0342575,0.00776791,0.33747,0.324304,0.381381,0.0918963,1.44565,43.7049
189000,9316,0.568604,32.694,33.016,0.113377,4631.44,2568.26,309.578,15.4789,1011.39,1019.73,0,29.0784,148.127,1084.54,1121.96,0.171548,0.347597,7.24707,0.0332287,0.00778927,0.337553,0.326131,0.381153,0.0921679,1.43412,43.6664
189500,9310.48,0.568267,32.842,32.97,0.115557,4582.6,2567.79,318.512,15.9256,1020.09,1030.07,0,29.0603,147.681,1087.09,1125.62,0.171473,0.347468,7.25834,0.0342092,0.00780028,0.337761,0.327277,0.380561,0.0926644,1.43013,44.0193
190000,9342.88,0.570244,32.922,32.53,0.100323,4663.76,2578.59,307.938,15.3969,1079.05,1057.32,0,29.9007,147.935,1089.85,1126.9,0.171866,0.348468,7.26604,0.0329658,0.00780464,0.338049,0.328551,0.379497,0.0930139,1.43414,43.6993
190500,9320.28,0.568865,32.896,32.756,0.114571,4781.24,2574.53,301.369,15.0685,1135.18,1049.58,0,30.3815,147.851,1092.82,1130.68,0.171937,0.348734,7.27959,0.0323386,0.00781883,0.338627,0.328729,0.377757,0.0932782,1.44857,43.5278
191000,9337.58,0.569921,32.846,32.772,0.111868,4830.71,2576.89,300.367,15.0184,1155.89,1033.57,0,29.9684,147.714,1095.84,1133.64,0.171572,0.348158,7.27775,0.0321733,0.00783086,0.339387,0.329156,0.377453,0.0930485,1.45206,43.5952
191500,9317.82,0.568715,32.962,33.11,0.11419,4748.44,2567.28,295.962,14.7981,1088.63,1033.37,0,29.6086,147.91,1098.54,1135.98,0.170847,0.34667,7.27202,0.0317661,0.00785314,0.339395,0.329806,0.377152,0.092707,1.44467,43.5924
192000,9328.56,0.56937,32.678,32.948,0.110841,4634.82,2568.49,294.316,14.7158,1005.07,1026.09,0,29.0895,148.151,1101.12,1139.26,0.170455,0.345722,7.27525,0.0315523,0.00786914,0.340223,0.330233,0.376665,0.0932767,1.43309,43.6479
192500,9361.3,0.571368,32.984,33.078,0.113083,4599.67,2577.97,294.795,14.7397,1021.23,1036.5,0,29.1588,147.927,1103.64,1141.94,0.170575,0.34591,7.27408,0.0314891,0.00786675,0.340428,0.332406,0.377041,0.0933751,1.42782,43.8621
193000,9344.64,0.570352,32.984,32.762,0.103644,4660.21,2575.1,303.188,15.1594,1086.21,1055.85,0,29.8904,147.877,1106.34,1143.86,0.170899,0.346673,7.27869,0.0324528,0.00786659,0.341233,0.333053,0.376999,0.0928689,1.43274,43.3699
193500,9308.06,0.568119,32.784,32.566,0.109367,4778.6,2568.55,302.451,15.1226,1139.52,1048.73,0,30.4493,148.067,1109.32,1145.26,0.17131,0.347607,7.28952,0.0324931,0.00786087,0.342722,0.332588,0.377515,0.0925018,1.44979,43.6744
194000,9291.56,0.567112,32.716,32.78,0.11358,4814.03,2563.73,296.587,14.8294,1155.37,1035.9,0,30.0477,147.666,1112.27,1147.6,0.171268,0.347599,7.28659,0.0319215,0.00787267,0.343761,0.332004,0.378293,0.0914039,1.45404,43.7836
194500,9292.52,0.56717,32.882,32.928,0.108901,4743.32,2561.73,296.262,14.8131,1082.4,1034.37,0,29.5903,147.852,1115.15,1148.74,0.170936,0.346987,7.28687,0.0318818,0.00789444,0.34372,0.332543,0.378938,0.0914086,1.44704,43.3643
195000,9318.24,0.56874,32.516,32.764,0.107644,4633.25,2565.3,289.555,14.4778,1013.89,1022.74,0,29.1008,148.453,1117.86,1151.6,0.170146,0.345271,7.29221,0.031074,0.00791659,0.344142,0.333445,0.378993,0.0921265,1.43444,43.5096
195500,9335.1,0.569769,32.828,33.002,0.111671,4591.25,2569.45,292.884,14.6442,1022.07,1034.61,0,29.1407,147.564,1120.65,1155.7,0.170028,0.345032,7.29475,0.0313759,0.00793841,0.344298,0.334996,0.379418,0.0914853,1.42932,43.7681
196000,9343.34,0.570272,33.058,32.63,0.104893,4658.92,2571.52,299.161,14.958,1088.19,1051.85,0,29.9156,147.806,1123.39,1158.68,0.170039,0.345134,7.29862,0.0320228,0.00795842,0.34401,0.336249,0.378771,0.0915659,1.43272,43.9644
196500,9315.62,0.56858,32.756,32.666,0.111453,4780.51,2566.06,301.047,15.0524,1144.05,1048.05,0,30.4372,147.666,1126.51,1161.16,0.170234,0.345561,7.30507,0.0323183,0.00796692,0.3445,0.335555,0.378973,0.0907841,1.44899,42.9979
197000,9316.24,0.568618,32.958,32.946,0.111699,4826.43,2565.38,296.826,14.8413,1160.49,1043.6,0,30.1002,147.667,1129.79,1163.44,0.170084,0.345284,7.30536,0.0318627,0.00798404,0.344793,0.334918,0.379391,0.0894335,1.45394,43.306
197500,9317.78,0.568712,32.846,32.822,0.111898,4750.61,2561.13,292.021,14.601,1091.87,1028.48,0,29.554,147.894,1132.75,1165.86,0.169414,0.343881,7.29749,0.0313408,0.00802482,0.344701,0.334188,0.37962,0.0885301,1.4452,43.9821
198000,9330.28,0.569475,32.812,33.212,0.111432,4636.77,2561.74,290.559,14.528,1010.75,1037.75,0,29.1148,148.012,1135.49,1168.46,0.168687,0.342432,7.30016,0.0311469,0.00804513,0.344887,0.334425,0.379833,0.0885227,1.43354,43.8941
198500,9323.3,0.569049,32.734,32.788,0.110244,4584.48,2559.47,292.644,14.6322,1027.84,1029.47,0,29.2417,147.468,1138.09,1172.26,0.168768,0.34274,7.29989,0.0313902,0.0080539,0.344722,0.334264,0.379902,0.0889297,1.42912,43.7136
199000,9361.04,0.571353,33.084,32.75,0.10099,4670.9,2572.29,302.19,15.1095,1088.25,1062.87,0,29.949,147.929,1140.78,1176.42,0.169156,0.34368,7.30142,0.032291,0.00805537,0.34502,0.334115,0.381058,0.0890401,1.43315,43.7922
199500,9312.4,0.568384,32.724,32.642,0.11117,4781.4,2561.81,297.176,14.8588,1142.95,1055.37,0,30.5035,147.86,1143.71,1178.14,0.169677,0.34475,7.3025,0.0319101,0.00806611,0.345426,0.334069,0.382084,0.0889772,1.44982,43.0375
200000,9294.88,0.567314,32.732,32.784,0.107465,4819.11,2557.23,292.551,14.6275,1161.26,1045.74,0,30.2074,147.765,1146.87,1181.64,0.169583,0.344696,7.30729,0.03148,0.00806963,0.346342,0.333782,0.382521,0.0891397,1.45501,36.8497
200500,9312.08,0.568364,32.834,32.838,0.111186,4749.99,2558.53,291.642,14.5821,1094.22,1031.51,0,29.7022,147.986,1149.6,1184.16,0.16906,0.343692,7.29981,0.0313235,0.0080894,0.346819,0.334975,0.382959,0.089284,1.44542,41.5182
201000,9336.84,0.569875,32.728,32.966,0.110713,4640.6,2562.63,288.596,14.4298,1017.48,1029.52,0,29.253,148.216,1152.33,1186.1,0.168652,0.342864,7.29386,0.0309166,0.00812449,0.346663,0.334936,0.382825,0.0897611,1.43379,43.4025
201500,9347.28,0.570513,32.908,33.064,0.115006,4595.82,2564.6,292.255,14.6128,1025.51,1038.62,0,29.2402,147.676,1155.11,1188.72,0.168472,0.342467,7.29433,0.0312668,0.0081452,0.346905,0.336271,0.383114,0.089914,1.42863,43.6287
202000,9357,0.571106,33.008,32.73,0.102585,4665.4,2568.63,292.909,14.6455,1091.49,1058.32,0,29.9935,147.626,1158.01,1192.36,0.168938,0.343481,7.29107,0.0313129,0.00816561,0.34689,0.336203,0.38428,0.088974,1.43252,36.2738
202500,9322.02,0.568971,32.794,32.664,0.112173,4780.76,2561.98,290.051,14.5026,1145.1,1051.47,0,30.4979,147.882,1161.22,1194.54,0.169186,0.343997,7.29966,0.0311169,0.00818111,0.347574,0.336978,0.384776,0.089429,1.448,33.3495
203000,9318.06,0.568729,32.93,32.892,0.11204,4826.77,2559.92,291.461,14.5731,1164.45,1047.3,0,30.1642,147.644,1164.17,1196.34,0.169025,0.343559,7.29959,0.0312842,0.00819308,0.348169,0.338412,0.383895,0.0890634,1.45364,39.2549
203500,9346.44,0.570461,32.996,32.974,0.109927,4760.32,2563.34,287.677,14.3838,1095.61,1036.01,0,29.6292,147.578,1167.05,1196.92,0.168432,0.342266,7.29051,0.0307845,0.00821223,0.349077,0.339523,0.383545,0.0884901,1.44357,44.2786
204000,9346.96,0.570493,32.768,33.056,0.109855,4642.36,2564.55,283.533,14.1766,1016.67,1029.03,0,29.2241,148.214,1169.71,1200.1,0.168351,0.341915,7.30168,0.0303364,0.00821963,0.349161,0.341354,0.383327,0.0901077,1.4325,43.463
204500,9363.64,0.571511,32.938,33.122,0.112809,4600.06,2570.78,283.481,14.1741,1023.69,1040.46,0,29.2615,147.449,1172.17,1204.36,0.168682,0.342556,7.29755,0.0302751,0.00822952,0.349061,0.342926,0.383502,0.0889877,1.42736,43.2306
205000,9366.26,0.571671,33.078,32.734,0.102782,4668.26,2573.07,286.139,14.3069,1088.29,1060.13,0,30.1739,148.097,1174.95,1206.76,0.169009,0.343317,7.30223,0.0305595,0.00824644,0.349485,0.341291,0.383433,0.0883296,1.43184,43.7624
205500,9307.46,0.568082,32.788,32.678,0.112777,4777.46,2560.59,288.373,14.4186,1138.98,1058.38,0,30.6542,147.832,1177.98,1209.82,0.169532,0.344553,7.30926,0.0309852,0.00827418,0.349442,0.339946,0.383371,0.0873328,1.44942,43.4933
206000,9328.92,0.569392,32.96,32.938,0.112368,4831.18,2566.35,284.243,14.2121,1163.35,1042.75,0,30.2488,147.473,1181.04,1212.62,0.169452,0.344428,7.31016,0.0304701,0.0082803,0.349989,0.339153,0.382349,0.0872976,1.45317,42.028
206500,9328.88,0.56939,32.92,32.914,0.113862,4752.61,2562.6,280.06,14.003,1095.87,1033.22,0,29.7555,148.173,1184.15,1216.16,0.168885,0.343413,7.30357,0.0300251,0.00830115,0.350458,0.338914,0.380923,0.0873849,1.44372,44.3963
207000,9373.24,0.572097,32.742,32.946,0.109008,4649.22,2572.48,271.973,13.5987,1012.87,1029.65,0,29.3035,148.354,1186.86,1219.6,0.168504,0.342696,7.29783,0.0290184,0.00831891,0.351392,0.340326,0.380155,0.0881184,1.43054,45.7403
207500,9376.14,0.572274,32.852,33.05,0.113302,4605.22,2574.37,276.17,13.8085,1023.74,1042.39,0,29.3901,148.194,1189.49,1222.48,0.168684,0.343003,7.30299,0.0294552,0.00833215,0.351647,0.341006,0.380994,0.0882042,1.42716,46.0379
208000,9372.26,0.572037,33.21,32.874,0.100226,4669.31,2575.78,281.756,14.0878,1084.32,1064.96,0,30.0844,147.494,1192.23,1226.26,0.169167,0.343806,7.30312,0.0300706,0.00835028,0.350901,0.341191,0.38167,0.0875922,1.43113,46.0069
208500,9336.52,0.569856,32.87,32.846,0.114444,4787.66,2568.82,278.188,13.9094,1138.12,1059.77,0,30.5735,148.151,1195.28,1228.98,0.169393,0.344379,7.31418,0.0297987,0.00835686,0.350664,0.341038,0.381725,0.0872372,1.44765,45.9982
209000,9316.4,0.568628,32.818,32.784,0.111899,4826.37,2563.3,277.948,13.8974,1167.65,1037.37,0,30.3022,147.637,1198.19,1231.64,0.169589,0.34478,7.30843,0.029836,0.00836831,0.350977,0.341215,0.381991,0.086982,1.45394,43.0066
209500,9325.02,0.569154,33.074,33.178,0.117392,4750.23,2562.91,280.105,14.0052,1092.77,1036.53,0,29.7301,147.728,1201.23,1235,0.169231,0.344021,7.29582,0.0300411,0.00838474,0.351205,0.341085,0.381443,0.087256,1.44394,35.7353
210000,9333.56,0.569675,32.644,32.89,0.110252,4637.46,2563,276.584,13.8292,1014.08,1028.19,0,29.3675,147.957,1203.9,1238.18,0.168844,0.343262,7.29273,0.0296374,0.00841141,0.350923,0.341749,0.380372,0.0876959,1.43297,42.3966
210500,9364.38,0.571556,32.856,32.914,0.110823,4600.13,2570.08,275.392,13.7696,1026.4,1036.35,0,29.3465,148.037,1206.57,1241.02,0.168666,0.342805,7.29354,0.0294132,0.00842609,0.351008,0.342286,0.380902,0.0887264,1.42747,45.9246
211000,9376,0.572266,33.114,32.758,0.101918,4672.2,2577.51,280.066,14.0033,1092.76,1059.65,0,30.0881,147.993,1209.34,1243.88,0.169466,0.344398,7.29554,0.0298786,0.00841852,0.351755,0.342552,0.380985,0.0891065,1.43185,45.7902
211500,9313.98,0.56848,32.538,32.622,0.11419,4779.25,2564.87,271.339,13.567,1141.46,1048.72,0,30.6356,148.054,1212.61,1247.32,0.169819,0.345016,7.31548,0.0291336,0.00843258,0.351529,0.340462,0.380976,0.0900291,1.44866,45.9476
212000,9300.7,0.56767,33.01,32.944,0.113933,4820.56,2561.45,273.206,13.6603,1156.1,1045.67,0,30.2744,147.557,1215.6,1251,0.169968,0.345317,7.3099,0.0293737,0.00844305,0.351349,0.340286,0.380838,0.0896147,1.45439,45.8694
212500,9325.52,0.569185,32.942,32.976,0.112878,4754.76,2566.8,269.024,13.4512,1092.66,1038.29,0,29.8706,148.176,1218.3,1254.68,0.169749,0.344816,7.30758,0.0288528,0.00845369,0.352495,0.340858,0.381104,0.0906184,1.44521,45.76
213000,9353.02,0.570863,32.664,32.814,0.112471,4643.08,2570.6,263.13,13.1565,1012.42,1024.63,0,29.2943,148.135,1220.96,1257.88,0.168999,0.343375,7.3067,0.0281387,0.00847257,0.352994,0.342741,0.381194,0.0920249,1.43175,45.83
213500,9381.76,0.572617,33.042,33.196,0.112764,4605.3,2577.78,269.674,13.4837,1025.03,1041.82,0,29.3388,147.892,1223.44,1261.9,0.168852,0.343048,7.30536,0.0287475,0.00848402,0.352686,0.343213,0.381823,0.0921263,1.42614,45.8148
214000,9383.3,0.572711,33.168,32.708,0.100793,4672.37,2578.89,274.412,13.7206,1085.98,1056.87,0,30.1103,147.954,1226.05,1264.44,0.169165,0.343802,7.3039,0.029256,0.00849548,0.351518,0.343951,0.382367,0.0916382,1.43075,45.9513
214500,9355.26,0.571,32.828,32.878,0.114066,4793.56,2574.65,276.294,13.8147,1143.14,1057.74,0,30.5401,147.757,1228.94,1268.68,0.169471,0.344504,7.31415,0.0295355,0.00850443,0.351522,0.342323,0.382384,0.0911826,1.44635,46.0875
215000,9353.74,0.570907,32.99,32.988,0.115214,4835.3,2574.24,276.855,13.8428,1164.32,1039.5,0,30.2962,147.85,1232.09,1271.56,0.169555,0.344747,7.31356,0.0296013,0.00852566,0.351896,0.340234,0.381312,0.091717,1.45066,45.9131
215500,9352.94,0.570858,32.992,33.076,0.11613,4759.53,2569.67,282.692,14.1346,1087.58,1034.13,0,29.705,147.336,1235.12,1274.78,0.168984,0.343611,7.30447,0.0302269,0.00852831,0.352796,0.340785,0.380928,0.0912779,1.44258,46.2464
216000,9376.88,0.572319,33.13,33.272,0.109899,4650.92,2574.49,283.053,14.1527,1015.56,1040.28,0,29.2624,148.227,1237.91,1278.34,0.168541,0.342685,7.30522,0.030187,0.00852702,0.35347,0.340489,0.380822,0.0917488,1.43076,45.8786
216500,9382.32,0.572651,32.702,32.85,0.119067,4606.68,2578.59,266.507,13.3254,1027.32,1026.98,0,29.3388,147.828,1240.67,1280.92,0.168719,0.343167,7.32589,0.0284053,0.00852381,0.353567,0.34206,0.381458,0.0919728,1.42674,45.796
217000,9375.6,0.572241,33.264,32.878,0.101766,4669.67,2577.92,283.013,14.1506,1081.61,1063.14,0,30.0577,147.676,1243.54,1283.34,0.169104,0.344104,7.32371,0.0301931,0.00852745,0.353372,0.339763,0.38205,0.0920012,1.43123,45.9571
217500,9351.08,0.570745,32.898,32.856,0.112608,4792.93,2574.17,281.144,14.0572,1142.79,1057.77,0,30.6192,148.054,1246.49,1282.64,0.169314,0.344647,7.33487,0.0300654,0.00852403,0.353384,0.339007,0.382241,0.0917263,1.44724,45.7346
218000,9344.54,0.570345,32.946,32.998,0.113624,4834.98,2572.59,273.271,13.6636,1158.61,1045.51,0,30.2551,147.54,1249.4,1285.82,0.169282,0.344748,7.33539,0.029248,0.00853143,0.353983,0.33805,0.382095,0.0911145,1.45199,45.6787
218500,9343.88,0.570305,33.012,33.098,0.114217,4756.36,2569.87,271.739,13.5869,1087.43,1041.35,0,29.817,148.058,1252.34,1287.66,0.168973,0.344111,7.32846,0.0290974,0.00854454,0.354647,0.336499,0.382234,0.0913643,1.44275,45.7344
219000,9358.14,0.571176,32.772,32.958,0.109552,4644.29,2571.38,263.619,13.181,1012.59,1027.93,0,29.3289,147.967,1255.05,1284.92,0.168607,0.343433,7.32563,0.0281747,0.0085599,0.355288,0.334733,0.382743,0.0921662,1.43156,45.8072
219500,9383.82,0.572743,32.988,33.012,0.116292,4605.31,2578.87,266.474,13.3237,1027.49,1032.21,0,29.3738,147.672,1257.96,1286.96,0.168582,0.343625,7.33391,0.0284033,0.00857395,0.355285,0.332563,0.381824,0.0930168,1.42611,45.9599
220000,9374.78,0.572191,33.172,32.952,0.103635,4670.86,2580.01,268.793,13.4397,1087.72,1061.19,0,30.1618,148.005,1260.98,1290.18,0.169231,0.345033,7.3354,0.0286803,0.00858351,0.354701,0.331359,0.382224,0.0934259,1.43135,38.6096
220500,9346.92,0.570491,32.702,32.588,0.111737,4789.54,2575.93,266.721,13.336,1142.56,1049.18,0,30.6608,148.098,1264.03,1294.36,0.169811,0.346132,7.34108,0.0285331,0.00858046,0.354833,0.328859,0.382723,0.0936309,1.44684,42.6243
221000,9344.36,0.570334,33.004,32.988,0.111492,4832.77,2576.7,266.455,13.3228,1152.31,1044.45,0,30.3642,147.537,1267.24,1298.04,0.170089,0.346763,7.33738,0.0285203,0.00858441,0.355726,0.327268,0.382405,0.0941976,1.45166,45.9764
221500,9361.7,0.571393,33.026,33.122,0.1129,4764.91,2578.63,269.799,13.49,1088.09,1040.47,0,29.7968,148.11,1270.16,1299.9,0.169563,0.345758,7.33678,0.028837,0.00858593,0.356698,0.328043,0.382218,0.0953437,1.44288,46.1284
222000,9366.92,0.571711,32.938,33.148,0.109028,4648.73,2575.07,276.542,13.8271,1010.89,1035.66,0,29.3246,148.022,1273.05,1301.68,0.168633,0.343921,7.32999,0.0295387,0.00860142,0.356393,0.327783,0.38258,0.0964374,1.43152,45.9553
222500,9374.86,0.572196,32.736,32.93,0.114164,4605.49,2578.35,268.134,13.4067,1024.73,1031.37,0,29.52,148.116,1275.91,1304.86,0.168776,0.344305,7.33828,0.0286083,0.00861951,0.356134,0.325945,0.383208,0.0970309,1.42742,45.9357
223000,9353.2,0.570874,33.208,32.838,0.100696,4662.35,2573.59,273.403,13.6701,1083.7,1064.73,0,30.153,147.595,1279.17,1307.7,0.169302,0.345432,7.33007,0.0292477,0.00863026,0.355379,0.325433,0.38418,0.0970022,1.43204,45.9352
223500,9337.7,0.569928,32.782,32.758,0.113083,4790.08,2574.69,271.689,13.5845,1141.23,1056.03,0,30.6381,147.988,1282.42,1311.38,0.169953,0.346744,7.33828,0.0290976,0.00863159,0.35469,0.324473,0.384713,0.0971969,1.448,45.8749
224000,9338.58,0.569982,32.918,32.878,0.116594,4830.41,2574.9,268.438,13.4219,1154.09,1038.5,0,30.2765,147.468,1285.43,1316.84,0.169959,0.34679,7.33682,0.0287545,0.00863256,0.353943,0.32354,0.384089,0.0965159,1.45145,46.1884
224500,9332.74,0.569625,33.13,33.126,0.113199,4751.86,2566.8,279.471,13.9736,1089.94,1037.24,0,29.7881,147.452,1288.28,1320.12,0.169181,0.345096,7.31587,0.0299642,0.00862816,0.354627,0.324008,0.383613,0.0956391,1.44306,45.7692
225000,9385.48,0.572844,32.936,33.152,0.112455,4654.66,2577.46,275.759,13.788,1011.29,1032.84,0,29.3864,147.988,1291.01,1324.06,0.168308,0.343328,7.31804,0.0293926,0.00862775,0.355066,0.325476,0.384171,0.0955234,1.43043,45.7912
225500,9369.74,0.571884,32.72,32.86,0.112455,4603.54,2572.74,269.763,13.4881,1023.95,1033.77,0,29.5314,147.876,1293.75,1327.04,0.168351,0.343501,7.31779,0.028789,0.00861866,0.355259,0.326667,0.384716,0.0957929,1.4273,45.8324
226000,9371.22,0.571974,33.334,33.012,0.10633,4671.33,2575.06,268.228,13.4114,1089.83,1066.05,0,30.2571,147.545,1296.73,1330.18,0.169035,0.345089,7.30756,0.0286305,0.00862276,0.355098,0.326907,0.385315,0.0959592,1.43218,45.4236
226500,9336.98,0.569884,32.7,32.66,0.111376,4787.6,2568.37,272.992,13.6496,1147.1,1053.05,0,30.7554,148.037,1299.84,1332.96,0.169468,0.345989,7.30429,0.029238,0.00862513,0.354621,0.326362,0.384968,0.0962356,1.44769,45.8992
227000,9345.2,0.570386,32.828,32.862,0.112064,4834.9,2571.7,258.681,12.9341,1159.38,1043.66,0,30.487,147.848,1302.77,1336,0.16965,0.346295,7.3082,0.0276886,0.00863161,0.354487,0.325582,0.385469,0.0965064,1.45205,45.9076
227500,9357.14,0.571115,33.164,33.088,0.113004,4764.94,2571.6,268.704,13.4352,1091.05,1041.01,0,29.8402,147.592,1305.62,1338.16,0.169201,0.345262,7.29478,0.0287233,0.00864006,0.355198,0.324896,0.384978,0.0962723,1.44321,46.1025
228000,9410.92,0.574397,32.956,33.158,0.109029,4664.34,2582.56,257.471,12.8735,1016.1,1038.69,0,29.4473,148.41,1308.45,1342.2,0.168431,0.343623,7.28967,0.0273637,0.00864107,0.35538,0.32474,0.385272,0.0969347,1.42922,46.2239
228500,9425.32,0.575276,32.946,33.1,0.115561,4619.58,2585.56,259.708,12.9854,1028.44,1035.21,0,29.4487,147.649,1311.27,1346.2,0.168488,0.343885,7.28532,0.0275533,0.00863368,0.356037,0.324486,0.386402,0.096192,1.42419,46.1091
229000,9413.16,0.574534,33.442,33.188,0.105057,4684.48,2586.25,282.691,14.1346,1091.75,1069.02,0,30.1636,148.044,1314.33,1349.94,0.169365,0.345707,7.2797,0.0300481,0.00863197,0.35585,0.323471,0.387379,0.0962316,1.42957,45.9388
229500,9342,0.57019,32.852,32.788,0.114603,4785.94,2572.61,261.533,13.0766,1135.49,1056.72,0,30.7343,147.842,1317.61,1351.7,0.170203,0.347373,7.28995,0.0279936,0.00863403,0.355219,0.321235,0.387291,0.0959399,1.44671,46.3043
230000,9365.72,0.571638,32.828,32.796,0.111265,4843.9,2579.19,259.128,12.9564,1158.37,1043.58,0,30.4403,147.713,1320.49,1355.02,0.170259,0.347413,7.28635,0.0276657,0.00863646,0.355213,0.320797,0.387797,0.0951287,1.45134,46.0767
230500,9387.16,0.572947,33.242,33.216,0.109968,4773.07,2582,250.508,12.5254,1084.02,1048.05,0,29.9431,148.011,1323.35,1357.88,0.16983,0.346497,7.27836,0.0266875,0.00863347,0.355674,0.32175,0.387749,0.0956112,1.44126,46.1448
231000,9416.06,0.574711,32.866,33.06,0.10915,4665.72,2587.89,245.487,12.2743,1014.41,1037.19,0,29.5027,148.6,1326.07,1359.62,0.169374,0.345476,7.28093,0.0260652,0.00863149,0.355759,0.322005,0.38813,0.096019,1.42929,46.0733
231500,9418.56,0.574863,32.982,33.174,0.114407,4617.06,2587.69,243.16,12.158,1023.23,1041.12,0,29.5243,147.77,1328.88,1361.66,0.16925,0.345078,7.28065,0.0258181,0.00862912,0.356046,0.3228,0.387687,0.0953279,1.42439,45.7537
232000,9423.34,0.575155,33.408,32.97,0.099892,4685.69,2587.85,263.775,13.1887,1078.29,1072.29,0,30.2649,147.837,1331.9,1364.76,0.169275,0.345204,7.27166,0.0280008,0.00864023,0.355314,0.323052,0.387408,0.0946497,1.42851,46.0514
232500,9399.1,0.573676,32.814,32.902,0.111387,4806.09,2586.54,247.963,12.3982,1137.31,1064.67,0,30.7435,148.156,1334.86,1366.76,0.169908,0.34638,7.2892,0.0263795,0.00864652,0.355216,0.323307,0.387074,0.0944563,1.4435,46.0772
233000,9350.78,0.570726,32.892,32.902,0.1127,4835.37,2574.47,247.303,12.3651,1155.1,1044,0,30.4788,147.471,1337.76,1369.44,0.170174,0.346919,7.28326,0.0264491,0.00864741,0.355744,0.324175,0.387443,0.0930158,1.45106,46.078
233500,9373.88,0.572136,33.416,33.406,0.110545,4767.38,2577.03,243.908,12.1954,1082.89,1055.52,0,29.9607,147.788,1340.76,1372.18,0.169675,0.345868,7.27655,0.0260247,0.00864979,0.357266,0.324204,0.387753,0.092605,1.44163,46.1157
234000,9407.68,0.574199,32.836,33.112,0.111412,4662.62,2583.67,231.385,11.5693,1015.51,1034.94,0,29.5532,148.151,1343.77,1375.4,0.169017,0.344438,7.27899,0.0246026,0.00864128,0.358802,0.325776,0.387968,0.0924192,1.42985,45.5963
234500,9402.62,0.57389,32.934,33.05,0.115019,4611.96,2582.29,234.146,11.7073,1022.8,1038.63,0,29.5213,147.565,1346.73,1378.06,0.169035,0.34461,7.27578,0.0249033,0.00864511,0.360082,0.325596,0.389921,0.0926385,1.42508,45.734
235000,9408.82,0.574269,33.492,33.118,0.10009,4682.62,2586.43,241.852,12.0926,1079.82,1076.71,0,30.2974,147.811,1349.93,1379.98,0.169658,0.345951,7.27634,0.0257172,0.00864516,0.360215,0.324034,0.390265,0.0932941,1.43007,45.8347
235500,9388.9,0.573053,32.846,32.75,0.112394,4801.76,2583.39,240.197,12.0098,1137.69,1059.45,0,30.7527,148.106,1353.17,1382.62,0.169924,0.346534,7.28419,0.0255854,0.00865188,0.360423,0.321383,0.390739,0.0936262,1.44404,45.9276
236000,9388.7,0.573041,32.898,32.86,0.111156,4849.42,2583.9,236.37,11.8185,1157.09,1044.95,0,30.448,147.656,1356.32,1385.88,0.170012,0.346681,7.285,0.0251852,0.00865577,0.360609,0.320403,0.391308,0.0922858,1.44947,46.2023
236500,9407.54,0.574191,33.416,33.47,0.111906,4779.5,2585.28,243.907,12.1953,1088.96,1055.41,0,29.9658,148.124,1359.42,1388.74,0.169424,0.345451,7.27422,0.0259399,0.0086527,0.361513,0.321162,0.391645,0.0918865,1.43994,46.0913
237000,9417.42,0.574794,32.944,33.234,0.113381,4664.73,2584.46,240.775,12.0387,1012.03,1036.14,0,29.4817,147.844,1362.25,1391.72,0.16886,0.344094,7.272,0.0255729,0.00864431,0.362599,0.322005,0.392517,0.0916113,1.429,45.5152
237500,9433.86,0.575797,33.156,33.218,0.112124,4625.16,2590.66,227.095,11.3548,1021.86,1049.56,0,29.5902,147.721,1364.83,1394.2,0.169088,0.3445,7.27611,0.0240779,0.00864323,0.363394,0.324177,0.393005,0.0923014,1.42469,45.7303
238000,9407.88,0.574211,33.224,32.938,0.104136,4681.12,2585.6,234.58,11.729,1088.05,1063.85,0,30.3198,147.738,1367.69,1396.82,0.169606,0.345541,7.26908,0.0249432,0.00865405,0.363648,0.323317,0.393474,0.0941929,1.42917,45.8719
238500,9375.7,0.572247,32.958,32.846,0.109552,4798.55,2578.48,234.332,11.7166,1137.69,1062.25,0,30.8209,147.736,1370.87,1400.06,0.169939,0.346239,7.26745,0.0249981,0.00864872,0.363897,0.321677,0.39397,0.0935272,1.44502,46.0193
239000,9400.58,0.573766,33.19,33.178,0.109368,4852.38,2583.86,230.089,11.5044,1160.78,1054.59,0,30.5509,147.66,1373.8,1403.08,0.169746,0.345842,7.26065,0.0244861,0.00863994,0.364379,0.32188,0.393525,0.0922216,1.44851,46.1889
239500,9406.96,0.574155,33.014,33.08,0.110206,4779.34,2581.54,225.501,11.2751,1091.49,1047.49,0,30.0013,147.964,1376.54,1407.84,0.169196,0.34469,7.25201,0.0239777,0.00863309,0.365636,0.322564,0.393184,0.0926103,1.44021,45.4583
240000,9414.88,0.574639,32.984,33.214,0.109311,4664.6,2582.35,223.779,11.1889,1012.48,1042.12,0,29.592,148.246,1379.41,1411.26,0.168832,0.343902,7.25426,0.0237714,0.00863425,0.367092,0.324019,0.393056,0.092747,1.42916,38.627
240500,9438.98,0.57611,33.156,33.278,0.116102,4623.06,2587.82,223.506,11.1753,1020.64,1048.27,0,29.5578,147.533,1382.27,1414.72,0.168789,0.343863,7.25098,0.023682,0.00862515,0.367906,0.325259,0.393867,0.0921679,1.42333,43.3457
241000,9466.84,0.57781,33.388,32.904,0.101109,4699.57,2597.38,231.949,11.5975,1086.17,1069.64,0,30.2972,148.1,1385.32,1418.32,0.169321,0.34503,7.24615,0.0245104,0.00861695,0.368393,0.326491,0.394566,0.0922953,1.42646,45.9802
241500,9418.38,0.574852,33.058,33.1,0.109826,4813.18,2587.64,227.382,11.3691,1140.89,1069.3,0,30.8584,147.903,1388.43,1421.64,0.16974,0.345839,7.25054,0.024145,0.00862797,0.36898,0.324947,0.394573,0.091938,1.44303,45.7392
242000,9417,0.574768,33.138,33.116,0.112707,4856.69,2586.54,235.937,11.7968,1156.93,1054.62,0,30.5562,147.513,1391.4,1424.66,0.169642,0.345593,7.25057,0.0250607,0.00863156,0.369988,0.325133,0.395186,0.0921521,1.44749,45.8299
242500,9434.56,0.57584,33.356,33.416,0.11379,4785.89,2587.17,236.143,11.8072,1091.26,1051.59,0,30.0268,148.078,1394.16,1427.98,0.16899,0.344107,7.24612,0.0250385,0.00862269,0.370756,0.325968,0.394536,0.0932303,1.43818,45.4419
243000,9462.42,0.57754,33.064,33.232,0.110494,4680.31,2593.77,230.056,11.5028,1011.25,1043.26,0,29.6089,148.023,1397.15,1431.72,0.168745,0.343435,7.24526,0.0243156,0.00863659,0.370934,0.326819,0.394992,0.0934823,1.42667,45.8503
243500,9462.14,0.577523,33.142,33.334,0.112049,4630.34,2593.44,229.158,11.4579,1027.63,1047.38,0,29.6331,147.893,1400.04,1433.12,0.168687,0.343336,7.24623,0.0242194,0.00864496,0.372135,0.329491,0.394644,0.0942971,1.42188,45.8923
244000,9471.84,0.578115,33.582,33.072,0.0992677,4701.47,2595.26,242.727,12.1363,1087.85,1077.72,0,30.288,147.839,1403.12,1435.46,0.168728,0.343461,7.24161,0.0256427,0.0086582,0.372001,0.328056,0.393845,0.0943594,1.42628,45.6869
244500,9450.84,0.576833,32.948,32.994,0.110272,4821.4,2591.82,241.895,12.0948,1140,1066.57,0,30.7554,147.836,1406.36,1437.56,0.168814,0.343515,7.25932,0.0255997,0.00867326,0.371059,0.326151,0.393889,0.0935486,1.44052,45.8728
245000,9440.82,0.576222,33.272,33.288,0.110279,4865.18,2589.53,243.896,12.1948,1162.11,1059.95,0,30.3902,147.778,1409.3,1441.84,0.168809,0.343456,7.26423,0.0258421,0.00868076,0.371195,0.326157,0.394018,0.0945002,1.44632,45.7355
245500,9432.14,0.575692,33.35,33.464,0.111485,4785.4,2584.58,242.531,12.1266,1094.11,1052.38,0,29.9312,147.988,1412.06,1445.86,0.168461,0.342793,7.25574,0.025724,0.00867759,0.371858,0.327124,0.394514,0.0953993,1.43814,45.8805
246000,9469.62,0.57798,33.172,33.32,0.10977,4681.54,2591.7,250.912,12.5456,1017.4,1039.77,0,29.4554,147.902,1414.53,1448.12,0.167787,0.341358,7.26269,0.0265203,0.00867569,0.373523,0.32841,0.394626,0.0959155,1.42611,46.1311
246500,9471.62,0.578102,33.184,33.362,0.115459,4634.01,2592.28,246.424,12.3212,1030.42,1047.56,0,29.5165,147.946,1417.36,1450.48,0.167754,0.341241,7.26282,0.0260237,0.00868229,0.37463,0.32954,0.395747,0.0958481,1.42149,46.0353
247000,9458.34,0.577291,33.442,33.074,0.101965,4695.99,2588.66,250.392,12.5196,1090.35,1068.31,0,30.2584,147.583,1420.48,1453.84,0.167931,0.341591,7.26382,0.0264902,0.00868511,0.374906,0.328376,0.396093,0.0953079,1.42678,45.8879
247500,9415.5,0.574677,33.032,32.97,0.111245,4809.25,2580.93,264.342,13.2171,1146.26,1062.43,0,30.7283,147.826,1423.49,1457.34,0.168231,0.342164,7.27822,0.0280884,0.00868711,0.375349,0.328576,0.396016,0.0950966,1.44221,45.9384
248000,9411.7,0.574445,33.242,33.258,0.114076,4855.51,2581.05,243.921,12.196,1167.17,1054.65,0,30.4746,147.664,1426.46,1459.26,0.168416,0.342394,7.27974,0.0259282,0.00869018,0.376502,0.328187,0.396293,0.0937907,1.44795,45.3655
248500,9401.42,0.573817,33.046,33.26,0.112445,4774.39,2575.09,248.246,12.4123,1094.93,1047.42,0,29.9489,147.978,1429.75,1462.56,0.16784,0.341084,7.278,0.0264169,0.00869486,0.37807,0.328957,0.396305,0.093698,1.43971,46.0006
249000,9412.38,0.574486,33.036,33.144,0.110485,4664.35,2576.88,238.253,11.9127,1017.21,1041.8,0,29.4995,148.062,1432.91,1466.34,0.167663,0.340532,7.27796,0.0253256,0.0087021,0.37964,0.329677,0.39683,0.0941087,1.42975,46.0524
249500,9427.52,0.57541,33.058,33.218,0.113484,4621.05,2581.86,234.168,11.7084,1027.73,1045.54,0,29.5663,147.943,1435.88,1469.12,0.16764,0.340605,7.28381,0.0248444,0.00869885,0.38084,0.331613,0.398324,0.0941748,1.42415,45.9448
250000,9424.8,0.575244,33.206,32.848,0.102429,4686.03,2581.01,243.43,12.1715,1091.35,1068.15,0,30.3077,147.942,1438.98,1471.86,0.167894,0.341166,7.27946,0.0258453,0.00869792,0.381951,0.332062,0.398951,0.0940328,1.42886,46.0477
250500,9398.82,0.573658,33.022,33.026,0.111293,4808.06,2576.07,244.514,12.2257,1145.44,1065.44,0,30.8014,147.781,1442.16,1475.98,0.168149,0.341499,7.2826,0.0260213,0.00870183,0.38223,0.332612,0.398293,0.094239,1.44465,45.4467
251000,9412.24,0.574478,33.172,33.118,0.11147,4855.69,2578.54,248.829,12.4414,1166.36,1057.47,0,30.457,147.836,1445.45,1478.32,0.167948,0.341017,7.27969,0.0264464,0.00871132,0.382519,0.331351,0.397296,0.0935934,1.44754,45.9158
251500,9412.2,0.574475,33.184,33.208,0.112382,4781.65,2575.23,243.952,12.1976,1098.23,1049.94,0,30.0042,147.977,1448.55,1481.8,0.167562,0.340281,7.26894,0.0259325,0.00871768,0.383413,0.330032,0.397162,0.0931624,1.44017,46.0237
252000,9415.26,0.574662,33.004,33.264,0.111968,4664.15,2576.31,235.348,11.7674,1013.24,1045.93,0,29.5789,148.005,1451.23,1485.22,0.167406,0.339987,7.27961,0.0250066,0.0087118,0.383832,0.330707,0.397265,0.0934965,1.42911,45.9883
252500,9443.46,0.576383,33.228,33.308,0.114352,4625.6,2583.19,236.348,11.8174,1029.99,1047.91,0,29.6635,147.651,1454.05,1488.1,0.167287,0.339818,7.27869,0.0250315,0.00869806,0.384546,0.331246,0.397803,0.0928902,1.42318,45.3904
253000,9441.96,0.576292,33.202,32.882,0.102271,4691.91,2586.73,235.663,11.7832,1088.36,1069.35,0,30.4215,148.167,1456.93,1491.14,0.168019,0.34135,7.28564,0.0249666,0.00869659,0.384678,0.329988,0.398418,0.0940681,1.42776,45.2812
253500,9425.12,0.575264,33.148,32.978,0.108951,4817.02,2584.15,244.407,12.2204,1143.95,1070.69,0,30.8722,147.864,1460.17,1492.18,0.168186,0.341609,7.28557,0.0259355,0.0087034,0.385276,0.328055,0.399201,0.094031,1.44331,45.0214
254000,9427.86,0.575431,33.086,33.106,0.113039,4861.72,2583.55,239.786,11.9893,1162.16,1052.73,0,30.5778,147.663,1463.19,1494.62,0.167977,0.341026,7.27971,0.0254434,0.00870953,0.385742,0.326234,0.399349,0.093318,1.44701,45.6888
254500,9433.52,0.575776,33.292,33.384,0.111211,4787.06,2580.49,233.864,11.6932,1098.5,1056.93,0,30.1246,148.156,1466.15,1498.76,0.167323,0.33963,7.27574,0.0248006,0.00871569,0.386408,0.326649,0.39923,0.0935874,1.43858,45.9398
255000,9450.76,0.576829,33.012,33.246,0.108456,4678.19,2582.15,234.203,11.7102,1021.43,1048.35,0,29.6534,148.278,1468.72,1501.98,0.166733,0.338428,7.27804,0.024791,0.00871737,0.387475,0.328639,0.399506,0.0939271,1.42801,46.0105
255500,9434.18,0.575817,33.12,33.32,0.114703,4624.39,2578.08,237.882,11.8941,1030.31,1048.36,0,29.6973,147.594,1471.49,1506.22,0.166787,0.338621,7.27488,0.0252158,0.00871133,0.388014,0.330491,0.399009,0.092434,1.42413,45.944
256000,9420.2,0.574963,33.464,33.12,0.105472,4684.89,2575.03,264.788,13.2394,1095.04,1072.45,0,30.3526,147.732,1474.58,1508.9,0.167224,0.339412,7.26912,0.0281317,0.00871054,0.388358,0.330649,0.399967,0.0925055,1.42892,45.2313
256500,9398.24,0.573623,32.914,32.822,0.110109,4808,2573.55,246.063,12.3032,1145.1,1069.54,0,30.8815,147.881,1477.77,1513.04,0.167824,0.340452,7.27656,0.0261877,0.00871143,0.388768,0.330008,0.400634,0.091748,1.44453,45.5005
257000,9417.68,0.57481,33.166,33.122,0.112219,4856.91,2576.67,234.902,11.7451,1160.92,1059.49,0,30.5539,147.564,1480.98,1516.18,0.167508,0.339816,7.27109,0.0249535,0.00870801,0.389308,0.330577,0.400682,0.091074,1.44739,45.8175
257500,9419.26,0.574906,33.262,33.31,0.111536,4783.02,2572.98,227.253,11.3626,1099.88,1056.1,0,30.15,147.947,1484.04,1518.9,0.16684,0.338313,7.26661,0.0241339,0.00869866,0.390056,0.333022,0.400241,0.0905773,1.43939,45.73
258000,9436.66,0.575968,32.964,33.172,0.107546,4671.85,2574.87,223.052,11.1526,1019.66,1050.2,0,29.7158,148.305,1486.77,1521.88,0.166301,0.337103,7.26883,0.023641,0.00870132,0.390817,0.334196,0.400574,0.0914472,1.42826,45.7697
258500,9474.5,0.578278,33.366,33.494,0.112746,4637.53,2585.19,222.79,11.1395,1025.65,1061.72,0,29.7204,147.64,1489.74,1525.16,0.166392,0.337312,7.26245,0.0235189,0.00870665,0.390799,0.333668,0.401316,0.0903405,1.42243,45.9363
259000,9451.1,0.576849,33.366,33.056,0.101933,4695.25,2580.93,227.865,11.3932,1095.02,1076.78,0,30.4634,148.009,1492.9,1529.76,0.16693,0.338446,7.26064,0.0241208,0.00871117,0.39137,0.333309,0.40147,0.0903837,1.42741,44.9589
259500,9429.5,0.575531,32.95,32.894,0.111122,4818.43,2578.93,226.786,11.3393,1149.85,1065.69,0,30.8922,147.996,1495.79,1533.56,0.167262,0.339203,7.27632,0.0240549,0.00870987,0.391565,0.333826,0.401167,0.0894095,1.44297,45.6004
260000,9422.86,0.575126,33.352,33.34,0.114465,4859.29,2575.72,224.93,11.2465,1163.33,1065.92,0,30.6037,147.53,1498.58,1537.3,0.167144,0.338937,7.26897,0.0238748,0.00870882,0.392312,0.334492,0.401071,0.0886312,1.44744,38.4629
260500,9433.78,0.575792,33.196,33.208,0.11078,4786.4,2576.11,221.182,11.0591,1100.67,1055.63,0,30.1073,148.453,1501.44,1539.7,0.166618,0.337902,7.26681,0.023452,0.00870307,0.393159,0.337001,0.401122,0.0889257,1.43774,43.4847
261000,9469.4,0.577966,32.972,33.192,0.108434,4681.88,2581.65,220.298,11.0149,1027.75,1044.96,0,29.6453,148.109,1504.25,1539.02,0.166037,0.336731,7.25946,0.0232725,0.00869784,0.394395,0.338143,0.401601,0.0888535,1.42645,46.0485
261500,9473.82,0.578236,33.45,33.638,0.114111,4635,2582.96,225.298,11.2649,1028.9,1060.55,0,29.6134,147.542,1507.09,1542.5,0.166059,0.336842,7.25111,0.0237823,0.00869842,0.395424,0.339236,0.401806,0.0878565,1.42148,46.172
262000,9485.88,0.578972,33.316,32.886,0.0986196,4706.84,2586.83,234.076,11.7038,1092.99,1076.17,0,30.4705,148.242,1509.83,1545.02,0.166307,0.337488,7.26099,0.0246883,0.00869204,0.395863,0.339532,0.402272,0.0882466,1.42593,45.7751
262500,9431.86,0.575675,33.158,33.11,0.10981,4815.73,2575.12,229.664,11.4832,1149.59,1077.52,0,30.86,147.783,1512.9,1546.78,0.16663,0.337969,7.26549,0.0243532,0.00869855,0.396089,0.337547,0.401901,0.087707,1.44172,46.122
263000,9446.92,0.576594,33.294,33.314,0.110842,4867.99,2577.55,226.015,11.3008,1172.17,1065.2,0,30.5396,147.624,1515.85,1549.7,0.166295,0.337262,7.26676,0.0239286,0.00869495,0.396804,0.338364,0.401566,0.0869631,1.44595,45.905
263500,9468.92,0.577937,33.336,33.396,0.108743,4798.96,2577.76,229.71,11.4855,1105.38,1057.48,0,29.9748,148.05,1518.69,1552.38,0.165404,0.335299,7.26236,0.0242697,0.00870321,0.397588,0.339344,0.401281,0.0875263,1.43672,46.0452
264000,9460.02,0.577394,33.086,33.33,0.109799,4679.03,2573.93,222.371,11.1186,1029.44,1048.45,0,29.7321,148.496,1521.39,1556.26,0.16501,0.334413,7.26074,0.0235141,0.00870372,0.398266,0.340792,0.402311,0.0879358,1.42656,46.2063
264500,9485.1,0.578925,33.288,33.342,0.112867,4640.17,2580.22,228.288,11.4144,1039.69,1053.76,0,29.7625,147.636,1524.34,1558.38,0.165055,0.334581,7.2567,0.024069,0.00870045,0.398405,0.341175,0.402678,0.0869144,1.42153,45.4289
265000,9470.72,0.578047,33.496,33.232,0.102852,4704.78,2577.83,229.712,11.4856,1095.19,1086.71,0,30.4279,147.7,1527.36,1559.7,0.165515,0.335705,7.25276,0.0242623,0.0086939,0.398349,0.341801,0.402594,0.0863199,1.42734,46.0063
265500,9422.9,0.575128,33.002,32.822,0.110683,4812.46,2569.78,228.375,11.4187,1153.66,1067.46,0,30.9454,148.204,1530.28,1562.54,0.16604,0.336613,7.27032,0.0242462,0.00869135,0.398409,0.342006,0.402472,0.0873764,1.44225,46.2265
266000,9470.42,0.578029,33.33,33.38,0.109728,4876.95,2580.73,230.14,11.507,1169.03,1072.47,0,30.5241,147.444,1533.08,1565.92,0.165692,0.335855,7.26892,0.0243095,0.0086923,0.398256,0.341895,0.402595,0.0866097,1.4453,45.9607
266500,9468.36,0.577903,33.502,33.588,0.11138,4797.93,2574.39,227.108,11.3554,1105.92,1068.28,0,30.1236,148.233,1535.87,1570.16,0.164774,0.33409,7.26271,0.0239942,0.00868232,0.3991,0.344395,0.403066,0.0861529,1.43651,46.1188
267000,9484.2,0.57887,32.928,33.134,0.107161,4689.59,2577.29,219.539,10.977,1030.14,1050.41,0,29.7719,148.563,1538.69,1572.52,0.164369,0.333318,7.26792,0.0231529,0.00867185,0.40001,0.347448,0.403326,0.0872215,1.42601,45.628
267500,9492,0.579346,33.318,33.372,0.108785,4639.02,2580.67,218.716,10.9358,1033.43,1059.51,0,29.7342,147.646,1541.5,1575.64,0.164728,0.334187,7.26342,0.0230468,0.00866903,0.400506,0.348976,0.403808,0.0871019,1.42018,45.825
268000,9504.8,0.580127,33.592,33.156,0.100376,4714.44,2585.83,227.417,11.3709,1095.18,1084.55,0,30.4866,148.003,1544.15,1577.92,0.165012,0.334869,7.26915,0.0239376,0.00866603,0.400723,0.34996,0.404641,0.0873942,1.42496,45.7576
268500,9478.6,0.578528,33.144,33.242,0.107802,4832.65,2582.78,224.406,11.2203,1151.83,1084.08,0,30.9483,148.284,1546.98,1580.12,0.165253,0.335269,7.29032,0.0236812,0.00865902,0.400908,0.349284,0.404627,0.0880296,1.43949,45.9417
269000,9490.54,0.579257,33.212,33.186,0.108533,4881.97,2585.82,224.583,11.2292,1174.81,1062.81,0,30.6342,147.815,1549.89,1582.2,0.165317,0.335299,7.28971,0.0236696,0.0086616,0.401936,0.34977,0.404475,0.0873647,1.44358,45.9841
269500,9496.38,0.579613,33.524,33.59,0.112134,4808.05,2581.91,223.738,11.1869,1105.09,1066.04,0,30.1612,148.278,1552.64,1584.36,0.164482,0.333624,7.27777,0.0235668,0.00865666,0.403944,0.352643,0.404982,0.0877023,1.43485,46.2963
270000,9467.62,0.577858,33.104,33.33,0.107881,4680.58,2570.74,219.417,10.9709,1029.9,1058.37,0,29.8401,148.327,1555.41,1588.18,0.163965,0.332613,7.27263,0.0231782,0.00866352,0.404088,0.353212,0.405389,0.0879334,1.42607,45.8662
270500,9518.84,0.580984,33.148,33.218,0.106542,4651.97,2584.6,223.015,11.1507,1033.39,1060.32,0,29.823,147.801,1558.2,1591.96,0.164108,0.333162,7.26421,0.0234338,0.00867583,0.404769,0.353577,0.406277,0.0875339,1.42002,46.1153
271000,9513,0.580627,33.61,33.23,0.101589,4716.11,2584.55,228.382,11.4191,1099.41,1089.5,0,30.5378,148.098,1560.86,1595.08,0.164608,0.334156,7.2552,0.024021,0.00867234,0.404408,0.354371,0.406172,0.0885061,1.42432,45.6364
271500,9471.88,0.578118,33.166,33.158,0.106928,4829.25,2575.24,228.295,11.4147,1155.74,1081.1,0,31.0005,148.167,1563.66,1598.56,0.164825,0.334506,7.25733,0.0241068,0.00867561,0.404355,0.352895,0.406542,0.0897654,1.4394,46.1141
272000,9487.82,0.579091,33.228,33.27,0.108926,4882.23,2579.33,222.73,11.1365,1178.54,1067.37,0,30.6792,148.056,1566.41,1599.82,0.164824,0.334407,7.25399,0.0234807,0.00867834,0.405613,0.353762,0.407049,0.0905605,1.44393,46.2772
272500,9485.42,0.578944,33.51,33.576,0.108935,4804.04,2572.43,222.559,11.1279,1109.3,1068.66,0,30.2956,148.111,1568.97,1601.5,0.163877,0.332584,7.24361,0.0234693,0.00867596,0.40644,0.356349,0.407448,0.0906726,1.43525,45.501
273000,9490.8,0.579272,33.286,33.484,0.107674,4688.28,2570.79,220.865,11.0433,1032.12,1063.53,0,29.893,148.11,1571.82,1604.78,0.163246,0.331401,7.24627,0.0232753,0.00867043,0.406894,0.358575,0.408569,0.090531,1.42479,45.7011
273500,9504.26,0.580094,33.166,33.306,0.109046,4645.88,2572.99,221.864,11.0932,1038.85,1064.84,0,29.8593,147.786,1574.81,1607.24,0.163081,0.331147,7.24184,0.0233472,0.00866036,0.406659,0.359962,0.407652,0.0900062,1.42016,45.8406
274000,9535.78,0.582018,33.626,33.142,0.0982328,4722.81,2580.63,223.637,11.1818,1101.74,1088.71,0,30.6061,147.852,1577.57,1610.7,0.163212,0.331514,7.23767,0.023463,0.00865152,0.40669,0.359306,0.407589,0.090086,1.42339,45.9806
274500,9520.5,0.581085,33.444,33.324,0.107498,4845.84,2580.12,221.428,11.0714,1159.43,1089.85,0,30.9886,148.158,1580.46,1613.82,0.163544,0.332177,7.24751,0.0232591,0.00865133,0.407698,0.359357,0.408044,0.0902164,1.43708,45.939
275000,9518.42,0.580958,33.294,33.434,0.10894,4890.04,2580.32,215.676,10.7838,1185.06,1074.75,0,30.7344,148.113,1583.25,1617.44,0.163579,0.332135,7.25356,0.0226659,0.00864468,0.408401,0.360665,0.407237,0.090465,1.44154,46.1907
275500,9512.14,0.580575,33.448,33.502,0.107659,4813.44,2574.47,215.614,10.7807,1111.42,1068.04,0,30.2781,148.258,1585.97,1621.1,0.162971,0.33086,7.25095,0.0226712,0.00863574,0.408988,0.3629,0.407084,0.0898805,1.43455,45.4225
276000,9499.52,0.579805,33.178,33.462,0.10522,4690.26,2569.66,209.778,10.4889,1031.68,1068.05,0,29.8812,148.172,1588.87,1624.64,0.162682,0.330371,7.24896,0.0220854,0.0086307,0.40924,0.36516,0.406955,0.0901402,1.42421,45.982
276500,9512.2,0.580579,33.25,33.308,0.108765,4648.52,2573.19,212.526,10.6263,1036.85,1069.91,0,29.9519,147.983,1591.77,1628.22,0.162668,0.330562,7.2525,0.0223453,0.00862534,0.409849,0.366414,0.407917,0.0897789,1.42007,45.8246
277000,9537.86,0.582145,33.692,33.242,0.097187,4721.9,2581.06,221.198,11.0599,1103.2,1094.41,0,30.5944,147.939,1594.71,1631.08,0.162956,0.331258,7.25426,0.0231994,0.00862022,0.410194,0.366233,0.408256,0.0900682,1.4227,45.9713
277500,9496.42,0.579615,33.002,33,0.105347,4837.05,2573.31,220.043,11.0021,1159.79,1081.06,0,31.0732,148.411,1597.7,1634.3,0.163222,0.331815,7.26618,0.0231762,0.00862164,0.410432,0.366605,0.408479,0.0900924,1.43815,45.9999
278000,9515.2,0.580762,33.504,33.524,0.105646,4891.51,2578.41,218.512,10.9256,1177.24,1082.53,0,30.6389,147.55,1600.52,1638.24,0.163326,0.331987,7.25653,0.0229659,0.00861842,0.410703,0.367586,0.408088,0.0889231,1.44253,45.1108
278500,9523.6,0.581274,33.512,33.654,0.107032,4816.94,2574.65,219.622,10.9811,1119.68,1076.2,0,30.2909,148.61,1603.24,1641.66,0.162508,0.330353,7.24281,0.0230654,0.00860988,0.411677,0.369165,0.407758,0.0906031,1.43376,45.7175
279000,9520.56,0.581089,33.126,33.238,0.101368,4698.56,2568.08,219.726,10.9863,1031.94,1065.87,0,29.8495,148.213,1606.08,1644.42,0.161531,0.328327,7.24092,0.0230791,0.00860272,0.412065,0.371234,0.407706,0.0900174,1.4234,45.8909
279500,9542.42,0.582423,33.49,33.638,0.107831,4656.83,2572.67,226.513,11.3257,1040.55,1076.48,0,29.9331,147.555,1608.9,1646.78,0.161488,0.328313,7.23441,0.0237389,0.00859926,0.412653,0.370558,0.408263,0.08893,1.4182,45.9672
280000,9557.76,0.583359,33.626,33.14,0.0941314,4729.26,2578.28,228.633,11.4316,1110.93,1092.26,0,30.5602,148.198,1611.73,1647.58,0.161826,0.329055,7.23651,0.0239293,0.00859922,0.412501,0.370351,0.408219,0.0889452,1.42184,38.8333
280500,9535.2,0.581982,33.418,33.412,0.107546,4848.79,2575.67,225.567,11.2784,1165.04,1092.07,0,30.9639,148.137,1614.54,1649.78,0.1622,0.329887,7.2436,0.0236584,0.00859452,0.41269,0.369607,0.407957,0.0892085,1.43574,43.4394
281000,9529.6,0.581641,33.38,33.526,0.107525,4895.31,2574.49,221.817,11.0908,1185.07,1080.14,0,30.6662,147.735,1617.41,1653.08,0.162279,0.329863,7.23883,0.0232817,0.00859408,0.413059,0.36995,0.40779,0.0886308,1.44132,45.4503
281500,9531.86,0.581779,33.566,33.642,0.107397,4819.26,2570.11,217.157,10.8579,1121.4,1075.88,0,30.2483,148.278,1620.16,1656.76,0.161512,0.32821,7.23228,0.0227858,0.00859434,0.414407,0.370358,0.407496,0.0890481,1.4329,46.1439
282000,9522.42,0.581202,33.222,33.342,0.103067,4696.11,2561.76,215.832,10.7916,1043.14,1064.08,0,29.871,148.223,1622.96,1659.42,0.160683,0.326598,7.22335,0.0226657,0.0085939,0.41601,0.372214,0.408204,0.0889836,1.42247,46.1259
282500,9553.54,0.583102,33.452,33.494,0.106472,4660.5,2568.95,220.589,11.0295,1047.65,1075.26,0,29.9696,147.846,1625.71,1660.64,0.160645,0.326618,7.21154,0.0230928,0.00859873,0.417242,0.372209,0.408445,0.0888411,1.41735,45.9109
283000,9552.96,0.583066,33.744,33.436,0.0989839,4726.37,2570.17,227.166,11.3583,1117.38,1097.6,0,30.6592,148.204,1628.44,1663.92,0.160959,0.327405,7.21421,0.023785,0.00860374,0.417863,0.371118,0.408627,0.0891204,1.4215,46.0193
283500,9535.68,0.582012,33.136,33,0.104791,4850.5,2570.16,221.47,11.0735,1165.71,1085.84,0,31.0342,148.179,1631.35,1667.54,0.161603,0.328728,7.22503,0.0232256,0.00860799,0.419514,0.368998,0.408214,0.0890986,1.43651,45.2951
284000,9534.46,0.581937,33.484,33.664,0.105629,4897.08,2571.76,216.254,10.8127,1191.02,1089.86,0,30.73,148.016,1633.98,1669.54,0.161695,0.328884,7.23183,0.0226882,0.00861184,0.420603,0.368668,0.407965,0.089686,1.44121,45.7764
284500,9546.56,0.582676,33.48,33.574,0.107399,4823.97,2570.35,217.41,10.8705,1123.52,1077.88,0,30.2219,148.59,1636.82,1673.16,0.160833,0.32709,7.23042,0.0227808,0.00861563,0.421684,0.368412,0.408348,0.0899181,1.43207,45.8617
285000,9557.48,0.583342,33.282,33.414,0.103575,4707.64,2569.13,213.208,10.6604,1045.83,1065.06,0,29.8277,148.414,1639.56,1673.84,0.16019,0.325798,7.22778,0.0223117,0.00862163,0.422497,0.36911,0.408923,0.0899565,1.4206,45.9814
285500,9553.26,0.583085,33.39,33.448,0.105531,4660.9,2567.47,219.002,10.9501,1047.38,1075.27,0,29.9257,147.776,1642.4,1677.02,0.160166,0.325786,7.224,0.0229275,0.00862226,0.422711,0.370472,0.408715,0.0886701,1.41744,46.0851
286000,9548.12,0.582771,33.748,33.382,0.0973971,4727.53,2568.99,223.487,11.1744,1117.23,1100.07,0,30.5756,147.974,1645.18,1678.84,0.160758,0.326996,7.22752,0.0234139,0.00860896,0.422355,0.371728,0.408173,0.0893105,1.42252,46.0387
286500,9523.4,0.581262,33.376,33.258,0.106718,4847.76,2567.57,226.179,11.3089,1165.05,1090.94,0,31.0499,147.945,1648.08,1681.52,0.161422,0.32831,7.23963,0.0237509,0.00861048,0.422187,0.370571,0.408596,0.0894553,1.4373,45.4053
287000,9523.56,0.581272,33.388,33.62,0.110309,4890.8,2568.33,222.742,11.1371,1189.39,1086.18,0,30.7239,147.785,1650.84,1686.68,0.161517,0.328496,7.23706,0.0234017,0.00861003,0.422407,0.371359,0.408858,0.0897528,1.44117,45.7162
287500,9548.42,0.582789,33.496,33.488,0.103906,4825.63,2571.8,220.229,11.0115,1121.56,1076.14,0,30.2872,148.442,1653.57,1691.04,0.16101,0.327378,7.23435,0.0230698,0.00860375,0.422716,0.37418,0.408852,0.0904054,1.43229,45.836
288000,9575.58,0.584447,33.264,33.448,0.102518,4712.82,2576.03,220.563,11.0281,1040.51,1069.2,0,29.8831,148.766,1656.29,1694.76,0.160437,0.326235,7.23397,0.0230366,0.00859918,0.423058,0.375784,0.409767,0.0910325,1.4197,46.1137
288500,9546.86,0.582694,33.474,33.602,0.109741,4655.5,2567.7,226.407,11.3204,1048.77,1073.05,0,29.8628,147.944,1659.01,1698.08,0.160368,0.326253,7.23131,0.023717,0.00858373,0.4237,0.377344,0.41085,0.0911277,1.41685,46.2291
289000,9571.86,0.58422,33.654,33.222,0.0977533,4733.6,2574.7,231.205,11.5603,1116.88,1093.87,0,30.5119,147.985,1661.67,1699.68,0.160631,0.326932,7.22834,0.0241634,0.00858697,0.423917,0.376801,0.410133,0.0915457,1.42109,45.3149
289500,9534.6,0.581946,33.508,33.412,0.107673,4848.47,2567.91,229.871,11.4936,1166.18,1093.33,0,30.9663,147.756,1664.45,1700.68,0.161131,0.327935,7.23042,0.0241077,0.00858594,0.424145,0.376627,0.410449,0.0910824,1.43581,45.7435
290000,9557.62,0.583351,33.526,33.61,0.109635,4903.3,2574.14,227.639,11.382,1192.97,1083.05,0,30.768,148.14,1667.27,1703.82,0.161167,0.328042,7.22317,0.0238183,0.00858608,0.423969,0.3775,0.410415,0.0908133,1.43956,46.1767
290500,9569.58,0.584081,33.634,33.7,0.106349,4830.65,2571.89,226.73,11.3365,1130.27,1075.97,0,30.2119,148.202,1669.91,1707,0.160349,0.326536,7.21871,0.0236991,0.00859352,0.424122,0.376745,0.410305,0.0904551,1.43087,46.0285
291000,9572.44,0.584255,33.392,33.634,0.10613,4710.78,2567.22,223.883,11.1942,1043.51,1072.41,0,29.7986,148.509,1672.49,1710.3,0.15941,0.324737,7.21202,0.0233884,0.00859108,0.423949,0.377555,0.410428,0.0898863,1.41929,45.7228
291500,9595.92,0.585688,33.656,33.68,0.109834,4671.31,2569.99,224.851,11.2425,1051.97,1079.98,0,29.8766,147.668,1675.12,1713.2,0.1589,0.323854,7.21258,0.0234336,0.0085927,0.424156,0.377447,0.411034,0.0892401,1.41473,46.0022
292000,9581.32,0.584797,33.822,33.446,0.0974425,4736.11,2568.18,227.504,11.3752,1121.67,1101.06,0,30.6522,148.036,1678.04,1717.08,0.159287,0.324567,7.21809,0.0237498,0.00858817,0.424927,0.376699,0.411309,0.0902954,1.42024,45.4252
292500,9547,0.582703,33.276,33.314,0.105997,4852.13,2564.48,225.585,11.2793,1172.95,1095.92,0,31.065,148.104,1680.93,1719.38,0.159883,0.325679,7.23298,0.0236286,0.00858487,0.426484,0.37823,0.411423,0.0912002,1.43517,45.6654
293000,9547.18,0.582714,33.556,33.576,0.106486,4899.41,2566.49,220.042,11.0021,1197.43,1085.07,0,30.7646,147.942,1683.61,1719.24,0.16009,0.32603,7.2334,0.0230518,0.00857347,0.427719,0.379728,0.411678,0.0919293,1.43974,45.7439
293500,9564.72,0.583784,33.648,33.782,0.109472,4828.67,2565.64,220.669,11.0334,1127.1,1075.95,0,30.3338,148.15,1686.18,1722.12,0.159292,0.324452,7.22504,0.0230775,0.00857564,0.429032,0.38058,0.411735,0.0927045,1.43088,45.6549
294000,9572.32,0.584248,33.358,33.536,0.101576,4713.1,2561.35,220.581,11.029,1048.12,1078.88,0,29.9328,148.446,1688.84,1725.4,0.158277,0.32257,7.22544,0.0230442,0.00857274,0.430048,0.381315,0.41244,0.0913082,1.42039,45.9722
294500,9595.66,0.585673,33.644,33.716,0.106603,4670.43,2566.75,222.896,11.1448,1061.29,1079.54,0,29.9426,147.928,1691.75,1729,0.158167,0.32238,7.22162,0.0232312,0.00855692,0.429582,0.381147,0.413704,0.0906986,1.41437,45.4431
295000,9551.12,0.582954,33.628,33.268,0.0967162,4725.94,2557.19,220.951,11.0476,1119.47,1101.46,0,30.6958,148.106,1694.85,1732.24,0.158525,0.323023,7.23202,0.0231411,0.00856022,0.429144,0.380319,0.414593,0.0924414,1.4217,45.7131
295500,9520.56,0.581089,33.172,33.128,0.105993,4842.73,2555.37,220.269,11.0135,1180.66,1086.68,0,31.1005,148.373,1697.93,1735.3,0.159287,0.324484,7.24767,0.0231376,0.00856795,0.428992,0.380792,0.415727,0.0933515,1.43622,46.1545
296000,9534.44,0.581936,33.432,33.44,0.1049,4893.51,2559.43,215.802,10.7901,1197.11,1085.32,0,30.7872,148.004,1701.01,1739.28,0.159463,0.324714,7.24229,0.0226349,0.00856823,0.429385,0.382016,0.416335,0.0925906,1.44034,46.0726
296500,9558.4,0.583398,33.726,33.784,0.10863,4826.05,2561.12,212.63,10.6315,1134.5,1081.71,0,30.3254,148.346,1703.87,1742.06,0.158632,0.32298,7.23912,0.0222497,0.00856091,0.430214,0.383607,0.41615,0.0912911,1.43121,46.0665
297000,9586.9,0.585138,33.302,33.576,0.107902,4719.44,2566.06,210.071,10.5035,1054.09,1068.13,0,29.9116,148.333,1706.64,1745.56,0.158198,0.32215,7.2372,0.0219114,0.00855545,0.43078,0.384353,0.415797,0.0905337,1.42029,46.1842
297500,9554.34,0.583151,33.474,33.52,0.109858,4657.54,2556.94,214.346,10.7173,1059.83,1076.46,0,29.9527,147.94,1709.69,1749.26,0.158103,0.321998,7.24304,0.0224336,0.00855094,0.430523,0.383895,0.415137,0.0902035,1.41681,45.3859
298000,9575.54,0.584445,33.746,33.376,0.0965652,4733.96,2563.63,222.909,11.1455,1119.75,1099.76,0,30.6534,147.748,1712.67,1752.26,0.158366,0.322686,7.23859,0.0232891,0.00855114,0.431027,0.383309,0.414967,0.09064,1.42063,45.6299
298500,9546.76,0.582688,33.502,33.364,0.106454,4850.16,2558.81,219.953,10.9976,1181.36,1093.55,0,31.114,148.1,1715.82,1755.42,0.158572,0.323131,7.25215,0.0230381,0.00855266,0.431472,0.382748,0.414853,0.0906585,1.43429,45.8476
299000,9558.18,0.583385,33.416,33.592,0.110375,4901.28,2562.47,212.37,10.6185,1202.58,1079.35,0,30.831,147.673,1718.74,1758.06,0.158692,0.323459,7.24858,0.0222252,0.00855277,0.431752,0.381237,0.414236,0.0905541,1.43899,45.5028
299500,9536.5,0.582062,33.782,33.892,0.107469,4818.84,2555.88,212.711,10.6355,1130.29,1087.16,0,30.3373,148.032,1721.68,1761.3,0.158636,0.323114,7.24415,0.0223113,0.0085644,0.432826,0.382745,0.41432,0.0911452,1.4323,45.7407
300000,9643.46,0.58859,33.7885,33.1846,0.091368,4368.88,2566.62,216.816,10.8408,884.153,1086.99,0,29.2941,148.151,1723.34,1763.38,0.156059,0.318012,7.22311,0.0224857,0.00855608,0.432926,0.384364,0.414165,0.0892107,1.38091,46.0796
